"year","variable","ctry","value","pubdate"
"2026","LUR",111,4.376,2026-04-14
"2027","LUR",111,4.249,2026-04-14
"2028","LUR",111,4.109,2026-04-14
"2029","LUR",111,3.899,2026-04-14
"2030","LUR",111,3.873,2026-04-14
"2031","LUR",111,3.859,2026-04-14
"2026","LUR",112,5.575,2026-04-14
"2027","LUR",112,5.325,2026-04-14
"2028","LUR",112,4.8,2026-04-14
"2029","LUR",112,4.5,2026-04-14
"2030","LUR",112,4.5,2026-04-14
"2031","LUR",112,4.5,2026-04-14
"2026","LUR",122,5.719,2026-04-14
"2027","LUR",122,5.577,2026-04-14
"2028","LUR",122,5.406,2026-04-14
"2029","LUR",122,5.23,2026-04-14
"2030","LUR",122,5.223,2026-04-14
"2031","LUR",122,5.228,2026-04-14
"2025","LUR",124,6.208,2026-04-14
"2026","LUR",124,6.2,2026-04-14
"2027","LUR",124,6.1,2026-04-14
"2028","LUR",124,6,2026-04-14
"2029","LUR",124,5.9,2026-04-14
"2030","LUR",124,5.8,2026-04-14
"2031","LUR",124,5.8,2026-04-14
"2026","LUR",128,2.9,2026-04-14
"2027","LUR",128,2.9,2026-04-14
"2028","LUR",128,2.9,2026-04-14
"2029","LUR",128,2.9,2026-04-14
"2030","LUR",128,2.9,2026-04-14
"2031","LUR",128,2.9,2026-04-14
"2026","LUR",132,7.942,2026-04-14
"2027","LUR",132,7.905,2026-04-14
"2028","LUR",132,7.724,2026-04-14
"2029","LUR",132,7.533,2026-04-14
"2030","LUR",132,7.393,2026-04-14
"2031","LUR",132,7.293,2026-04-14
"2026","LUR",134,3.86,2026-04-14
"2027","LUR",134,3.458,2026-04-14
"2028","LUR",134,3.17,2026-04-14
"2029","LUR",134,2.96,2026-04-14
"2030","LUR",134,2.874,2026-04-14
"2031","LUR",134,2.868,2026-04-14
"2025","LUR",135,4.463,2026-04-14
"2026","LUR",135,4.443,2026-04-14
"2027","LUR",135,4.431,2026-04-14
"2028","LUR",135,4.441,2026-04-14
"2029","LUR",135,4.441,2026-04-14
"2030","LUR",135,4.441,2026-04-14
"2031","LUR",135,4.441,2026-04-14
"2026","LUR",136,6.037,2026-04-14
"2027","LUR",136,6.077,2026-04-14
"2028","LUR",136,6.034,2026-04-14
"2029","LUR",136,6,2026-04-14
"2030","LUR",136,6.019,2026-04-14
"2031","LUR",136,5.989,2026-04-14
"2026","LUR",137,5.942,2026-04-14
"2027","LUR",137,6.053,2026-04-14
"2028","LUR",137,6.022,2026-04-14
"2029","LUR",137,5.904,2026-04-14
"2030","LUR",137,5.917,2026-04-14
"2031","LUR",137,5.82,2026-04-14
"2026","LUR",138,4.05,2026-04-14
"2027","LUR",138,4.188,2026-04-14
"2028","LUR",138,4.333,2026-04-14
"2029","LUR",138,4.421,2026-04-14
"2030","LUR",138,4.52,2026-04-14
"2031","LUR",138,4.54,2026-04-14
"2026","LUR",142,4.2,2026-04-14
"2027","LUR",142,4.2,2026-04-14
"2028","LUR",142,4,2026-04-14
"2029","LUR",142,4,2026-04-14
"2030","LUR",142,3.9,2026-04-14
"2031","LUR",142,3.9,2026-04-14
"2026","LUR",144,8.62,2026-04-14
"2027","LUR",144,7.99,2026-04-14
"2028","LUR",144,7.54,2026-04-14
"2029","LUR",144,7.54,2026-04-14
"2030","LUR",144,7.54,2026-04-14
"2031","LUR",144,7.54,2026-04-14
"2026","LUR",146,3,2026-04-14
"2027","LUR",146,2.9,2026-04-14
"2028","LUR",146,2.8,2026-04-14
"2029","LUR",146,2.8,2026-04-14
"2030","LUR",146,2.8,2026-04-14
"2031","LUR",146,2.8,2026-04-14
"2026","LUR",156,6.521,2026-04-14
"2027","LUR",156,6.322,2026-04-14
"2028","LUR",156,6.21,2026-04-14
"2029","LUR",156,6.117,2026-04-14
"2030","LUR",156,6.025,2026-04-14
"2031","LUR",156,6.004,2026-04-14
"2026","LUR",158,2.533,2026-04-14
"2027","LUR",158,2.533,2026-04-14
"2028","LUR",158,2.533,2026-04-14
"2029","LUR",158,2.533,2026-04-14
"2030","LUR",158,2.533,2026-04-14
"2031","LUR",158,2.533,2026-04-14
"2026","LUR",163,6.248,2026-04-14
"2027","LUR",163,6.134,2026-04-14
"2028","LUR",163,6.024,2026-04-14
"2029","LUR",163,5.931,2026-04-14
"2030","LUR",163,5.896,2026-04-14
"2031","LUR",163,5.875,2026-04-14
"2026","LUR",171,1.1,2026-04-14
"2027","LUR",171,1.1,2026-04-14
"2028","LUR",171,1.2,2026-04-14
"2029","LUR",171,1.3,2026-04-14
"2030","LUR",171,1.3,2026-04-14
"2031","LUR",171,1.5,2026-04-14
"2026","LUR",172,9.598,2026-04-14
"2027","LUR",172,9.112,2026-04-14
"2028","LUR",172,9.089,2026-04-14
"2029","LUR",172,8.934,2026-04-14
"2030","LUR",172,8.883,2026-04-14
"2031","LUR",172,8.78,2026-04-14
"2026","LUR",174,7.428,2026-04-14
"2027","LUR",174,7.133,2026-04-14
"2028","LUR",174,6.969,2026-04-14
"2029","LUR",174,6.885,2026-04-14
"2030","LUR",174,6.849,2026-04-14
"2031","LUR",174,6.756,2026-04-14
"2026","LUR",176,4.198,2026-04-14
"2027","LUR",176,4.262,2026-04-14
"2028","LUR",176,4.037,2026-04-14
"2029","LUR",176,4,2026-04-14
"2030","LUR",176,4,2026-04-14
"2031","LUR",176,4,2026-04-14
"2026","LUR",178,4.842,2026-04-14
"2027","LUR",178,4.813,2026-04-14
"2028","LUR",178,4.843,2026-04-14
"2029","LUR",178,4.898,2026-04-14
"2030","LUR",178,4.929,2026-04-14
"2031","LUR",178,5.043,2026-04-14
"2025","LUR",181,2.975,2026-04-14
"2026","LUR",181,2.975,2026-04-14
"2027","LUR",181,2.975,2026-04-14
"2028","LUR",181,2.975,2026-04-14
"2029","LUR",181,2.975,2026-04-14
"2030","LUR",181,2.975,2026-04-14
"2031","LUR",181,2.975,2026-04-14
"2025","LUR",182,6.033,2026-04-14
"2026","LUR",182,5.913,2026-04-14
"2027","LUR",182,5.867,2026-04-14
"2028","LUR",182,5.774,2026-04-14
"2029","LUR",182,5.68,2026-04-14
"2030","LUR",182,5.68,2026-04-14
"2031","LUR",182,5.68,2026-04-14
"2026","LUR",184,9.802,2026-04-14
"2027","LUR",184,9.842,2026-04-14
"2028","LUR",184,9.882,2026-04-14
"2029","LUR",184,9.922,2026-04-14
"2030","LUR",184,9.962,2026-04-14
"2031","LUR",184,9.962,2026-04-14
"2026","LUR",186,8.276,2026-04-14
"2027","LUR",186,8.665,2026-04-14
"2028","LUR",186,9.09,2026-04-14
"2029","LUR",186,9.14,2026-04-14
"2030","LUR",186,9.14,2026-04-14
"2031","LUR",186,9.14,2026-04-14
"2026","LUR",193,4.214,2026-04-14
"2027","LUR",193,4.306,2026-04-14
"2028","LUR",193,4.406,2026-04-14
"2029","LUR",193,4.386,2026-04-14
"2030","LUR",193,4.457,2026-04-14
"2031","LUR",193,4.457,2026-04-14
"2026","LUR",196,5.413,2026-04-14
"2027","LUR",196,4.986,2026-04-14
"2028","LUR",196,4.602,2026-04-14
"2029","LUR",196,4.431,2026-04-14
"2030","LUR",196,4.421,2026-04-14
"2031","LUR",196,4.408,2026-04-14
"2026","LUR",199,32.456,2026-04-14
"2027","LUR",199,32.39,2026-04-14
"2028","LUR",199,32.234,2026-04-14
"2029","LUR",199,32.074,2026-04-14
"2030","LUR",199,31.99,2026-04-14
"2031","LUR",199,31.855,2026-04-14
"2026","LUR",213,7.225,2026-04-14
"2027","LUR",213,6.875,2026-04-14
"2028","LUR",213,6.5,2026-04-14
"2029","LUR",213,6.5,2026-04-14
"2030","LUR",213,6.5,2026-04-14
"2031","LUR",213,6.5,2026-04-14
"2026","LUR",218,4.5,2026-04-14
"2026","LUR",223,6.83,2026-04-14
"2027","LUR",223,7.381,2026-04-14
"2028","LUR",223,7.397,2026-04-14
"2029","LUR",223,7.396,2026-04-14
"2030","LUR",223,7.4,2026-04-14
"2031","LUR",223,7.4,2026-04-14
"2026","LUR",228,8.082,2026-04-14
"2027","LUR",228,7.624,2026-04-14
"2028","LUR",228,7.423,2026-04-14
"2029","LUR",228,7.342,2026-04-14
"2030","LUR",228,7.338,2026-04-14
"2031","LUR",228,7.353,2026-04-14
"2026","LUR",233,9,2026-04-14
"2027","LUR",233,10,2026-04-14
"2028","LUR",233,10,2026-04-14
"2029","LUR",233,10,2026-04-14
"2030","LUR",233,10,2026-04-14
"2031","LUR",233,10,2026-04-14
"2026","LUR",238,7,2026-04-14
"2027","LUR",238,7.2,2026-04-14
"2028","LUR",238,7.5,2026-04-14
"2029","LUR",238,8,2026-04-14
"2030","LUR",238,8,2026-04-14
"2031","LUR",238,8,2026-04-14
"2025","LUR",243,5.3,2026-04-14
"2026","LUR",243,5.3,2026-04-14
"2027","LUR",243,5.2,2026-04-14
"2028","LUR",243,5.2,2026-04-14
"2029","LUR",243,5.1,2026-04-14
"2030","LUR",243,5,2026-04-14
"2031","LUR",243,5,2026-04-14
"2026","LUR",248,3.1,2026-04-14
"2027","LUR",248,3.1,2026-04-14
"2028","LUR",248,3.1,2026-04-14
"2029","LUR",248,3.1,2026-04-14
"2030","LUR",248,3.1,2026-04-14
"2031","LUR",248,3.1,2026-04-14
"2025","LUR",253,4.203,2026-04-14
"2026","LUR",253,4.319,2026-04-14
"2027","LUR",253,4.434,2026-04-14
"2028","LUR",253,4.55,2026-04-14
"2029","LUR",253,4.665,2026-04-14
"2030","LUR",253,4.78,2026-04-14
"2031","LUR",253,4.78,2026-04-14
"2026","LUR",268,6.8,2026-04-14
"2027","LUR",268,6.8,2026-04-14
"2028","LUR",268,6.5,2026-04-14
"2029","LUR",268,6.5,2026-04-14
"2030","LUR",268,6.5,2026-04-14
"2031","LUR",268,6.5,2026-04-14
"2026","LUR",273,2.749,2026-04-14
"2027","LUR",273,2.752,2026-04-14
"2028","LUR",273,2.765,2026-04-14
"2029","LUR",273,2.792,2026-04-14
"2030","LUR",273,2.798,2026-04-14
"2031","LUR",273,2.8,2026-04-14
"2026","LUR",278,2.695,2026-04-14
"2027","LUR",278,2.695,2026-04-14
"2028","LUR",278,2.695,2026-04-14
"2029","LUR",278,2.695,2026-04-14
"2030","LUR",278,2.695,2026-04-14
"2031","LUR",278,3,2026-04-14
"2026","LUR",283,10.4,2026-04-14
"2027","LUR",283,9.52,2026-04-14
"2028","LUR",283,8.64,2026-04-14
"2029","LUR",283,7.76,2026-04-14
"2030","LUR",283,6.88,2026-04-14
"2031","LUR",283,6,2026-04-14
"2026","LUR",288,5.197,2026-04-14
"2027","LUR",288,5.198,2026-04-14
"2028","LUR",288,5.198,2026-04-14
"2029","LUR",288,5.199,2026-04-14
"2030","LUR",288,5.199,2026-04-14
"2031","LUR",288,5.199,2026-04-14
"2026","LUR",293,6.25,2026-04-14
"2027","LUR",293,6.3,2026-04-14
"2028","LUR",293,6.5,2026-04-14
"2029","LUR",293,6.5,2026-04-14
"2030","LUR",293,6.5,2026-04-14
"2031","LUR",293,6.5,2026-04-14
"2026","LUR",298,8,2026-04-14
"2027","LUR",298,8,2026-04-14
"2028","LUR",298,8,2026-04-14
"2029","LUR",298,8,2026-04-14
"2030","LUR",298,8,2026-04-14
"2031","LUR",298,8,2026-04-14
"2012","LUR",299,7.823,2026-04-14
"2013","LUR",299,7.47,2026-04-14
"2014","LUR",299,7.99,2026-04-14
"2015","LUR",299,12.491,2026-04-14
"2016","LUR",299,20.863,2026-04-14
"2017","LUR",299,27.886,2026-04-14
"2018","LUR",299,35.554,2026-04-14
"2025","LUR",313,9.501,2026-04-14
"2026","LUR",313,9.401,2026-04-14
"2027","LUR",313,9.201,2026-04-14
"2028","LUR",313,9.001,2026-04-14
"2029","LUR",313,9.001,2026-04-14
"2030","LUR",313,9.001,2026-04-14
"2031","LUR",313,9.001,2026-04-14
"2025","LUR",314,3.639,2026-04-14
"2026","LUR",314,4.345,2026-04-14
"2027","LUR",314,4.302,2026-04-14
"2028","LUR",314,4.449,2026-04-14
"2029","LUR",314,4.449,2026-04-14
"2030","LUR",314,4.449,2026-04-14
"2031","LUR",314,4.449,2026-04-14
"2026","LUR",316,6.831,2026-04-14
"2027","LUR",316,6.787,2026-04-14
"2028","LUR",316,6.817,2026-04-14
"2029","LUR",316,6.846,2026-04-14
"2030","LUR",316,6.775,2026-04-14
"2031","LUR",316,6.805,2026-04-14
"2025","LUR",339,2.6,2026-04-14
"2026","LUR",339,2.6,2026-04-14
"2027","LUR",339,2.6,2026-04-14
"2028","LUR",339,2.6,2026-04-14
"2029","LUR",339,2.6,2026-04-14
"2030","LUR",339,2.6,2026-04-14
"2031","LUR",339,2.6,2026-04-14
"2025","LUR",359,6.432,2026-04-14
"2026","LUR",359,5.982,2026-04-14
"2027","LUR",359,5.807,2026-04-14
"2028","LUR",359,5.907,2026-04-14
"2029","LUR",359,5.857,2026-04-14
"2030","LUR",359,5.857,2026-04-14
"2031","LUR",359,5.857,2026-04-14
"2024","LUR",366,10.3,2026-04-14
"2025","LUR",366,9.5,2026-04-14
"2026","LUR",366,9,2026-04-14
"2027","LUR",366,8,2026-04-14
"2028","LUR",366,7.5,2026-04-14
"2029","LUR",366,7,2026-04-14
"2030","LUR",366,7,2026-04-14
"2031","LUR",366,6.77,2026-04-14
"2025","LUR",369,4.008,2026-04-14
"2026","LUR",369,4.18,2026-04-14
"2027","LUR",369,4.243,2026-04-14
"2028","LUR",369,4.144,2026-04-14
"2029","LUR",369,4.059,2026-04-14
"2030","LUR",369,4.057,2026-04-14
"2031","LUR",369,4.09,2026-04-14
"2026","LUR",423,4.638,2026-04-14
"2027","LUR",423,4.733,2026-04-14
"2028","LUR",423,4.733,2026-04-14
"2029","LUR",423,4.733,2026-04-14
"2030","LUR",423,4.733,2026-04-14
"2031","LUR",423,4.733,2026-04-14
"2026","LUR",429,9.2,2026-04-14
"2027","LUR",429,9,2026-04-14
"2028","LUR",429,9,2026-04-14
"2029","LUR",429,9,2026-04-14
"2030","LUR",429,9,2026-04-14
"2031","LUR",429,9,2026-04-14
"2026","LUR",436,3.2,2026-04-14
"2027","LUR",436,3.3,2026-04-14
"2028","LUR",436,3.5,2026-04-14
"2029","LUR",436,3.6,2026-04-14
"2030","LUR",436,3.6,2026-04-14
"2031","LUR",436,3.6,2026-04-14
"2025","LUR",439,21.325,2026-04-14
"2026","LUR",439,21.325,2026-04-14
"2027","LUR",439,21.325,2026-04-14
"2028","LUR",439,21.325,2026-04-14
"2029","LUR",439,21.325,2026-04-14
"2030","LUR",439,21.325,2026-04-14
"2031","LUR",439,21.325,2026-04-14
"2020","LUR",446,13.284,2026-04-14
"2021","LUR",446,12.669,2026-04-14
"2022","LUR",446,11.6,2026-04-14
"2023","LUR",446,11.543,2026-04-14
"2026","LUR",469,7.369,2026-04-14
"2027","LUR",469,7.097,2026-04-14
"2028","LUR",469,6.453,2026-04-14
"2029","LUR",469,6.424,2026-04-14
"2030","LUR",469,7.496,2026-04-14
"2031","LUR",469,9.454,2026-04-14
"2025","LUR",516,4.748,2026-04-14
"2026","LUR",516,4.748,2026-04-14
"2027","LUR",516,4.748,2026-04-14
"2028","LUR",516,4.748,2026-04-14
"2029","LUR",516,4.748,2026-04-14
"2030","LUR",516,4.748,2026-04-14
"2031","LUR",516,4.748,2026-04-14
"2026","LUR",528,3.35,2026-04-14
"2027","LUR",528,3.35,2026-04-14
"2028","LUR",528,3.35,2026-04-14
"2029","LUR",528,3.35,2026-04-14
"2030","LUR",528,3.35,2026-04-14
"2031","LUR",528,3.35,2026-04-14
"2026","LUR",532,3.259,2026-04-14
"2027","LUR",532,3.162,2026-04-14
"2028","LUR",532,3.017,2026-04-14
"2029","LUR",532,2.774,2026-04-14
"2030","LUR",532,2.677,2026-04-14
"2031","LUR",532,2.667,2026-04-14
"2025","LUR",534,4.939,2026-04-14
"2026","LUR",534,4.939,2026-04-14
"2027","LUR",534,4.939,2026-04-14
"2028","LUR",534,4.939,2026-04-14
"2029","LUR",534,4.939,2026-04-14
"2030","LUR",534,4.939,2026-04-14
"2031","LUR",534,4.939,2026-04-14
"2026","LUR",536,4.85,2026-04-14
"2027","LUR",536,4.8,2026-04-14
"2028","LUR",536,4.7,2026-04-14
"2029","LUR",536,4.7,2026-04-14
"2030","LUR",536,4.7,2026-04-14
"2031","LUR",536,4.7,2026-04-14
"2026","LUR",542,2.8,2026-04-14
"2027","LUR",542,2.9,2026-04-14
"2028","LUR",542,2.8,2026-04-14
"2029","LUR",542,2.8,2026-04-14
"2030","LUR",542,2.8,2026-04-14
"2031","LUR",542,2.8,2026-04-14
"2026","LUR",546,1.7,2026-04-14
"2027","LUR",546,1.65,2026-04-14
"2028","LUR",546,1.65,2026-04-14
"2029","LUR",546,1.65,2026-04-14
"2030","LUR",546,1.65,2026-04-14
"2031","LUR",546,1.65,2026-04-14
"2025","LUR",548,3,2026-04-14
"2026","LUR",548,3,2026-04-14
"2027","LUR",548,3,2026-04-14
"2028","LUR",548,3,2026-04-14
"2029","LUR",548,3,2026-04-14
"2030","LUR",548,3,2026-04-14
"2031","LUR",548,3,2026-04-14
"2026","LUR",564,6.9,2026-04-14
"2027","LUR",564,6.5,2026-04-14
"2028","LUR",564,6,2026-04-14
"2029","LUR",564,5.5,2026-04-14
"2030","LUR",564,5,2026-04-14
"2031","LUR",564,5,2026-04-14
"2026","LUR",566,4.718,2026-04-14
"2027","LUR",566,4.568,2026-04-14
"2028","LUR",566,4.518,2026-04-14
"2029","LUR",566,4.418,2026-04-14
"2030","LUR",566,4.368,2026-04-14
"2031","LUR",566,4.368,2026-04-14
"2026","LUR",576,1.975,2026-04-14
"2027","LUR",576,1.975,2026-04-14
"2028","LUR",576,2.1,2026-04-14
"2029","LUR",576,2.1,2026-04-14
"2030","LUR",576,2.1,2026-04-14
"2031","LUR",576,2.1,2026-04-14
"2025","LUR",578,1,2026-04-14
"2026","LUR",578,1,2026-04-14
"2027","LUR",578,1,2026-04-14
"2028","LUR",578,1,2026-04-14
"2029","LUR",578,1,2026-04-14
"2030","LUR",578,1,2026-04-14
"2031","LUR",578,1,2026-04-14
"2026","LUR",582,2.1,2026-04-14
"2027","LUR",582,2.2,2026-04-14
"2028","LUR",582,2.21,2026-04-14
"2029","LUR",582,2.211,2026-04-14
"2030","LUR",582,2.184,2026-04-14
"2031","LUR",582,2.184,2026-04-14
"2025","LUR",624,8.5,2026-04-14
"2026","LUR",624,8.5,2026-04-14
"2027","LUR",624,8.5,2026-04-14
"2028","LUR",624,8.5,2026-04-14
"2029","LUR",624,8.5,2026-04-14
"2030","LUR",624,8.5,2026-04-14
"2031","LUR",624,8.5,2026-04-14
"2026","LUR",684,5.899,2026-04-14
"2027","LUR",684,5.905,2026-04-14
"2028","LUR",684,5.907,2026-04-14
"2029","LUR",684,5.907,2026-04-14
"2030","LUR",684,5.907,2026-04-14
"2031","LUR",684,5.907,2026-04-14
"2025","LUR",686,13,2026-04-14
"2026","LUR",686,12.203,2026-04-14
"2027","LUR",686,11.294,2026-04-14
"2028","LUR",686,11,2026-04-14
"2029","LUR",686,11,2026-04-14
"2030","LUR",686,10.998,2026-04-14
"2031","LUR",686,10.982,2026-04-14
"2025","LUR",718,2.577,2026-04-14
"2026","LUR",718,2.554,2026-04-14
"2027","LUR",718,2.531,2026-04-14
"2028","LUR",718,2.509,2026-04-14
"2029","LUR",718,2.486,2026-04-14
"2030","LUR",718,2.464,2026-04-14
"2031","LUR",718,2.442,2026-04-14
"2012","LUR",732,14.8,2026-04-14
"2013","LUR",732,15.2,2026-04-14
"2014","LUR",732,19.8,2026-04-14
"2015","LUR",732,21.6,2026-04-14
"2016","LUR",732,20.6,2026-04-14
"2017","LUR",732,19.6,2026-04-14
"2018","LUR",732,19.5,2026-04-14
"2019","LUR",732,22.1,2026-04-14
"2020","LUR",732,26.83,2026-04-14
"2021","LUR",732,28.328,2026-04-14
"2022","LUR",732,32.137,2026-04-14
"2023","LUR",732,47.585,2026-04-14
"2024","LUR",732,60.848,2026-04-14
"2025","LUR",732,60.61,2026-04-14
"2026","LUR",732,61.334,2026-04-14
"2027","LUR",732,59.252,2026-04-14
"2028","LUR",732,55.182,2026-04-14
"2029","LUR",732,52.674,2026-04-14
"2030","LUR",732,51.106,2026-04-14
"2031","LUR",732,50.197,2026-04-14
"2021","LUR",819,9,2026-04-14
"2022","LUR",819,6.5,2026-04-14
"2023","LUR",819,6.5,2026-04-14
"2024","LUR",819,7.5,2026-04-14
"2025","LUR",819,5.5,2026-04-14
"2026","LUR",819,5,2026-04-14
"2027","LUR",819,4.5,2026-04-14
"2028","LUR",819,4.5,2026-04-14
"2029","LUR",819,4.5,2026-04-14
"2030","LUR",819,4.5,2026-04-14
"2031","LUR",819,4.5,2026-04-14
"2025","LUR",911,13,2026-04-14
"2026","LUR",911,12.8,2026-04-14
"2027","LUR",911,12.65,2026-04-14
"2028","LUR",911,12.5,2026-04-14
"2029","LUR",911,12.4,2026-04-14
"2030","LUR",911,12.3,2026-04-14
"2031","LUR",911,12.1,2026-04-14
"2026","LUR",912,5.267,2026-04-14
"2027","LUR",912,5.208,2026-04-14
"2028","LUR",912,5.149,2026-04-14
"2029","LUR",912,5.091,2026-04-14
"2030","LUR",912,5.034,2026-04-14
"2031","LUR",912,4.977,2026-04-14
"2025","LUR",913,2.938,2026-04-14
"2026","LUR",913,2.889,2026-04-14
"2027","LUR",913,2.889,2026-04-14
"2028","LUR",913,2.889,2026-04-14
"2029","LUR",913,2.889,2026-04-14
"2030","LUR",913,2.889,2026-04-14
"2031","LUR",913,2.889,2026-04-14
"2026","LUR",914,8.7,2026-04-14
"2027","LUR",914,8.7,2026-04-14
"2028","LUR",914,8.7,2026-04-14
"2029","LUR",914,8.7,2026-04-14
"2030","LUR",914,8.7,2026-04-14
"2031","LUR",914,8.7,2026-04-14
"2026","LUR",915,13.9,2026-04-14
"2027","LUR",915,13.9,2026-04-14
"2028","LUR",915,13.9,2026-04-14
"2029","LUR",915,13.9,2026-04-14
"2030","LUR",915,13.9,2026-04-14
"2031","LUR",915,13.9,2026-04-14
"2025","LUR",916,4.638,2026-04-14
"2026","LUR",916,4.574,2026-04-14
"2027","LUR",916,4.527,2026-04-14
"2028","LUR",916,4.487,2026-04-14
"2029","LUR",916,4.439,2026-04-14
"2030","LUR",916,4.396,2026-04-14
"2031","LUR",916,4.353,2026-04-14
"2023","LUR",917,3.983,2026-04-14
"2024","LUR",917,3.983,2026-04-14
"2025","LUR",917,3.983,2026-04-14
"2026","LUR",917,3.983,2026-04-14
"2027","LUR",917,3.983,2026-04-14
"2028","LUR",917,3.983,2026-04-14
"2029","LUR",917,3.983,2026-04-14
"2030","LUR",917,3.983,2026-04-14
"2031","LUR",917,3.983,2026-04-14
"2026","LUR",918,3.4,2026-04-14
"2027","LUR",918,3.3,2026-04-14
"2028","LUR",918,3.2,2026-04-14
"2029","LUR",918,3.2,2026-04-14
"2030","LUR",918,3.2,2026-04-14
"2031","LUR",918,3.2,2026-04-14
"2026","LUR",921,3.75,2026-04-14
"2027","LUR",921,3.6,2026-04-14
"2028","LUR",921,3.5,2026-04-14
"2029","LUR",921,3.5,2026-04-14
"2030","LUR",921,3.5,2026-04-14
"2031","LUR",921,3.5,2026-04-14
"2026","LUR",922,2.388,2026-04-14
"2027","LUR",922,2.625,2026-04-14
"2028","LUR",922,3.183,2026-04-14
"2029","LUR",922,3.272,2026-04-14
"2030","LUR",922,3.35,2026-04-14
"2031","LUR",922,3.4,2026-04-14
"2026","LUR",924,5.1,2026-04-14
"2027","LUR",924,5.1,2026-04-14
"2028","LUR",924,5.1,2026-04-14
"2029","LUR",924,5.1,2026-04-14
"2030","LUR",924,5.1,2026-04-14
"2031","LUR",924,5.1,2026-04-14
"2022","LUR",926,24.528,2026-04-14
"2023","LUR",926,19.072,2026-04-14
"2024","LUR",926,13.1,2026-04-14
"2025","LUR",926,11.573,2026-04-14
"2026","LUR",926,10.188,2026-04-14
"2027","LUR",926,12,2026-04-14
"2028","LUR",926,11.5,2026-04-14
"2029","LUR",926,10.87,2026-04-14
"2030","LUR",926,9.978,2026-04-14
"2031","LUR",926,9.29,2026-04-14
"2026","LUR",927,4.251,2026-04-14
"2027","LUR",927,3.751,2026-04-14
"2028","LUR",927,3.451,2026-04-14
"2029","LUR",927,3.151,2026-04-14
"2030","LUR",927,3,2026-04-14
"2031","LUR",927,3,2026-04-14
"2026","LUR",935,3,2026-04-14
"2027","LUR",935,2.9,2026-04-14
"2028","LUR",935,2.9,2026-04-14
"2029","LUR",935,2.9,2026-04-14
"2030","LUR",935,2.9,2026-04-14
"2031","LUR",935,2.9,2026-04-14
"2025","LUR",936,5.408,2026-04-14
"2026","LUR",936,5.76,2026-04-14
"2027","LUR",936,5.674,2026-04-14
"2028","LUR",936,5.588,2026-04-14
"2029","LUR",936,5.588,2026-04-14
"2030","LUR",936,5.588,2026-04-14
"2031","LUR",936,5.588,2026-04-14
"2026","LUR",939,7.257,2026-04-14
"2027","LUR",939,6.961,2026-04-14
"2028","LUR",939,6.729,2026-04-14
"2029","LUR",939,6.482,2026-04-14
"2030","LUR",939,6.273,2026-04-14
"2031","LUR",939,6.209,2026-04-14
"2026","LUR",941,6.655,2026-04-14
"2027","LUR",941,6.522,2026-04-14
"2028","LUR",941,6.483,2026-04-14
"2029","LUR",941,6.443,2026-04-14
"2030","LUR",941,6.35,2026-04-14
"2031","LUR",941,6.256,2026-04-14
"2026","LUR",942,8.782,2026-04-14
"2027","LUR",942,8.686,2026-04-14
"2028","LUR",942,8.593,2026-04-14
"2029","LUR",942,8.5,2026-04-14
"2030","LUR",942,8.407,2026-04-14
"2031","LUR",942,8.315,2026-04-14
"2026","LUR",944,4.2,2026-04-14
"2027","LUR",944,3.965,2026-04-14
"2028","LUR",944,3.9,2026-04-14
"2029","LUR",944,3.8,2026-04-14
"2030","LUR",944,3.8,2026-04-14
"2031","LUR",944,3.8,2026-04-14
"2026","LUR",946,6.5,2026-04-14
"2027","LUR",946,6.3,2026-04-14
"2028","LUR",946,6.2,2026-04-14
"2029","LUR",946,6.1,2026-04-14
"2030","LUR",946,6,2026-04-14
"2031","LUR",946,5.9,2026-04-14
"2026","LUR",948,5,2026-04-14
"2027","LUR",948,5,2026-04-14
"2028","LUR",948,5,2026-04-14
"2029","LUR",948,5,2026-04-14
"2030","LUR",948,5,2026-04-14
"2031","LUR",948,5,2026-04-14
"2025","LUR",960,4.5,2026-04-14
"2026","LUR",960,4.6,2026-04-14
"2027","LUR",960,4.6,2026-04-14
"2028","LUR",960,4.7,2026-04-14
"2029","LUR",960,4.7,2026-04-14
"2030","LUR",960,4.7,2026-04-14
"2031","LUR",960,4.7,2026-04-14
"2026","LUR",961,3.932,2026-04-14
"2027","LUR",961,3.946,2026-04-14
"2028","LUR",961,3.981,2026-04-14
"2029","LUR",961,4.001,2026-04-14
"2030","LUR",961,4.021,2026-04-14
"2031","LUR",961,4.067,2026-04-14
"2026","LUR",962,11.5,2026-04-14
"2027","LUR",962,11.4,2026-04-14
"2028","LUR",962,11.3,2026-04-14
"2029","LUR",962,11.2,2026-04-14
"2030","LUR",962,11.1,2026-04-14
"2031","LUR",962,11,2026-04-14
"2025","LUR",963,12.6,2026-04-14
"2026","LUR",963,12.6,2026-04-14
"2027","LUR",963,12.6,2026-04-14
"2028","LUR",963,12.6,2026-04-14
"2029","LUR",963,12.6,2026-04-14
"2030","LUR",963,12.6,2026-04-14
"2031","LUR",963,12.6,2026-04-14
"2026","LUR",964,3.37,2026-04-14
"2027","LUR",964,3.37,2026-04-14
"2028","LUR",964,3.467,2026-04-14
"2029","LUR",964,3.37,2026-04-14
"2030","LUR",964,3.176,2026-04-14
"2031","LUR",964,3.176,2026-04-14
"2026","LUR",968,5.95,2026-04-14
"2027","LUR",968,5.85,2026-04-14
"2028","LUR",968,5.75,2026-04-14
"2029","LUR",968,5.65,2026-04-14
"2030","LUR",968,5.55,2026-04-14
"2031","LUR",968,5.45,2026-04-14
"2026","NGDP_RPCH",111,2.324,2026-04-14
"2027","NGDP_RPCH",111,2.1,2026-04-14
"2028","NGDP_RPCH",111,2.1,2026-04-14
"2029","NGDP_RPCH",111,1.881,2026-04-14
"2030","NGDP_RPCH",111,1.753,2026-04-14
"2031","NGDP_RPCH",111,1.755,2026-04-14
"2026","NGDP_RPCH",112,0.797,2026-04-14
"2027","NGDP_RPCH",112,1.297,2026-04-14
"2028","NGDP_RPCH",112,1.633,2026-04-14
"2029","NGDP_RPCH",112,1.615,2026-04-14
"2030","NGDP_RPCH",112,1.539,2026-04-14
"2031","NGDP_RPCH",112,1.411,2026-04-14
"2026","NGDP_RPCH",122,0.682,2026-04-14
"2027","NGDP_RPCH",122,1.004,2026-04-14
"2028","NGDP_RPCH",122,1.319,2026-04-14
"2029","NGDP_RPCH",122,1.079,2026-04-14
"2030","NGDP_RPCH",122,0.83,2026-04-14
"2031","NGDP_RPCH",122,0.785,2026-04-14
"2025","NGDP_RPCH",124,0.972,2026-04-14
"2026","NGDP_RPCH",124,0.661,2026-04-14
"2027","NGDP_RPCH",124,1.059,2026-04-14
"2028","NGDP_RPCH",124,1.144,2026-04-14
"2029","NGDP_RPCH",124,1.247,2026-04-14
"2030","NGDP_RPCH",124,1.311,2026-04-14
"2031","NGDP_RPCH",124,1.261,2026-04-14
"2026","NGDP_RPCH",128,2,2026-04-14
"2027","NGDP_RPCH",128,1.55,2026-04-14
"2028","NGDP_RPCH",128,1.55,2026-04-14
"2029","NGDP_RPCH",128,1.54,2026-04-14
"2030","NGDP_RPCH",128,1.54,2026-04-14
"2031","NGDP_RPCH",128,1.45,2026-04-14
"2026","NGDP_RPCH",132,0.858,2026-04-14
"2027","NGDP_RPCH",132,0.876,2026-04-14
"2028","NGDP_RPCH",132,1.217,2026-04-14
"2029","NGDP_RPCH",132,1.16,2026-04-14
"2030","NGDP_RPCH",132,1.106,2026-04-14
"2031","NGDP_RPCH",132,1.058,2026-04-14
"2026","NGDP_RPCH",134,0.791,2026-04-14
"2027","NGDP_RPCH",134,1.183,2026-04-14
"2028","NGDP_RPCH",134,1.196,2026-04-14
"2029","NGDP_RPCH",134,0.944,2026-04-14
"2030","NGDP_RPCH",134,0.655,2026-04-14
"2031","NGDP_RPCH",134,0.623,2026-04-14
"2024","NGDP_RPCH",135,1,2026-04-14
"2025","NGDP_RPCH",135,1.5,2026-04-14
"2026","NGDP_RPCH",135,1.3,2026-04-14
"2027","NGDP_RPCH",135,1.184,2026-04-14
"2028","NGDP_RPCH",135,1.28,2026-04-14
"2029","NGDP_RPCH",135,1.28,2026-04-14
"2030","NGDP_RPCH",135,1.28,2026-04-14
"2031","NGDP_RPCH",135,1.28,2026-04-14
"2026","NGDP_RPCH",136,0.521,2026-04-14
"2027","NGDP_RPCH",136,0.5,2026-04-14
"2028","NGDP_RPCH",136,0.835,2026-04-14
"2029","NGDP_RPCH",136,0.739,2026-04-14
"2030","NGDP_RPCH",136,0.716,2026-04-14
"2031","NGDP_RPCH",136,0.7,2026-04-14
"2025","NGDP_RPCH",137,0.638,2026-04-14
"2026","NGDP_RPCH",137,1.592,2026-04-14
"2027","NGDP_RPCH",137,1.66,2026-04-14
"2028","NGDP_RPCH",137,2.141,2026-04-14
"2029","NGDP_RPCH",137,2.071,2026-04-14
"2030","NGDP_RPCH",137,2.03,2026-04-14
"2031","NGDP_RPCH",137,1.99,2026-04-14
"2026","NGDP_RPCH",138,1.233,2026-04-14
"2027","NGDP_RPCH",138,1.422,2026-04-14
"2028","NGDP_RPCH",138,1.377,2026-04-14
"2029","NGDP_RPCH",138,1.281,2026-04-14
"2030","NGDP_RPCH",138,1.191,2026-04-14
"2031","NGDP_RPCH",138,1.185,2026-04-14
"2026","NGDP_RPCH",142,1.475,2026-04-14
"2027","NGDP_RPCH",142,1.33,2026-04-14
"2028","NGDP_RPCH",142,1.134,2026-04-14
"2029","NGDP_RPCH",142,1.138,2026-04-14
"2030","NGDP_RPCH",142,1.142,2026-04-14
"2031","NGDP_RPCH",142,1.146,2026-04-14
"2025","NGDP_RPCH",144,1.543,2026-04-14
"2026","NGDP_RPCH",144,1.963,2026-04-14
"2027","NGDP_RPCH",144,1.906,2026-04-14
"2028","NGDP_RPCH",144,2.123,2026-04-14
"2029","NGDP_RPCH",144,1.863,2026-04-14
"2030","NGDP_RPCH",144,1.833,2026-04-14
"2031","NGDP_RPCH",144,1.754,2026-04-14
"2026","NGDP_RPCH",146,1.342,2026-04-14
"2027","NGDP_RPCH",146,1.344,2026-04-14
"2028","NGDP_RPCH",146,1.83,2026-04-14
"2029","NGDP_RPCH",146,1.225,2026-04-14
"2030","NGDP_RPCH",146,1.835,2026-04-14
"2031","NGDP_RPCH",146,1.225,2026-04-14
"2026","NGDP_RPCH",156,1.5,2026-04-14
"2027","NGDP_RPCH",156,1.896,2026-04-14
"2028","NGDP_RPCH",156,1.655,2026-04-14
"2029","NGDP_RPCH",156,1.728,2026-04-14
"2030","NGDP_RPCH",156,1.665,2026-04-14
"2031","NGDP_RPCH",156,1.754,2026-04-14
"2026","NGDP_RPCH",158,0.719,2026-04-14
"2027","NGDP_RPCH",158,0.623,2026-04-14
"2028","NGDP_RPCH",158,0.625,2026-04-14
"2029","NGDP_RPCH",158,0.614,2026-04-14
"2030","NGDP_RPCH",158,0.614,2026-04-14
"2031","NGDP_RPCH",158,0.608,2026-04-14
"2026","NGDP_RPCH",163,1.087,2026-04-14
"2027","NGDP_RPCH",163,1.211,2026-04-14
"2028","NGDP_RPCH",163,1.364,2026-04-14
"2029","NGDP_RPCH",163,1.238,2026-04-14
"2030","NGDP_RPCH",163,1.124,2026-04-14
"2031","NGDP_RPCH",163,1.096,2026-04-14
"2026","NGDP_RPCH",171,2.1,2026-04-14
"2027","NGDP_RPCH",171,1.84,2026-04-14
"2028","NGDP_RPCH",171,1.7,2026-04-14
"2029","NGDP_RPCH",171,1.6,2026-04-14
"2030","NGDP_RPCH",171,1.5,2026-04-14
"2031","NGDP_RPCH",171,1.5,2026-04-14
"2025","NGDP_RPCH",172,0.173,2026-04-14
"2026","NGDP_RPCH",172,1.047,2026-04-14
"2027","NGDP_RPCH",172,1.506,2026-04-14
"2028","NGDP_RPCH",172,1.38,2026-04-14
"2029","NGDP_RPCH",172,1.397,2026-04-14
"2030","NGDP_RPCH",172,1.189,2026-04-14
"2031","NGDP_RPCH",172,1.173,2026-04-14
"2026","NGDP_RPCH",174,1.802,2026-04-14
"2027","NGDP_RPCH",174,1.66,2026-04-14
"2028","NGDP_RPCH",174,1.597,2026-04-14
"2029","NGDP_RPCH",174,1.602,2026-04-14
"2030","NGDP_RPCH",174,1.601,2026-04-14
"2031","NGDP_RPCH",174,1.599,2026-04-14
"2025","NGDP_RPCH",176,1.279,2026-04-14
"2026","NGDP_RPCH",176,1.902,2026-04-14
"2027","NGDP_RPCH",176,2.101,2026-04-14
"2028","NGDP_RPCH",176,2.379,2026-04-14
"2029","NGDP_RPCH",176,2.413,2026-04-14
"2030","NGDP_RPCH",176,2.401,2026-04-14
"2031","NGDP_RPCH",176,2.375,2026-04-14
"2026","NGDP_RPCH",178,2.516,2026-04-14
"2027","NGDP_RPCH",178,2.351,2026-04-14
"2028","NGDP_RPCH",178,2.56,2026-04-14
"2029","NGDP_RPCH",178,2.404,2026-04-14
"2030","NGDP_RPCH",178,2.31,2026-04-14
"2031","NGDP_RPCH",178,2.29,2026-04-14
"2026","NGDP_RPCH",181,3.7,2026-04-14
"2027","NGDP_RPCH",181,3.8,2026-04-14
"2028","NGDP_RPCH",181,4,2026-04-14
"2029","NGDP_RPCH",181,4,2026-04-14
"2030","NGDP_RPCH",181,4,2026-04-14
"2031","NGDP_RPCH",181,4,2026-04-14
"2025","NGDP_RPCH",182,1.864,2026-04-14
"2026","NGDP_RPCH",182,1.93,2026-04-14
"2027","NGDP_RPCH",182,1.8,2026-04-14
"2028","NGDP_RPCH",182,1.76,2026-04-14
"2029","NGDP_RPCH",182,1.7,2026-04-14
"2030","NGDP_RPCH",182,1.65,2026-04-14
"2031","NGDP_RPCH",182,1.6,2026-04-14
"2026","NGDP_RPCH",184,2.09,2026-04-14
"2027","NGDP_RPCH",184,1.819,2026-04-14
"2028","NGDP_RPCH",184,1.825,2026-04-14
"2029","NGDP_RPCH",184,1.702,2026-04-14
"2030","NGDP_RPCH",184,1.702,2026-04-14
"2031","NGDP_RPCH",184,1.7,2026-04-14
"2026","NGDP_RPCH",186,3.366,2026-04-14
"2027","NGDP_RPCH",186,3.472,2026-04-14
"2028","NGDP_RPCH",186,3.839,2026-04-14
"2029","NGDP_RPCH",186,4.009,2026-04-14
"2030","NGDP_RPCH",186,4.033,2026-04-14
"2031","NGDP_RPCH",186,4.023,2026-04-14
"2026","NGDP_RPCH",193,2.009,2026-04-14
"2027","NGDP_RPCH",193,1.698,2026-04-14
"2028","NGDP_RPCH",193,1.855,2026-04-14
"2029","NGDP_RPCH",193,2.057,2026-04-14
"2030","NGDP_RPCH",193,2.259,2026-04-14
"2031","NGDP_RPCH",193,2.325,2026-04-14
"2026","NGDP_RPCH",196,2.131,2026-04-14
"2027","NGDP_RPCH",196,2.383,2026-04-14
"2028","NGDP_RPCH",196,2.367,2026-04-14
"2029","NGDP_RPCH",196,2.3,2026-04-14
"2030","NGDP_RPCH",196,2.191,2026-04-14
"2031","NGDP_RPCH",196,2.187,2026-04-14
"2026","NGDP_RPCH",199,1.049,2026-04-14
"2027","NGDP_RPCH",199,1.25,2026-04-14
"2028","NGDP_RPCH",199,1.549,2026-04-14
"2029","NGDP_RPCH",199,1.67,2026-04-14
"2030","NGDP_RPCH",199,1.83,2026-04-14
"2031","NGDP_RPCH",199,1.808,2026-04-14
"2026","NGDP_RPCH",213,3.5,2026-04-14
"2027","NGDP_RPCH",213,4.003,2026-04-14
"2028","NGDP_RPCH",213,3.768,2026-04-14
"2029","NGDP_RPCH",213,3.537,2026-04-14
"2030","NGDP_RPCH",213,3.151,2026-04-14
"2031","NGDP_RPCH",213,3.04,2026-04-14
"2026","NGDP_RPCH",218,-3.285,2026-04-14
"2026","NGDP_RPCH",223,1.911,2026-04-14
"2027","NGDP_RPCH",223,1.961,2026-04-14
"2028","NGDP_RPCH",223,2.352,2026-04-14
"2029","NGDP_RPCH",223,2.503,2026-04-14
"2030","NGDP_RPCH",223,2.503,2026-04-14
"2031","NGDP_RPCH",223,2.503,2026-04-14
"2026","NGDP_RPCH",228,2.396,2026-04-14
"2027","NGDP_RPCH",228,2.572,2026-04-14
"2028","NGDP_RPCH",228,2.329,2026-04-14
"2029","NGDP_RPCH",228,2.312,2026-04-14
"2030","NGDP_RPCH",228,2.265,2026-04-14
"2031","NGDP_RPCH",228,2.265,2026-04-14
"2026","NGDP_RPCH",233,2.342,2026-04-14
"2027","NGDP_RPCH",233,2.542,2026-04-14
"2028","NGDP_RPCH",233,2.62,2026-04-14
"2029","NGDP_RPCH",233,2.74,2026-04-14
"2030","NGDP_RPCH",233,2.76,2026-04-14
"2031","NGDP_RPCH",233,2.76,2026-04-14
"2026","NGDP_RPCH",238,3.56,2026-04-14
"2027","NGDP_RPCH",238,3.567,2026-04-14
"2028","NGDP_RPCH",238,3.556,2026-04-14
"2029","NGDP_RPCH",238,3.51,2026-04-14
"2030","NGDP_RPCH",238,3.46,2026-04-14
"2031","NGDP_RPCH",238,3.46,2026-04-14
"2026","NGDP_RPCH",243,3.72,2026-04-14
"2027","NGDP_RPCH",243,4.397,2026-04-14
"2028","NGDP_RPCH",243,4.681,2026-04-14
"2029","NGDP_RPCH",243,4.856,2026-04-14
"2030","NGDP_RPCH",243,4.952,2026-04-14
"2031","NGDP_RPCH",243,5.004,2026-04-14
"2026","NGDP_RPCH",248,2.51,2026-04-14
"2027","NGDP_RPCH",248,2.5,2026-04-14
"2028","NGDP_RPCH",248,2.6,2026-04-14
"2029","NGDP_RPCH",248,2.8,2026-04-14
"2030","NGDP_RPCH",248,3,2026-04-14
"2031","NGDP_RPCH",248,3,2026-04-14
"2025","NGDP_RPCH",253,3.7,2026-04-14
"2026","NGDP_RPCH",253,3.3,2026-04-14
"2027","NGDP_RPCH",253,3,2026-04-14
"2028","NGDP_RPCH",253,3,2026-04-14
"2029","NGDP_RPCH",253,3,2026-04-14
"2030","NGDP_RPCH",253,3,2026-04-14
"2031","NGDP_RPCH",253,3,2026-04-14
"2025","NGDP_RPCH",258,4.118,2026-04-14
"2026","NGDP_RPCH",258,3.94,2026-04-14
"2027","NGDP_RPCH",258,3.98,2026-04-14
"2028","NGDP_RPCH",258,3.92,2026-04-14
"2029","NGDP_RPCH",258,3.84,2026-04-14
"2030","NGDP_RPCH",258,3.88,2026-04-14
"2031","NGDP_RPCH",258,3.92,2026-04-14
"2026","NGDP_RPCH",263,-1.7,2026-04-14
"2027","NGDP_RPCH",263,0.48,2026-04-14
"2028","NGDP_RPCH",263,1.2,2026-04-14
"2029","NGDP_RPCH",263,1.3,2026-04-14
"2030","NGDP_RPCH",263,1.5,2026-04-14
"2031","NGDP_RPCH",263,1.5,2026-04-14
"2025","NGDP_RPCH",268,3.7,2026-04-14
"2026","NGDP_RPCH",268,3.3,2026-04-14
"2027","NGDP_RPCH",268,3.7,2026-04-14
"2028","NGDP_RPCH",268,3.8,2026-04-14
"2029","NGDP_RPCH",268,3.8,2026-04-14
"2030","NGDP_RPCH",268,3.8,2026-04-14
"2031","NGDP_RPCH",268,3.8,2026-04-14
"2025","NGDP_RPCH",273,0.562,2026-04-14
"2026","NGDP_RPCH",273,1.639,2026-04-14
"2027","NGDP_RPCH",273,2.186,2026-04-14
"2028","NGDP_RPCH",273,2.106,2026-04-14
"2029","NGDP_RPCH",273,2.015,2026-04-14
"2030","NGDP_RPCH",273,2.015,2026-04-14
"2031","NGDP_RPCH",273,2.015,2026-04-14
"2026","NGDP_RPCH",278,3.84,2026-04-14
"2027","NGDP_RPCH",278,3.8,2026-04-14
"2028","NGDP_RPCH",278,3.53,2026-04-14
"2029","NGDP_RPCH",278,3.53,2026-04-14
"2030","NGDP_RPCH",278,3.53,2026-04-14
"2031","NGDP_RPCH",278,3.53,2026-04-14
"2026","NGDP_RPCH",283,3.84,2026-04-14
"2027","NGDP_RPCH",283,4.54,2026-04-14
"2028","NGDP_RPCH",283,4.54,2026-04-14
"2029","NGDP_RPCH",283,4.754,2026-04-14
"2030","NGDP_RPCH",283,4.54,2026-04-14
"2031","NGDP_RPCH",283,4.54,2026-04-14
"2025","NGDP_RPCH",288,6,2026-04-14
"2026","NGDP_RPCH",288,4.2,2026-04-14
"2027","NGDP_RPCH",288,3.5,2026-04-14
"2028","NGDP_RPCH",288,3.5,2026-04-14
"2029","NGDP_RPCH",288,3.5,2026-04-14
"2030","NGDP_RPCH",288,3.5,2026-04-14
"2031","NGDP_RPCH",288,3.5,2026-04-14
"2026","NGDP_RPCH",293,2.82,2026-04-14
"2027","NGDP_RPCH",293,2.8,2026-04-14
"2028","NGDP_RPCH",293,2.802,2026-04-14
"2029","NGDP_RPCH",293,2.796,2026-04-14
"2030","NGDP_RPCH",293,2.803,2026-04-14
"2031","NGDP_RPCH",293,2.801,2026-04-14
"2025","NGDP_RPCH",298,1.785,2026-04-14
"2026","NGDP_RPCH",298,1.8,2026-04-14
"2027","NGDP_RPCH",298,2.599,2026-04-14
"2028","NGDP_RPCH",298,2.311,2026-04-14
"2029","NGDP_RPCH",298,2.231,2026-04-14
"2030","NGDP_RPCH",298,2.218,2026-04-14
"2031","NGDP_RPCH",298,2.218,2026-04-14
"2019","NGDP_RPCH",299,-27.658,2026-04-14
"2020","NGDP_RPCH",299,-29.999,2026-04-14
"2021","NGDP_RPCH",299,0.955,2026-04-14
"2022","NGDP_RPCH",299,8.001,2026-04-14
"2023","NGDP_RPCH",299,4.002,2026-04-14
"2024","NGDP_RPCH",299,5.298,2026-04-14
"2025","NGDP_RPCH",299,1.533,2026-04-14
"2026","NGDP_RPCH",299,4.043,2026-04-14
"2027","NGDP_RPCH",299,5.997,2026-04-14
"2025","NGDP_RPCH",311,3.039,2026-04-14
"2026","NGDP_RPCH",311,2.593,2026-04-14
"2027","NGDP_RPCH",311,2.398,2026-04-14
"2028","NGDP_RPCH",311,2.497,2026-04-14
"2029","NGDP_RPCH",311,2.503,2026-04-14
"2030","NGDP_RPCH",311,2.508,2026-04-14
"2031","NGDP_RPCH",311,2.514,2026-04-14
"2025","NGDP_RPCH",313,2.8,2026-04-14
"2026","NGDP_RPCH",313,2.1,2026-04-14
"2027","NGDP_RPCH",313,1.9,2026-04-14
"2028","NGDP_RPCH",313,1.8,2026-04-14
"2029","NGDP_RPCH",313,1.55,2026-04-14
"2030","NGDP_RPCH",313,1.5,2026-04-14
"2031","NGDP_RPCH",313,1.5,2026-04-14
"2024","NGDP_RPCH",314,7.643,2026-04-14
"2025","NGDP_RPCH",314,5.608,2026-04-14
"2026","NGDP_RPCH",314,2.25,2026-04-14
"2027","NGDP_RPCH",314,2.029,2026-04-14
"2028","NGDP_RPCH",314,1.48,2026-04-14
"2029","NGDP_RPCH",314,1.435,2026-04-14
"2030","NGDP_RPCH",314,1.413,2026-04-14
"2031","NGDP_RPCH",314,1.329,2026-04-14
"2025","NGDP_RPCH",316,2.743,2026-04-14
"2026","NGDP_RPCH",316,2.465,2026-04-14
"2027","NGDP_RPCH",316,2.228,2026-04-14
"2028","NGDP_RPCH",316,2,2026-04-14
"2029","NGDP_RPCH",316,2,2026-04-14
"2030","NGDP_RPCH",316,2,2026-04-14
"2031","NGDP_RPCH",316,2,2026-04-14
"2025","NGDP_RPCH",321,4.542,2026-04-14
"2026","NGDP_RPCH",321,3.137,2026-04-14
"2027","NGDP_RPCH",321,2.839,2026-04-14
"2028","NGDP_RPCH",321,2.733,2026-04-14
"2029","NGDP_RPCH",321,2.425,2026-04-14
"2030","NGDP_RPCH",321,2.132,2026-04-14
"2031","NGDP_RPCH",321,2,2026-04-14
"2026","NGDP_RPCH",328,3.112,2026-04-14
"2027","NGDP_RPCH",328,3.076,2026-04-14
"2028","NGDP_RPCH",328,2.965,2026-04-14
"2029","NGDP_RPCH",328,2.735,2026-04-14
"2030","NGDP_RPCH",328,2.735,2026-04-14
"2031","NGDP_RPCH",328,2.735,2026-04-14
"2026","NGDP_RPCH",336,16.168,2026-04-14
"2027","NGDP_RPCH",336,19.664,2026-04-14
"2028","NGDP_RPCH",336,22.087,2026-04-14
"2029","NGDP_RPCH",336,12.798,2026-04-14
"2030","NGDP_RPCH",336,11.521,2026-04-14
"2031","NGDP_RPCH",336,1.057,2026-04-14
"2025","NGDP_RPCH",339,2.747,2026-04-14
"2026","NGDP_RPCH",339,2.192,2026-04-14
"2027","NGDP_RPCH",339,2.118,2026-04-14
"2028","NGDP_RPCH",339,2,2026-04-14
"2029","NGDP_RPCH",339,2,2026-04-14
"2030","NGDP_RPCH",339,2,2026-04-14
"2031","NGDP_RPCH",339,2,2026-04-14
"2025","NGDP_RPCH",343,-0.06,2026-04-14
"2026","NGDP_RPCH",343,-1.152,2026-04-14
"2027","NGDP_RPCH",343,3.143,2026-04-14
"2028","NGDP_RPCH",343,1.846,2026-04-14
"2029","NGDP_RPCH",343,1.5,2026-04-14
"2030","NGDP_RPCH",343,1.5,2026-04-14
"2031","NGDP_RPCH",343,1.5,2026-04-14
"2025","NGDP_RPCH",359,-0.8,2026-04-14
"2026","NGDP_RPCH",359,-0.1,2026-04-14
"2027","NGDP_RPCH",359,1,2026-04-14
"2028","NGDP_RPCH",359,0.6,2026-04-14
"2029","NGDP_RPCH",359,0.8,2026-04-14
"2030","NGDP_RPCH",359,0.8,2026-04-14
"2031","NGDP_RPCH",359,0.8,2026-04-14
"2025","NGDP_RPCH",361,1.495,2026-04-14
"2026","NGDP_RPCH",361,2.039,2026-04-14
"2027","NGDP_RPCH",361,2.522,2026-04-14
"2028","NGDP_RPCH",361,2.635,2026-04-14
"2029","NGDP_RPCH",361,2.728,2026-04-14
"2030","NGDP_RPCH",361,2.574,2026-04-14
"2031","NGDP_RPCH",361,2.461,2026-04-14
"2025","NGDP_RPCH",362,1.654,2026-04-14
"2026","NGDP_RPCH",362,1.963,2026-04-14
"2027","NGDP_RPCH",362,1.701,2026-04-14
"2028","NGDP_RPCH",362,1.646,2026-04-14
"2029","NGDP_RPCH",362,1.568,2026-04-14
"2030","NGDP_RPCH",362,1.488,2026-04-14
"2031","NGDP_RPCH",362,1.5,2026-04-14
"2025","NGDP_RPCH",364,3.39,2026-04-14
"2026","NGDP_RPCH",364,3,2026-04-14
"2027","NGDP_RPCH",364,2.7,2026-04-14
"2028","NGDP_RPCH",364,2.7,2026-04-14
"2029","NGDP_RPCH",364,2.7,2026-04-14
"2030","NGDP_RPCH",364,2.7,2026-04-14
"2031","NGDP_RPCH",364,2.7,2026-04-14
"2026","NGDP_RPCH",366,3.927,2026-04-14
"2027","NGDP_RPCH",366,4.378,2026-04-14
"2028","NGDP_RPCH",366,28.538,2026-04-14
"2029","NGDP_RPCH",366,43.456,2026-04-14
"2030","NGDP_RPCH",366,3.075,2026-04-14
"2031","NGDP_RPCH",366,2.858,2026-04-14
"2025","NGDP_RPCH",369,0.782,2026-04-14
"2026","NGDP_RPCH",369,0.766,2026-04-14
"2027","NGDP_RPCH",369,2.95,2026-04-14
"2028","NGDP_RPCH",369,3.501,2026-04-14
"2029","NGDP_RPCH",369,2.834,2026-04-14
"2030","NGDP_RPCH",369,2.094,2026-04-14
"2031","NGDP_RPCH",369,1.79,2026-04-14
"2025","NGDP_RPCH",419,3.109,2026-04-14
"2026","NGDP_RPCH",419,-0.499,2026-04-14
"2027","NGDP_RPCH",419,4.502,2026-04-14
"2028","NGDP_RPCH",419,2.778,2026-04-14
"2029","NGDP_RPCH",419,2.902,2026-04-14
"2030","NGDP_RPCH",419,3.098,2026-04-14
"2031","NGDP_RPCH",419,3.256,2026-04-14
"2026","NGDP_RPCH",423,2.953,2026-04-14
"2027","NGDP_RPCH",423,2.985,2026-04-14
"2028","NGDP_RPCH",423,3.01,2026-04-14
"2029","NGDP_RPCH",423,3.001,2026-04-14
"2030","NGDP_RPCH",423,2.992,2026-04-14
"2031","NGDP_RPCH",423,3,2026-04-14
"2026","NGDP_RPCH",429,-6.07,2026-04-14
"2027","NGDP_RPCH",429,3.215,2026-04-14
"2028","NGDP_RPCH",429,1.478,2026-04-14
"2029","NGDP_RPCH",429,1.813,2026-04-14
"2030","NGDP_RPCH",429,2.055,2026-04-14
"2031","NGDP_RPCH",429,2.06,2026-04-14
"2026","NGDP_RPCH",433,-6.771,2026-04-14
"2027","NGDP_RPCH",433,11.303,2026-04-14
"2028","NGDP_RPCH",433,3.47,2026-04-14
"2029","NGDP_RPCH",433,3.334,2026-04-14
"2030","NGDP_RPCH",433,3.395,2026-04-14
"2031","NGDP_RPCH",433,3.457,2026-04-14
"2026","NGDP_RPCH",436,3.53,2026-04-14
"2027","NGDP_RPCH",436,4.39,2026-04-14
"2028","NGDP_RPCH",436,3.742,2026-04-14
"2029","NGDP_RPCH",436,3.46,2026-04-14
"2030","NGDP_RPCH",436,3.388,2026-04-14
"2031","NGDP_RPCH",436,3.385,2026-04-14
"2025","NGDP_RPCH",439,2.683,2026-04-14
"2026","NGDP_RPCH",439,2.748,2026-04-14
"2027","NGDP_RPCH",439,3.1,2026-04-14
"2028","NGDP_RPCH",439,3,2026-04-14
"2029","NGDP_RPCH",439,3,2026-04-14
"2030","NGDP_RPCH",439,3,2026-04-14
"2031","NGDP_RPCH",439,3,2026-04-14
"2025","NGDP_RPCH",443,3.468,2026-04-14
"2026","NGDP_RPCH",443,-0.561,2026-04-14
"2027","NGDP_RPCH",443,2.811,2026-04-14
"2028","NGDP_RPCH",443,2.505,2026-04-14
"2029","NGDP_RPCH",443,2.421,2026-04-14
"2030","NGDP_RPCH",443,2.384,2026-04-14
"2031","NGDP_RPCH",443,2.389,2026-04-14
"2022","NGDP_RPCH",446,1,2026-04-14
"2023","NGDP_RPCH",446,-0.7,2026-04-14
"2024","NGDP_RPCH",446,-7.5,2026-04-14
"2025","NGDP_RPCH",446,4,2026-04-14
"2026","NGDP_RPCH",449,3.452,2026-04-14
"2027","NGDP_RPCH",449,3.416,2026-04-14
"2028","NGDP_RPCH",449,3.717,2026-04-14
"2029","NGDP_RPCH",449,3.476,2026-04-14
"2030","NGDP_RPCH",449,3.27,2026-04-14
"2031","NGDP_RPCH",449,2.676,2026-04-14
"2024","NGDP_RPCH",453,2.36,2026-04-14
"2025","NGDP_RPCH",453,2.798,2026-04-14
"2026","NGDP_RPCH",453,-8.646,2026-04-14
"2027","NGDP_RPCH",453,8.59,2026-04-14
"2028","NGDP_RPCH",453,5.836,2026-04-14
"2029","NGDP_RPCH",453,7.837,2026-04-14
"2030","NGDP_RPCH",453,5.919,2026-04-14
"2031","NGDP_RPCH",453,4.977,2026-04-14
"2026","NGDP_RPCH",456,3.115,2026-04-14
"2027","NGDP_RPCH",456,4.454,2026-04-14
"2028","NGDP_RPCH",456,3.645,2026-04-14
"2029","NGDP_RPCH",456,3.543,2026-04-14
"2030","NGDP_RPCH",456,3.52,2026-04-14
"2031","NGDP_RPCH",456,3.55,2026-04-14
"2025","NGDP_RPCH",466,5.804,2026-04-14
"2026","NGDP_RPCH",466,3.143,2026-04-14
"2027","NGDP_RPCH",466,5.266,2026-04-14
"2028","NGDP_RPCH",466,4.629,2026-04-14
"2029","NGDP_RPCH",466,4.373,2026-04-14
"2030","NGDP_RPCH",466,4.032,2026-04-14
"2031","NGDP_RPCH",466,4.039,2026-04-14
"2026","NGDP_RPCH",469,4.24,2026-04-14
"2027","NGDP_RPCH",469,4.829,2026-04-14
"2028","NGDP_RPCH",469,5.535,2026-04-14
"2029","NGDP_RPCH",469,5.227,2026-04-14
"2030","NGDP_RPCH",469,4.842,2026-04-14
"2031","NGDP_RPCH",469,4.789,2026-04-14
"2025","NGDP_RPCH",474,-0.541,2026-04-14
"2026","NGDP_RPCH",474,0.512,2026-04-14
"2027","NGDP_RPCH",474,1.452,2026-04-14
"2028","NGDP_RPCH",474,2.508,2026-04-14
"2029","NGDP_RPCH",474,2.53,2026-04-14
"2030","NGDP_RPCH",474,2.549,2026-04-14
"2031","NGDP_RPCH",474,2.549,2026-04-14
"2026","NGDP_RPCH",513,4.693,2026-04-14
"2027","NGDP_RPCH",513,4.258,2026-04-14
"2028","NGDP_RPCH",513,4.548,2026-04-14
"2029","NGDP_RPCH",513,5.704,2026-04-14
"2030","NGDP_RPCH",513,5.75,2026-04-14
"2031","NGDP_RPCH",513,6.07,2026-04-14
"2025","NGDP_RPCH",514,7.123,2026-04-14
"2026","NGDP_RPCH",514,7.478,2026-04-14
"2027","NGDP_RPCH",514,6.327,2026-04-14
"2028","NGDP_RPCH",514,5.844,2026-04-14
"2029","NGDP_RPCH",514,7.163,2026-04-14
"2030","NGDP_RPCH",514,6.439,2026-04-14
"2031","NGDP_RPCH",514,5.557,2026-04-14
"2025","NGDP_RPCH",516,0.6,2026-04-14
"2026","NGDP_RPCH",516,2.6,2026-04-14
"2027","NGDP_RPCH",516,2.65,2026-04-14
"2028","NGDP_RPCH",516,2.5,2026-04-14
"2029","NGDP_RPCH",516,2.6,2026-04-14
"2030","NGDP_RPCH",516,3,2026-04-14
"2031","NGDP_RPCH",516,2.9,2026-04-14
"2023","NGDP_RPCH",518,0.997,2026-04-14
"2024","NGDP_RPCH",518,-0.972,2026-04-14
"2025","NGDP_RPCH",518,-1.964,2026-04-14
"2026","NGDP_RPCH",518,2.995,2026-04-14
"2027","NGDP_RPCH",518,2.998,2026-04-14
"2028","NGDP_RPCH",518,2.522,2026-04-14
"2029","NGDP_RPCH",518,2.168,2026-04-14
"2030","NGDP_RPCH",518,1.812,2026-04-14
"2031","NGDP_RPCH",518,1.814,2026-04-14
"2025","NGDP_RPCH",522,5.013,2026-04-14
"2026","NGDP_RPCH",522,4.022,2026-04-14
"2027","NGDP_RPCH",522,4.721,2026-04-14
"2028","NGDP_RPCH",522,4.991,2026-04-14
"2029","NGDP_RPCH",522,5.259,2026-04-14
"2030","NGDP_RPCH",522,5.361,2026-04-14
"2031","NGDP_RPCH",522,5.461,2026-04-14
"2026","NGDP_RPCH",528,5.181,2026-04-14
"2027","NGDP_RPCH",528,2.969,2026-04-14
"2028","NGDP_RPCH",528,2.45,2026-04-14
"2029","NGDP_RPCH",528,2.37,2026-04-14
"2030","NGDP_RPCH",528,2.422,2026-04-14
"2031","NGDP_RPCH",528,2.125,2026-04-14
"2026","NGDP_RPCH",532,2.42,2026-04-14
"2027","NGDP_RPCH",532,2.353,2026-04-14
"2028","NGDP_RPCH",532,2.308,2026-04-14
"2029","NGDP_RPCH",532,2.278,2026-04-14
"2030","NGDP_RPCH",532,2.19,2026-04-14
"2031","NGDP_RPCH",532,2.17,2026-04-14
"2026","NGDP_RPCH",534,6.478,2026-04-14
"2027","NGDP_RPCH",534,6.529,2026-04-14
"2028","NGDP_RPCH",534,6.5,2026-04-14
"2029","NGDP_RPCH",534,6.52,2026-04-14
"2030","NGDP_RPCH",534,6.503,2026-04-14
"2031","NGDP_RPCH",534,6.514,2026-04-14
"2026","NGDP_RPCH",536,4.95,2026-04-14
"2027","NGDP_RPCH",536,5.07,2026-04-14
"2028","NGDP_RPCH",536,5.169,2026-04-14
"2029","NGDP_RPCH",536,5.185,2026-04-14
"2030","NGDP_RPCH",536,5.223,2026-04-14
"2031","NGDP_RPCH",536,5.232,2026-04-14
"2025","NGDP_RPCH",537,4.5,2026-04-14
"2026","NGDP_RPCH",537,4.1,2026-04-14
"2027","NGDP_RPCH",537,3.8,2026-04-14
"2028","NGDP_RPCH",537,3.6,2026-04-14
"2029","NGDP_RPCH",537,3.4,2026-04-14
"2030","NGDP_RPCH",537,3.3,2026-04-14
"2031","NGDP_RPCH",537,3.2,2026-04-14
"2026","NGDP_RPCH",542,1.862,2026-04-14
"2027","NGDP_RPCH",542,2.124,2026-04-14
"2028","NGDP_RPCH",542,2.16,2026-04-14
"2029","NGDP_RPCH",542,1.969,2026-04-14
"2030","NGDP_RPCH",542,1.883,2026-04-14
"2031","NGDP_RPCH",542,1.887,2026-04-14
"2026","NGDP_RPCH",544,4.013,2026-04-14
"2027","NGDP_RPCH",544,3.959,2026-04-14
"2028","NGDP_RPCH",544,3.503,2026-04-14
"2029","NGDP_RPCH",544,3.002,2026-04-14
"2030","NGDP_RPCH",544,2.983,2026-04-14
"2031","NGDP_RPCH",544,2.97,2026-04-14
"2026","NGDP_RPCH",546,2.993,2026-04-14
"2027","NGDP_RPCH",546,3.073,2026-04-14
"2028","NGDP_RPCH",546,3.083,2026-04-14
"2029","NGDP_RPCH",546,3.005,2026-04-14
"2030","NGDP_RPCH",546,3.01,2026-04-14
"2031","NGDP_RPCH",546,3.015,2026-04-14
"2026","NGDP_RPCH",548,4.7,2026-04-14
"2027","NGDP_RPCH",548,4.3,2026-04-14
"2028","NGDP_RPCH",548,4.3,2026-04-14
"2029","NGDP_RPCH",548,4.3,2026-04-14
"2030","NGDP_RPCH",548,4.3,2026-04-14
"2031","NGDP_RPCH",548,4.3,2026-04-14
"2025","NGDP_RPCH",556,5.031,2026-04-14
"2026","NGDP_RPCH",556,3.022,2026-04-14
"2027","NGDP_RPCH",556,4.587,2026-04-14
"2028","NGDP_RPCH",556,4.152,2026-04-14
"2029","NGDP_RPCH",556,4.019,2026-04-14
"2030","NGDP_RPCH",556,3.985,2026-04-14
"2031","NGDP_RPCH",556,4.013,2026-04-14
"2026","NGDP_RPCH",558,2.956,2026-04-14
"2027","NGDP_RPCH",558,4.564,2026-04-14
"2028","NGDP_RPCH",558,5.307,2026-04-14
"2029","NGDP_RPCH",558,5.149,2026-04-14
"2030","NGDP_RPCH",558,5.047,2026-04-14
"2031","NGDP_RPCH",558,5.042,2026-04-14
"2026","NGDP_RPCH",564,3.603,2026-04-14
"2027","NGDP_RPCH",564,3.5,2026-04-14
"2028","NGDP_RPCH",564,4.3,2026-04-14
"2029","NGDP_RPCH",564,4.5,2026-04-14
"2030","NGDP_RPCH",564,4.5,2026-04-14
"2031","NGDP_RPCH",564,4.5,2026-04-14
"2025","NGDP_RPCH",565,6.324,2026-04-14
"2026","NGDP_RPCH",565,3.3,2026-04-14
"2027","NGDP_RPCH",565,2.8,2026-04-14
"2028","NGDP_RPCH",565,3.173,2026-04-14
"2029","NGDP_RPCH",565,2.621,2026-04-14
"2030","NGDP_RPCH",565,1.968,2026-04-14
"2031","NGDP_RPCH",565,1.972,2026-04-14
"2026","NGDP_RPCH",566,4.066,2026-04-14
"2027","NGDP_RPCH",566,5.774,2026-04-14
"2028","NGDP_RPCH",566,6.078,2026-04-14
"2029","NGDP_RPCH",566,6.056,2026-04-14
"2030","NGDP_RPCH",566,6.007,2026-04-14
"2031","NGDP_RPCH",566,6.006,2026-04-14
"2026","NGDP_RPCH",576,3.507,2026-04-14
"2027","NGDP_RPCH",576,2.667,2026-04-14
"2028","NGDP_RPCH",576,2.518,2026-04-14
"2029","NGDP_RPCH",576,2.486,2026-04-14
"2030","NGDP_RPCH",576,2.507,2026-04-14
"2031","NGDP_RPCH",576,2.5,2026-04-14
"2026","NGDP_RPCH",578,1.5,2026-04-14
"2027","NGDP_RPCH",578,2.101,2026-04-14
"2028","NGDP_RPCH",578,2.292,2026-04-14
"2029","NGDP_RPCH",578,2.456,2026-04-14
"2030","NGDP_RPCH",578,2.497,2026-04-14
"2031","NGDP_RPCH",578,2.5,2026-04-14
"2026","NGDP_RPCH",582,7.1,2026-04-14
"2027","NGDP_RPCH",582,6.7,2026-04-14
"2028","NGDP_RPCH",582,6.2,2026-04-14
"2029","NGDP_RPCH",582,5.6,2026-04-14
"2030","NGDP_RPCH",582,5.39,2026-04-14
"2031","NGDP_RPCH",582,5.39,2026-04-14
"2025","NGDP_RPCH",611,6,2026-04-14
"2026","NGDP_RPCH",611,6,2026-04-14
"2027","NGDP_RPCH",611,6,2026-04-14
"2028","NGDP_RPCH",611,5.5,2026-04-14
"2029","NGDP_RPCH",611,5.5,2026-04-14
"2030","NGDP_RPCH",611,5.5,2026-04-14
"2031","NGDP_RPCH",611,5.5,2026-04-14
"2025","NGDP_RPCH",612,3.822,2026-04-14
"2026","NGDP_RPCH",612,3.777,2026-04-14
"2027","NGDP_RPCH",612,2.873,2026-04-14
"2028","NGDP_RPCH",612,2.674,2026-04-14
"2029","NGDP_RPCH",612,2.705,2026-04-14
"2030","NGDP_RPCH",612,2.634,2026-04-14
"2031","NGDP_RPCH",612,2.627,2026-04-14
"2025","NGDP_RPCH",614,3.13,2026-04-14
"2026","NGDP_RPCH",614,2.294,2026-04-14
"2027","NGDP_RPCH",614,2.637,2026-04-14
"2028","NGDP_RPCH",614,2.817,2026-04-14
"2029","NGDP_RPCH",614,2.97,2026-04-14
"2030","NGDP_RPCH",614,3.029,2026-04-14
"2031","NGDP_RPCH",614,3.091,2026-04-14
"2025","NGDP_RPCH",616,-0.887,2026-04-14
"2026","NGDP_RPCH",616,4.749,2026-04-14
"2027","NGDP_RPCH",616,2.227,2026-04-14
"2028","NGDP_RPCH",616,2.96,2026-04-14
"2029","NGDP_RPCH",616,3.932,2026-04-14
"2030","NGDP_RPCH",616,3.949,2026-04-14
"2031","NGDP_RPCH",616,3.96,2026-04-14
"2025","NGDP_RPCH",618,3.904,2026-04-14
"2026","NGDP_RPCH",618,3.819,2026-04-14
"2027","NGDP_RPCH",618,4.168,2026-04-14
"2028","NGDP_RPCH",618,4.028,2026-04-14
"2029","NGDP_RPCH",618,4.063,2026-04-14
"2030","NGDP_RPCH",618,4.11,2026-04-14
"2031","NGDP_RPCH",618,4.175,2026-04-14
"2025","NGDP_RPCH",622,3.073,2026-04-14
"2026","NGDP_RPCH",622,3.344,2026-04-14
"2027","NGDP_RPCH",622,3.768,2026-04-14
"2028","NGDP_RPCH",622,4.223,2026-04-14
"2029","NGDP_RPCH",622,4.301,2026-04-14
"2030","NGDP_RPCH",622,4.424,2026-04-14
"2031","NGDP_RPCH",622,4.578,2026-04-14
"2025","NGDP_RPCH",624,5.513,2026-04-14
"2026","NGDP_RPCH",624,4.787,2026-04-14
"2027","NGDP_RPCH",624,5.037,2026-04-14
"2028","NGDP_RPCH",624,5.003,2026-04-14
"2029","NGDP_RPCH",624,5.061,2026-04-14
"2030","NGDP_RPCH",624,5.067,2026-04-14
"2031","NGDP_RPCH",624,5.064,2026-04-14
"2020","NGDP_RPCH",626,0.901,2026-04-14
"2021","NGDP_RPCH",626,0.086,2026-04-14
"2022","NGDP_RPCH",626,0.795,2026-04-14
"2023","NGDP_RPCH",626,0.097,2026-04-14
"2024","NGDP_RPCH",626,3.099,2026-04-14
"2025","NGDP_RPCH",626,4.801,2026-04-14
"2026","NGDP_RPCH",626,2.613,2026-04-14
"2027","NGDP_RPCH",626,2.987,2026-04-14
"2028","NGDP_RPCH",626,3.227,2026-04-14
"2029","NGDP_RPCH",626,3.531,2026-04-14
"2030","NGDP_RPCH",626,3.488,2026-04-14
"2031","NGDP_RPCH",626,3.497,2026-04-14
"2025","NGDP_RPCH",628,5.606,2026-04-14
"2026","NGDP_RPCH",628,5.23,2026-04-14
"2027","NGDP_RPCH",628,4.934,2026-04-14
"2028","NGDP_RPCH",628,4.83,2026-04-14
"2029","NGDP_RPCH",628,5.052,2026-04-14
"2030","NGDP_RPCH",628,5.167,2026-04-14
"2031","NGDP_RPCH",628,5.28,2026-04-14
"2025","NGDP_RPCH",632,3.776,2026-04-14
"2026","NGDP_RPCH",632,4.083,2026-04-14
"2027","NGDP_RPCH",632,4.117,2026-04-14
"2028","NGDP_RPCH",632,3.846,2026-04-14
"2029","NGDP_RPCH",632,3.621,2026-04-14
"2030","NGDP_RPCH",632,3.636,2026-04-14
"2031","NGDP_RPCH",632,3.641,2026-04-14
"2023","NGDP_RPCH",634,1.977,2026-04-14
"2024","NGDP_RPCH",634,2.112,2026-04-14
"2025","NGDP_RPCH",634,2.367,2026-04-14
"2026","NGDP_RPCH",634,2.837,2026-04-14
"2027","NGDP_RPCH",634,3.245,2026-04-14
"2028","NGDP_RPCH",634,3.74,2026-04-14
"2029","NGDP_RPCH",634,3.689,2026-04-14
"2030","NGDP_RPCH",634,3.583,2026-04-14
"2031","NGDP_RPCH",634,3.578,2026-04-14
"2024","NGDP_RPCH",636,6.064,2026-04-14
"2025","NGDP_RPCH",636,5.746,2026-04-14
"2026","NGDP_RPCH",636,5.901,2026-04-14
"2027","NGDP_RPCH",636,5.365,2026-04-14
"2028","NGDP_RPCH",636,5.397,2026-04-14
"2029","NGDP_RPCH",636,5.444,2026-04-14
"2030","NGDP_RPCH",636,5.415,2026-04-14
"2031","NGDP_RPCH",636,5.401,2026-04-14
"2025","NGDP_RPCH",638,7.5,2026-04-14
"2026","NGDP_RPCH",638,6.972,2026-04-14
"2027","NGDP_RPCH",638,6.698,2026-04-14
"2028","NGDP_RPCH",638,6.587,2026-04-14
"2029","NGDP_RPCH",638,6.482,2026-04-14
"2030","NGDP_RPCH",638,6.042,2026-04-14
"2031","NGDP_RPCH",638,6.026,2026-04-14
"2025","NGDP_RPCH",642,-6.358,2026-04-14
"2026","NGDP_RPCH",642,-2.686,2026-04-14
"2027","NGDP_RPCH",642,-1.338,2026-04-14
"2028","NGDP_RPCH",642,1.105,2026-04-14
"2029","NGDP_RPCH",642,2.095,2026-04-14
"2030","NGDP_RPCH",642,2.393,2026-04-14
"2031","NGDP_RPCH",642,2.538,2026-04-14
"2026","NGDP_RPCH",644,9.204,2026-04-14
"2027","NGDP_RPCH",644,7.913,2026-04-14
"2028","NGDP_RPCH",644,8.233,2026-04-14
"2029","NGDP_RPCH",644,8.463,2026-04-14
"2030","NGDP_RPCH",644,7.998,2026-04-14
"2031","NGDP_RPCH",644,7.675,2026-04-14
"2025","NGDP_RPCH",646,2.512,2026-04-14
"2026","NGDP_RPCH",646,2.665,2026-04-14
"2027","NGDP_RPCH",646,2.809,2026-04-14
"2028","NGDP_RPCH",646,2.848,2026-04-14
"2029","NGDP_RPCH",646,2.849,2026-04-14
"2030","NGDP_RPCH",646,2.845,2026-04-14
"2031","NGDP_RPCH",646,2.87,2026-04-14
"2024","NGDP_RPCH",648,5.551,2026-04-14
"2025","NGDP_RPCH",648,6.004,2026-04-14
"2026","NGDP_RPCH",648,5.112,2026-04-14
"2027","NGDP_RPCH",648,5.024,2026-04-14
"2028","NGDP_RPCH",648,5.019,2026-04-14
"2029","NGDP_RPCH",648,5.019,2026-04-14
"2030","NGDP_RPCH",648,5.019,2026-04-14
"2031","NGDP_RPCH",648,5.019,2026-04-14
"2025","NGDP_RPCH",652,5.954,2026-04-14
"2026","NGDP_RPCH",652,4.75,2026-04-14
"2027","NGDP_RPCH",652,4.928,2026-04-14
"2028","NGDP_RPCH",652,4.999,2026-04-14
"2029","NGDP_RPCH",652,5,2026-04-14
"2030","NGDP_RPCH",652,5,2026-04-14
"2031","NGDP_RPCH",652,5,2026-04-14
"2024","NGDP_RPCH",654,4.8,2026-04-14
"2025","NGDP_RPCH",654,5.5,2026-04-14
"2026","NGDP_RPCH",654,4.9,2026-04-14
"2027","NGDP_RPCH",654,4.9,2026-04-14
"2028","NGDP_RPCH",654,4.5,2026-04-14
"2029","NGDP_RPCH",654,4.5,2026-04-14
"2030","NGDP_RPCH",654,4.204,2026-04-14
"2031","NGDP_RPCH",654,4.21,2026-04-14
"2025","NGDP_RPCH",656,6.687,2026-04-14
"2026","NGDP_RPCH",656,8.677,2026-04-14
"2027","NGDP_RPCH",656,9.332,2026-04-14
"2028","NGDP_RPCH",656,9.837,2026-04-14
"2029","NGDP_RPCH",656,10.226,2026-04-14
"2030","NGDP_RPCH",656,8.515,2026-04-14
"2031","NGDP_RPCH",656,7.245,2026-04-14
"2025","NGDP_RPCH",662,6.5,2026-04-14
"2026","NGDP_RPCH",662,6.2,2026-04-14
"2027","NGDP_RPCH",662,6.3,2026-04-14
"2028","NGDP_RPCH",662,6.6,2026-04-14
"2029","NGDP_RPCH",662,7,2026-04-14
"2030","NGDP_RPCH",662,6.8,2026-04-14
"2031","NGDP_RPCH",662,6.5,2026-04-14
"2025","NGDP_RPCH",664,4.88,2026-04-14
"2026","NGDP_RPCH",664,4.474,2026-04-14
"2027","NGDP_RPCH",664,4.662,2026-04-14
"2028","NGDP_RPCH",664,5.061,2026-04-14
"2029","NGDP_RPCH",664,5,2026-04-14
"2030","NGDP_RPCH",664,5.008,2026-04-14
"2031","NGDP_RPCH",664,5.015,2026-04-14
"2026","NGDP_RPCH",666,1.111,2026-04-14
"2027","NGDP_RPCH",666,0.827,2026-04-14
"2028","NGDP_RPCH",666,1.404,2026-04-14
"2029","NGDP_RPCH",666,1.503,2026-04-14
"2030","NGDP_RPCH",666,1.505,2026-04-14
"2031","NGDP_RPCH",666,1.512,2026-04-14
"2026","NGDP_RPCH",668,5.111,2026-04-14
"2027","NGDP_RPCH",668,5.386,2026-04-14
"2028","NGDP_RPCH",668,5.611,2026-04-14
"2029","NGDP_RPCH",668,5.576,2026-04-14
"2030","NGDP_RPCH",668,5.626,2026-04-14
"2031","NGDP_RPCH",668,5.498,2026-04-14
"2020","NGDP_RPCH",672,-29.456,2026-04-14
"2021","NGDP_RPCH",672,27.331,2026-04-14
"2022","NGDP_RPCH",672,-8.625,2026-04-14
"2023","NGDP_RPCH",672,10.474,2026-04-14
"2024","NGDP_RPCH",672,4.19,2026-04-14
"2025","NGDP_RPCH",672,15.871,2026-04-14
"2026","NGDP_RPCH",672,6.72,2026-04-14
"2027","NGDP_RPCH",672,4.501,2026-04-14
"2028","NGDP_RPCH",672,4.461,2026-04-14
"2029","NGDP_RPCH",672,4.182,2026-04-14
"2030","NGDP_RPCH",672,3.973,2026-04-14
"2031","NGDP_RPCH",672,3.759,2026-04-14
"2025","NGDP_RPCH",674,2.835,2026-04-14
"2026","NGDP_RPCH",674,3.636,2026-04-14
"2027","NGDP_RPCH",674,4.131,2026-04-14
"2028","NGDP_RPCH",674,4.627,2026-04-14
"2029","NGDP_RPCH",674,4.729,2026-04-14
"2030","NGDP_RPCH",674,4.834,2026-04-14
"2031","NGDP_RPCH",674,4.848,2026-04-14
"2025","NGDP_RPCH",676,2.087,2026-04-14
"2026","NGDP_RPCH",676,2.227,2026-04-14
"2027","NGDP_RPCH",676,2.432,2026-04-14
"2028","NGDP_RPCH",676,2.719,2026-04-14
"2029","NGDP_RPCH",676,2.888,2026-04-14
"2030","NGDP_RPCH",676,3,2026-04-14
"2031","NGDP_RPCH",676,3,2026-04-14
"2025","NGDP_RPCH",678,4.9,2026-04-14
"2026","NGDP_RPCH",678,5.5,2026-04-14
"2027","NGDP_RPCH",678,5.7,2026-04-14
"2028","NGDP_RPCH",678,5.5,2026-04-14
"2029","NGDP_RPCH",678,5.25,2026-04-14
"2030","NGDP_RPCH",678,5.25,2026-04-14
"2031","NGDP_RPCH",678,5.25,2026-04-14
"2025","NGDP_RPCH",682,4.215,2026-04-14
"2026","NGDP_RPCH",682,4.417,2026-04-14
"2027","NGDP_RPCH",682,4.472,2026-04-14
"2028","NGDP_RPCH",682,5.673,2026-04-14
"2029","NGDP_RPCH",682,4.928,2026-04-14
"2030","NGDP_RPCH",682,3.004,2026-04-14
"2031","NGDP_RPCH",682,2.976,2026-04-14
"2025","NGDP_RPCH",684,3.1,2026-04-14
"2026","NGDP_RPCH",684,3.4,2026-04-14
"2027","NGDP_RPCH",684,3.4,2026-04-14
"2028","NGDP_RPCH",684,3.4,2026-04-14
"2029","NGDP_RPCH",684,3.4,2026-04-14
"2030","NGDP_RPCH",684,3.4,2026-04-14
"2031","NGDP_RPCH",684,3.4,2026-04-14
"2025","NGDP_RPCH",686,4.9,2026-04-14
"2026","NGDP_RPCH",686,4.872,2026-04-14
"2027","NGDP_RPCH",686,4.5,2026-04-14
"2028","NGDP_RPCH",686,4.499,2026-04-14
"2029","NGDP_RPCH",686,4.401,2026-04-14
"2030","NGDP_RPCH",686,4.101,2026-04-14
"2031","NGDP_RPCH",686,4.004,2026-04-14
"2024","NGDP_RPCH",688,2.149,2026-04-14
"2025","NGDP_RPCH",688,-0.524,2026-04-14
"2026","NGDP_RPCH",688,0.519,2026-04-14
"2027","NGDP_RPCH",688,2.731,2026-04-14
"2028","NGDP_RPCH",688,2.184,2026-04-14
"2029","NGDP_RPCH",688,3.072,2026-04-14
"2030","NGDP_RPCH",688,12.102,2026-04-14
"2031","NGDP_RPCH",688,13.038,2026-04-14
"2023","NGDP_RPCH",692,2.375,2026-04-14
"2024","NGDP_RPCH",692,10.3,2026-04-14
"2025","NGDP_RPCH",692,6.9,2026-04-14
"2026","NGDP_RPCH",692,6.728,2026-04-14
"2027","NGDP_RPCH",692,6.549,2026-04-14
"2028","NGDP_RPCH",692,6.008,2026-04-14
"2029","NGDP_RPCH",692,6.007,2026-04-14
"2030","NGDP_RPCH",692,6.017,2026-04-14
"2031","NGDP_RPCH",692,6,2026-04-14
"2025","NGDP_RPCH",694,4.013,2026-04-14
"2026","NGDP_RPCH",694,4.058,2026-04-14
"2027","NGDP_RPCH",694,4.324,2026-04-14
"2028","NGDP_RPCH",694,4.133,2026-04-14
"2029","NGDP_RPCH",694,4.236,2026-04-14
"2030","NGDP_RPCH",694,4.186,2026-04-14
"2031","NGDP_RPCH",694,4.181,2026-04-14
"2025","NGDP_RPCH",698,7.54,2026-04-14
"2026","NGDP_RPCH",698,4.972,2026-04-14
"2027","NGDP_RPCH",698,4.186,2026-04-14
"2028","NGDP_RPCH",698,4.197,2026-04-14
"2029","NGDP_RPCH",698,4.212,2026-04-14
"2030","NGDP_RPCH",698,4.229,2026-04-14
"2031","NGDP_RPCH",698,4.246,2026-04-14
"2025","NGDP_RPCH",714,6.978,2026-04-14
"2026","NGDP_RPCH",714,7.233,2026-04-14
"2027","NGDP_RPCH",714,7.599,2026-04-14
"2028","NGDP_RPCH",714,6.753,2026-04-14
"2029","NGDP_RPCH",714,6.796,2026-04-14
"2030","NGDP_RPCH",714,6.84,2026-04-14
"2031","NGDP_RPCH",714,6.8,2026-04-14
"2025","NGDP_RPCH",716,2.1,2026-04-14
"2026","NGDP_RPCH",716,3.4,2026-04-14
"2027","NGDP_RPCH",716,3.9,2026-04-14
"2028","NGDP_RPCH",716,3.251,2026-04-14
"2029","NGDP_RPCH",716,3.251,2026-04-14
"2030","NGDP_RPCH",716,3.256,2026-04-14
"2031","NGDP_RPCH",716,3.25,2026-04-14
"2025","NGDP_RPCH",718,5.092,2026-04-14
"2026","NGDP_RPCH",718,1.521,2026-04-14
"2027","NGDP_RPCH",718,4.013,2026-04-14
"2028","NGDP_RPCH",718,3.291,2026-04-14
"2029","NGDP_RPCH",718,3.291,2026-04-14
"2030","NGDP_RPCH",718,3.291,2026-04-14
"2031","NGDP_RPCH",718,3.291,2026-04-14
"2025","NGDP_RPCH",722,7.881,2026-04-14
"2026","NGDP_RPCH",722,2.173,2026-04-14
"2027","NGDP_RPCH",722,2.284,2026-04-14
"2028","NGDP_RPCH",722,3.015,2026-04-14
"2029","NGDP_RPCH",722,2.901,2026-04-14
"2030","NGDP_RPCH",722,4.269,2026-04-14
"2031","NGDP_RPCH",722,4.589,2026-04-14
"2025","NGDP_RPCH",724,4.377,2026-04-14
"2026","NGDP_RPCH",724,4.55,2026-04-14
"2027","NGDP_RPCH",724,4.679,2026-04-14
"2028","NGDP_RPCH",724,4.643,2026-04-14
"2029","NGDP_RPCH",724,4.554,2026-04-14
"2030","NGDP_RPCH",724,4.582,2026-04-14
"2031","NGDP_RPCH",724,4.464,2026-04-14
"2025","NGDP_RPCH",726,3,2026-04-14
"2026","NGDP_RPCH",726,2.6,2026-04-14
"2027","NGDP_RPCH",726,3.1,2026-04-14
"2028","NGDP_RPCH",726,3.6,2026-04-14
"2029","NGDP_RPCH",726,4,2026-04-14
"2030","NGDP_RPCH",726,4.1,2026-04-14
"2031","NGDP_RPCH",726,4.2,2026-04-14
"2025","NGDP_RPCH",728,2.44,2026-04-14
"2026","NGDP_RPCH",728,2.396,2026-04-14
"2027","NGDP_RPCH",728,2.744,2026-04-14
"2028","NGDP_RPCH",728,3.033,2026-04-14
"2029","NGDP_RPCH",728,3.144,2026-04-14
"2030","NGDP_RPCH",728,2.997,2026-04-14
"2031","NGDP_RPCH",728,3.007,2026-04-14
"2020","NGDP_RPCH",732,-3.63,2026-04-14
"2021","NGDP_RPCH",732,0.5,2026-04-14
"2022","NGDP_RPCH",732,-2.5,2026-04-14
"2023","NGDP_RPCH",732,-20.755,2026-04-14
"2024","NGDP_RPCH",732,-23.363,2026-04-14
"2025","NGDP_RPCH",732,3.225,2026-04-14
"2026","NGDP_RPCH",732,0.713,2026-04-14
"2027","NGDP_RPCH",732,8.126,2026-04-14
"2028","NGDP_RPCH",732,12.848,2026-04-14
"2029","NGDP_RPCH",732,8.341,2026-04-14
"2030","NGDP_RPCH",732,6.001,2026-04-14
"2031","NGDP_RPCH",732,4.507,2026-04-14
"2025","NGDP_RPCH",733,46.094,2026-04-14
"2026","NGDP_RPCH",733,4.141,2026-04-14
"2027","NGDP_RPCH",733,3.331,2026-04-14
"2028","NGDP_RPCH",733,3.638,2026-04-14
"2029","NGDP_RPCH",733,3.481,2026-04-14
"2030","NGDP_RPCH",733,3.782,2026-04-14
"2031","NGDP_RPCH",733,3.037,2026-04-14
"2025","NGDP_RPCH",734,3.613,2026-04-14
"2026","NGDP_RPCH",734,4.037,2026-04-14
"2027","NGDP_RPCH",734,3.458,2026-04-14
"2028","NGDP_RPCH",734,2.919,2026-04-14
"2029","NGDP_RPCH",734,2.886,2026-04-14
"2030","NGDP_RPCH",734,2.781,2026-04-14
"2031","NGDP_RPCH",734,2.731,2026-04-14
"2024","NGDP_RPCH",738,5.463,2026-04-14
"2025","NGDP_RPCH",738,5.876,2026-04-14
"2026","NGDP_RPCH",738,5.94,2026-04-14
"2027","NGDP_RPCH",738,6.104,2026-04-14
"2028","NGDP_RPCH",738,6.305,2026-04-14
"2029","NGDP_RPCH",738,6.303,2026-04-14
"2030","NGDP_RPCH",738,6.258,2026-04-14
"2031","NGDP_RPCH",738,6.274,2026-04-14
"2024","NGDP_RPCH",742,6.319,2026-04-14
"2025","NGDP_RPCH",742,5.889,2026-04-14
"2026","NGDP_RPCH",742,5,2026-04-14
"2027","NGDP_RPCH",742,5.3,2026-04-14
"2028","NGDP_RPCH",742,5.5,2026-04-14
"2029","NGDP_RPCH",742,5.5,2026-04-14
"2030","NGDP_RPCH",742,5.5,2026-04-14
"2031","NGDP_RPCH",742,5.5,2026-04-14
"2026","NGDP_RPCH",744,2.113,2026-04-14
"2027","NGDP_RPCH",744,1.623,2026-04-14
"2028","NGDP_RPCH",744,1.542,2026-04-14
"2029","NGDP_RPCH",744,1.537,2026-04-14
"2030","NGDP_RPCH",744,1.536,2026-04-14
"2031","NGDP_RPCH",744,1.53,2026-04-14
"2025","NGDP_RPCH",746,6.725,2026-04-14
"2026","NGDP_RPCH",746,7.508,2026-04-14
"2027","NGDP_RPCH",746,8.196,2026-04-14
"2028","NGDP_RPCH",746,7.01,2026-04-14
"2029","NGDP_RPCH",746,6.667,2026-04-14
"2030","NGDP_RPCH",746,6.212,2026-04-14
"2031","NGDP_RPCH",746,5.887,2026-04-14
"2025","NGDP_RPCH",748,4.995,2026-04-14
"2026","NGDP_RPCH",748,4.858,2026-04-14
"2027","NGDP_RPCH",748,4.8,2026-04-14
"2028","NGDP_RPCH",748,4.782,2026-04-14
"2029","NGDP_RPCH",748,4.806,2026-04-14
"2030","NGDP_RPCH",748,4.83,2026-04-14
"2031","NGDP_RPCH",748,4.854,2026-04-14
"2025","NGDP_RPCH",754,3.758,2026-04-14
"2026","NGDP_RPCH",754,4.287,2026-04-14
"2027","NGDP_RPCH",754,4.677,2026-04-14
"2028","NGDP_RPCH",754,5.06,2026-04-14
"2029","NGDP_RPCH",754,5.29,2026-04-14
"2030","NGDP_RPCH",754,5.318,2026-04-14
"2031","NGDP_RPCH",754,5.293,2026-04-14
"2025","NGDP_RPCH",813,2.679,2026-04-14
"2026","NGDP_RPCH",813,2.785,2026-04-14
"2027","NGDP_RPCH",813,2.876,2026-04-14
"2028","NGDP_RPCH",813,2.955,2026-04-14
"2029","NGDP_RPCH",813,2.974,2026-04-14
"2030","NGDP_RPCH",813,3.037,2026-04-14
"2031","NGDP_RPCH",813,2.978,2026-04-14
"2025","NGDP_RPCH",819,3.191,2026-04-14
"2026","NGDP_RPCH",819,2.43,2026-04-14
"2027","NGDP_RPCH",819,2.71,2026-04-14
"2028","NGDP_RPCH",819,2.959,2026-04-14
"2029","NGDP_RPCH",819,3.107,2026-04-14
"2030","NGDP_RPCH",819,3.269,2026-04-14
"2031","NGDP_RPCH",819,3.384,2026-04-14
"2025","NGDP_RPCH",826,4.288,2026-04-14
"2026","NGDP_RPCH",826,3.102,2026-04-14
"2027","NGDP_RPCH",826,2.407,2026-04-14
"2028","NGDP_RPCH",826,2.157,2026-04-14
"2029","NGDP_RPCH",826,2.151,2026-04-14
"2030","NGDP_RPCH",826,2.101,2026-04-14
"2031","NGDP_RPCH",826,2.109,2026-04-14
"2022","NGDP_RPCH",836,0.111,2026-04-14
"2023","NGDP_RPCH",836,-0.265,2026-04-14
"2024","NGDP_RPCH",836,1.415,2026-04-14
"2025","NGDP_RPCH",836,2.213,2026-04-14
"2026","NGDP_RPCH",836,2.13,2026-04-14
"2027","NGDP_RPCH",836,2,2026-04-14
"2028","NGDP_RPCH",836,1.976,2026-04-14
"2029","NGDP_RPCH",836,2,2026-04-14
"2030","NGDP_RPCH",836,1.984,2026-04-14
"2031","NGDP_RPCH",836,2.028,2026-04-14
"2025","NGDP_RPCH",846,3.053,2026-04-14
"2026","NGDP_RPCH",846,3.528,2026-04-14
"2027","NGDP_RPCH",846,3.15,2026-04-14
"2028","NGDP_RPCH",846,2.796,2026-04-14
"2029","NGDP_RPCH",846,2.548,2026-04-14
"2030","NGDP_RPCH",846,2.531,2026-04-14
"2031","NGDP_RPCH",846,2.457,2026-04-14
"2025","NGDP_RPCH",853,5.637,2026-04-14
"2026","NGDP_RPCH",853,3.753,2026-04-14
"2027","NGDP_RPCH",853,3.798,2026-04-14
"2028","NGDP_RPCH",853,3.232,2026-04-14
"2029","NGDP_RPCH",853,3.1,2026-04-14
"2030","NGDP_RPCH",853,3.1,2026-04-14
"2031","NGDP_RPCH",853,3.1,2026-04-14
"2026","NGDP_RPCH",862,3.208,2026-04-14
"2027","NGDP_RPCH",862,2.823,2026-04-14
"2028","NGDP_RPCH",862,2.467,2026-04-14
"2029","NGDP_RPCH",862,2.226,2026-04-14
"2030","NGDP_RPCH",862,2.055,2026-04-14
"2031","NGDP_RPCH",862,1.985,2026-04-14
"2025","NGDP_RPCH",866,2.8,2026-04-14
"2026","NGDP_RPCH",866,2.323,2026-04-14
"2027","NGDP_RPCH",866,1.335,2026-04-14
"2028","NGDP_RPCH",866,1.304,2026-04-14
"2029","NGDP_RPCH",866,1.252,2026-04-14
"2030","NGDP_RPCH",866,1.253,2026-04-14
"2031","NGDP_RPCH",866,1.254,2026-04-14
"2025","NGDP_RPCH",867,2.527,2026-04-14
"2026","NGDP_RPCH",867,3.67,2026-04-14
"2027","NGDP_RPCH",867,1.965,2026-04-14
"2028","NGDP_RPCH",867,1.916,2026-04-14
"2029","NGDP_RPCH",867,1.79,2026-04-14
"2030","NGDP_RPCH",867,1.605,2026-04-14
"2031","NGDP_RPCH",867,1.605,2026-04-14
"2025","NGDP_RPCH",868,1.063,2026-04-14
"2026","NGDP_RPCH",868,0.666,2026-04-14
"2027","NGDP_RPCH",868,1.09,2026-04-14
"2028","NGDP_RPCH",868,1.438,2026-04-14
"2029","NGDP_RPCH",868,1.045,2026-04-14
"2030","NGDP_RPCH",868,0.662,2026-04-14
"2031","NGDP_RPCH",868,0.662,2026-04-14
"2025","NGDP_RPCH",869,2.159,2026-04-14
"2026","NGDP_RPCH",869,2.537,2026-04-14
"2027","NGDP_RPCH",869,2.379,2026-04-14
"2028","NGDP_RPCH",869,2.316,2026-04-14
"2029","NGDP_RPCH",869,2.013,2026-04-14
"2030","NGDP_RPCH",869,1.806,2026-04-14
"2031","NGDP_RPCH",869,1.645,2026-04-14
"2026","NGDP_RPCH",911,5.3,2026-04-14
"2027","NGDP_RPCH",911,5.451,2026-04-14
"2028","NGDP_RPCH",911,4.951,2026-04-14
"2029","NGDP_RPCH",911,4.951,2026-04-14
"2030","NGDP_RPCH",911,4.951,2026-04-14
"2031","NGDP_RPCH",911,4.951,2026-04-14
"2025","NGDP_RPCH",912,1.4,2026-04-14
"2026","NGDP_RPCH",912,2.217,2026-04-14
"2027","NGDP_RPCH",912,2.479,2026-04-14
"2028","NGDP_RPCH",912,2.467,2026-04-14
"2029","NGDP_RPCH",912,2.469,2026-04-14
"2030","NGDP_RPCH",912,2.498,2026-04-14
"2031","NGDP_RPCH",912,2.528,2026-04-14
"2025","NGDP_RPCH",913,1.263,2026-04-14
"2026","NGDP_RPCH",913,1.22,2026-04-14
"2027","NGDP_RPCH",913,0.989,2026-04-14
"2028","NGDP_RPCH",913,1.041,2026-04-14
"2029","NGDP_RPCH",913,0.943,2026-04-14
"2030","NGDP_RPCH",913,0.97,2026-04-14
"2031","NGDP_RPCH",913,0.918,2026-04-14
"2025","NGDP_RPCH",914,3.705,2026-04-14
"2026","NGDP_RPCH",914,3.409,2026-04-14
"2027","NGDP_RPCH",914,3.195,2026-04-14
"2028","NGDP_RPCH",914,3.239,2026-04-14
"2029","NGDP_RPCH",914,3.185,2026-04-14
"2030","NGDP_RPCH",914,3.178,2026-04-14
"2031","NGDP_RPCH",914,3.177,2026-04-14
"2026","NGDP_RPCH",915,5.306,2026-04-14
"2027","NGDP_RPCH",915,5.019,2026-04-14
"2028","NGDP_RPCH",915,4.993,2026-04-14
"2029","NGDP_RPCH",915,4.992,2026-04-14
"2030","NGDP_RPCH",915,5,2026-04-14
"2031","NGDP_RPCH",915,4.994,2026-04-14
"2025","NGDP_RPCH",916,6.485,2026-04-14
"2026","NGDP_RPCH",916,4.609,2026-04-14
"2027","NGDP_RPCH",916,4.4,2026-04-14
"2028","NGDP_RPCH",916,3.309,2026-04-14
"2029","NGDP_RPCH",916,3.596,2026-04-14
"2030","NGDP_RPCH",916,3.598,2026-04-14
"2031","NGDP_RPCH",916,3.613,2026-04-14
"2025","NGDP_RPCH",917,11.096,2026-04-14
"2026","NGDP_RPCH",917,6.075,2026-04-14
"2027","NGDP_RPCH",917,6.076,2026-04-14
"2028","NGDP_RPCH",917,5.672,2026-04-14
"2029","NGDP_RPCH",917,5.371,2026-04-14
"2030","NGDP_RPCH",917,5.291,2026-04-14
"2031","NGDP_RPCH",917,5.191,2026-04-14
"2026","NGDP_RPCH",918,2.773,2026-04-14
"2027","NGDP_RPCH",918,2.476,2026-04-14
"2028","NGDP_RPCH",918,2.758,2026-04-14
"2029","NGDP_RPCH",918,2.638,2026-04-14
"2030","NGDP_RPCH",918,2.64,2026-04-14
"2031","NGDP_RPCH",918,2.637,2026-04-14
"2026","NGDP_RPCH",921,1.9,2026-04-14
"2027","NGDP_RPCH",921,3.2,2026-04-14
"2028","NGDP_RPCH",921,3.65,2026-04-14
"2029","NGDP_RPCH",921,3.6,2026-04-14
"2030","NGDP_RPCH",921,3.55,2026-04-14
"2031","NGDP_RPCH",921,3.5,2026-04-14
"2026","NGDP_RPCH",922,1.091,2026-04-14
"2027","NGDP_RPCH",922,1.088,2026-04-14
"2028","NGDP_RPCH",922,1,2026-04-14
"2029","NGDP_RPCH",922,1,2026-04-14
"2030","NGDP_RPCH",922,1,2026-04-14
"2031","NGDP_RPCH",922,1,2026-04-14
"2024","NGDP_RPCH",923,8.417,2026-04-14
"2025","NGDP_RPCH",923,8.4,2026-04-14
"2026","NGDP_RPCH",923,6,2026-04-14
"2027","NGDP_RPCH",923,4.8,2026-04-14
"2028","NGDP_RPCH",923,4.5,2026-04-14
"2029","NGDP_RPCH",923,4.5,2026-04-14
"2030","NGDP_RPCH",923,4.5,2026-04-14
"2031","NGDP_RPCH",923,4.5,2026-04-14
"2026","NGDP_RPCH",924,4.413,2026-04-14
"2027","NGDP_RPCH",924,4.033,2026-04-14
"2028","NGDP_RPCH",924,4,2026-04-14
"2029","NGDP_RPCH",924,3.665,2026-04-14
"2030","NGDP_RPCH",924,3.348,2026-04-14
"2031","NGDP_RPCH",924,3.291,2026-04-14
"2025","NGDP_RPCH",925,3.576,2026-04-14
"2026","NGDP_RPCH",925,2.6,2026-04-14
"2027","NGDP_RPCH",925,1.999,2026-04-14
"2028","NGDP_RPCH",925,2.304,2026-04-14
"2029","NGDP_RPCH",925,2.298,2026-04-14
"2030","NGDP_RPCH",925,2.297,2026-04-14
"2031","NGDP_RPCH",925,2.305,2026-04-14
"2025","NGDP_RPCH",926,1.8,2026-04-14
"2026","NGDP_RPCH",926,2,2026-04-14
"2027","NGDP_RPCH",926,3.5,2026-04-14
"2028","NGDP_RPCH",926,4.2,2026-04-14
"2029","NGDP_RPCH",926,3.9,2026-04-14
"2030","NGDP_RPCH",926,3.7,2026-04-14
"2031","NGDP_RPCH",926,3.6,2026-04-14
"2025","NGDP_RPCH",927,7.7,2026-04-14
"2026","NGDP_RPCH",927,6.474,2026-04-14
"2027","NGDP_RPCH",927,5.864,2026-04-14
"2028","NGDP_RPCH",927,5.772,2026-04-14
"2029","NGDP_RPCH",927,5.758,2026-04-14
"2030","NGDP_RPCH",927,5.69,2026-04-14
"2031","NGDP_RPCH",927,5.701,2026-04-14
"2026","NGDP_RPCH",935,2.234,2026-04-14
"2027","NGDP_RPCH",935,2.215,2026-04-14
"2028","NGDP_RPCH",935,2.091,2026-04-14
"2029","NGDP_RPCH",935,1.89,2026-04-14
"2030","NGDP_RPCH",935,1.807,2026-04-14
"2031","NGDP_RPCH",935,1.808,2026-04-14
"2026","NGDP_RPCH",936,0.601,2026-04-14
"2027","NGDP_RPCH",936,1.649,2026-04-14
"2028","NGDP_RPCH",936,2.573,2026-04-14
"2029","NGDP_RPCH",936,2.485,2026-04-14
"2030","NGDP_RPCH",936,2.226,2026-04-14
"2031","NGDP_RPCH",936,1.8,2026-04-14
"2026","NGDP_RPCH",939,1.429,2026-04-14
"2027","NGDP_RPCH",939,1.933,2026-04-14
"2028","NGDP_RPCH",939,2.333,2026-04-14
"2029","NGDP_RPCH",939,2.073,2026-04-14
"2030","NGDP_RPCH",939,1.702,2026-04-14
"2031","NGDP_RPCH",939,1.667,2026-04-14
"2026","NGDP_RPCH",941,2.218,2026-04-14
"2027","NGDP_RPCH",941,2.373,2026-04-14
"2028","NGDP_RPCH",941,2.38,2026-04-14
"2029","NGDP_RPCH",941,2.381,2026-04-14
"2030","NGDP_RPCH",941,2.368,2026-04-14
"2031","NGDP_RPCH",941,2.365,2026-04-14
"2026","NGDP_RPCH",942,2.835,2026-04-14
"2027","NGDP_RPCH",942,3.538,2026-04-14
"2028","NGDP_RPCH",942,3.481,2026-04-14
"2029","NGDP_RPCH",942,3.491,2026-04-14
"2030","NGDP_RPCH",942,3.546,2026-04-14
"2031","NGDP_RPCH",942,3.546,2026-04-14
"2026","NGDP_RPCH",943,2.8,2026-04-14
"2027","NGDP_RPCH",943,2.7,2026-04-14
"2028","NGDP_RPCH",943,3.2,2026-04-14
"2029","NGDP_RPCH",943,3.005,2026-04-14
"2030","NGDP_RPCH",943,2.99,2026-04-14
"2031","NGDP_RPCH",943,3,2026-04-14
"2026","NGDP_RPCH",944,1.662,2026-04-14
"2027","NGDP_RPCH",944,2.05,2026-04-14
"2028","NGDP_RPCH",944,2.268,2026-04-14
"2029","NGDP_RPCH",944,2.511,2026-04-14
"2030","NGDP_RPCH",944,2.511,2026-04-14
"2031","NGDP_RPCH",944,2.511,2026-04-14
"2026","NGDP_RPCH",946,2.912,2026-04-14
"2027","NGDP_RPCH",946,2.228,2026-04-14
"2028","NGDP_RPCH",946,2.642,2026-04-14
"2029","NGDP_RPCH",946,2.474,2026-04-14
"2030","NGDP_RPCH",946,2.444,2026-04-14
"2031","NGDP_RPCH",946,2.403,2026-04-14
"2026","NGDP_RPCH",948,5.261,2026-04-14
"2027","NGDP_RPCH",948,5.287,2026-04-14
"2028","NGDP_RPCH",948,5.198,2026-04-14
"2029","NGDP_RPCH",948,5.002,2026-04-14
"2030","NGDP_RPCH",948,5.008,2026-04-14
"2031","NGDP_RPCH",948,5.014,2026-04-14
"2026","NGDP_RPCH",960,2.638,2026-04-14
"2027","NGDP_RPCH",960,2.638,2026-04-14
"2028","NGDP_RPCH",960,2.6,2026-04-14
"2029","NGDP_RPCH",960,2.5,2026-04-14
"2030","NGDP_RPCH",960,2.5,2026-04-14
"2031","NGDP_RPCH",960,2.5,2026-04-14
"2026","NGDP_RPCH",961,2,2026-04-14
"2027","NGDP_RPCH",961,2.1,2026-04-14
"2028","NGDP_RPCH",961,2.2,2026-04-14
"2029","NGDP_RPCH",961,2.1,2026-04-14
"2030","NGDP_RPCH",961,2.1,2026-04-14
"2031","NGDP_RPCH",961,2.1,2026-04-14
"2026","NGDP_RPCH",962,3.1,2026-04-14
"2027","NGDP_RPCH",962,3,2026-04-14
"2028","NGDP_RPCH",962,3,2026-04-14
"2029","NGDP_RPCH",962,3,2026-04-14
"2030","NGDP_RPCH",962,3,2026-04-14
"2031","NGDP_RPCH",962,3,2026-04-14
"2025","NGDP_RPCH",963,2,2026-04-14
"2026","NGDP_RPCH",963,2.2,2026-04-14
"2027","NGDP_RPCH",963,2.7,2026-04-14
"2028","NGDP_RPCH",963,3,2026-04-14
"2029","NGDP_RPCH",963,3,2026-04-14
"2030","NGDP_RPCH",963,3,2026-04-14
"2031","NGDP_RPCH",963,3,2026-04-14
"2026","NGDP_RPCH",964,3.324,2026-04-14
"2027","NGDP_RPCH",964,2.38,2026-04-14
"2028","NGDP_RPCH",964,2.631,2026-04-14
"2029","NGDP_RPCH",964,2.553,2026-04-14
"2030","NGDP_RPCH",964,2.482,2026-04-14
"2031","NGDP_RPCH",964,2.481,2026-04-14
"2026","NGDP_RPCH",967,3.3,2026-04-14
"2027","NGDP_RPCH",967,3.8,2026-04-14
"2028","NGDP_RPCH",967,4,2026-04-14
"2029","NGDP_RPCH",967,4,2026-04-14
"2030","NGDP_RPCH",967,4,2026-04-14
"2031","NGDP_RPCH",967,3.96,2026-04-14
"2026","NGDP_RPCH",968,0.694,2026-04-14
"2027","NGDP_RPCH",968,2.452,2026-04-14
"2028","NGDP_RPCH",968,2.701,2026-04-14
"2029","NGDP_RPCH",968,2.863,2026-04-14
"2030","NGDP_RPCH",968,3.084,2026-04-14
"2031","NGDP_RPCH",968,3.069,2026-04-14
"2026","PCPIPCH",111,3.228,2026-04-14
"2027","PCPIPCH",111,2.141,2026-04-14
"2028","PCPIPCH",111,2.184,2026-04-14
"2029","PCPIPCH",111,2.188,2026-04-14
"2030","PCPIPCH",111,2.19,2026-04-14
"2031","PCPIPCH",111,2.184,2026-04-14
"2026","PCPIPCH",112,3.203,2026-04-14
"2027","PCPIPCH",112,2.418,2026-04-14
"2028","PCPIPCH",112,2,2026-04-14
"2029","PCPIPCH",112,2,2026-04-14
"2030","PCPIPCH",112,2,2026-04-14
"2031","PCPIPCH",112,2,2026-04-14
"2026","PCPIPCH",122,2.451,2026-04-14
"2027","PCPIPCH",122,2.561,2026-04-14
"2028","PCPIPCH",122,2.095,2026-04-14
"2029","PCPIPCH",122,2.093,2026-04-14
"2030","PCPIPCH",122,2.093,2026-04-14
"2031","PCPIPCH",122,2.093,2026-04-14
"2026","PCPIPCH",124,2.844,2026-04-14
"2027","PCPIPCH",124,2.23,2026-04-14
"2028","PCPIPCH",124,2.083,2026-04-14
"2029","PCPIPCH",124,1.963,2026-04-14
"2030","PCPIPCH",124,1.829,2026-04-14
"2031","PCPIPCH",124,1.814,2026-04-14
"2026","PCPIPCH",128,2,2026-04-14
"2027","PCPIPCH",128,2.2,2026-04-14
"2028","PCPIPCH",128,2.223,2026-04-14
"2029","PCPIPCH",128,2,2026-04-14
"2030","PCPIPCH",128,2,2026-04-14
"2031","PCPIPCH",128,2,2026-04-14
"2026","PCPIPCH",132,1.844,2026-04-14
"2027","PCPIPCH",132,1.721,2026-04-14
"2028","PCPIPCH",132,1.855,2026-04-14
"2029","PCPIPCH",132,1.871,2026-04-14
"2030","PCPIPCH",132,1.91,2026-04-14
"2031","PCPIPCH",132,1.814,2026-04-14
"2026","PCPIPCH",134,2.651,2026-04-14
"2027","PCPIPCH",134,2.295,2026-04-14
"2028","PCPIPCH",134,1.965,2026-04-14
"2029","PCPIPCH",134,2.157,2026-04-14
"2030","PCPIPCH",134,2.187,2026-04-14
"2031","PCPIPCH",134,2.097,2026-04-14
"2025","PCPIPCH",135,2.335,2026-04-14
"2026","PCPIPCH",135,2.753,2026-04-14
"2027","PCPIPCH",135,2.6,2026-04-14
"2028","PCPIPCH",135,2,2026-04-14
"2029","PCPIPCH",135,2,2026-04-14
"2030","PCPIPCH",135,2,2026-04-14
"2031","PCPIPCH",135,2,2026-04-14
"2026","PCPIPCH",136,2.637,2026-04-14
"2027","PCPIPCH",136,2.357,2026-04-14
"2028","PCPIPCH",136,2.3,2026-04-14
"2029","PCPIPCH",136,2,2026-04-14
"2030","PCPIPCH",136,2,2026-04-14
"2031","PCPIPCH",136,2,2026-04-14
"2026","PCPIPCH",137,2.061,2026-04-14
"2027","PCPIPCH",137,2.202,2026-04-14
"2028","PCPIPCH",137,2.126,2026-04-14
"2029","PCPIPCH",137,2.035,2026-04-14
"2030","PCPIPCH",137,2.035,2026-04-14
"2031","PCPIPCH",137,2.035,2026-04-14
"2026","PCPIPCH",138,2.711,2026-04-14
"2027","PCPIPCH",138,2.364,2026-04-14
"2028","PCPIPCH",138,2.31,2026-04-14
"2029","PCPIPCH",138,2,2026-04-14
"2030","PCPIPCH",138,2,2026-04-14
"2031","PCPIPCH",138,2,2026-04-14
"2026","PCPIPCH",142,3.3,2026-04-14
"2027","PCPIPCH",142,2.6,2026-04-14
"2028","PCPIPCH",142,2.2,2026-04-14
"2029","PCPIPCH",142,2,2026-04-14
"2030","PCPIPCH",142,2,2026-04-14
"2031","PCPIPCH",142,2,2026-04-14
"2026","PCPIPCH",144,1.458,2026-04-14
"2027","PCPIPCH",144,1.833,2026-04-14
"2028","PCPIPCH",144,2.632,2026-04-14
"2029","PCPIPCH",144,2,2026-04-14
"2030","PCPIPCH",144,2,2026-04-14
"2031","PCPIPCH",144,2,2026-04-14
"2026","PCPIPCH",146,0.475,2026-04-14
"2027","PCPIPCH",146,0.535,2026-04-14
"2028","PCPIPCH",146,0.646,2026-04-14
"2029","PCPIPCH",146,0.742,2026-04-14
"2030","PCPIPCH",146,0.709,2026-04-14
"2031","PCPIPCH",146,0.7,2026-04-14
"2026","PCPIPCH",156,2.537,2026-04-14
"2027","PCPIPCH",156,2.095,2026-04-14
"2028","PCPIPCH",156,1.993,2026-04-14
"2029","PCPIPCH",156,2.032,2026-04-14
"2030","PCPIPCH",156,2.007,2026-04-14
"2031","PCPIPCH",156,1.954,2026-04-14
"2026","PCPIPCH",158,2.243,2026-04-14
"2027","PCPIPCH",158,2.34,2026-04-14
"2028","PCPIPCH",158,1.978,2026-04-14
"2029","PCPIPCH",158,1.979,2026-04-14
"2030","PCPIPCH",158,1.968,2026-04-14
"2031","PCPIPCH",158,1.969,2026-04-14
"2026","PCPIPCH",163,2.635,2026-04-14
"2027","PCPIPCH",163,2.241,2026-04-14
"2028","PCPIPCH",163,2.149,2026-04-14
"2029","PCPIPCH",163,2.047,2026-04-14
"2030","PCPIPCH",163,2.047,2026-04-14
"2031","PCPIPCH",163,2.002,2026-04-14
"2026","PCPIPCH",171,2.967,2026-04-14
"2027","PCPIPCH",171,2.257,2026-04-14
"2028","PCPIPCH",171,2,2026-04-14
"2029","PCPIPCH",171,2,2026-04-14
"2030","PCPIPCH",171,2,2026-04-14
"2031","PCPIPCH",171,2,2026-04-14
"2026","PCPIPCH",172,2.506,2026-04-14
"2027","PCPIPCH",172,2.204,2026-04-14
"2028","PCPIPCH",172,2,2026-04-14
"2029","PCPIPCH",172,2,2026-04-14
"2030","PCPIPCH",172,2,2026-04-14
"2031","PCPIPCH",172,2,2026-04-14
"2026","PCPIPCH",174,3.467,2026-04-14
"2027","PCPIPCH",174,2.723,2026-04-14
"2028","PCPIPCH",174,2.465,2026-04-14
"2029","PCPIPCH",174,2.1,2026-04-14
"2030","PCPIPCH",174,2.1,2026-04-14
"2031","PCPIPCH",174,2.1,2026-04-14
"2026","PCPIPCH",176,4.75,2026-04-14
"2027","PCPIPCH",176,2.817,2026-04-14
"2028","PCPIPCH",176,2.513,2026-04-14
"2029","PCPIPCH",176,2.5,2026-04-14
"2030","PCPIPCH",176,2.5,2026-04-14
"2031","PCPIPCH",176,2.5,2026-04-14
"2026","PCPIPCH",178,3.134,2026-04-14
"2027","PCPIPCH",178,2.357,2026-04-14
"2028","PCPIPCH",178,1.868,2026-04-14
"2029","PCPIPCH",178,2.035,2026-04-14
"2030","PCPIPCH",178,2.035,2026-04-14
"2031","PCPIPCH",178,2.035,2026-04-14
"2026","PCPIPCH",181,2.495,2026-04-14
"2027","PCPIPCH",181,2.383,2026-04-14
"2028","PCPIPCH",181,1.968,2026-04-14
"2029","PCPIPCH",181,2.008,2026-04-14
"2030","PCPIPCH",181,1.974,2026-04-14
"2031","PCPIPCH",181,1.975,2026-04-14
"2026","PCPIPCH",182,3.112,2026-04-14
"2027","PCPIPCH",182,2.275,2026-04-14
"2028","PCPIPCH",182,2.396,2026-04-14
"2029","PCPIPCH",182,2.2,2026-04-14
"2030","PCPIPCH",182,1.982,2026-04-14
"2031","PCPIPCH",182,1.983,2026-04-14
"2026","PCPIPCH",184,3.043,2026-04-14
"2027","PCPIPCH",184,2.259,2026-04-14
"2028","PCPIPCH",184,2.5,2026-04-14
"2029","PCPIPCH",184,2,2026-04-14
"2030","PCPIPCH",184,2,2026-04-14
"2031","PCPIPCH",184,2,2026-04-14
"2026","PCPIPCH",186,28.566,2026-04-14
"2027","PCPIPCH",186,21.357,2026-04-14
"2028","PCPIPCH",186,16.986,2026-04-14
"2029","PCPIPCH",186,15.004,2026-04-14
"2030","PCPIPCH",186,15.004,2026-04-14
"2031","PCPIPCH",186,15.004,2026-04-14
"2026","PCPIPCH",193,4.019,2026-04-14
"2027","PCPIPCH",193,3.154,2026-04-14
"2028","PCPIPCH",193,2.584,2026-04-14
"2029","PCPIPCH",193,2.526,2026-04-14
"2030","PCPIPCH",193,2.498,2026-04-14
"2031","PCPIPCH",193,2.429,2026-04-14
"2026","PCPIPCH",196,3.124,2026-04-14
"2027","PCPIPCH",196,2.265,2026-04-14
"2028","PCPIPCH",196,2.116,2026-04-14
"2029","PCPIPCH",196,2.015,2026-04-14
"2030","PCPIPCH",196,2.015,2026-04-14
"2031","PCPIPCH",196,2.015,2026-04-14
"2026","PCPIPCH",199,3.928,2026-04-14
"2027","PCPIPCH",199,3.401,2026-04-14
"2028","PCPIPCH",199,3.001,2026-04-14
"2029","PCPIPCH",199,3,2026-04-14
"2030","PCPIPCH",199,3,2026-04-14
"2031","PCPIPCH",199,3,2026-04-14
"2026","PCPIPCH",213,30.36,2026-04-14
"2027","PCPIPCH",213,15.667,2026-04-14
"2028","PCPIPCH",213,9.554,2026-04-14
"2029","PCPIPCH",213,7.5,2026-04-14
"2030","PCPIPCH",213,7.5,2026-04-14
"2031","PCPIPCH",213,7.5,2026-04-14
"2026","PCPIPCH",218,20.692,2026-04-14
"2026","PCPIPCH",223,3.997,2026-04-14
"2027","PCPIPCH",223,3.353,2026-04-14
"2028","PCPIPCH",223,2.996,2026-04-14
"2029","PCPIPCH",223,2.989,2026-04-14
"2030","PCPIPCH",223,3,2026-04-14
"2031","PCPIPCH",223,2.995,2026-04-14
"2026","PCPIPCH",228,2.905,2026-04-14
"2027","PCPIPCH",228,3.329,2026-04-14
"2028","PCPIPCH",228,3,2026-04-14
"2029","PCPIPCH",228,3,2026-04-14
"2030","PCPIPCH",228,3,2026-04-14
"2031","PCPIPCH",228,3,2026-04-14
"2026","PCPIPCH",233,5.908,2026-04-14
"2027","PCPIPCH",233,5.198,2026-04-14
"2028","PCPIPCH",233,3.378,2026-04-14
"2029","PCPIPCH",233,3.018,2026-04-14
"2030","PCPIPCH",233,2.988,2026-04-14
"2031","PCPIPCH",233,2.988,2026-04-14
"2026","PCPIPCH",238,-0.44,2026-04-14
"2027","PCPIPCH",238,2.047,2026-04-14
"2028","PCPIPCH",238,2.3,2026-04-14
"2029","PCPIPCH",238,2.5,2026-04-14
"2030","PCPIPCH",238,3,2026-04-14
"2031","PCPIPCH",238,3,2026-04-14
"2026","PCPIPCH",243,5.071,2026-04-14
"2027","PCPIPCH",243,4.473,2026-04-14
"2028","PCPIPCH",243,4.022,2026-04-14
"2029","PCPIPCH",243,3.973,2026-04-14
"2030","PCPIPCH",243,4.021,2026-04-14
"2031","PCPIPCH",243,4.034,2026-04-14
"2026","PCPIPCH",248,2.882,2026-04-14
"2027","PCPIPCH",248,1.61,2026-04-14
"2028","PCPIPCH",248,1.5,2026-04-14
"2029","PCPIPCH",248,1.5,2026-04-14
"2030","PCPIPCH",248,1.5,2026-04-14
"2031","PCPIPCH",248,1.5,2026-04-14
"2026","PCPIPCH",253,2.5,2026-04-14
"2027","PCPIPCH",253,2,2026-04-14
"2028","PCPIPCH",253,1.8,2026-04-14
"2029","PCPIPCH",253,1.8,2026-04-14
"2030","PCPIPCH",253,1.8,2026-04-14
"2031","PCPIPCH",253,1.8,2026-04-14
"2026","PCPIPCH",258,2.571,2026-04-14
"2027","PCPIPCH",258,4.049,2026-04-14
"2028","PCPIPCH",258,3.639,2026-04-14
"2029","PCPIPCH",258,3.85,2026-04-14
"2030","PCPIPCH",258,4.006,2026-04-14
"2031","PCPIPCH",258,4.001,2026-04-14
"2026","PCPIPCH",263,23.507,2026-04-14
"2027","PCPIPCH",263,19.714,2026-04-14
"2028","PCPIPCH",263,12.909,2026-04-14
"2029","PCPIPCH",263,9.437,2026-04-14
"2030","PCPIPCH",263,7.982,2026-04-14
"2031","PCPIPCH",263,7.982,2026-04-14
"2026","PCPIPCH",268,4.396,2026-04-14
"2027","PCPIPCH",268,4.494,2026-04-14
"2028","PCPIPCH",268,4,2026-04-14
"2029","PCPIPCH",268,4,2026-04-14
"2030","PCPIPCH",268,4,2026-04-14
"2031","PCPIPCH",268,4,2026-04-14
"2026","PCPIPCH",273,3.898,2026-04-14
"2027","PCPIPCH",273,3.421,2026-04-14
"2028","PCPIPCH",273,3,2026-04-14
"2029","PCPIPCH",273,3,2026-04-14
"2030","PCPIPCH",273,3,2026-04-14
"2031","PCPIPCH",273,3,2026-04-14
"2026","PCPIPCH",278,3.5,2026-04-14
"2027","PCPIPCH",278,3,2026-04-14
"2028","PCPIPCH",278,3,2026-04-14
"2029","PCPIPCH",278,3,2026-04-14
"2030","PCPIPCH",278,3,2026-04-14
"2031","PCPIPCH",278,3,2026-04-14
"2026","PCPIPCH",283,1.441,2026-04-14
"2027","PCPIPCH",283,2,2026-04-14
"2028","PCPIPCH",283,2,2026-04-14
"2029","PCPIPCH",283,2,2026-04-14
"2030","PCPIPCH",283,2,2026-04-14
"2031","PCPIPCH",283,2,2026-04-14
"2026","PCPIPCH",288,3.284,2026-04-14
"2027","PCPIPCH",288,3.475,2026-04-14
"2028","PCPIPCH",288,3.5,2026-04-14
"2029","PCPIPCH",288,3.5,2026-04-14
"2030","PCPIPCH",288,3.5,2026-04-14
"2031","PCPIPCH",288,3.5,2026-04-14
"2026","PCPIPCH",293,2.545,2026-04-14
"2027","PCPIPCH",293,1.768,2026-04-14
"2028","PCPIPCH",293,1.964,2026-04-14
"2029","PCPIPCH",293,1.956,2026-04-14
"2030","PCPIPCH",293,2.018,2026-04-14
"2031","PCPIPCH",293,2.018,2026-04-14
"2026","PCPIPCH",298,3.965,2026-04-14
"2027","PCPIPCH",298,4.493,2026-04-14
"2028","PCPIPCH",298,4.482,2026-04-14
"2029","PCPIPCH",298,4.5,2026-04-14
"2030","PCPIPCH",298,4.513,2026-04-14
"2031","PCPIPCH",298,4.516,2026-04-14
"2026","PCPIPCH",299,387.397,2026-04-14
"2027","PCPIPCH",299,94.372,2026-04-14
"2026","PCPIPCH",311,2.603,2026-04-14
"2027","PCPIPCH",311,2.057,2026-04-14
"2028","PCPIPCH",311,1.958,2026-04-14
"2029","PCPIPCH",311,1.958,2026-04-14
"2030","PCPIPCH",311,1.958,2026-04-14
"2031","PCPIPCH",311,1.958,2026-04-14
"2025","PCPIPCH",313,0.62,2026-04-14
"2026","PCPIPCH",313,1.589,2026-04-14
"2027","PCPIPCH",313,1.885,2026-04-14
"2028","PCPIPCH",313,1.987,2026-04-14
"2029","PCPIPCH",313,2.029,2026-04-14
"2030","PCPIPCH",313,2.009,2026-04-14
"2031","PCPIPCH",313,1.974,2026-04-14
"2026","PCPIPCH",314,1.193,2026-04-14
"2027","PCPIPCH",314,2,2026-04-14
"2028","PCPIPCH",314,2,2026-04-14
"2029","PCPIPCH",314,2,2026-04-14
"2030","PCPIPCH",314,2,2026-04-14
"2031","PCPIPCH",314,2,2026-04-14
"2026","PCPIPCH",316,2.254,2026-04-14
"2027","PCPIPCH",316,2.174,2026-04-14
"2028","PCPIPCH",316,2.198,2026-04-14
"2029","PCPIPCH",316,2.364,2026-04-14
"2030","PCPIPCH",316,2.369,2026-04-14
"2031","PCPIPCH",316,2.405,2026-04-14
"2026","PCPIPCH",321,3,2026-04-14
"2027","PCPIPCH",321,2.3,2026-04-14
"2028","PCPIPCH",321,2.2,2026-04-14
"2029","PCPIPCH",321,2.2,2026-04-14
"2030","PCPIPCH",321,2.2,2026-04-14
"2031","PCPIPCH",321,2.2,2026-04-14
"2025","PCPIPCH",328,0.617,2026-04-14
"2026","PCPIPCH",328,1.332,2026-04-14
"2027","PCPIPCH",328,1.6,2026-04-14
"2028","PCPIPCH",328,2,2026-04-14
"2029","PCPIPCH",328,2,2026-04-14
"2030","PCPIPCH",328,2,2026-04-14
"2031","PCPIPCH",328,2,2026-04-14
"2026","PCPIPCH",336,4.07,2026-04-14
"2027","PCPIPCH",336,5.145,2026-04-14
"2028","PCPIPCH",336,5.214,2026-04-14
"2029","PCPIPCH",336,5.408,2026-04-14
"2030","PCPIPCH",336,5.529,2026-04-14
"2031","PCPIPCH",336,5.529,2026-04-14
"2026","PCPIPCH",339,1.47,2026-04-14
"2027","PCPIPCH",339,1.549,2026-04-14
"2028","PCPIPCH",339,1.26,2026-04-14
"2029","PCPIPCH",339,1.26,2026-04-14
"2030","PCPIPCH",339,1.26,2026-04-14
"2031","PCPIPCH",339,1.26,2026-04-14
"2026","PCPIPCH",343,6.091,2026-04-14
"2027","PCPIPCH",343,5.537,2026-04-14
"2028","PCPIPCH",343,5.016,2026-04-14
"2029","PCPIPCH",343,5,2026-04-14
"2030","PCPIPCH",343,5,2026-04-14
"2031","PCPIPCH",343,5,2026-04-14
"2025","PCPIPCH",359,1.354,2026-04-14
"2026","PCPIPCH",359,2.068,2026-04-14
"2027","PCPIPCH",359,2.385,2026-04-14
"2028","PCPIPCH",359,2.384,2026-04-14
"2029","PCPIPCH",359,2.165,2026-04-14
"2030","PCPIPCH",359,2.072,2026-04-14
"2031","PCPIPCH",359,2.073,2026-04-14
"2025","PCPIPCH",361,1.31,2026-04-14
"2026","PCPIPCH",361,2.209,2026-04-14
"2027","PCPIPCH",361,2.126,2026-04-14
"2028","PCPIPCH",361,2.01,2026-04-14
"2029","PCPIPCH",361,2.044,2026-04-14
"2030","PCPIPCH",361,2.044,2026-04-14
"2031","PCPIPCH",361,2.044,2026-04-14
"2025","PCPIPCH",362,2.027,2026-04-14
"2026","PCPIPCH",362,2.5,2026-04-14
"2027","PCPIPCH",362,2.415,2026-04-14
"2028","PCPIPCH",362,2.222,2026-04-14
"2029","PCPIPCH",362,2.131,2026-04-14
"2030","PCPIPCH",362,2.061,2026-04-14
"2031","PCPIPCH",362,2.017,2026-04-14
"2026","PCPIPCH",364,0.924,2026-04-14
"2027","PCPIPCH",364,1.998,2026-04-14
"2028","PCPIPCH",364,1.989,2026-04-14
"2029","PCPIPCH",364,1.989,2026-04-14
"2030","PCPIPCH",364,1.989,2026-04-14
"2031","PCPIPCH",364,1.989,2026-04-14
"2026","PCPIPCH",366,11.809,2026-04-14
"2027","PCPIPCH",366,10.574,2026-04-14
"2028","PCPIPCH",366,5.793,2026-04-14
"2029","PCPIPCH",366,5,2026-04-14
"2030","PCPIPCH",366,5,2026-04-14
"2031","PCPIPCH",366,5,2026-04-14
"2026","PCPIPCH",369,1.775,2026-04-14
"2027","PCPIPCH",369,2.76,2026-04-14
"2028","PCPIPCH",369,2.227,2026-04-14
"2029","PCPIPCH",369,2.088,2026-04-14
"2030","PCPIPCH",369,2.041,2026-04-14
"2031","PCPIPCH",369,1.99,2026-04-14
"2026","PCPIPCH",419,2.4,2026-04-14
"2027","PCPIPCH",419,1.2,2026-04-14
"2028","PCPIPCH",419,1.6,2026-04-14
"2029","PCPIPCH",419,1.8,2026-04-14
"2030","PCPIPCH",419,2,2026-04-14
"2031","PCPIPCH",419,2,2026-04-14
"2026","PCPIPCH",423,2.591,2026-04-14
"2027","PCPIPCH",423,1.623,2026-04-14
"2028","PCPIPCH",423,2,2026-04-14
"2029","PCPIPCH",423,2,2026-04-14
"2030","PCPIPCH",423,2,2026-04-14
"2031","PCPIPCH",423,2,2026-04-14
"2026","PCPIPCH",429,68.915,2026-04-14
"2027","PCPIPCH",429,39.598,2026-04-14
"2028","PCPIPCH",429,33.75,2026-04-14
"2029","PCPIPCH",429,28.75,2026-04-14
"2030","PCPIPCH",429,25,2026-04-14
"2031","PCPIPCH",429,25,2026-04-14
"2026","PCPIPCH",433,3,2026-04-14
"2027","PCPIPCH",433,3.269,2026-04-14
"2028","PCPIPCH",433,3.28,2026-04-14
"2029","PCPIPCH",433,3.578,2026-04-14
"2030","PCPIPCH",433,4.23,2026-04-14
"2031","PCPIPCH",433,4.816,2026-04-14
"2026","PCPIPCH",436,2.288,2026-04-14
"2027","PCPIPCH",436,2.055,2026-04-14
"2028","PCPIPCH",436,1.972,2026-04-14
"2029","PCPIPCH",436,2.018,2026-04-14
"2030","PCPIPCH",436,2.018,2026-04-14
"2031","PCPIPCH",436,2.018,2026-04-14
"2026","PCPIPCH",439,2.251,2026-04-14
"2027","PCPIPCH",439,2.17,2026-04-14
"2028","PCPIPCH",439,2.186,2026-04-14
"2029","PCPIPCH",439,2.195,2026-04-14
"2030","PCPIPCH",439,2.203,2026-04-14
"2031","PCPIPCH",439,2.203,2026-04-14
"2026","PCPIPCH",443,2.754,2026-04-14
"2027","PCPIPCH",443,2.494,2026-04-14
"2028","PCPIPCH",443,2.175,2026-04-14
"2029","PCPIPCH",443,1.888,2026-04-14
"2030","PCPIPCH",443,1.74,2026-04-14
"2031","PCPIPCH",443,1.631,2026-04-14
"2026","PCPIPCH",449,1.7,2026-04-14
"2027","PCPIPCH",449,1.9,2026-04-14
"2028","PCPIPCH",449,2,2026-04-14
"2029","PCPIPCH",449,2,2026-04-14
"2030","PCPIPCH",449,2,2026-04-14
"2031","PCPIPCH",449,2,2026-04-14
"2024","PCPIPCH",453,1.216,2026-04-14
"2025","PCPIPCH",453,0.555,2026-04-14
"2026","PCPIPCH",453,3.875,2026-04-14
"2027","PCPIPCH",453,2.477,2026-04-14
"2028","PCPIPCH",453,2.048,2026-04-14
"2029","PCPIPCH",453,1.98,2026-04-14
"2030","PCPIPCH",453,1.972,2026-04-14
"2031","PCPIPCH",453,1.967,2026-04-14
"2026","PCPIPCH",456,2.32,2026-04-14
"2027","PCPIPCH",456,2.114,2026-04-14
"2028","PCPIPCH",456,2,2026-04-14
"2029","PCPIPCH",456,2,2026-04-14
"2030","PCPIPCH",456,2,2026-04-14
"2031","PCPIPCH",456,2,2026-04-14
"2025","PCPIPCH",466,1.279,2026-04-14
"2026","PCPIPCH",466,2.5,2026-04-14
"2027","PCPIPCH",466,2,2026-04-14
"2028","PCPIPCH",466,2,2026-04-14
"2029","PCPIPCH",466,2,2026-04-14
"2030","PCPIPCH",466,2,2026-04-14
"2031","PCPIPCH",466,2,2026-04-14
"2026","PCPIPCH",469,13.161,2026-04-14
"2027","PCPIPCH",469,11.108,2026-04-14
"2028","PCPIPCH",469,8.119,2026-04-14
"2029","PCPIPCH",469,6.203,2026-04-14
"2030","PCPIPCH",469,5.363,2026-04-14
"2031","PCPIPCH",469,5.324,2026-04-14
"2026","PCPIPCH",474,26.5,2026-04-14
"2027","PCPIPCH",474,18.749,2026-04-14
"2028","PCPIPCH",474,16.765,2026-04-14
"2029","PCPIPCH",474,14.029,2026-04-14
"2030","PCPIPCH",474,12.683,2026-04-14
"2031","PCPIPCH",474,10.099,2026-04-14
"2026","PCPIPCH",513,9.173,2026-04-14
"2027","PCPIPCH",513,5.97,2026-04-14
"2028","PCPIPCH",513,4.971,2026-04-14
"2029","PCPIPCH",513,5.327,2026-04-14
"2030","PCPIPCH",513,5.472,2026-04-14
"2031","PCPIPCH",513,5.5,2026-04-14
"2026","PCPIPCH",514,3.959,2026-04-14
"2027","PCPIPCH",514,4.25,2026-04-14
"2028","PCPIPCH",514,4,2026-04-14
"2029","PCPIPCH",514,4,2026-04-14
"2030","PCPIPCH",514,4,2026-04-14
"2031","PCPIPCH",514,4,2026-04-14
"2026","PCPIPCH",516,1.6,2026-04-14
"2027","PCPIPCH",516,1.1,2026-04-14
"2028","PCPIPCH",516,1,2026-04-14
"2029","PCPIPCH",516,1,2026-04-14
"2030","PCPIPCH",516,1,2026-04-14
"2031","PCPIPCH",516,1,2026-04-14
"2025","PCPIPCH",518,22,2026-04-14
"2026","PCPIPCH",518,19,2026-04-14
"2027","PCPIPCH",518,16,2026-04-14
"2028","PCPIPCH",518,10,2026-04-14
"2029","PCPIPCH",518,7.8,2026-04-14
"2030","PCPIPCH",518,7.8,2026-04-14
"2031","PCPIPCH",518,7.8,2026-04-14
"2026","PCPIPCH",522,2.982,2026-04-14
"2027","PCPIPCH",522,1.939,2026-04-14
"2028","PCPIPCH",522,2.5,2026-04-14
"2029","PCPIPCH",522,2.9,2026-04-14
"2030","PCPIPCH",522,3,2026-04-14
"2031","PCPIPCH",522,3,2026-04-14
"2026","PCPIPCH",528,1.527,2026-04-14
"2027","PCPIPCH",528,1.574,2026-04-14
"2028","PCPIPCH",528,1.568,2026-04-14
"2029","PCPIPCH",528,1.575,2026-04-14
"2030","PCPIPCH",528,1.563,2026-04-14
"2031","PCPIPCH",528,1.507,2026-04-14
"2026","PCPIPCH",532,2.1,2026-04-14
"2027","PCPIPCH",532,1.8,2026-04-14
"2028","PCPIPCH",532,2.1,2026-04-14
"2029","PCPIPCH",532,2.2,2026-04-14
"2030","PCPIPCH",532,2.38,2026-04-14
"2031","PCPIPCH",532,2.48,2026-04-14
"2026","PCPIPCH",534,4.715,2026-04-14
"2027","PCPIPCH",534,4,2026-04-14
"2028","PCPIPCH",534,4,2026-04-14
"2029","PCPIPCH",534,4,2026-04-14
"2030","PCPIPCH",534,4,2026-04-14
"2031","PCPIPCH",534,4,2026-04-14
"2026","PCPIPCH",536,2.987,2026-04-14
"2027","PCPIPCH",536,2.578,2026-04-14
"2028","PCPIPCH",536,2.517,2026-04-14
"2029","PCPIPCH",536,2.517,2026-04-14
"2030","PCPIPCH",536,2.517,2026-04-14
"2031","PCPIPCH",536,2.517,2026-04-14
"2026","PCPIPCH",537,2.112,2026-04-14
"2027","PCPIPCH",537,1.989,2026-04-14
"2028","PCPIPCH",537,2,2026-04-14
"2029","PCPIPCH",537,2,2026-04-14
"2030","PCPIPCH",537,2,2026-04-14
"2031","PCPIPCH",537,2,2026-04-14
"2026","PCPIPCH",542,2.496,2026-04-14
"2027","PCPIPCH",542,1.867,2026-04-14
"2028","PCPIPCH",542,2,2026-04-14
"2029","PCPIPCH",542,2,2026-04-14
"2030","PCPIPCH",542,2,2026-04-14
"2031","PCPIPCH",542,2,2026-04-14
"2026","PCPIPCH",544,9.648,2026-04-14
"2027","PCPIPCH",544,8.485,2026-04-14
"2028","PCPIPCH",544,8.01,2026-04-14
"2029","PCPIPCH",544,8.143,2026-04-14
"2030","PCPIPCH",544,8.697,2026-04-14
"2031","PCPIPCH",544,8.998,2026-04-14
"2026","PCPIPCH",546,1.786,2026-04-14
"2027","PCPIPCH",546,1.924,2026-04-14
"2028","PCPIPCH",546,2.066,2026-04-14
"2029","PCPIPCH",546,2.127,2026-04-14
"2030","PCPIPCH",546,2.177,2026-04-14
"2031","PCPIPCH",546,2.2,2026-04-14
"2026","PCPIPCH",548,1.894,2026-04-14
"2027","PCPIPCH",548,2.01,2026-04-14
"2028","PCPIPCH",548,1.994,2026-04-14
"2029","PCPIPCH",548,1.994,2026-04-14
"2030","PCPIPCH",548,1.994,2026-04-14
"2031","PCPIPCH",548,1.994,2026-04-14
"2026","PCPIPCH",556,2.957,2026-04-14
"2027","PCPIPCH",556,2,2026-04-14
"2028","PCPIPCH",556,2,2026-04-14
"2029","PCPIPCH",556,2,2026-04-14
"2030","PCPIPCH",556,2,2026-04-14
"2031","PCPIPCH",556,2.3,2026-04-14
"2026","PCPIPCH",558,3.144,2026-04-14
"2027","PCPIPCH",558,5.029,2026-04-14
"2028","PCPIPCH",558,5,2026-04-14
"2029","PCPIPCH",558,5,2026-04-14
"2030","PCPIPCH",558,5,2026-04-14
"2031","PCPIPCH",558,5,2026-04-14
"2026","PCPIPCH",564,7.154,2026-04-14
"2027","PCPIPCH",564,8.355,2026-04-14
"2028","PCPIPCH",564,6.553,2026-04-14
"2029","PCPIPCH",564,6.466,2026-04-14
"2030","PCPIPCH",564,6.466,2026-04-14
"2031","PCPIPCH",564,6.466,2026-04-14
"2026","PCPIPCH",565,5.861,2026-04-14
"2027","PCPIPCH",565,2.645,2026-04-14
"2028","PCPIPCH",565,2.113,2026-04-14
"2029","PCPIPCH",565,2.14,2026-04-14
"2030","PCPIPCH",565,2.1,2026-04-14
"2031","PCPIPCH",565,2.1,2026-04-14
"2026","PCPIPCH",566,4.273,2026-04-14
"2027","PCPIPCH",566,3.243,2026-04-14
"2028","PCPIPCH",566,3.044,2026-04-14
"2029","PCPIPCH",566,3,2026-04-14
"2030","PCPIPCH",566,3,2026-04-14
"2031","PCPIPCH",566,3,2026-04-14
"2026","PCPIPCH",576,2.3,2026-04-14
"2027","PCPIPCH",576,1.871,2026-04-14
"2028","PCPIPCH",576,1.971,2026-04-14
"2029","PCPIPCH",576,1.971,2026-04-14
"2030","PCPIPCH",576,1.971,2026-04-14
"2031","PCPIPCH",576,1.971,2026-04-14
"2026","PCPIPCH",578,0.916,2026-04-14
"2027","PCPIPCH",578,1.006,2026-04-14
"2028","PCPIPCH",578,1.2,2026-04-14
"2029","PCPIPCH",578,1.4,2026-04-14
"2030","PCPIPCH",578,1.5,2026-04-14
"2031","PCPIPCH",578,1.8,2026-04-14
"2026","PCPIPCH",582,4.861,2026-04-14
"2027","PCPIPCH",582,4.559,2026-04-14
"2028","PCPIPCH",582,3.663,2026-04-14
"2029","PCPIPCH",582,3.6,2026-04-14
"2030","PCPIPCH",582,3.6,2026-04-14
"2031","PCPIPCH",582,3.6,2026-04-14
"2026","PCPIPCH",611,1.453,2026-04-14
"2027","PCPIPCH",611,1.241,2026-04-14
"2028","PCPIPCH",611,0.943,2026-04-14
"2029","PCPIPCH",611,0.934,2026-04-14
"2030","PCPIPCH",611,0.925,2026-04-14
"2031","PCPIPCH",611,0.917,2026-04-14
"2025","PCPIPCH",612,1.39,2026-04-14
"2026","PCPIPCH",612,2.925,2026-04-14
"2027","PCPIPCH",612,3.016,2026-04-14
"2028","PCPIPCH",612,2.955,2026-04-14
"2029","PCPIPCH",612,3.334,2026-04-14
"2030","PCPIPCH",612,3.311,2026-04-14
"2031","PCPIPCH",612,3.252,2026-04-14
"2026","PCPIPCH",614,12.897,2026-04-14
"2027","PCPIPCH",614,12.79,2026-04-14
"2028","PCPIPCH",614,10.294,2026-04-14
"2029","PCPIPCH",614,10.034,2026-04-14
"2030","PCPIPCH",614,9.926,2026-04-14
"2031","PCPIPCH",614,9.766,2026-04-14
"2026","PCPIPCH",616,5.085,2026-04-14
"2027","PCPIPCH",616,5.7,2026-04-14
"2028","PCPIPCH",616,4.8,2026-04-14
"2029","PCPIPCH",616,4.5,2026-04-14
"2030","PCPIPCH",616,4.5,2026-04-14
"2031","PCPIPCH",616,4.5,2026-04-14
"2026","PCPIPCH",618,14.493,2026-04-14
"2027","PCPIPCH",618,15.335,2026-04-14
"2028","PCPIPCH",618,13.498,2026-04-14
"2029","PCPIPCH",618,12.794,2026-04-14
"2030","PCPIPCH",618,10.655,2026-04-14
"2031","PCPIPCH",618,9.831,2026-04-14
"2026","PCPIPCH",622,3.508,2026-04-14
"2027","PCPIPCH",622,3.188,2026-04-14
"2028","PCPIPCH",622,2.977,2026-04-14
"2029","PCPIPCH",622,2.908,2026-04-14
"2030","PCPIPCH",622,2.86,2026-04-14
"2031","PCPIPCH",622,2.827,2026-04-14
"2025","PCPIPCH",624,2.344,2026-04-14
"2026","PCPIPCH",624,2.2,2026-04-14
"2027","PCPIPCH",624,2.1,2026-04-14
"2028","PCPIPCH",624,2,2026-04-14
"2029","PCPIPCH",624,2,2026-04-14
"2030","PCPIPCH",624,2,2026-04-14
"2031","PCPIPCH",624,2,2026-04-14
"2026","PCPIPCH",626,1.478,2026-04-14
"2027","PCPIPCH",626,2.546,2026-04-14
"2028","PCPIPCH",626,2.643,2026-04-14
"2029","PCPIPCH",626,3.015,2026-04-14
"2030","PCPIPCH",626,3,2026-04-14
"2031","PCPIPCH",626,3,2026-04-14
"2025","PCPIPCH",628,-2.574,2026-04-14
"2026","PCPIPCH",628,0.506,2026-04-14
"2027","PCPIPCH",628,3.941,2026-04-14
"2028","PCPIPCH",628,2.742,2026-04-14
"2029","PCPIPCH",628,3.008,2026-04-14
"2030","PCPIPCH",628,2.976,2026-04-14
"2031","PCPIPCH",628,2.98,2026-04-14
"2025","PCPIPCH",632,3.227,2026-04-14
"2026","PCPIPCH",632,3.73,2026-04-14
"2027","PCPIPCH",632,2.504,2026-04-14
"2028","PCPIPCH",632,2.504,2026-04-14
"2029","PCPIPCH",632,2.504,2026-04-14
"2030","PCPIPCH",632,2.504,2026-04-14
"2031","PCPIPCH",632,2.504,2026-04-14
"2026","PCPIPCH",634,2.8,2026-04-14
"2027","PCPIPCH",634,3,2026-04-14
"2028","PCPIPCH",634,3,2026-04-14
"2029","PCPIPCH",634,3,2026-04-14
"2030","PCPIPCH",634,3,2026-04-14
"2031","PCPIPCH",634,3,2026-04-14
"2026","PCPIPCH",636,3.251,2026-04-14
"2027","PCPIPCH",636,6.382,2026-04-14
"2028","PCPIPCH",636,7.001,2026-04-14
"2029","PCPIPCH",636,6.952,2026-04-14
"2030","PCPIPCH",636,6.952,2026-04-14
"2031","PCPIPCH",636,6.952,2026-04-14
"2026","PCPIPCH",638,2,2026-04-14
"2027","PCPIPCH",638,2,2026-04-14
"2028","PCPIPCH",638,2,2026-04-14
"2029","PCPIPCH",638,2,2026-04-14
"2030","PCPIPCH",638,2,2026-04-14
"2031","PCPIPCH",638,2,2026-04-14
"2025","PCPIPCH",642,2.753,2026-04-14
"2026","PCPIPCH",642,3.159,2026-04-14
"2027","PCPIPCH",642,2.875,2026-04-14
"2028","PCPIPCH",642,2.576,2026-04-14
"2029","PCPIPCH",642,2.5,2026-04-14
"2030","PCPIPCH",642,2.5,2026-04-14
"2031","PCPIPCH",642,2.5,2026-04-14
"2026","PCPIPCH",644,11.777,2026-04-14
"2027","PCPIPCH",644,10.704,2026-04-14
"2028","PCPIPCH",644,8.255,2026-04-14
"2029","PCPIPCH",644,7.462,2026-04-14
"2030","PCPIPCH",644,7.462,2026-04-14
"2031","PCPIPCH",644,7.462,2026-04-14
"2025","PCPIPCH",646,1.985,2026-04-14
"2026","PCPIPCH",646,2.459,2026-04-14
"2027","PCPIPCH",646,2.416,2026-04-14
"2028","PCPIPCH",646,2.271,2026-04-14
"2029","PCPIPCH",646,2.272,2026-04-14
"2030","PCPIPCH",646,2.275,2026-04-14
"2031","PCPIPCH",646,2.28,2026-04-14
"2025","PCPIPCH",648,7.853,2026-04-14
"2026","PCPIPCH",648,5.802,2026-04-14
"2027","PCPIPCH",648,5,2026-04-14
"2028","PCPIPCH",648,5,2026-04-14
"2029","PCPIPCH",648,5,2026-04-14
"2030","PCPIPCH",648,5,2026-04-14
"2031","PCPIPCH",648,5,2026-04-14
"2025","PCPIPCH",652,14.195,2026-04-14
"2026","PCPIPCH",652,5.781,2026-04-14
"2027","PCPIPCH",652,7.765,2026-04-14
"2028","PCPIPCH",652,8,2026-04-14
"2029","PCPIPCH",652,8,2026-04-14
"2030","PCPIPCH",652,8,2026-04-14
"2031","PCPIPCH",652,8,2026-04-14
"2025","PCPIPCH",654,0.864,2026-04-14
"2026","PCPIPCH",654,2.5,2026-04-14
"2027","PCPIPCH",654,2.1,2026-04-14
"2028","PCPIPCH",654,2.1,2026-04-14
"2029","PCPIPCH",654,2.1,2026-04-14
"2030","PCPIPCH",654,2.1,2026-04-14
"2031","PCPIPCH",654,2.1,2026-04-14
"2026","PCPIPCH",656,4.133,2026-04-14
"2027","PCPIPCH",656,5.639,2026-04-14
"2028","PCPIPCH",656,4.586,2026-04-14
"2029","PCPIPCH",656,4.012,2026-04-14
"2030","PCPIPCH",656,3.999,2026-04-14
"2031","PCPIPCH",656,4,2026-04-14
"2025","PCPIPCH",662,0.125,2026-04-14
"2026","PCPIPCH",662,1.8,2026-04-14
"2027","PCPIPCH",662,2,2026-04-14
"2028","PCPIPCH",662,2,2026-04-14
"2029","PCPIPCH",662,2,2026-04-14
"2030","PCPIPCH",662,2,2026-04-14
"2031","PCPIPCH",662,2,2026-04-14
"2026","PCPIPCH",664,5.949,2026-04-14
"2027","PCPIPCH",664,5.892,2026-04-14
"2028","PCPIPCH",664,5.7,2026-04-14
"2029","PCPIPCH",664,5.724,2026-04-14
"2030","PCPIPCH",664,5.25,2026-04-14
"2031","PCPIPCH",664,5,2026-04-14
"2026","PCPIPCH",666,4.248,2026-04-14
"2027","PCPIPCH",666,3.916,2026-04-14
"2028","PCPIPCH",666,4,2026-04-14
"2029","PCPIPCH",666,4,2026-04-14
"2030","PCPIPCH",666,4,2026-04-14
"2031","PCPIPCH",666,4,2026-04-14
"2026","PCPIPCH",668,5.665,2026-04-14
"2027","PCPIPCH",668,6.211,2026-04-14
"2028","PCPIPCH",668,5.445,2026-04-14
"2029","PCPIPCH",668,5.07,2026-04-14
"2030","PCPIPCH",668,4.946,2026-04-14
"2031","PCPIPCH",668,4.964,2026-04-14
"2026","PCPIPCH",672,10.53,2026-04-14
"2027","PCPIPCH",672,10.2,2026-04-14
"2028","PCPIPCH",672,10.2,2026-04-14
"2029","PCPIPCH",672,10.2,2026-04-14
"2030","PCPIPCH",672,10.2,2026-04-14
"2031","PCPIPCH",672,10.2,2026-04-14
"2026","PCPIPCH",674,8.258,2026-04-14
"2027","PCPIPCH",674,7.029,2026-04-14
"2028","PCPIPCH",674,6,2026-04-14
"2029","PCPIPCH",674,6,2026-04-14
"2030","PCPIPCH",674,6,2026-04-14
"2031","PCPIPCH",674,5,2026-04-14
"2026","PCPIPCH",676,24.391,2026-04-14
"2027","PCPIPCH",676,22.048,2026-04-14
"2028","PCPIPCH",676,20.933,2026-04-14
"2029","PCPIPCH",676,18.627,2026-04-14
"2030","PCPIPCH",676,17.606,2026-04-14
"2031","PCPIPCH",676,16.371,2026-04-14
"2025","PCPIPCH",678,2.3,2026-04-14
"2026","PCPIPCH",678,2.2,2026-04-14
"2027","PCPIPCH",678,2,2026-04-14
"2028","PCPIPCH",678,2,2026-04-14
"2029","PCPIPCH",678,2,2026-04-14
"2030","PCPIPCH",678,2,2026-04-14
"2031","PCPIPCH",678,2,2026-04-14
"2026","PCPIPCH",682,4.129,2026-04-14
"2027","PCPIPCH",682,4.1,2026-04-14
"2028","PCPIPCH",682,4,2026-04-14
"2029","PCPIPCH",682,4,2026-04-14
"2030","PCPIPCH",682,4,2026-04-14
"2031","PCPIPCH",682,4,2026-04-14
"2026","PCPIPCH",684,3.701,2026-04-14
"2027","PCPIPCH",684,3.815,2026-04-14
"2028","PCPIPCH",684,3.584,2026-04-14
"2029","PCPIPCH",684,3.511,2026-04-14
"2030","PCPIPCH",684,3.485,2026-04-14
"2031","PCPIPCH",684,3.476,2026-04-14
"2025","PCPIPCH",686,0.758,2026-04-14
"2026","PCPIPCH",686,1.311,2026-04-14
"2027","PCPIPCH",686,1.647,2026-04-14
"2028","PCPIPCH",686,1.965,2026-04-14
"2029","PCPIPCH",686,2.039,2026-04-14
"2030","PCPIPCH",686,2.016,2026-04-14
"2031","PCPIPCH",686,1.983,2026-04-14
"2025","PCPIPCH",688,4.368,2026-04-14
"2026","PCPIPCH",688,4.367,2026-04-14
"2027","PCPIPCH",688,5.25,2026-04-14
"2028","PCPIPCH",688,5,2026-04-14
"2029","PCPIPCH",688,5,2026-04-14
"2030","PCPIPCH",688,5,2026-04-14
"2031","PCPIPCH",688,5,2026-04-14
"2026","PCPIPCH",692,0.437,2026-04-14
"2027","PCPIPCH",692,2,2026-04-14
"2028","PCPIPCH",692,2,2026-04-14
"2029","PCPIPCH",692,2,2026-04-14
"2030","PCPIPCH",692,2,2026-04-14
"2031","PCPIPCH",692,2,2026-04-14
"2026","PCPIPCH",694,16.049,2026-04-14
"2027","PCPIPCH",694,15.854,2026-04-14
"2028","PCPIPCH",694,12.75,2026-04-14
"2029","PCPIPCH",694,10,2026-04-14
"2030","PCPIPCH",694,10,2026-04-14
"2031","PCPIPCH",694,10,2026-04-14
"2026","PCPIPCH",698,7.975,2026-04-14
"2027","PCPIPCH",698,7.984,2026-04-14
"2028","PCPIPCH",698,8.034,2026-04-14
"2029","PCPIPCH",698,8.034,2026-04-14
"2030","PCPIPCH",698,8.034,2026-04-14
"2031","PCPIPCH",698,8.034,2026-04-14
"2026","PCPIPCH",714,5.6,2026-04-14
"2027","PCPIPCH",714,5,2026-04-14
"2028","PCPIPCH",714,5,2026-04-14
"2029","PCPIPCH",714,5,2026-04-14
"2030","PCPIPCH",714,5,2026-04-14
"2031","PCPIPCH",714,5,2026-04-14
"2026","PCPIPCH",716,9.557,2026-04-14
"2027","PCPIPCH",716,7.85,2026-04-14
"2028","PCPIPCH",716,5.95,2026-04-14
"2029","PCPIPCH",716,5,2026-04-14
"2030","PCPIPCH",716,5,2026-04-14
"2031","PCPIPCH",716,5,2026-04-14
"2026","PCPIPCH",718,2.567,2026-04-14
"2027","PCPIPCH",718,1.735,2026-04-14
"2028","PCPIPCH",718,2.057,2026-04-14
"2029","PCPIPCH",718,2.366,2026-04-14
"2030","PCPIPCH",718,2.503,2026-04-14
"2031","PCPIPCH",718,2.502,2026-04-14
"2025","PCPIPCH",722,1.441,2026-04-14
"2026","PCPIPCH",722,2.457,2026-04-14
"2027","PCPIPCH",722,2.243,2026-04-14
"2028","PCPIPCH",722,2,2026-04-14
"2029","PCPIPCH",722,2,2026-04-14
"2030","PCPIPCH",722,2,2026-04-14
"2031","PCPIPCH",722,2,2026-04-14
"2025","PCPIPCH",724,7.606,2026-04-14
"2026","PCPIPCH",724,7.549,2026-04-14
"2027","PCPIPCH",724,9,2026-04-14
"2028","PCPIPCH",724,9,2026-04-14
"2029","PCPIPCH",724,9,2026-04-14
"2030","PCPIPCH",724,9,2026-04-14
"2031","PCPIPCH",724,9,2026-04-14
"2025","PCPIPCH",726,3.7,2026-04-14
"2026","PCPIPCH",726,5.9,2026-04-14
"2027","PCPIPCH",726,4.5,2026-04-14
"2028","PCPIPCH",726,4,2026-04-14
"2029","PCPIPCH",726,3.8,2026-04-14
"2030","PCPIPCH",726,3.5,2026-04-14
"2031","PCPIPCH",726,3.2,2026-04-14
"2026","PCPIPCH",728,3.928,2026-04-14
"2027","PCPIPCH",728,3.401,2026-04-14
"2028","PCPIPCH",728,3.001,2026-04-14
"2029","PCPIPCH",728,3,2026-04-14
"2030","PCPIPCH",728,3,2026-04-14
"2031","PCPIPCH",728,3,2026-04-14
"2026","PCPIPCH",732,75.083,2026-04-14
"2027","PCPIPCH",732,44.606,2026-04-14
"2028","PCPIPCH",732,27.576,2026-04-14
"2029","PCPIPCH",732,16.415,2026-04-14
"2030","PCPIPCH",732,13.778,2026-04-14
"2031","PCPIPCH",732,12.487,2026-04-14
"2025","PCPIPCH",733,97.616,2026-04-14
"2026","PCPIPCH",733,14.021,2026-04-14
"2027","PCPIPCH",733,9.981,2026-04-14
"2028","PCPIPCH",733,5.761,2026-04-14
"2029","PCPIPCH",733,5.885,2026-04-14
"2030","PCPIPCH",733,4.764,2026-04-14
"2031","PCPIPCH",733,4.549,2026-04-14
"2026","PCPIPCH",734,3.5,2026-04-14
"2027","PCPIPCH",734,3.8,2026-04-14
"2028","PCPIPCH",734,3.4,2026-04-14
"2029","PCPIPCH",734,3.2,2026-04-14
"2030","PCPIPCH",734,3,2026-04-14
"2031","PCPIPCH",734,3,2026-04-14
"2024","PCPIPCH",738,3.057,2026-04-14
"2025","PCPIPCH",738,3.327,2026-04-14
"2026","PCPIPCH",738,4.007,2026-04-14
"2027","PCPIPCH",738,4.274,2026-04-14
"2028","PCPIPCH",738,4.043,2026-04-14
"2029","PCPIPCH",738,4.01,2026-04-14
"2030","PCPIPCH",738,4.01,2026-04-14
"2031","PCPIPCH",738,4.01,2026-04-14
"2026","PCPIPCH",742,2.8,2026-04-14
"2027","PCPIPCH",742,2.3,2026-04-14
"2028","PCPIPCH",742,2,2026-04-14
"2029","PCPIPCH",742,2,2026-04-14
"2030","PCPIPCH",742,2,2026-04-14
"2031","PCPIPCH",742,2,2026-04-14
"2026","PCPIPCH",744,6.46,2026-04-14
"2027","PCPIPCH",744,7.153,2026-04-14
"2028","PCPIPCH",744,8.103,2026-04-14
"2029","PCPIPCH",744,8.4,2026-04-14
"2030","PCPIPCH",744,9.012,2026-04-14
"2031","PCPIPCH",744,9.6,2026-04-14
"2026","PCPIPCH",746,3.989,2026-04-14
"2027","PCPIPCH",746,4.869,2026-04-14
"2028","PCPIPCH",746,4.849,2026-04-14
"2029","PCPIPCH",746,5,2026-04-14
"2030","PCPIPCH",746,5,2026-04-14
"2031","PCPIPCH",746,5,2026-04-14
"2025","PCPIPCH",748,-0.55,2026-04-14
"2026","PCPIPCH",748,1.531,2026-04-14
"2027","PCPIPCH",748,2.061,2026-04-14
"2028","PCPIPCH",748,2.031,2026-04-14
"2029","PCPIPCH",748,2,2026-04-14
"2030","PCPIPCH",748,2,2026-04-14
"2031","PCPIPCH",748,2,2026-04-14
"2026","PCPIPCH",754,9,2026-04-14
"2027","PCPIPCH",754,8,2026-04-14
"2028","PCPIPCH",754,7,2026-04-14
"2029","PCPIPCH",754,7,2026-04-14
"2030","PCPIPCH",754,7,2026-04-14
"2031","PCPIPCH",754,7,2026-04-14
"2026","PCPIPCH",813,3.221,2026-04-14
"2027","PCPIPCH",813,2.5,2026-04-14
"2028","PCPIPCH",813,2.5,2026-04-14
"2029","PCPIPCH",813,2.625,2026-04-14
"2030","PCPIPCH",813,2.875,2026-04-14
"2031","PCPIPCH",813,3,2026-04-14
"2026","PCPIPCH",819,2.2,2026-04-14
"2027","PCPIPCH",819,3,2026-04-14
"2028","PCPIPCH",819,2.5,2026-04-14
"2029","PCPIPCH",819,2.5,2026-04-14
"2030","PCPIPCH",819,2.5,2026-04-14
"2031","PCPIPCH",819,2.5,2026-04-14
"2026","PCPIPCH",826,4.5,2026-04-14
"2027","PCPIPCH",826,3.1,2026-04-14
"2028","PCPIPCH",826,2.5,2026-04-14
"2029","PCPIPCH",826,2,2026-04-14
"2030","PCPIPCH",826,2,2026-04-14
"2031","PCPIPCH",826,1.8,2026-04-14
"2025","PCPIPCH",836,6.126,2026-04-14
"2026","PCPIPCH",836,5.46,2026-04-14
"2027","PCPIPCH",836,4.157,2026-04-14
"2028","PCPIPCH",836,3.44,2026-04-14
"2029","PCPIPCH",836,2.707,2026-04-14
"2030","PCPIPCH",836,2.459,2026-04-14
"2031","PCPIPCH",836,2.5,2026-04-14
"2025","PCPIPCH",846,1.687,2026-04-14
"2026","PCPIPCH",846,4.117,2026-04-14
"2027","PCPIPCH",846,3.36,2026-04-14
"2028","PCPIPCH",846,2.298,2026-04-14
"2029","PCPIPCH",846,2.253,2026-04-14
"2030","PCPIPCH",846,2.253,2026-04-14
"2031","PCPIPCH",846,2.253,2026-04-14
"2026","PCPIPCH",853,5,2026-04-14
"2027","PCPIPCH",853,4.4,2026-04-14
"2028","PCPIPCH",853,4.5,2026-04-14
"2029","PCPIPCH",853,4.5,2026-04-14
"2030","PCPIPCH",853,4.5,2026-04-14
"2031","PCPIPCH",853,4.5,2026-04-14
"2026","PCPIPCH",862,2.5,2026-04-14
"2027","PCPIPCH",862,3.2,2026-04-14
"2028","PCPIPCH",862,3,2026-04-14
"2029","PCPIPCH",862,3,2026-04-14
"2030","PCPIPCH",862,3,2026-04-14
"2031","PCPIPCH",862,3,2026-04-14
"2026","PCPIPCH",866,3.8,2026-04-14
"2027","PCPIPCH",866,6.2,2026-04-14
"2028","PCPIPCH",866,3.591,2026-04-14
"2029","PCPIPCH",866,3.643,2026-04-14
"2030","PCPIPCH",866,3.571,2026-04-14
"2031","PCPIPCH",866,3.626,2026-04-14
"2025","PCPIPCH",867,5.47,2026-04-14
"2026","PCPIPCH",867,7.403,2026-04-14
"2027","PCPIPCH",867,5.48,2026-04-14
"2028","PCPIPCH",867,2.434,2026-04-14
"2029","PCPIPCH",867,2.422,2026-04-14
"2030","PCPIPCH",867,2.422,2026-04-14
"2031","PCPIPCH",867,2.422,2026-04-14
"2025","PCPIPCH",868,3.201,2026-04-14
"2026","PCPIPCH",868,3.195,2026-04-14
"2027","PCPIPCH",868,4.032,2026-04-14
"2028","PCPIPCH",868,1.674,2026-04-14
"2029","PCPIPCH",868,2,2026-04-14
"2030","PCPIPCH",868,2,2026-04-14
"2031","PCPIPCH",868,2,2026-04-14
"2025","PCPIPCH",869,1.986,2026-04-14
"2026","PCPIPCH",869,3.075,2026-04-14
"2027","PCPIPCH",869,2.691,2026-04-14
"2028","PCPIPCH",869,2.53,2026-04-14
"2029","PCPIPCH",869,2.474,2026-04-14
"2030","PCPIPCH",869,2.452,2026-04-14
"2031","PCPIPCH",869,2.466,2026-04-14
"2026","PCPIPCH",911,3.62,2026-04-14
"2027","PCPIPCH",911,3.413,2026-04-14
"2028","PCPIPCH",911,3.34,2026-04-14
"2029","PCPIPCH",911,2.999,2026-04-14
"2030","PCPIPCH",911,2.974,2026-04-14
"2031","PCPIPCH",911,3.027,2026-04-14
"2026","PCPIPCH",912,6,2026-04-14
"2027","PCPIPCH",912,5.1,2026-04-14
"2028","PCPIPCH",912,4.1,2026-04-14
"2029","PCPIPCH",912,4,2026-04-14
"2030","PCPIPCH",912,4,2026-04-14
"2031","PCPIPCH",912,4,2026-04-14
"2025","PCPIPCH",913,6.581,2026-04-14
"2026","PCPIPCH",913,6.391,2026-04-14
"2027","PCPIPCH",913,6.167,2026-04-14
"2028","PCPIPCH",913,5.72,2026-04-14
"2029","PCPIPCH",913,5.127,2026-04-14
"2030","PCPIPCH",913,5.029,2026-04-14
"2031","PCPIPCH",913,4.978,2026-04-14
"2026","PCPIPCH",914,3.376,2026-04-14
"2027","PCPIPCH",914,3.117,2026-04-14
"2028","PCPIPCH",914,2.974,2026-04-14
"2029","PCPIPCH",914,2.999,2026-04-14
"2030","PCPIPCH",914,2.999,2026-04-14
"2031","PCPIPCH",914,3.007,2026-04-14
"2026","PCPIPCH",915,4.378,2026-04-14
"2027","PCPIPCH",915,3.048,2026-04-14
"2028","PCPIPCH",915,3,2026-04-14
"2029","PCPIPCH",915,3,2026-04-14
"2030","PCPIPCH",915,3,2026-04-14
"2031","PCPIPCH",915,3,2026-04-14
"2025","PCPIPCH",916,11.379,2026-04-14
"2026","PCPIPCH",916,10.689,2026-04-14
"2027","PCPIPCH",916,10.053,2026-04-14
"2028","PCPIPCH",916,8.783,2026-04-14
"2029","PCPIPCH",916,7.6,2026-04-14
"2030","PCPIPCH",916,5.849,2026-04-14
"2031","PCPIPCH",916,5,2026-04-14
"2025","PCPIPCH",917,8.212,2026-04-14
"2026","PCPIPCH",917,10.55,2026-04-14
"2027","PCPIPCH",917,9.952,2026-04-14
"2028","PCPIPCH",917,8.94,2026-04-14
"2029","PCPIPCH",917,7.942,2026-04-14
"2030","PCPIPCH",917,6.981,2026-04-14
"2031","PCPIPCH",917,6.549,2026-04-14
"2026","PCPIPCH",918,3.765,2026-04-14
"2027","PCPIPCH",918,3.714,2026-04-14
"2028","PCPIPCH",918,3.446,2026-04-14
"2029","PCPIPCH",918,2.546,2026-04-14
"2030","PCPIPCH",918,2.407,2026-04-14
"2031","PCPIPCH",918,2.246,2026-04-14
"2026","PCPIPCH",921,6.408,2026-04-14
"2027","PCPIPCH",921,5.463,2026-04-14
"2028","PCPIPCH",921,4.961,2026-04-14
"2029","PCPIPCH",921,5,2026-04-14
"2030","PCPIPCH",921,5,2026-04-14
"2031","PCPIPCH",921,5,2026-04-14
"2026","PCPIPCH",922,5.62,2026-04-14
"2027","PCPIPCH",922,4.278,2026-04-14
"2028","PCPIPCH",922,4,2026-04-14
"2029","PCPIPCH",922,4,2026-04-14
"2030","PCPIPCH",922,4,2026-04-14
"2031","PCPIPCH",922,4,2026-04-14
"2024","PCPIPCH",923,3.486,2026-04-14
"2025","PCPIPCH",923,3.379,2026-04-14
"2026","PCPIPCH",923,4,2026-04-14
"2027","PCPIPCH",923,4.75,2026-04-14
"2028","PCPIPCH",923,5,2026-04-14
"2029","PCPIPCH",923,5,2026-04-14
"2030","PCPIPCH",923,5,2026-04-14
"2031","PCPIPCH",923,5,2026-04-14
"2026","PCPIPCH",924,1.216,2026-04-14
"2027","PCPIPCH",924,1.514,2026-04-14
"2028","PCPIPCH",924,1.805,2026-04-14
"2029","PCPIPCH",924,1.902,2026-04-14
"2030","PCPIPCH",924,1.997,2026-04-14
"2031","PCPIPCH",924,1.992,2026-04-14
"2025","PCPIPCH",925,2.669,2026-04-14
"2026","PCPIPCH",925,3.855,2026-04-14
"2027","PCPIPCH",925,4.75,2026-04-14
"2028","PCPIPCH",925,5,2026-04-14
"2029","PCPIPCH",925,5,2026-04-14
"2030","PCPIPCH",925,5,2026-04-14
"2031","PCPIPCH",925,5,2026-04-14
"2026","PCPIPCH",926,6.066,2026-04-14
"2027","PCPIPCH",926,7.657,2026-04-14
"2028","PCPIPCH",926,5.699,2026-04-14
"2029","PCPIPCH",926,5.181,2026-04-14
"2030","PCPIPCH",926,5,2026-04-14
"2031","PCPIPCH",926,4.998,2026-04-14
"2026","PCPIPCH",927,7.019,2026-04-14
"2027","PCPIPCH",927,5.57,2026-04-14
"2028","PCPIPCH",927,4.99,2026-04-14
"2029","PCPIPCH",927,5.027,2026-04-14
"2030","PCPIPCH",927,5.022,2026-04-14
"2031","PCPIPCH",927,5,2026-04-14
"2026","PCPIPCH",935,2.438,2026-04-14
"2027","PCPIPCH",935,2.224,2026-04-14
"2028","PCPIPCH",935,2.468,2026-04-14
"2029","PCPIPCH",935,2,2026-04-14
"2030","PCPIPCH",935,2,2026-04-14
"2031","PCPIPCH",935,2,2026-04-14
"2026","PCPIPCH",936,4.159,2026-04-14
"2027","PCPIPCH",936,3.273,2026-04-14
"2028","PCPIPCH",936,2.945,2026-04-14
"2029","PCPIPCH",936,2.365,2026-04-14
"2030","PCPIPCH",936,2,2026-04-14
"2031","PCPIPCH",936,1.975,2026-04-14
"2026","PCPIPCH",939,3.8,2026-04-14
"2027","PCPIPCH",939,3.035,2026-04-14
"2028","PCPIPCH",939,2.8,2026-04-14
"2029","PCPIPCH",939,2.349,2026-04-14
"2030","PCPIPCH",939,2.349,2026-04-14
"2031","PCPIPCH",939,2.349,2026-04-14
"2026","PCPIPCH",941,2.992,2026-04-14
"2027","PCPIPCH",941,2.722,2026-04-14
"2028","PCPIPCH",941,2.856,2026-04-14
"2029","PCPIPCH",941,2.211,2026-04-14
"2030","PCPIPCH",941,2.162,2026-04-14
"2031","PCPIPCH",941,2.2,2026-04-14
"2026","PCPIPCH",942,5.212,2026-04-14
"2027","PCPIPCH",942,4.865,2026-04-14
"2028","PCPIPCH",942,2.98,2026-04-14
"2029","PCPIPCH",942,2.97,2026-04-14
"2030","PCPIPCH",942,2.97,2026-04-14
"2031","PCPIPCH",942,2.97,2026-04-14
"2026","PCPIPCH",943,3.235,2026-04-14
"2027","PCPIPCH",943,2.856,2026-04-14
"2028","PCPIPCH",943,2.25,2026-04-14
"2029","PCPIPCH",943,2.208,2026-04-14
"2030","PCPIPCH",943,2.218,2026-04-14
"2031","PCPIPCH",943,2.218,2026-04-14
"2026","PCPIPCH",944,3.753,2026-04-14
"2027","PCPIPCH",944,3.467,2026-04-14
"2028","PCPIPCH",944,3.065,2026-04-14
"2029","PCPIPCH",944,2.983,2026-04-14
"2030","PCPIPCH",944,2.996,2026-04-14
"2031","PCPIPCH",944,3.009,2026-04-14
"2026","PCPIPCH",946,3.966,2026-04-14
"2027","PCPIPCH",946,2.667,2026-04-14
"2028","PCPIPCH",946,2.682,2026-04-14
"2029","PCPIPCH",946,2.487,2026-04-14
"2030","PCPIPCH",946,2.495,2026-04-14
"2031","PCPIPCH",946,2.495,2026-04-14
"2026","PCPIPCH",948,7.406,2026-04-14
"2027","PCPIPCH",948,7.15,2026-04-14
"2028","PCPIPCH",948,6.9,2026-04-14
"2029","PCPIPCH",948,6.65,2026-04-14
"2030","PCPIPCH",948,6.4,2026-04-14
"2031","PCPIPCH",948,6.25,2026-04-14
"2026","PCPIPCH",960,4.361,2026-04-14
"2027","PCPIPCH",960,2.732,2026-04-14
"2028","PCPIPCH",960,2.502,2026-04-14
"2029","PCPIPCH",960,2.532,2026-04-14
"2030","PCPIPCH",960,2.523,2026-04-14
"2031","PCPIPCH",960,2.48,2026-04-14
"2026","PCPIPCH",961,2.944,2026-04-14
"2027","PCPIPCH",961,2.086,2026-04-14
"2028","PCPIPCH",961,2.282,2026-04-14
"2029","PCPIPCH",961,2.096,2026-04-14
"2030","PCPIPCH",961,2.096,2026-04-14
"2031","PCPIPCH",961,2.096,2026-04-14
"2026","PCPIPCH",962,4.5,2026-04-14
"2027","PCPIPCH",962,4.1,2026-04-14
"2028","PCPIPCH",962,3.2,2026-04-14
"2029","PCPIPCH",962,2.5,2026-04-14
"2030","PCPIPCH",962,2.2,2026-04-14
"2031","PCPIPCH",962,2,2026-04-14
"2026","PCPIPCH",963,4.541,2026-04-14
"2027","PCPIPCH",963,2.882,2026-04-14
"2028","PCPIPCH",963,2.041,2026-04-14
"2029","PCPIPCH",963,2.047,2026-04-14
"2030","PCPIPCH",963,2.022,2026-04-14
"2031","PCPIPCH",963,1.984,2026-04-14
"2026","PCPIPCH",964,3.346,2026-04-14
"2027","PCPIPCH",964,3.284,2026-04-14
"2028","PCPIPCH",964,3.85,2026-04-14
"2029","PCPIPCH",964,2.7,2026-04-14
"2030","PCPIPCH",964,2.5,2026-04-14
"2031","PCPIPCH",964,2.5,2026-04-14
"2026","PCPIPCH",967,5.921,2026-04-14
"2027","PCPIPCH",967,3.64,2026-04-14
"2028","PCPIPCH",967,2.17,2026-04-14
"2029","PCPIPCH",967,2,2026-04-14
"2030","PCPIPCH",967,2,2026-04-14
"2031","PCPIPCH",967,2,2026-04-14
"2026","PCPIPCH",968,7.752,2026-04-14
"2027","PCPIPCH",968,3.857,2026-04-14
"2028","PCPIPCH",968,4.295,2026-04-14
"2029","PCPIPCH",968,2.994,2026-04-14
"2030","PCPIPCH",968,2.797,2026-04-14
"2031","PCPIPCH",968,2.537,2026-04-14
