"year","ctry","variable","pubdate","value"
"2008",193,"LUR",2008-06-04,4.2
"2009",193,"LUR",2008-06-04,4.7
"2008",122,"LUR",2008-06-04,4.8
"2009",122,"LUR",2008-06-04,4.8
"2008",124,"LUR",2008-06-04,7
"2009",124,"LUR",2008-06-04,7.2
"2008",156,"LUR",2008-06-04,6.1
"2009",156,"LUR",2008-06-04,6.3
"2008",935,"LUR",2008-06-04,4.6
"2009",935,"LUR",2008-06-04,4.4
"2008",128,"LUR",2008-06-04,3.3
"2009",128,"LUR",2008-06-04,3.7
"2008",172,"LUR",2008-06-04,6.3
"2009",172,"LUR",2008-06-04,6
"2008",132,"LUR",2008-06-04,7.5
"2009",132,"LUR",2008-06-04,7.6
"2008",134,"LUR",2008-06-04,7.4
"2009",134,"LUR",2008-06-04,7.4
"2008",174,"LUR",2008-06-04,7.7
"2009",174,"LUR",2008-06-04,7.7
"2008",944,"LUR",2008-06-04,7.7
"2009",944,"LUR",2008-06-04,7.6
"2008",176,"LUR",2008-06-04,3.4
"2009",176,"LUR",2008-06-04,5.7
"2008",178,"LUR",2008-06-04,5.7
"2009",178,"LUR",2008-06-04,6.5
"2008",136,"LUR",2008-06-04,6.2
"2009",136,"LUR",2008-06-04,6.5
"2008",158,"LUR",2008-06-04,3.8
"2009",158,"LUR",2008-06-04,3.8
"2008",542,"LUR",2008-06-04,3.1
"2009",542,"LUR",2008-06-04,3.1
"2008",137,"LUR",2008-06-04,4.5
"2009",137,"LUR",2008-06-04,4.9
"2008",273,"LUR",2008-06-04,3.7
"2009",273,"LUR",2008-06-04,3.6
"2008",138,"LUR",2008-06-04,2.6
"2009",138,"LUR",2008-06-04,2.7
"2008",196,"LUR",2008-06-04,3.8
"2009",196,"LUR",2008-06-04,3.8
"2008",142,"LUR",2008-06-04,2.5
"2009",142,"LUR",2008-06-04,2.8
"2008",964,"LUR",2008-06-04,7.8
"2009",964,"LUR",2008-06-04,6.9
"2008",182,"LUR",2008-06-04,7.9
"2009",182,"LUR",2008-06-04,7.9
"2008",936,"LUR",2008-06-04,10.3
"2009",936,"LUR",2008-06-04,9.6
"2008",184,"LUR",2008-06-04,9.7
"2009",184,"LUR",2008-06-04,10.7
"2008",144,"LUR",2008-06-04,4.3
"2009",144,"LUR",2008-06-04,4.4
"2008",146,"LUR",2008-06-04,3.6
"2009",146,"LUR",2008-06-04,3.8
"2008",186,"LUR",2008-06-04,10.2
"2009",186,"LUR",2008-06-04,10.5
"2008",112,"LUR",2008-06-04,5.5
"2009",112,"LUR",2008-06-04,5.8
"2008",111,"LUR",2008-06-04,5.4
"2009",111,"LUR",2008-06-04,6.1
"2008",163,"LUR",2008-06-04,7.2
"2009",163,"LUR",2008-06-04,7.4
"2008",193,"NGDP_RPCH",2008-06-04,2.9
"2009",193,"NGDP_RPCH",2008-06-04,2.7
"2008",122,"NGDP_RPCH",2008-06-04,2.3
"2009",122,"NGDP_RPCH",2008-06-04,1.7
"2008",124,"NGDP_RPCH",2008-06-04,1.7
"2009",124,"NGDP_RPCH",2008-06-04,1.7
"2008",156,"NGDP_RPCH",2008-06-04,1.2
"2009",156,"NGDP_RPCH",2008-06-04,2
"2008",935,"NGDP_RPCH",2008-06-04,4.5
"2009",935,"NGDP_RPCH",2008-06-04,4.8
"2008",128,"NGDP_RPCH",2008-06-04,1.2
"2009",128,"NGDP_RPCH",2008-06-04,0.6
"2008",172,"NGDP_RPCH",2008-06-04,2.8
"2009",172,"NGDP_RPCH",2008-06-04,2.3
"2008",132,"NGDP_RPCH",2008-06-04,1.8
"2009",132,"NGDP_RPCH",2008-06-04,1.5
"2008",134,"NGDP_RPCH",2008-06-04,1.9
"2009",134,"NGDP_RPCH",2008-06-04,1.1
"2008",174,"NGDP_RPCH",2008-06-04,3.5
"2009",174,"NGDP_RPCH",2008-06-04,3.4
"2008",944,"NGDP_RPCH",2008-06-04,2
"2009",944,"NGDP_RPCH",2008-06-04,3.1
"2008",176,"NGDP_RPCH",2008-06-04,0.4
"2009",176,"NGDP_RPCH",2008-06-04,-0.4
"2008",178,"NGDP_RPCH",2008-06-04,1.5
"2009",178,"NGDP_RPCH",2008-06-04,3.3
"2008",136,"NGDP_RPCH",2008-06-04,0.5
"2009",136,"NGDP_RPCH",2008-06-04,0.9
"2008",158,"NGDP_RPCH",2008-06-04,1.7
"2009",158,"NGDP_RPCH",2008-06-04,1.5
"2008",542,"NGDP_RPCH",2008-06-04,4.3
"2009",542,"NGDP_RPCH",2008-06-04,5
"2008",137,"NGDP_RPCH",2008-06-04,3
"2009",137,"NGDP_RPCH",2008-06-04,4
"2008",273,"NGDP_RPCH",2008-06-04,2.8
"2009",273,"NGDP_RPCH",2008-06-04,3.3
"2008",138,"NGDP_RPCH",2008-06-04,2.3
"2009",138,"NGDP_RPCH",2008-06-04,1.8
"2008",196,"NGDP_RPCH",2008-06-04,1.3
"2009",196,"NGDP_RPCH",2008-06-04,2.1
"2008",142,"NGDP_RPCH",2008-06-04,2.6
"2009",142,"NGDP_RPCH",2008-06-04,1.8
"2008",964,"NGDP_RPCH",2008-06-04,5.9
"2009",964,"NGDP_RPCH",2008-06-04,5
"2008",182,"NGDP_RPCH",2008-06-04,1.6
"2009",182,"NGDP_RPCH",2008-06-04,1.8
"2008",936,"NGDP_RPCH",2008-06-04,7.3
"2009",936,"NGDP_RPCH",2008-06-04,6.1
"2008",184,"NGDP_RPCH",2008-06-04,1.6
"2009",184,"NGDP_RPCH",2008-06-04,1.1
"2008",144,"NGDP_RPCH",2008-06-04,2.1
"2009",144,"NGDP_RPCH",2008-06-04,2.1
"2008",146,"NGDP_RPCH",2008-06-04,2
"2009",146,"NGDP_RPCH",2008-06-04,1.4
"2008",186,"NGDP_RPCH",2008-06-04,3.7
"2009",186,"NGDP_RPCH",2008-06-04,4.5
"2008",112,"NGDP_RPCH",2008-06-04,1.8
"2009",112,"NGDP_RPCH",2008-06-04,1.4
"2008",111,"NGDP_RPCH",2008-06-04,1.2
"2009",111,"NGDP_RPCH",2008-06-04,1.1
"2008",163,"NGDP_RPCH",2008-06-04,1.7
"2009",163,"NGDP_RPCH",2008-06-04,1.4
"2008",193,"PCPIPCH",2008-06-04,4.1
"2009",193,"PCPIPCH",2008-06-04,3.1
"2008",122,"PCPIPCH",2008-06-04,3.1
"2009",122,"PCPIPCH",2008-06-04,2.2
"2008",124,"PCPIPCH",2008-06-04,3.7
"2009",124,"PCPIPCH",2008-06-04,2
"2008",156,"PCPIPCH",2008-06-04,1.3
"2009",156,"PCPIPCH",2008-06-04,1.3
"2008",935,"PCPIPCH",2008-06-04,6.8
"2009",935,"PCPIPCH",2008-06-04,2.9
"2008",128,"PCPIPCH",2008-06-04,3.3
"2009",128,"PCPIPCH",2008-06-04,2.6
"2008",172,"PCPIPCH",2008-06-04,3.5
"2009",172,"PCPIPCH",2008-06-04,2.5
"2008",132,"PCPIPCH",2008-06-04,3.5
"2009",132,"PCPIPCH",2008-06-04,2.4
"2008",134,"PCPIPCH",2008-06-04,2.9
"2009",134,"PCPIPCH",2008-06-04,2.1
"2008",174,"PCPIPCH",2008-06-04,4.2
"2009",174,"PCPIPCH",2008-06-04,3.2
"2008",944,"PCPIPCH",2008-06-04,6.3
"2009",944,"PCPIPCH",2008-06-04,3.7
"2008",176,"PCPIPCH",2008-06-04,9.8
"2009",176,"PCPIPCH",2008-06-04,6
"2008",178,"PCPIPCH",2008-06-04,3.4
"2009",178,"PCPIPCH",2008-06-04,2.1
"2008",136,"PCPIPCH",2008-06-04,3.6
"2009",136,"PCPIPCH",2008-06-04,2.1
"2008",158,"PCPIPCH",2008-06-04,0.9
"2009",158,"PCPIPCH",2008-06-04,0.4
"2008",542,"PCPIPCH",2008-06-04,4
"2009",542,"PCPIPCH",2008-06-04,3.2
"2008",137,"PCPIPCH",2008-06-04,4
"2009",137,"PCPIPCH",2008-06-04,2.1
"2008",273,"PCPIPCH",2008-06-04,4.4
"2009",273,"PCPIPCH",2008-06-04,3.3
"2008",138,"PCPIPCH",2008-06-04,2.4
"2009",138,"PCPIPCH",2008-06-04,3
"2008",196,"PCPIPCH",2008-06-04,3.4
"2009",196,"PCPIPCH",2008-06-04,2.8
"2008",142,"PCPIPCH",2008-06-04,3.6
"2009",142,"PCPIPCH",2008-06-04,2.5
"2008",964,"PCPIPCH",2008-06-04,4.5
"2009",964,"PCPIPCH",2008-06-04,5.5
"2008",182,"PCPIPCH",2008-06-04,3
"2009",182,"PCPIPCH",2008-06-04,2.2
"2008",936,"PCPIPCH",2008-06-04,4
"2009",936,"PCPIPCH",2008-06-04,3.6
"2008",184,"PCPIPCH",2008-06-04,4.6
"2009",184,"PCPIPCH",2008-06-04,3
"2008",144,"PCPIPCH",2008-06-04,3.2
"2009",144,"PCPIPCH",2008-06-04,2.8
"2008",146,"PCPIPCH",2008-06-04,2.2
"2009",146,"PCPIPCH",2008-06-04,1.5
"2008",186,"PCPIPCH",2008-06-04,9.6
"2009",186,"PCPIPCH",2008-06-04,7.5
"2008",112,"PCPIPCH",2008-06-04,3
"2009",112,"PCPIPCH",2008-06-04,2.5
"2008",111,"PCPIPCH",2008-06-04,3.9
"2009",111,"PCPIPCH",2008-06-04,2.2
"2008",163,"PCPIPCH",2008-06-04,3.4
"2009",163,"PCPIPCH",2008-06-04,2.4
"2008",193,"LUR",2008-11-25,4.3
"2009",193,"LUR",2008-11-25,5.3
"2010",193,"LUR",2008-11-25,6
"2008",122,"LUR",2008-11-25,4.9
"2009",122,"LUR",2008-11-25,5.7
"2010",122,"LUR",2008-11-25,6
"2008",124,"LUR",2008-11-25,6.8
"2009",124,"LUR",2008-11-25,7.4
"2010",124,"LUR",2008-11-25,7.8
"2008",156,"LUR",2008-11-25,6.1
"2009",156,"LUR",2008-11-25,7
"2010",156,"LUR",2008-11-25,7.5
"2008",935,"LUR",2008-11-25,4.5
"2009",935,"LUR",2008-11-25,5.2
"2010",935,"LUR",2008-11-25,5.5
"2008",128,"LUR",2008-11-25,3.1
"2009",128,"LUR",2008-11-25,4
"2010",128,"LUR",2008-11-25,4.5
"2008",172,"LUR",2008-11-25,6.2
"2009",172,"LUR",2008-11-25,6.5
"2010",172,"LUR",2008-11-25,6.8
"2008",132,"LUR",2008-11-25,7.3
"2009",132,"LUR",2008-11-25,8.2
"2010",132,"LUR",2008-11-25,8.7
"2008",134,"LUR",2008-11-25,7.4
"2009",134,"LUR",2008-11-25,8.1
"2010",134,"LUR",2008-11-25,8.6
"2008",174,"LUR",2008-11-25,7.6
"2009",174,"LUR",2008-11-25,8
"2010",174,"LUR",2008-11-25,8.2
"2008",944,"LUR",2008-11-25,7.9
"2009",944,"LUR",2008-11-25,8.9
"2010",944,"LUR",2008-11-25,9.2
"2008",176,"LUR",2008-11-25,2.8
"2009",176,"LUR",2008-11-25,7.4
"2010",176,"LUR",2008-11-25,8.6
"2008",178,"LUR",2008-11-25,5.9
"2009",178,"LUR",2008-11-25,7.7
"2010",178,"LUR",2008-11-25,7.8
"2008",136,"LUR",2008-11-25,6.9
"2009",136,"LUR",2008-11-25,7.8
"2010",136,"LUR",2008-11-25,8
"2008",158,"LUR",2008-11-25,4.1
"2009",158,"LUR",2008-11-25,4.4
"2010",158,"LUR",2008-11-25,4.4
"2008",542,"LUR",2008-11-25,3.2
"2009",542,"LUR",2008-11-25,3.6
"2010",542,"LUR",2008-11-25,3.6
"2008",137,"LUR",2008-11-25,4.5
"2009",137,"LUR",2008-11-25,6.5
"2010",137,"LUR",2008-11-25,7
"2008",273,"LUR",2008-11-25,4.1
"2009",273,"LUR",2008-11-25,4.6
"2010",273,"LUR",2008-11-25,4.4
"2008",138,"LUR",2008-11-25,3.1
"2009",138,"LUR",2008-11-25,3.7
"2010",138,"LUR",2008-11-25,4.1
"2008",196,"LUR",2008-11-25,4
"2009",196,"LUR",2008-11-25,5.4
"2010",196,"LUR",2008-11-25,6
"2008",142,"LUR",2008-11-25,2.6
"2009",142,"LUR",2008-11-25,3
"2010",142,"LUR",2008-11-25,3.3
"2008",964,"LUR",2008-11-25,7.2
"2009",964,"LUR",2008-11-25,7.1
"2010",964,"LUR",2008-11-25,7.6
"2008",182,"LUR",2008-11-25,7.6
"2009",182,"LUR",2008-11-25,8.5
"2010",182,"LUR",2008-11-25,8.8
"2008",936,"LUR",2008-11-25,9.7
"2009",936,"LUR",2008-11-25,9.4
"2010",936,"LUR",2008-11-25,9
"2008",184,"LUR",2008-11-25,10.9
"2009",184,"LUR",2008-11-25,14.2
"2010",184,"LUR",2008-11-25,14.8
"2008",144,"LUR",2008-11-25,6.1
"2009",144,"LUR",2008-11-25,7
"2010",144,"LUR",2008-11-25,7.7
"2008",146,"LUR",2008-11-25,3.5
"2009",146,"LUR",2008-11-25,3.9
"2010",146,"LUR",2008-11-25,4.2
"2008",186,"LUR",2008-11-25,9.7
"2009",186,"LUR",2008-11-25,10.5
"2010",186,"LUR",2008-11-25,10.6
"2008",112,"LUR",2008-11-25,5.5
"2009",112,"LUR",2008-11-25,6.8
"2010",112,"LUR",2008-11-25,8.2
"2008",111,"LUR",2008-11-25,5.7
"2009",111,"LUR",2008-11-25,7.3
"2010",111,"LUR",2008-11-25,7.5
"2008",163,"LUR",2008-11-25,7.4
"2009",163,"LUR",2008-11-25,8.6
"2010",163,"LUR",2008-11-25,9
"2008",193,"NGDP_RPCH",2008-11-25,2.5
"2009",193,"NGDP_RPCH",2008-11-25,1.7
"2010",193,"NGDP_RPCH",2008-11-25,2.7
"2008",122,"NGDP_RPCH",2008-11-25,1.9
"2009",122,"NGDP_RPCH",2008-11-25,-0.1
"2010",122,"NGDP_RPCH",2008-11-25,1.2
"2008",124,"NGDP_RPCH",2008-11-25,1.5
"2009",124,"NGDP_RPCH",2008-11-25,-0.1
"2010",124,"NGDP_RPCH",2008-11-25,1.3
"2008",156,"NGDP_RPCH",2008-11-25,0.5
"2009",156,"NGDP_RPCH",2008-11-25,-0.5
"2010",156,"NGDP_RPCH",2008-11-25,2.1
"2008",935,"NGDP_RPCH",2008-11-25,4.4
"2009",935,"NGDP_RPCH",2008-11-25,2.5
"2010",935,"NGDP_RPCH",2008-11-25,4.4
"2008",128,"NGDP_RPCH",2008-11-25,0.2
"2009",128,"NGDP_RPCH",2008-11-25,-0.5
"2010",128,"NGDP_RPCH",2008-11-25,0.9
"2008",172,"NGDP_RPCH",2008-11-25,2.1
"2009",172,"NGDP_RPCH",2008-11-25,0.6
"2010",172,"NGDP_RPCH",2008-11-25,1.8
"2008",132,"NGDP_RPCH",2008-11-25,0.9
"2009",132,"NGDP_RPCH",2008-11-25,-0.4
"2010",132,"NGDP_RPCH",2008-11-25,1.5
"2008",134,"NGDP_RPCH",2008-11-25,1.4
"2009",134,"NGDP_RPCH",2008-11-25,-0.8
"2010",134,"NGDP_RPCH",2008-11-25,1.2
"2008",174,"NGDP_RPCH",2008-11-25,3.2
"2009",174,"NGDP_RPCH",2008-11-25,1.9
"2010",174,"NGDP_RPCH",2008-11-25,2.5
"2008",944,"NGDP_RPCH",2008-11-25,1.4
"2009",944,"NGDP_RPCH",2008-11-25,-0.5
"2010",944,"NGDP_RPCH",2008-11-25,1
"2008",176,"NGDP_RPCH",2008-11-25,1.5
"2009",176,"NGDP_RPCH",2008-11-25,-9.3
"2010",176,"NGDP_RPCH",2008-11-25,-0.7
"2008",178,"NGDP_RPCH",2008-11-25,-1.8
"2009",178,"NGDP_RPCH",2008-11-25,-1.7
"2010",178,"NGDP_RPCH",2008-11-25,2.6
"2008",136,"NGDP_RPCH",2008-11-25,-0.4
"2009",136,"NGDP_RPCH",2008-11-25,-1
"2010",136,"NGDP_RPCH",2008-11-25,0.8
"2008",158,"NGDP_RPCH",2008-11-25,0.5
"2009",158,"NGDP_RPCH",2008-11-25,-0.1
"2010",158,"NGDP_RPCH",2008-11-25,0.6
"2008",542,"NGDP_RPCH",2008-11-25,4.2
"2009",542,"NGDP_RPCH",2008-11-25,2.7
"2010",542,"NGDP_RPCH",2008-11-25,4.2
"2008",137,"NGDP_RPCH",2008-11-25,2.4
"2009",137,"NGDP_RPCH",2008-11-25,-0.5
"2010",137,"NGDP_RPCH",2008-11-25,1.9
"2008",273,"NGDP_RPCH",2008-11-25,1.9
"2009",273,"NGDP_RPCH",2008-11-25,0.4
"2010",273,"NGDP_RPCH",2008-11-25,1.8
"2008",138,"NGDP_RPCH",2008-11-25,2.2
"2009",138,"NGDP_RPCH",2008-11-25,-0.2
"2010",138,"NGDP_RPCH",2008-11-25,0.8
"2008",196,"NGDP_RPCH",2008-11-25,-0.5
"2009",196,"NGDP_RPCH",2008-11-25,-0.4
"2010",196,"NGDP_RPCH",2008-11-25,1.9
"2008",142,"NGDP_RPCH",2008-11-25,2.7
"2009",142,"NGDP_RPCH",2008-11-25,1.3
"2010",142,"NGDP_RPCH",2008-11-25,1.6
"2008",964,"NGDP_RPCH",2008-11-25,5.4
"2009",964,"NGDP_RPCH",2008-11-25,3
"2010",964,"NGDP_RPCH",2008-11-25,3.5
"2008",182,"NGDP_RPCH",2008-11-25,0.5
"2009",182,"NGDP_RPCH",2008-11-25,-0.2
"2010",182,"NGDP_RPCH",2008-11-25,0.6
"2008",936,"NGDP_RPCH",2008-11-25,7.3
"2009",936,"NGDP_RPCH",2008-11-25,4
"2010",936,"NGDP_RPCH",2008-11-25,5.6
"2008",184,"NGDP_RPCH",2008-11-25,1.3
"2009",184,"NGDP_RPCH",2008-11-25,-0.9
"2010",184,"NGDP_RPCH",2008-11-25,0.8
"2008",144,"NGDP_RPCH",2008-11-25,0.8
"2009",144,"NGDP_RPCH",2008-11-25,0
"2010",144,"NGDP_RPCH",2008-11-25,2.2
"2008",146,"NGDP_RPCH",2008-11-25,1.9
"2009",146,"NGDP_RPCH",2008-11-25,-0.2
"2010",146,"NGDP_RPCH",2008-11-25,1.6
"2008",186,"NGDP_RPCH",2008-11-25,3.3
"2009",186,"NGDP_RPCH",2008-11-25,1.6
"2010",186,"NGDP_RPCH",2008-11-25,4.2
"2008",112,"NGDP_RPCH",2008-11-25,0.8
"2009",112,"NGDP_RPCH",2008-11-25,-1.1
"2010",112,"NGDP_RPCH",2008-11-25,0.9
"2008",111,"NGDP_RPCH",2008-11-25,1.4
"2009",111,"NGDP_RPCH",2008-11-25,-0.9
"2010",111,"NGDP_RPCH",2008-11-25,1.6
"2008",163,"NGDP_RPCH",2008-11-25,1
"2009",163,"NGDP_RPCH",2008-11-25,-0.6
"2010",163,"NGDP_RPCH",2008-11-25,1.2
"2008",193,"PCPIPCH",2008-11-25,4.6
"2009",193,"PCPIPCH",2008-11-25,3.3
"2010",193,"PCPIPCH",2008-11-25,2.4
"2008",122,"PCPIPCH",2008-11-25,3.3
"2009",122,"PCPIPCH",2008-11-25,1.1
"2010",122,"PCPIPCH",2008-11-25,0.8
"2008",124,"PCPIPCH",2008-11-25,4.6
"2009",124,"PCPIPCH",2008-11-25,1.9
"2010",124,"PCPIPCH",2008-11-25,1.6
"2008",156,"PCPIPCH",2008-11-25,2.6
"2009",156,"PCPIPCH",2008-11-25,1.2
"2010",156,"PCPIPCH",2008-11-25,1
"2008",935,"PCPIPCH",2008-11-25,6.6
"2009",935,"PCPIPCH",2008-11-25,2
"2010",935,"PCPIPCH",2008-11-25,2.6
"2008",128,"PCPIPCH",2008-11-25,3.5
"2009",128,"PCPIPCH",2008-11-25,1.6
"2010",128,"PCPIPCH",2008-11-25,1.6
"2008",172,"PCPIPCH",2008-11-25,4
"2009",172,"PCPIPCH",2008-11-25,1.9
"2010",172,"PCPIPCH",2008-11-25,1.6
"2008",132,"PCPIPCH",2008-11-25,3.3
"2009",132,"PCPIPCH",2008-11-25,1
"2010",132,"PCPIPCH",2008-11-25,0.8
"2008",134,"PCPIPCH",2008-11-25,2.9
"2009",134,"PCPIPCH",2008-11-25,1.1
"2010",134,"PCPIPCH",2008-11-25,1.3
"2008",174,"PCPIPCH",2008-11-25,4.5
"2009",174,"PCPIPCH",2008-11-25,2.7
"2010",174,"PCPIPCH",2008-11-25,2.4
"2008",944,"PCPIPCH",2008-11-25,6.4
"2009",944,"PCPIPCH",2008-11-25,3.6
"2010",944,"PCPIPCH",2008-11-25,3.2
"2008",176,"PCPIPCH",2008-11-25,12.1
"2009",176,"PCPIPCH",2008-11-25,14.9
"2010",176,"PCPIPCH",2008-11-25,6.9
"2008",178,"PCPIPCH",2008-11-25,3.1
"2009",178,"PCPIPCH",2008-11-25,0.9
"2010",178,"PCPIPCH",2008-11-25,0.9
"2008",136,"PCPIPCH",2008-11-25,3.5
"2009",136,"PCPIPCH",2008-11-25,1.5
"2010",136,"PCPIPCH",2008-11-25,1.5
"2008",158,"PCPIPCH",2008-11-25,1.4
"2009",158,"PCPIPCH",2008-11-25,0.3
"2010",158,"PCPIPCH",2008-11-25,-0.1
"2008",542,"PCPIPCH",2008-11-25,5
"2009",542,"PCPIPCH",2008-11-25,3.9
"2010",542,"PCPIPCH",2008-11-25,2.9
"2008",137,"PCPIPCH",2008-11-25,4.5
"2009",137,"PCPIPCH",2008-11-25,1.9
"2010",137,"PCPIPCH",2008-11-25,1.7
"2008",273,"PCPIPCH",2008-11-25,4.9
"2009",273,"PCPIPCH",2008-11-25,5.3
"2010",273,"PCPIPCH",2008-11-25,3.8
"2008",138,"PCPIPCH",2008-11-25,2.3
"2009",138,"PCPIPCH",2008-11-25,1.8
"2010",138,"PCPIPCH",2008-11-25,1.6
"2008",196,"PCPIPCH",2008-11-25,4
"2009",196,"PCPIPCH",2008-11-25,2.3
"2010",196,"PCPIPCH",2008-11-25,2.1
"2008",142,"PCPIPCH",2008-11-25,3.6
"2009",142,"PCPIPCH",2008-11-25,2.5
"2010",142,"PCPIPCH",2008-11-25,1.8
"2008",964,"PCPIPCH",2008-11-25,4.2
"2009",964,"PCPIPCH",2008-11-25,3.2
"2010",964,"PCPIPCH",2008-11-25,3.6
"2008",182,"PCPIPCH",2008-11-25,2.8
"2009",182,"PCPIPCH",2008-11-25,1.3
"2010",182,"PCPIPCH",2008-11-25,1.6
"2008",936,"PCPIPCH",2008-11-25,4.4
"2009",936,"PCPIPCH",2008-11-25,2.8
"2010",936,"PCPIPCH",2008-11-25,2.8
"2008",184,"PCPIPCH",2008-11-25,4.4
"2009",184,"PCPIPCH",2008-11-25,1.8
"2010",184,"PCPIPCH",2008-11-25,1.5
"2008",144,"PCPIPCH",2008-11-25,3.5
"2009",144,"PCPIPCH",2008-11-25,1.5
"2010",144,"PCPIPCH",2008-11-25,1.1
"2008",146,"PCPIPCH",2008-11-25,2.5
"2009",146,"PCPIPCH",2008-11-25,1
"2010",146,"PCPIPCH",2008-11-25,1.1
"2008",186,"PCPIPCH",2008-11-25,10.3
"2009",186,"PCPIPCH",2008-11-25,8.3
"2010",186,"PCPIPCH",2008-11-25,7.6
"2008",112,"PCPIPCH",2008-11-25,3.7
"2009",112,"PCPIPCH",2008-11-25,2.7
"2010",112,"PCPIPCH",2008-11-25,1.9
"2008",111,"PCPIPCH",2008-11-25,4.3
"2009",111,"PCPIPCH",2008-11-25,1.6
"2010",111,"PCPIPCH",2008-11-25,1.5
"2008",163,"PCPIPCH",2008-11-25,3.4
"2009",163,"PCPIPCH",2008-11-25,1.4
"2010",163,"PCPIPCH",2008-11-25,1.3
"2009",158,"LUR",2009-03-31,4.9
"2010",158,"LUR",2009-03-31,5.6
"2009",111,"LUR",2009-03-31,9.1
"2010",111,"LUR",2009-03-31,10.3
"2009",163,"LUR",2009-03-31,10.1
"2010",163,"LUR",2009-03-31,11.7
"2009",158,"NGDP_RPCH",2009-03-31,-6.6
"2010",158,"NGDP_RPCH",2009-03-31,-0.5
"2009",111,"NGDP_RPCH",2009-03-31,-4
"2010",111,"NGDP_RPCH",2009-03-31,0
"2009",163,"NGDP_RPCH",2009-03-31,-4.1
"2010",163,"NGDP_RPCH",2009-03-31,-0.3
"2009",158,"PCPIPCH",2009-03-31,-1.2
"2010",158,"PCPIPCH",2009-03-31,-1.3
"2009",111,"PCPIPCH",2009-03-31,-0.4
"2010",111,"PCPIPCH",2009-03-31,0.5
"2009",163,"PCPIPCH",2009-03-31,0.6
"2010",163,"PCPIPCH",2009-03-31,0.7
"2009",193,"LUR",2009-06-24,6.2
"2010",193,"LUR",2009-06-24,7.7
"2009",122,"LUR",2009-06-24,6.1
"2010",122,"LUR",2009-06-24,7.9
"2009",124,"LUR",2009-06-24,8.3
"2010",124,"LUR",2009-06-24,10.6
"2009",156,"LUR",2009-06-24,8.6
"2010",156,"LUR",2009-06-24,9.8
"2009",935,"LUR",2009-06-24,6.9
"2010",935,"LUR",2009-06-24,9.2
"2009",128,"LUR",2009-06-24,6
"2010",128,"LUR",2009-06-24,7.9
"2009",172,"LUR",2009-06-24,8.7
"2010",172,"LUR",2009-06-24,10.8
"2009",132,"LUR",2009-06-24,9.7
"2010",132,"LUR",2009-06-24,11.2
"2009",134,"LUR",2009-06-24,8.7
"2010",134,"LUR",2009-06-24,11.6
"2009",174,"LUR",2009-06-24,9.5
"2010",174,"LUR",2009-06-24,10.3
"2009",944,"LUR",2009-06-24,10.7
"2010",944,"LUR",2009-06-24,11.7
"2009",176,"LUR",2009-06-24,8.4
"2010",176,"LUR",2009-06-24,9.9
"2009",178,"LUR",2009-06-24,12.2
"2010",178,"LUR",2009-06-24,14.8
"2009",136,"LUR",2009-06-24,8.4
"2010",136,"LUR",2009-06-24,10.2
"2009",158,"LUR",2009-06-24,5.2
"2010",158,"LUR",2009-06-24,5.7
"2009",542,"LUR",2009-06-24,3.9
"2010",542,"LUR",2009-06-24,3.9
"2009",137,"LUR",2009-06-24,6
"2010",137,"LUR",2009-06-24,7.2
"2009",273,"LUR",2009-06-24,5.7
"2010",273,"LUR",2009-06-24,6.9
"2009",138,"LUR",2009-06-24,4
"2010",138,"LUR",2009-06-24,7
"2009",196,"LUR",2009-06-24,6.3
"2010",196,"LUR",2009-06-24,7.9
"2009",142,"LUR",2009-06-24,3.7
"2010",142,"LUR",2009-06-24,4.3
"2009",964,"LUR",2009-06-24,9
"2010",964,"LUR",2009-06-24,11.6
"2009",182,"LUR",2009-06-24,9.6
"2010",182,"LUR",2009-06-24,11.2
"2009",936,"LUR",2009-06-24,11.8
"2010",936,"LUR",2009-06-24,13.6
"2009",961,"LUR",2009-06-24,8.2
"2010",961,"LUR",2009-06-24,10.7
"2009",184,"LUR",2009-06-24,18.1
"2010",184,"LUR",2009-06-24,19.6
"2009",144,"LUR",2009-06-24,8.7
"2010",144,"LUR",2009-06-24,11.4
"2009",146,"LUR",2009-06-24,4.5
"2010",146,"LUR",2009-06-24,5.1
"2009",186,"LUR",2009-06-24,15.2
"2010",186,"LUR",2009-06-24,16.4
"2009",112,"LUR",2009-06-24,8.2
"2010",112,"LUR",2009-06-24,9.7
"2009",111,"LUR",2009-06-24,9.3
"2010",111,"LUR",2009-06-24,10.1
"2009",163,"LUR",2009-06-24,10
"2010",163,"LUR",2009-06-24,12
"2009",193,"NGDP_RPCH",2009-06-24,-0.4
"2010",193,"NGDP_RPCH",2009-06-24,1.2
"2009",122,"NGDP_RPCH",2009-06-24,-4.3
"2010",122,"NGDP_RPCH",2009-06-24,-0.1
"2009",124,"NGDP_RPCH",2009-06-24,-4.1
"2010",124,"NGDP_RPCH",2009-06-24,-0.5
"2009",156,"NGDP_RPCH",2009-06-24,-2.6
"2010",156,"NGDP_RPCH",2009-06-24,0.7
"2009",935,"NGDP_RPCH",2009-06-24,-4.2
"2010",935,"NGDP_RPCH",2009-06-24,1.4
"2009",128,"NGDP_RPCH",2009-06-24,-4
"2010",128,"NGDP_RPCH",2009-06-24,0.1
"2009",939,"NGDP_RPCH",2009-06-24,-13.9
"2010",939,"NGDP_RPCH",2009-06-24,-0.7
"2009",172,"NGDP_RPCH",2009-06-24,-4.7
"2010",172,"NGDP_RPCH",2009-06-24,0.8
"2009",132,"NGDP_RPCH",2009-06-24,-3
"2010",132,"NGDP_RPCH",2009-06-24,0.2
"2009",134,"NGDP_RPCH",2009-06-24,-6.1
"2010",134,"NGDP_RPCH",2009-06-24,0.2
"2009",174,"NGDP_RPCH",2009-06-24,-1.3
"2010",174,"NGDP_RPCH",2009-06-24,0.3
"2009",944,"NGDP_RPCH",2009-06-24,-6.1
"2010",944,"NGDP_RPCH",2009-06-24,-2.2
"2009",176,"NGDP_RPCH",2009-06-24,-7
"2010",176,"NGDP_RPCH",2009-06-24,-0.8
"2009",178,"NGDP_RPCH",2009-06-24,-9.8
"2010",178,"NGDP_RPCH",2009-06-24,-1.5
"2009",136,"NGDP_RPCH",2009-06-24,-5.5
"2010",136,"NGDP_RPCH",2009-06-24,0.4
"2009",158,"NGDP_RPCH",2009-06-24,-6.8
"2010",158,"NGDP_RPCH",2009-06-24,0.7
"2009",542,"NGDP_RPCH",2009-06-24,-2.2
"2010",542,"NGDP_RPCH",2009-06-24,3.5
"2009",137,"NGDP_RPCH",2009-06-24,-4
"2010",137,"NGDP_RPCH",2009-06-24,-0.4
"2009",273,"NGDP_RPCH",2009-06-24,-8
"2010",273,"NGDP_RPCH",2009-06-24,2.8
"2009",138,"NGDP_RPCH",2009-06-24,-4.9
"2010",138,"NGDP_RPCH",2009-06-24,-0.4
"2009",196,"NGDP_RPCH",2009-06-24,-3
"2010",196,"NGDP_RPCH",2009-06-24,0.6
"2009",142,"NGDP_RPCH",2009-06-24,-1
"2010",142,"NGDP_RPCH",2009-06-24,0.8
"2009",964,"NGDP_RPCH",2009-06-24,-0.4
"2010",964,"NGDP_RPCH",2009-06-24,0.6
"2009",182,"NGDP_RPCH",2009-06-24,-4.5
"2010",182,"NGDP_RPCH",2009-06-24,-0.5
"2009",936,"NGDP_RPCH",2009-06-24,-5
"2010",936,"NGDP_RPCH",2009-06-24,3.1
"2009",961,"NGDP_RPCH",2009-06-24,-5.8
"2010",961,"NGDP_RPCH",2009-06-24,0.7
"2009",184,"NGDP_RPCH",2009-06-24,-4.2
"2010",184,"NGDP_RPCH",2009-06-24,-0.9
"2009",144,"NGDP_RPCH",2009-06-24,-5.5
"2010",144,"NGDP_RPCH",2009-06-24,0.2
"2009",146,"NGDP_RPCH",2009-06-24,-2.7
"2010",146,"NGDP_RPCH",2009-06-24,-0.2
"2009",186,"NGDP_RPCH",2009-06-24,-5.9
"2010",186,"NGDP_RPCH",2009-06-24,2.6
"2009",112,"NGDP_RPCH",2009-06-24,-4.3
"2010",112,"NGDP_RPCH",2009-06-24,0
"2009",111,"NGDP_RPCH",2009-06-24,-2.8
"2010",111,"NGDP_RPCH",2009-06-24,0.9
"2009",163,"NGDP_RPCH",2009-06-24,-4.8
"2010",163,"NGDP_RPCH",2009-06-24,0
"2009",193,"PCPIPCH",2009-06-24,1.9
"2010",193,"PCPIPCH",2009-06-24,2.3
"2009",122,"PCPIPCH",2009-06-24,0.6
"2010",122,"PCPIPCH",2009-06-24,0.8
"2009",124,"PCPIPCH",2009-06-24,0.3
"2010",124,"PCPIPCH",2009-06-24,0.7
"2009",156,"PCPIPCH",2009-06-24,0.1
"2010",156,"PCPIPCH",2009-06-24,1
"2009",935,"PCPIPCH",2009-06-24,1.6
"2010",935,"PCPIPCH",2009-06-24,0.3
"2009",128,"PCPIPCH",2009-06-24,1.3
"2010",128,"PCPIPCH",2009-06-24,1.5
"2009",939,"PCPIPCH",2009-06-24,-0.5
"2010",939,"PCPIPCH",2009-06-24,-0.5
"2009",172,"PCPIPCH",2009-06-24,1.6
"2010",172,"PCPIPCH",2009-06-24,1
"2009",132,"PCPIPCH",2009-06-24,0.3
"2010",132,"PCPIPCH",2009-06-24,0.7
"2009",134,"PCPIPCH",2009-06-24,0.3
"2010",134,"PCPIPCH",2009-06-24,0.4
"2009",174,"PCPIPCH",2009-06-24,1.3
"2010",174,"PCPIPCH",2009-06-24,1.7
"2009",944,"PCPIPCH",2009-06-24,4.5
"2010",944,"PCPIPCH",2009-06-24,4.1
"2009",176,"PCPIPCH",2009-06-24,10.8
"2010",176,"PCPIPCH",2009-06-24,2.4
"2009",178,"PCPIPCH",2009-06-24,-1.3
"2010",178,"PCPIPCH",2009-06-24,-1.5
"2009",136,"PCPIPCH",2009-06-24,1.1
"2010",136,"PCPIPCH",2009-06-24,1.2
"2009",158,"PCPIPCH",2009-06-24,-1.4
"2010",158,"PCPIPCH",2009-06-24,-1.4
"2009",542,"PCPIPCH",2009-06-24,2.5
"2010",542,"PCPIPCH",2009-06-24,2
"2009",137,"PCPIPCH",2009-06-24,-0.3
"2010",137,"PCPIPCH",2009-06-24,1.2
"2009",273,"PCPIPCH",2009-06-24,5.4
"2010",273,"PCPIPCH",2009-06-24,3.1
"2009",138,"PCPIPCH",2009-06-24,1.4
"2010",138,"PCPIPCH",2009-06-24,0.9
"2009",196,"PCPIPCH",2009-06-24,1.9
"2010",196,"PCPIPCH",2009-06-24,1.8
"2009",142,"PCPIPCH",2009-06-24,2.4
"2010",142,"PCPIPCH",2009-06-24,1.3
"2009",964,"PCPIPCH",2009-06-24,3.5
"2010",964,"PCPIPCH",2009-06-24,1.8
"2009",182,"PCPIPCH",2009-06-24,-0.2
"2010",182,"PCPIPCH",2009-06-24,1
"2009",936,"PCPIPCH",2009-06-24,1.8
"2010",936,"PCPIPCH",2009-06-24,1.8
"2009",184,"PCPIPCH",2009-06-24,-0.1
"2010",184,"PCPIPCH",2009-06-24,0.3
"2009",144,"PCPIPCH",2009-06-24,-0.4
"2010",144,"PCPIPCH",2009-06-24,0.9
"2009",146,"PCPIPCH",2009-06-24,-0.2
"2010",146,"PCPIPCH",2009-06-24,0.7
"2009",186,"PCPIPCH",2009-06-24,6.3
"2010",186,"PCPIPCH",2009-06-24,5.9
"2009",112,"PCPIPCH",2009-06-24,1.9
"2010",112,"PCPIPCH",2009-06-24,1.2
"2009",111,"PCPIPCH",2009-06-24,-0.6
"2010",111,"PCPIPCH",2009-06-24,1
"2009",163,"PCPIPCH",2009-06-24,0.5
"2010",163,"PCPIPCH",2009-06-24,0.7
"2009",193,"LUR",2009-11-19,5.7
"2010",193,"LUR",2009-11-19,6.3
"2011",193,"LUR",2009-11-19,6.2
"2009",122,"LUR",2009-11-19,5.8
"2010",122,"LUR",2009-11-19,7.1
"2011",122,"LUR",2009-11-19,7.3
"2009",124,"LUR",2009-11-19,7.9
"2010",124,"LUR",2009-11-19,8.9
"2011",124,"LUR",2009-11-19,9.2
"2009",156,"LUR",2009-11-19,8.3
"2010",156,"LUR",2009-11-19,8.7
"2011",156,"LUR",2009-11-19,8.1
"2009",935,"LUR",2009-11-19,6.9
"2010",935,"LUR",2009-11-19,8.4
"2011",935,"LUR",2009-11-19,7.9
"2009",128,"LUR",2009-11-19,5.9
"2010",128,"LUR",2009-11-19,6.9
"2011",128,"LUR",2009-11-19,6.2
"2009",172,"LUR",2009-11-19,8.3
"2010",172,"LUR",2009-11-19,9.7
"2011",172,"LUR",2009-11-19,9.7
"2009",132,"LUR",2009-11-19,9.1
"2010",132,"LUR",2009-11-19,9.9
"2011",132,"LUR",2009-11-19,10.1
"2009",134,"LUR",2009-11-19,7.6
"2010",134,"LUR",2009-11-19,9.2
"2011",134,"LUR",2009-11-19,9.7
"2009",174,"LUR",2009-11-19,9.3
"2010",174,"LUR",2009-11-19,10.4
"2011",174,"LUR",2009-11-19,10.4
"2009",944,"LUR",2009-11-19,9.9
"2010",944,"LUR",2009-11-19,10.3
"2011",944,"LUR",2009-11-19,9.3
"2009",176,"LUR",2009-11-19,7.1
"2010",176,"LUR",2009-11-19,7
"2011",176,"LUR",2009-11-19,6.4
"2009",178,"LUR",2009-11-19,11.9
"2010",178,"LUR",2009-11-19,14
"2011",178,"LUR",2009-11-19,13.8
"2009",136,"LUR",2009-11-19,7.6
"2010",136,"LUR",2009-11-19,8.5
"2011",136,"LUR",2009-11-19,8.7
"2009",158,"LUR",2009-11-19,5.2
"2010",158,"LUR",2009-11-19,5.6
"2011",158,"LUR",2009-11-19,5.4
"2009",542,"LUR",2009-11-19,3.8
"2010",542,"LUR",2009-11-19,3.6
"2011",542,"LUR",2009-11-19,3.4
"2009",137,"LUR",2009-11-19,5.9
"2010",137,"LUR",2009-11-19,7.1
"2011",137,"LUR",2009-11-19,7.5
"2009",273,"LUR",2009-11-19,5.7
"2010",273,"LUR",2009-11-19,6.3
"2011",273,"LUR",2009-11-19,5.9
"2009",138,"LUR",2009-11-19,3.7
"2010",138,"LUR",2009-11-19,5.2
"2011",138,"LUR",2009-11-19,5.5
"2009",196,"LUR",2009-11-19,6.1
"2010",196,"LUR",2009-11-19,7.1
"2011",196,"LUR",2009-11-19,6.6
"2009",142,"LUR",2009-11-19,3.3
"2010",142,"LUR",2009-11-19,3.7
"2011",142,"LUR",2009-11-19,3.5
"2009",964,"LUR",2009-11-19,8.4
"2010",964,"LUR",2009-11-19,9.6
"2011",964,"LUR",2009-11-19,9.6
"2009",182,"LUR",2009-11-19,9.2
"2010",182,"LUR",2009-11-19,10.1
"2011",182,"LUR",2009-11-19,9.9
"2009",936,"LUR",2009-11-19,11.6
"2010",936,"LUR",2009-11-19,12.7
"2011",936,"LUR",2009-11-19,12.5
"2009",184,"LUR",2009-11-19,18.1
"2010",184,"LUR",2009-11-19,19.3
"2011",184,"LUR",2009-11-19,19
"2009",144,"LUR",2009-11-19,8.2
"2010",144,"LUR",2009-11-19,10.3
"2011",144,"LUR",2009-11-19,10.1
"2009",146,"LUR",2009-11-19,4.3
"2010",146,"LUR",2009-11-19,4.9
"2011",146,"LUR",2009-11-19,4.8
"2009",186,"LUR",2009-11-19,14.6
"2010",186,"LUR",2009-11-19,15.2
"2011",186,"LUR",2009-11-19,15
"2009",112,"LUR",2009-11-19,8
"2010",112,"LUR",2009-11-19,9.3
"2011",112,"LUR",2009-11-19,9.5
"2009",111,"LUR",2009-11-19,9.2
"2010",111,"LUR",2009-11-19,9.9
"2011",111,"LUR",2009-11-19,9.1
"2009",163,"LUR",2009-11-19,9.4
"2010",163,"LUR",2009-11-19,10.6
"2011",163,"LUR",2009-11-19,10.8
"2009",193,"NGDP_RPCH",2009-11-19,0.8
"2010",193,"NGDP_RPCH",2009-11-19,2.4
"2011",193,"NGDP_RPCH",2009-11-19,3.5
"2009",122,"NGDP_RPCH",2009-11-19,-3.8
"2010",122,"NGDP_RPCH",2009-11-19,0.9
"2011",122,"NGDP_RPCH",2009-11-19,2.2
"2009",124,"NGDP_RPCH",2009-11-19,-3.1
"2010",124,"NGDP_RPCH",2009-11-19,0.8
"2011",124,"NGDP_RPCH",2009-11-19,1.7
"2009",156,"NGDP_RPCH",2009-11-19,-2.7
"2010",156,"NGDP_RPCH",2009-11-19,2
"2011",156,"NGDP_RPCH",2009-11-19,3
"2009",935,"NGDP_RPCH",2009-11-19,-4.4
"2010",935,"NGDP_RPCH",2009-11-19,2
"2011",935,"NGDP_RPCH",2009-11-19,2.8
"2009",128,"NGDP_RPCH",2009-11-19,-4.5
"2010",128,"NGDP_RPCH",2009-11-19,1.3
"2011",128,"NGDP_RPCH",2009-11-19,1.8
"2009",172,"NGDP_RPCH",2009-11-19,-6.9
"2010",172,"NGDP_RPCH",2009-11-19,0.4
"2011",172,"NGDP_RPCH",2009-11-19,2.4
"2009",132,"NGDP_RPCH",2009-11-19,-2.3
"2010",132,"NGDP_RPCH",2009-11-19,1.4
"2011",132,"NGDP_RPCH",2009-11-19,1.7
"2009",134,"NGDP_RPCH",2009-11-19,-4.9
"2010",134,"NGDP_RPCH",2009-11-19,1.4
"2011",134,"NGDP_RPCH",2009-11-19,1.9
"2009",174,"NGDP_RPCH",2009-11-19,-1.1
"2010",174,"NGDP_RPCH",2009-11-19,-0.7
"2011",174,"NGDP_RPCH",2009-11-19,1.6
"2009",944,"NGDP_RPCH",2009-11-19,-6.9
"2010",944,"NGDP_RPCH",2009-11-19,-1
"2011",944,"NGDP_RPCH",2009-11-19,3.1
"2009",176,"NGDP_RPCH",2009-11-19,-7
"2010",176,"NGDP_RPCH",2009-11-19,-2.1
"2011",176,"NGDP_RPCH",2009-11-19,2.6
"2009",178,"NGDP_RPCH",2009-11-19,-7.5
"2010",178,"NGDP_RPCH",2009-11-19,-2.3
"2011",178,"NGDP_RPCH",2009-11-19,1
"2009",136,"NGDP_RPCH",2009-11-19,-4.8
"2010",136,"NGDP_RPCH",2009-11-19,1.1
"2011",136,"NGDP_RPCH",2009-11-19,1.5
"2009",158,"NGDP_RPCH",2009-11-19,-5.3
"2010",158,"NGDP_RPCH",2009-11-19,1.8
"2011",158,"NGDP_RPCH",2009-11-19,2
"2009",542,"NGDP_RPCH",2009-11-19,0.1
"2010",542,"NGDP_RPCH",2009-11-19,4.4
"2011",542,"NGDP_RPCH",2009-11-19,4.2
"2009",137,"NGDP_RPCH",2009-11-19,-3.9
"2010",137,"NGDP_RPCH",2009-11-19,2.4
"2011",137,"NGDP_RPCH",2009-11-19,3.4
"2009",273,"NGDP_RPCH",2009-11-19,-8
"2010",273,"NGDP_RPCH",2009-11-19,2.7
"2011",273,"NGDP_RPCH",2009-11-19,3.9
"2009",138,"NGDP_RPCH",2009-11-19,-4.3
"2010",138,"NGDP_RPCH",2009-11-19,0.7
"2011",138,"NGDP_RPCH",2009-11-19,2
"2009",196,"NGDP_RPCH",2009-11-19,-0.7
"2010",196,"NGDP_RPCH",2009-11-19,1.5
"2011",196,"NGDP_RPCH",2009-11-19,2.7
"2009",142,"NGDP_RPCH",2009-11-19,-1.4
"2010",142,"NGDP_RPCH",2009-11-19,1.3
"2011",142,"NGDP_RPCH",2009-11-19,3.2
"2009",964,"NGDP_RPCH",2009-11-19,1.4
"2010",964,"NGDP_RPCH",2009-11-19,2.5
"2011",964,"NGDP_RPCH",2009-11-19,3.1
"2009",182,"NGDP_RPCH",2009-11-19,-2.8
"2010",182,"NGDP_RPCH",2009-11-19,0.8
"2011",182,"NGDP_RPCH",2009-11-19,1.5
"2009",936,"NGDP_RPCH",2009-11-19,-5.8
"2010",936,"NGDP_RPCH",2009-11-19,2
"2011",936,"NGDP_RPCH",2009-11-19,4.2
"2009",184,"NGDP_RPCH",2009-11-19,-3.6
"2010",184,"NGDP_RPCH",2009-11-19,-0.3
"2011",184,"NGDP_RPCH",2009-11-19,0.9
"2009",144,"NGDP_RPCH",2009-11-19,-4.7
"2010",144,"NGDP_RPCH",2009-11-19,2
"2011",144,"NGDP_RPCH",2009-11-19,3
"2009",146,"NGDP_RPCH",2009-11-19,-1.9
"2010",146,"NGDP_RPCH",2009-11-19,0.9
"2011",146,"NGDP_RPCH",2009-11-19,1.9
"2009",186,"NGDP_RPCH",2009-11-19,-6.5
"2010",186,"NGDP_RPCH",2009-11-19,3.7
"2011",186,"NGDP_RPCH",2009-11-19,4.6
"2009",112,"NGDP_RPCH",2009-11-19,-4.7
"2010",112,"NGDP_RPCH",2009-11-19,1.2
"2011",112,"NGDP_RPCH",2009-11-19,2.2
"2009",111,"NGDP_RPCH",2009-11-19,-2.5
"2010",111,"NGDP_RPCH",2009-11-19,2.5
"2011",111,"NGDP_RPCH",2009-11-19,2.8
"2009",163,"NGDP_RPCH",2009-11-19,-4
"2010",163,"NGDP_RPCH",2009-11-19,0.9
"2011",163,"NGDP_RPCH",2009-11-19,1.7
"2009",193,"PCPIPCH",2009-11-19,1.6
"2010",193,"PCPIPCH",2009-11-19,2.4
"2011",193,"PCPIPCH",2009-11-19,1.8
"2009",122,"PCPIPCH",2009-11-19,0.3
"2010",122,"PCPIPCH",2009-11-19,0.6
"2011",122,"PCPIPCH",2009-11-19,1
"2009",124,"PCPIPCH",2009-11-19,-0.1
"2010",124,"PCPIPCH",2009-11-19,1
"2011",124,"PCPIPCH",2009-11-19,0.9
"2009",156,"PCPIPCH",2009-11-19,0.4
"2010",156,"PCPIPCH",2009-11-19,1.3
"2011",156,"PCPIPCH",2009-11-19,1
"2009",935,"PCPIPCH",2009-11-19,1.1
"2010",935,"PCPIPCH",2009-11-19,1.4
"2011",935,"PCPIPCH",2009-11-19,2
"2009",128,"PCPIPCH",2009-11-19,1.3
"2010",128,"PCPIPCH",2009-11-19,1.4
"2011",128,"PCPIPCH",2009-11-19,1.6
"2009",172,"PCPIPCH",2009-11-19,1.7
"2010",172,"PCPIPCH",2009-11-19,1.5
"2011",172,"PCPIPCH",2009-11-19,1.4
"2009",132,"PCPIPCH",2009-11-19,0.1
"2010",132,"PCPIPCH",2009-11-19,1
"2011",132,"PCPIPCH",2009-11-19,0.6
"2009",134,"PCPIPCH",2009-11-19,0.2
"2010",134,"PCPIPCH",2009-11-19,1
"2011",134,"PCPIPCH",2009-11-19,0.8
"2009",174,"PCPIPCH",2009-11-19,1.2
"2010",174,"PCPIPCH",2009-11-19,2
"2011",174,"PCPIPCH",2009-11-19,1.6
"2009",944,"PCPIPCH",2009-11-19,4.5
"2010",944,"PCPIPCH",2009-11-19,4
"2011",944,"PCPIPCH",2009-11-19,3
"2009",176,"PCPIPCH",2009-11-19,11.9
"2010",176,"PCPIPCH",2009-11-19,5.8
"2011",176,"PCPIPCH",2009-11-19,2.5
"2009",178,"PCPIPCH",2009-11-19,-1.7
"2010",178,"PCPIPCH",2009-11-19,-0.7
"2011",178,"PCPIPCH",2009-11-19,0.4
"2009",136,"PCPIPCH",2009-11-19,0.7
"2010",136,"PCPIPCH",2009-11-19,0.9
"2011",136,"PCPIPCH",2009-11-19,0.8
"2009",158,"PCPIPCH",2009-11-19,-1.2
"2010",158,"PCPIPCH",2009-11-19,-0.9
"2011",158,"PCPIPCH",2009-11-19,-0.5
"2009",542,"PCPIPCH",2009-11-19,2.7
"2010",542,"PCPIPCH",2009-11-19,2.8
"2011",542,"PCPIPCH",2009-11-19,3
"2009",137,"PCPIPCH",2009-11-19,-0.1
"2010",137,"PCPIPCH",2009-11-19,1.6
"2011",137,"PCPIPCH",2009-11-19,1
"2009",273,"PCPIPCH",2009-11-19,5.4
"2010",273,"PCPIPCH",2009-11-19,4.2
"2011",273,"PCPIPCH",2009-11-19,5
"2009",138,"PCPIPCH",2009-11-19,0.9
"2010",138,"PCPIPCH",2009-11-19,0.3
"2011",138,"PCPIPCH",2009-11-19,0.7
"2009",196,"PCPIPCH",2009-11-19,2.3
"2010",196,"PCPIPCH",2009-11-19,2.2
"2011",196,"PCPIPCH",2009-11-19,1.9
"2009",142,"PCPIPCH",2009-11-19,2.3
"2010",142,"PCPIPCH",2009-11-19,1.6
"2011",142,"PCPIPCH",2009-11-19,2.2
"2009",964,"PCPIPCH",2009-11-19,3.5
"2010",964,"PCPIPCH",2009-11-19,2.2
"2011",964,"PCPIPCH",2009-11-19,1.9
"2009",182,"PCPIPCH",2009-11-19,-0.9
"2010",182,"PCPIPCH",2009-11-19,0.7
"2011",182,"PCPIPCH",2009-11-19,1
"2009",936,"PCPIPCH",2009-11-19,1
"2010",936,"PCPIPCH",2009-11-19,1.7
"2011",936,"PCPIPCH",2009-11-19,2.4
"2009",184,"PCPIPCH",2009-11-19,-0.4
"2010",184,"PCPIPCH",2009-11-19,0.8
"2011",184,"PCPIPCH",2009-11-19,-0.1
"2009",144,"PCPIPCH",2009-11-19,-0.3
"2010",144,"PCPIPCH",2009-11-19,1.4
"2011",144,"PCPIPCH",2009-11-19,3.2
"2009",146,"PCPIPCH",2009-11-19,-0.6
"2010",146,"PCPIPCH",2009-11-19,0.6
"2011",146,"PCPIPCH",2009-11-19,0.4
"2009",186,"PCPIPCH",2009-11-19,6.3
"2010",186,"PCPIPCH",2009-11-19,5.7
"2011",186,"PCPIPCH",2009-11-19,5.3
"2009",112,"PCPIPCH",2009-11-19,2.1
"2010",112,"PCPIPCH",2009-11-19,1.7
"2011",112,"PCPIPCH",2009-11-19,0.5
"2009",111,"PCPIPCH",2009-11-19,-0.4
"2010",111,"PCPIPCH",2009-11-19,1.7
"2011",111,"PCPIPCH",2009-11-19,1.3
"2009",163,"PCPIPCH",2009-11-19,0.2
"2010",163,"PCPIPCH",2009-11-19,0.9
"2011",163,"PCPIPCH",2009-11-19,0.7
"2010",193,"LUR",2010-05-26,5.2
"2011",193,"LUR",2010-05-26,4.9
"2010",122,"LUR",2010-05-26,4.9
"2011",122,"LUR",2010-05-26,5
"2010",124,"LUR",2010-05-26,8.2
"2011",124,"LUR",2010-05-26,8.3
"2010",156,"LUR",2010-05-26,7.9
"2011",156,"LUR",2010-05-26,7.2
"2010",228,"LUR",2010-05-26,9.4
"2011",228,"LUR",2010-05-26,8.9
"2010",935,"LUR",2010-05-26,7.8
"2011",935,"LUR",2010-05-26,7.5
"2010",128,"LUR",2010-05-26,7.2
"2011",128,"LUR",2010-05-26,6.9
"2010",172,"LUR",2010-05-26,9.4
"2011",172,"LUR",2010-05-26,9
"2010",132,"LUR",2010-05-26,9.8
"2011",132,"LUR",2010-05-26,9.5
"2010",134,"LUR",2010-05-26,7.6
"2011",134,"LUR",2010-05-26,8
"2010",174,"LUR",2010-05-26,12.1
"2011",174,"LUR",2010-05-26,14.3
"2010",944,"LUR",2010-05-26,11
"2011",944,"LUR",2010-05-26,10.5
"2010",176,"LUR",2010-05-26,8.7
"2011",176,"LUR",2010-05-26,8.4
"2010",178,"LUR",2010-05-26,13.7
"2011",178,"LUR",2010-05-26,13
"2010",136,"LUR",2010-05-26,8.7
"2011",136,"LUR",2010-05-26,8.8
"2010",158,"LUR",2010-05-26,4.9
"2011",158,"LUR",2010-05-26,4.7
"2010",542,"LUR",2010-05-26,3.6
"2011",542,"LUR",2010-05-26,3.3
"2010",137,"LUR",2010-05-26,6
"2011",137,"LUR",2010-05-26,5.8
"2010",273,"LUR",2010-05-26,5
"2011",273,"LUR",2010-05-26,4.5
"2010",138,"LUR",2010-05-26,4.6
"2011",138,"LUR",2010-05-26,4.8
"2010",196,"LUR",2010-05-26,6.2
"2011",196,"LUR",2010-05-26,5.6
"2010",142,"LUR",2010-05-26,3.3
"2011",142,"LUR",2010-05-26,3.6
"2010",964,"LUR",2010-05-26,8.9
"2011",964,"LUR",2010-05-26,8.6
"2010",182,"LUR",2010-05-26,10.6
"2011",182,"LUR",2010-05-26,10.4
"2010",936,"LUR",2010-05-26,14
"2011",936,"LUR",2010-05-26,13.4
"2010",184,"LUR",2010-05-26,19.1
"2011",184,"LUR",2010-05-26,18.2
"2010",144,"LUR",2010-05-26,8.8
"2011",144,"LUR",2010-05-26,8.7
"2010",146,"LUR",2010-05-26,4.6
"2011",146,"LUR",2010-05-26,4.5
"2010",186,"LUR",2010-05-26,14.9
"2011",186,"LUR",2010-05-26,15.9
"2010",112,"LUR",2010-05-26,8.1
"2011",112,"LUR",2010-05-26,7.9
"2010",111,"LUR",2010-05-26,9.7
"2011",111,"LUR",2010-05-26,8.9
"2010",163,"LUR",2010-05-26,10.1
"2011",163,"LUR",2010-05-26,10.1
"2010",193,"NGDP_RPCH",2010-05-26,3.2
"2011",193,"NGDP_RPCH",2010-05-26,3.6
"2010",122,"NGDP_RPCH",2010-05-26,1.4
"2011",122,"NGDP_RPCH",2010-05-26,2.3
"2010",124,"NGDP_RPCH",2010-05-26,1.4
"2011",124,"NGDP_RPCH",2010-05-26,1.9
"2010",156,"NGDP_RPCH",2010-05-26,3.6
"2011",156,"NGDP_RPCH",2010-05-26,3.2
"2010",228,"NGDP_RPCH",2010-05-26,4.1
"2011",228,"NGDP_RPCH",2010-05-26,5.3
"2010",935,"NGDP_RPCH",2010-05-26,2
"2011",935,"NGDP_RPCH",2010-05-26,3
"2010",128,"NGDP_RPCH",2010-05-26,1.2
"2011",128,"NGDP_RPCH",2010-05-26,2
"2010",172,"NGDP_RPCH",2010-05-26,1.7
"2011",172,"NGDP_RPCH",2010-05-26,2.5
"2010",132,"NGDP_RPCH",2010-05-26,1.7
"2011",132,"NGDP_RPCH",2010-05-26,2.1
"2010",134,"NGDP_RPCH",2010-05-26,1.9
"2011",134,"NGDP_RPCH",2010-05-26,2.1
"2010",174,"NGDP_RPCH",2010-05-26,-3.7
"2011",174,"NGDP_RPCH",2010-05-26,-2.5
"2010",944,"NGDP_RPCH",2010-05-26,1.2
"2011",944,"NGDP_RPCH",2010-05-26,3.1
"2010",176,"NGDP_RPCH",2010-05-26,-2.2
"2011",176,"NGDP_RPCH",2010-05-26,2.3
"2010",178,"NGDP_RPCH",2010-05-26,-0.7
"2011",178,"NGDP_RPCH",2010-05-26,3
"2010",136,"NGDP_RPCH",2010-05-26,1.1
"2011",136,"NGDP_RPCH",2010-05-26,1.5
"2010",158,"NGDP_RPCH",2010-05-26,3
"2011",158,"NGDP_RPCH",2010-05-26,2
"2010",542,"NGDP_RPCH",2010-05-26,5.8
"2011",542,"NGDP_RPCH",2010-05-26,4.7
"2010",137,"NGDP_RPCH",2010-05-26,2.7
"2011",137,"NGDP_RPCH",2010-05-26,3.1
"2010",273,"NGDP_RPCH",2010-05-26,4.5
"2011",273,"NGDP_RPCH",2010-05-26,4
"2010",138,"NGDP_RPCH",2010-05-26,1.2
"2011",138,"NGDP_RPCH",2010-05-26,2
"2010",196,"NGDP_RPCH",2010-05-26,2.5
"2011",196,"NGDP_RPCH",2010-05-26,3.9
"2010",142,"NGDP_RPCH",2010-05-26,1.2
"2011",142,"NGDP_RPCH",2010-05-26,2
"2010",964,"NGDP_RPCH",2010-05-26,3.1
"2011",964,"NGDP_RPCH",2010-05-26,3.9
"2010",182,"NGDP_RPCH",2010-05-26,1
"2011",182,"NGDP_RPCH",2010-05-26,0.8
"2010",936,"NGDP_RPCH",2010-05-26,3.6
"2011",936,"NGDP_RPCH",2010-05-26,3.9
"2010",184,"NGDP_RPCH",2010-05-26,-0.2
"2011",184,"NGDP_RPCH",2010-05-26,0.9
"2010",144,"NGDP_RPCH",2010-05-26,1.6
"2011",144,"NGDP_RPCH",2010-05-26,3.2
"2010",146,"NGDP_RPCH",2010-05-26,1.8
"2011",146,"NGDP_RPCH",2010-05-26,2.2
"2010",186,"NGDP_RPCH",2010-05-26,6.8
"2011",186,"NGDP_RPCH",2010-05-26,4.5
"2010",112,"NGDP_RPCH",2010-05-26,1.3
"2011",112,"NGDP_RPCH",2010-05-26,2.5
"2010",111,"NGDP_RPCH",2010-05-26,3.2
"2011",111,"NGDP_RPCH",2010-05-26,3.2
"2010",163,"NGDP_RPCH",2010-05-26,1.2
"2011",163,"NGDP_RPCH",2010-05-26,1.8
"2010",193,"PCPIPCH",2010-05-26,3
"2011",193,"PCPIPCH",2010-05-26,2.7
"2010",122,"PCPIPCH",2010-05-26,1.4
"2011",122,"PCPIPCH",2010-05-26,1
"2010",124,"PCPIPCH",2010-05-26,1.8
"2011",124,"PCPIPCH",2010-05-26,1.4
"2010",156,"PCPIPCH",2010-05-26,1.6
"2011",156,"PCPIPCH",2010-05-26,1.7
"2010",228,"PCPIPCH",2010-05-26,1.4
"2011",228,"PCPIPCH",2010-05-26,3.3
"2010",935,"PCPIPCH",2010-05-26,1.8
"2011",935,"PCPIPCH",2010-05-26,2
"2010",128,"PCPIPCH",2010-05-26,2.1
"2011",128,"PCPIPCH",2010-05-26,1.8
"2010",172,"PCPIPCH",2010-05-26,1.7
"2011",172,"PCPIPCH",2010-05-26,1.4
"2010",132,"PCPIPCH",2010-05-26,1.7
"2011",132,"PCPIPCH",2010-05-26,1.1
"2010",134,"PCPIPCH",2010-05-26,1.3
"2011",134,"PCPIPCH",2010-05-26,1
"2010",174,"PCPIPCH",2010-05-26,3
"2011",174,"PCPIPCH",2010-05-26,0.3
"2010",944,"PCPIPCH",2010-05-26,4.5
"2011",944,"PCPIPCH",2010-05-26,2.3
"2010",176,"PCPIPCH",2010-05-26,5.7
"2011",176,"PCPIPCH",2010-05-26,4.2
"2010",178,"PCPIPCH",2010-05-26,-1.4
"2011",178,"PCPIPCH",2010-05-26,0.8
"2010",136,"PCPIPCH",2010-05-26,1.2
"2011",136,"PCPIPCH",2010-05-26,1
"2010",158,"PCPIPCH",2010-05-26,-0.7
"2011",158,"PCPIPCH",2010-05-26,-0.3
"2010",542,"PCPIPCH",2010-05-26,3
"2011",542,"PCPIPCH",2010-05-26,3.2
"2010",137,"PCPIPCH",2010-05-26,3
"2011",137,"PCPIPCH",2010-05-26,1.9
"2010",273,"PCPIPCH",2010-05-26,4.6
"2011",273,"PCPIPCH",2010-05-26,3.5
"2010",138,"PCPIPCH",2010-05-26,0.9
"2011",138,"PCPIPCH",2010-05-26,1.4
"2010",196,"PCPIPCH",2010-05-26,2.2
"2011",196,"PCPIPCH",2010-05-26,2.5
"2010",142,"PCPIPCH",2010-05-26,2.5
"2011",142,"PCPIPCH",2010-05-26,1.9
"2010",964,"PCPIPCH",2010-05-26,2.7
"2011",964,"PCPIPCH",2010-05-26,2.8
"2010",182,"PCPIPCH",2010-05-26,0.9
"2011",182,"PCPIPCH",2010-05-26,1.1
"2010",936,"PCPIPCH",2010-05-26,0.8
"2011",936,"PCPIPCH",2010-05-26,2.2
"2010",184,"PCPIPCH",2010-05-26,1.4
"2011",184,"PCPIPCH",2010-05-26,0.6
"2010",144,"PCPIPCH",2010-05-26,1.4
"2011",144,"PCPIPCH",2010-05-26,2
"2010",146,"PCPIPCH",2010-05-26,0.9
"2011",146,"PCPIPCH",2010-05-26,0.8
"2010",186,"PCPIPCH",2010-05-26,9.5
"2011",186,"PCPIPCH",2010-05-26,6.6
"2010",112,"PCPIPCH",2010-05-26,3
"2011",112,"PCPIPCH",2010-05-26,1.5
"2010",111,"PCPIPCH",2010-05-26,1.9
"2011",111,"PCPIPCH",2010-05-26,1.1
"2010",163,"PCPIPCH",2010-05-26,1.4
"2011",163,"PCPIPCH",2010-05-26,1
"2010",193,"LUR",2010-11-18,5.2
"2011",193,"LUR",2010-11-18,4.9
"2012",193,"LUR",2010-11-18,4.7
"2010",122,"LUR",2010-11-18,4.5
"2011",122,"LUR",2010-11-18,4.4
"2012",122,"LUR",2010-11-18,4.3
"2010",124,"LUR",2010-11-18,8.6
"2011",124,"LUR",2010-11-18,8.8
"2012",124,"LUR",2010-11-18,8.7
"2010",156,"LUR",2010-11-18,8.1
"2011",156,"LUR",2010-11-18,7.8
"2012",156,"LUR",2010-11-18,7.4
"2010",228,"LUR",2010-11-18,8.1
"2011",228,"LUR",2010-11-18,7.3
"2012",228,"LUR",2010-11-18,7.2
"2010",935,"LUR",2010-11-18,7.5
"2011",935,"LUR",2010-11-18,7.1
"2012",935,"LUR",2010-11-18,6.8
"2010",128,"LUR",2010-11-18,7.2
"2011",128,"LUR",2010-11-18,7.2
"2012",128,"LUR",2010-11-18,6.5
"2010",172,"LUR",2010-11-18,8.6
"2011",172,"LUR",2010-11-18,8.2
"2012",172,"LUR",2010-11-18,8
"2010",132,"LUR",2010-11-18,9.3
"2011",132,"LUR",2010-11-18,9.1
"2012",132,"LUR",2010-11-18,8.8
"2010",134,"LUR",2010-11-18,6.9
"2011",134,"LUR",2010-11-18,6.3
"2012",134,"LUR",2010-11-18,6.2
"2010",174,"LUR",2010-11-18,12.2
"2011",174,"LUR",2010-11-18,14.5
"2012",174,"LUR",2010-11-18,15.2
"2010",944,"LUR",2010-11-18,11.3
"2011",944,"LUR",2010-11-18,11.7
"2012",944,"LUR",2010-11-18,11
"2010",176,"LUR",2010-11-18,7.5
"2011",176,"LUR",2010-11-18,8.1
"2012",176,"LUR",2010-11-18,7.5
"2010",178,"LUR",2010-11-18,13.6
"2011",178,"LUR",2010-11-18,13.6
"2012",178,"LUR",2010-11-18,12.6
"2010",436,"LUR",2010-11-18,6.4
"2011",436,"LUR",2010-11-18,6.1
"2012",436,"LUR",2010-11-18,5.9
"2010",136,"LUR",2010-11-18,8.6
"2011",136,"LUR",2010-11-18,8.5
"2012",136,"LUR",2010-11-18,8.3
"2010",158,"LUR",2010-11-18,5.1
"2011",158,"LUR",2010-11-18,4.9
"2012",158,"LUR",2010-11-18,4.5
"2010",542,"LUR",2010-11-18,3.7
"2011",542,"LUR",2010-11-18,3.4
"2012",542,"LUR",2010-11-18,3.3
"2010",137,"LUR",2010-11-18,6
"2011",137,"LUR",2010-11-18,5.9
"2012",137,"LUR",2010-11-18,5.8
"2010",273,"LUR",2010-11-18,5.2
"2011",273,"LUR",2010-11-18,4.6
"2012",273,"LUR",2010-11-18,4.1
"2010",138,"LUR",2010-11-18,4.1
"2011",138,"LUR",2010-11-18,4.4
"2012",138,"LUR",2010-11-18,4.3
"2010",196,"LUR",2010-11-18,6.5
"2011",196,"LUR",2010-11-18,5.9
"2012",196,"LUR",2010-11-18,5.3
"2010",142,"LUR",2010-11-18,3.6
"2011",142,"LUR",2010-11-18,3.9
"2012",142,"LUR",2010-11-18,3.5
"2010",964,"LUR",2010-11-18,9.6
"2011",964,"LUR",2010-11-18,8.9
"2012",964,"LUR",2010-11-18,7.8
"2010",182,"LUR",2010-11-18,10.7
"2011",182,"LUR",2010-11-18,11.4
"2012",182,"LUR",2010-11-18,11.1
"2010",936,"LUR",2010-11-18,14.1
"2011",936,"LUR",2010-11-18,13.4
"2012",936,"LUR",2010-11-18,12.5
"2010",961,"LUR",2010-11-18,7.2
"2011",961,"LUR",2010-11-18,7.6
"2012",961,"LUR",2010-11-18,7.4
"2010",184,"LUR",2010-11-18,19.8
"2011",184,"LUR",2010-11-18,19.1
"2012",184,"LUR",2010-11-18,17.4
"2010",144,"LUR",2010-11-18,8.4
"2011",144,"LUR",2010-11-18,8
"2012",144,"LUR",2010-11-18,7.5
"2010",146,"LUR",2010-11-18,4.4
"2011",146,"LUR",2010-11-18,4.3
"2012",146,"LUR",2010-11-18,4.1
"2010",186,"LUR",2010-11-18,12
"2011",186,"LUR",2010-11-18,11.7
"2012",186,"LUR",2010-11-18,11
"2010",112,"LUR",2010-11-18,7.9
"2011",112,"LUR",2010-11-18,7.8
"2012",112,"LUR",2010-11-18,7.6
"2010",111,"LUR",2010-11-18,9.7
"2011",111,"LUR",2010-11-18,9.5
"2012",111,"LUR",2010-11-18,8.7
"2010",163,"LUR",2010-11-18,9.9
"2011",163,"LUR",2010-11-18,9.6
"2012",163,"LUR",2010-11-18,9.2
"2010",193,"NGDP_RPCH",2010-11-18,3.3
"2011",193,"NGDP_RPCH",2010-11-18,3.6
"2012",193,"NGDP_RPCH",2010-11-18,4
"2010",122,"NGDP_RPCH",2010-11-18,2
"2011",122,"NGDP_RPCH",2010-11-18,2
"2012",122,"NGDP_RPCH",2010-11-18,2
"2010",124,"NGDP_RPCH",2010-11-18,2.1
"2011",124,"NGDP_RPCH",2010-11-18,1.8
"2012",124,"NGDP_RPCH",2010-11-18,1.8
"2010",156,"NGDP_RPCH",2010-11-18,3
"2011",156,"NGDP_RPCH",2010-11-18,2.3
"2012",156,"NGDP_RPCH",2010-11-18,3
"2010",228,"NGDP_RPCH",2010-11-18,5.2
"2011",228,"NGDP_RPCH",2010-11-18,6.2
"2012",228,"NGDP_RPCH",2010-11-18,5.4
"2010",935,"NGDP_RPCH",2010-11-18,2.4
"2011",935,"NGDP_RPCH",2010-11-18,2.8
"2012",935,"NGDP_RPCH",2010-11-18,3.2
"2010",128,"NGDP_RPCH",2010-11-18,2.2
"2011",128,"NGDP_RPCH",2010-11-18,1.6
"2012",128,"NGDP_RPCH",2010-11-18,2.1
"2010",172,"NGDP_RPCH",2010-11-18,2.7
"2011",172,"NGDP_RPCH",2010-11-18,3
"2012",172,"NGDP_RPCH",2010-11-18,3
"2010",132,"NGDP_RPCH",2010-11-18,1.6
"2011",132,"NGDP_RPCH",2010-11-18,1.6
"2012",132,"NGDP_RPCH",2010-11-18,2
"2010",134,"NGDP_RPCH",2010-11-18,3.5
"2011",134,"NGDP_RPCH",2010-11-18,2.5
"2012",134,"NGDP_RPCH",2010-11-18,2.2
"2010",174,"NGDP_RPCH",2010-11-18,-3.9
"2011",174,"NGDP_RPCH",2010-11-18,-2.7
"2012",174,"NGDP_RPCH",2010-11-18,0.5
"2010",944,"NGDP_RPCH",2010-11-18,1.1
"2011",944,"NGDP_RPCH",2010-11-18,2.5
"2012",944,"NGDP_RPCH",2010-11-18,3.1
"2010",176,"NGDP_RPCH",2010-11-18,-3.6
"2011",176,"NGDP_RPCH",2010-11-18,1.5
"2012",176,"NGDP_RPCH",2010-11-18,2.6
"2010",178,"NGDP_RPCH",2010-11-18,-0.3
"2011",178,"NGDP_RPCH",2010-11-18,1.5
"2012",178,"NGDP_RPCH",2010-11-18,2.5
"2010",436,"NGDP_RPCH",2010-11-18,3.9
"2011",436,"NGDP_RPCH",2010-11-18,4
"2012",436,"NGDP_RPCH",2010-11-18,4.3
"2010",136,"NGDP_RPCH",2010-11-18,1
"2011",136,"NGDP_RPCH",2010-11-18,1.3
"2012",136,"NGDP_RPCH",2010-11-18,1.6
"2010",158,"NGDP_RPCH",2010-11-18,3.7
"2011",158,"NGDP_RPCH",2010-11-18,1.7
"2012",158,"NGDP_RPCH",2010-11-18,1.3
"2010",542,"NGDP_RPCH",2010-11-18,6.2
"2011",542,"NGDP_RPCH",2010-11-18,4.3
"2012",542,"NGDP_RPCH",2010-11-18,4.8
"2010",137,"NGDP_RPCH",2010-11-18,3.3
"2011",137,"NGDP_RPCH",2010-11-18,3.3
"2012",137,"NGDP_RPCH",2010-11-18,3.2
"2010",273,"NGDP_RPCH",2010-11-18,5
"2011",273,"NGDP_RPCH",2010-11-18,3.5
"2012",273,"NGDP_RPCH",2010-11-18,4.2
"2010",138,"NGDP_RPCH",2010-11-18,1.7
"2011",138,"NGDP_RPCH",2010-11-18,1.7
"2012",138,"NGDP_RPCH",2010-11-18,1.8
"2010",196,"NGDP_RPCH",2010-11-18,2.2
"2011",196,"NGDP_RPCH",2010-11-18,2.7
"2012",196,"NGDP_RPCH",2010-11-18,2.5
"2010",142,"NGDP_RPCH",2010-11-18,0.5
"2011",142,"NGDP_RPCH",2010-11-18,1.8
"2012",142,"NGDP_RPCH",2010-11-18,2.3
"2010",964,"NGDP_RPCH",2010-11-18,3.5
"2011",964,"NGDP_RPCH",2010-11-18,4
"2012",964,"NGDP_RPCH",2010-11-18,4.3
"2010",182,"NGDP_RPCH",2010-11-18,1.5
"2011",182,"NGDP_RPCH",2010-11-18,-0.2
"2012",182,"NGDP_RPCH",2010-11-18,1.8
"2010",936,"NGDP_RPCH",2010-11-18,4.1
"2011",936,"NGDP_RPCH",2010-11-18,3.5
"2012",936,"NGDP_RPCH",2010-11-18,4.4
"2010",961,"NGDP_RPCH",2010-11-18,1.1
"2011",961,"NGDP_RPCH",2010-11-18,2
"2012",961,"NGDP_RPCH",2010-11-18,2.7
"2010",184,"NGDP_RPCH",2010-11-18,-0.2
"2011",184,"NGDP_RPCH",2010-11-18,0.9
"2012",184,"NGDP_RPCH",2010-11-18,1.8
"2010",144,"NGDP_RPCH",2010-11-18,4.4
"2011",144,"NGDP_RPCH",2010-11-18,3.3
"2012",144,"NGDP_RPCH",2010-11-18,3.4
"2010",146,"NGDP_RPCH",2010-11-18,2.7
"2011",146,"NGDP_RPCH",2010-11-18,2.2
"2012",146,"NGDP_RPCH",2010-11-18,2.5
"2010",186,"NGDP_RPCH",2010-11-18,8.2
"2011",186,"NGDP_RPCH",2010-11-18,5.3
"2012",186,"NGDP_RPCH",2010-11-18,5.4
"2010",112,"NGDP_RPCH",2010-11-18,1.8
"2011",112,"NGDP_RPCH",2010-11-18,1.7
"2012",112,"NGDP_RPCH",2010-11-18,2
"2010",111,"NGDP_RPCH",2010-11-18,2.7
"2011",111,"NGDP_RPCH",2010-11-18,2.2
"2012",111,"NGDP_RPCH",2010-11-18,3.1
"2010",163,"NGDP_RPCH",2010-11-18,1.7
"2011",163,"NGDP_RPCH",2010-11-18,1.7
"2012",163,"NGDP_RPCH",2010-11-18,2
"2010",193,"PCPIPCH",2010-11-18,2.9
"2011",193,"PCPIPCH",2010-11-18,2.8
"2012",193,"PCPIPCH",2010-11-18,2.9
"2010",122,"PCPIPCH",2010-11-18,1.6
"2011",122,"PCPIPCH",2010-11-18,1.8
"2012",122,"PCPIPCH",2010-11-18,1.9
"2010",124,"PCPIPCH",2010-11-18,2.1
"2011",124,"PCPIPCH",2010-11-18,1.6
"2012",124,"PCPIPCH",2010-11-18,1.8
"2010",156,"PCPIPCH",2010-11-18,1.6
"2011",156,"PCPIPCH",2010-11-18,1.7
"2012",156,"PCPIPCH",2010-11-18,1.5
"2010",228,"PCPIPCH",2010-11-18,1.6
"2011",228,"PCPIPCH",2010-11-18,3.8
"2012",228,"PCPIPCH",2010-11-18,3.1
"2010",935,"PCPIPCH",2010-11-18,1.6
"2011",935,"PCPIPCH",2010-11-18,1.9
"2012",935,"PCPIPCH",2010-11-18,1.7
"2010",128,"PCPIPCH",2010-11-18,2.3
"2011",128,"PCPIPCH",2010-11-18,1.4
"2012",128,"PCPIPCH",2010-11-18,1.5
"2010",172,"PCPIPCH",2010-11-18,1.4
"2011",172,"PCPIPCH",2010-11-18,1.8
"2012",172,"PCPIPCH",2010-11-18,2
"2010",132,"PCPIPCH",2010-11-18,1.6
"2011",132,"PCPIPCH",2010-11-18,1.1
"2012",132,"PCPIPCH",2010-11-18,1.1
"2010",134,"PCPIPCH",2010-11-18,1
"2011",134,"PCPIPCH",2010-11-18,1.2
"2012",134,"PCPIPCH",2010-11-18,1.4
"2010",174,"PCPIPCH",2010-11-18,4.7
"2011",174,"PCPIPCH",2010-11-18,2.5
"2012",174,"PCPIPCH",2010-11-18,0.7
"2010",944,"PCPIPCH",2010-11-18,4.9
"2011",944,"PCPIPCH",2010-11-18,2.9
"2012",944,"PCPIPCH",2010-11-18,3.1
"2010",176,"PCPIPCH",2010-11-18,5.3
"2011",176,"PCPIPCH",2010-11-18,1.8
"2012",176,"PCPIPCH",2010-11-18,1.6
"2010",178,"PCPIPCH",2010-11-18,-1.6
"2011",178,"PCPIPCH",2010-11-18,0.9
"2012",178,"PCPIPCH",2010-11-18,1.2
"2010",436,"PCPIPCH",2010-11-18,2.6
"2011",436,"PCPIPCH",2010-11-18,2.5
"2012",436,"PCPIPCH",2010-11-18,2.7
"2010",136,"PCPIPCH",2010-11-18,1.5
"2011",136,"PCPIPCH",2010-11-18,1.4
"2012",136,"PCPIPCH",2010-11-18,1.4
"2010",158,"PCPIPCH",2010-11-18,-0.9
"2011",158,"PCPIPCH",2010-11-18,-0.8
"2012",158,"PCPIPCH",2010-11-18,-0.5
"2010",542,"PCPIPCH",2010-11-18,2.8
"2011",542,"PCPIPCH",2010-11-18,3.2
"2012",542,"PCPIPCH",2010-11-18,3.4
"2010",137,"PCPIPCH",2010-11-18,2.6
"2011",137,"PCPIPCH",2010-11-18,1.8
"2012",137,"PCPIPCH",2010-11-18,2.2
"2010",273,"PCPIPCH",2010-11-18,4.1
"2011",273,"PCPIPCH",2010-11-18,3.8
"2012",273,"PCPIPCH",2010-11-18,3.5
"2010",138,"PCPIPCH",2010-11-18,0.8
"2011",138,"PCPIPCH",2010-11-18,1.4
"2012",138,"PCPIPCH",2010-11-18,1.4
"2010",196,"PCPIPCH",2010-11-18,2.4
"2011",196,"PCPIPCH",2010-11-18,4.3
"2012",196,"PCPIPCH",2010-11-18,2.3
"2010",142,"PCPIPCH",2010-11-18,2.4
"2011",142,"PCPIPCH",2010-11-18,1.5
"2012",142,"PCPIPCH",2010-11-18,2.5
"2010",964,"PCPIPCH",2010-11-18,2.4
"2011",964,"PCPIPCH",2010-11-18,2.5
"2012",964,"PCPIPCH",2010-11-18,3.1
"2010",182,"PCPIPCH",2010-11-18,1.4
"2011",182,"PCPIPCH",2010-11-18,2.3
"2012",182,"PCPIPCH",2010-11-18,1.3
"2010",936,"PCPIPCH",2010-11-18,0.8
"2011",936,"PCPIPCH",2010-11-18,3.4
"2012",936,"PCPIPCH",2010-11-18,2.9
"2010",961,"PCPIPCH",2010-11-18,2.1
"2011",961,"PCPIPCH",2010-11-18,1.9
"2012",961,"PCPIPCH",2010-11-18,2.2
"2010",184,"PCPIPCH",2010-11-18,1.5
"2011",184,"PCPIPCH",2010-11-18,0.9
"2012",184,"PCPIPCH",2010-11-18,0.3
"2010",144,"PCPIPCH",2010-11-18,1.1
"2011",144,"PCPIPCH",2010-11-18,1.5
"2012",144,"PCPIPCH",2010-11-18,2.3
"2010",146,"PCPIPCH",2010-11-18,0.5
"2011",146,"PCPIPCH",2010-11-18,0.1
"2012",146,"PCPIPCH",2010-11-18,1.1
"2010",186,"PCPIPCH",2010-11-18,8.5
"2011",186,"PCPIPCH",2010-11-18,6.9
"2012",186,"PCPIPCH",2010-11-18,6.4
"2010",112,"PCPIPCH",2010-11-18,3.1
"2011",112,"PCPIPCH",2010-11-18,2.6
"2012",112,"PCPIPCH",2010-11-18,1.6
"2010",111,"PCPIPCH",2010-11-18,1.6
"2011",111,"PCPIPCH",2010-11-18,1.1
"2012",111,"PCPIPCH",2010-11-18,1.1
"2010",163,"PCPIPCH",2010-11-18,1.5
"2011",163,"PCPIPCH",2010-11-18,1.3
"2012",163,"PCPIPCH",2010-11-18,1.2
"2011",193,"LUR",2011-05-25,5
"2012",193,"LUR",2011-05-25,4.9
"2011",122,"LUR",2011-05-25,4.2
"2012",122,"LUR",2011-05-25,4
"2011",124,"LUR",2011-05-25,7.6
"2012",124,"LUR",2011-05-25,7.3
"2011",156,"LUR",2011-05-25,7.5
"2012",156,"LUR",2011-05-25,7
"2011",228,"LUR",2011-05-25,7.3
"2012",228,"LUR",2011-05-25,7.2
"2011",935,"LUR",2011-05-25,6.6
"2012",935,"LUR",2011-05-25,6.3
"2011",128,"LUR",2011-05-25,7.2
"2012",128,"LUR",2011-05-25,6.4
"2011",939,"LUR",2011-05-25,14.2
"2012",939,"LUR",2011-05-25,13
"2011",172,"LUR",2011-05-25,7.9
"2012",172,"LUR",2011-05-25,7.1
"2011",132,"LUR",2011-05-25,9
"2012",132,"LUR",2011-05-25,8.7
"2011",134,"LUR",2011-05-25,6
"2012",134,"LUR",2011-05-25,5.4
"2011",174,"LUR",2011-05-25,16
"2012",174,"LUR",2011-05-25,16.4
"2011",944,"LUR",2011-05-25,11.5
"2012",944,"LUR",2011-05-25,11
"2011",176,"LUR",2011-05-25,7
"2012",176,"LUR",2011-05-25,5.8
"2011",178,"LUR",2011-05-25,14.7
"2012",178,"LUR",2011-05-25,14.6
"2011",436,"LUR",2011-05-25,6.2
"2012",436,"LUR",2011-05-25,5.7
"2011",136,"LUR",2011-05-25,8.4
"2012",136,"LUR",2011-05-25,8.1
"2011",158,"LUR",2011-05-25,4.8
"2012",158,"LUR",2011-05-25,4.6
"2011",542,"LUR",2011-05-25,3.5
"2012",542,"LUR",2011-05-25,3.4
"2011",137,"LUR",2011-05-25,5.4
"2012",137,"LUR",2011-05-25,4.8
"2011",273,"LUR",2011-05-25,4.6
"2012",273,"LUR",2011-05-25,3.9
"2011",138,"LUR",2011-05-25,4.2
"2012",138,"LUR",2011-05-25,4
"2011",196,"LUR",2011-05-25,6.9
"2012",196,"LUR",2011-05-25,6
"2011",142,"LUR",2011-05-25,3.4
"2012",142,"LUR",2011-05-25,3.2
"2011",964,"LUR",2011-05-25,9.4
"2012",964,"LUR",2011-05-25,8.5
"2011",182,"LUR",2011-05-25,11.7
"2012",182,"LUR",2011-05-25,12.7
"2011",936,"LUR",2011-05-25,13.8
"2012",936,"LUR",2011-05-25,12.8
"2011",961,"LUR",2011-05-25,7.7
"2012",961,"LUR",2011-05-25,7.5
"2011",184,"LUR",2011-05-25,20.3
"2012",184,"LUR",2011-05-25,19.3
"2011",144,"LUR",2011-05-25,7.5
"2012",144,"LUR",2011-05-25,7
"2011",146,"LUR",2011-05-25,4.1
"2012",146,"LUR",2011-05-25,3.9
"2011",186,"LUR",2011-05-25,10.6
"2012",186,"LUR",2011-05-25,10.4
"2011",112,"LUR",2011-05-25,8.1
"2012",112,"LUR",2011-05-25,8.3
"2011",111,"LUR",2011-05-25,8.8
"2012",111,"LUR",2011-05-25,7.9
"2011",163,"LUR",2011-05-25,9.7
"2012",163,"LUR",2011-05-25,9.3
"2011",193,"NGDP_RPCH",2011-05-25,2.9
"2012",193,"NGDP_RPCH",2011-05-25,4.5
"2011",122,"NGDP_RPCH",2011-05-25,2.9
"2012",122,"NGDP_RPCH",2011-05-25,2.1
"2011",124,"NGDP_RPCH",2011-05-25,2.4
"2012",124,"NGDP_RPCH",2011-05-25,2
"2011",156,"NGDP_RPCH",2011-05-25,3
"2012",156,"NGDP_RPCH",2011-05-25,2.8
"2011",228,"NGDP_RPCH",2011-05-25,6.5
"2012",228,"NGDP_RPCH",2011-05-25,5.1
"2011",935,"NGDP_RPCH",2011-05-25,2.4
"2012",935,"NGDP_RPCH",2011-05-25,3.5
"2011",128,"NGDP_RPCH",2011-05-25,1.9
"2012",128,"NGDP_RPCH",2011-05-25,2.1
"2011",939,"NGDP_RPCH",2011-05-25,5.9
"2012",939,"NGDP_RPCH",2011-05-25,4.7
"2011",172,"NGDP_RPCH",2011-05-25,3.8
"2012",172,"NGDP_RPCH",2011-05-25,2.8
"2011",132,"NGDP_RPCH",2011-05-25,2.2
"2012",132,"NGDP_RPCH",2011-05-25,2.1
"2011",134,"NGDP_RPCH",2011-05-25,3.4
"2012",134,"NGDP_RPCH",2011-05-25,2.5
"2011",174,"NGDP_RPCH",2011-05-25,-2.9
"2012",174,"NGDP_RPCH",2011-05-25,0.6
"2011",944,"NGDP_RPCH",2011-05-25,2.7
"2012",944,"NGDP_RPCH",2011-05-25,3.1
"2011",176,"NGDP_RPCH",2011-05-25,2.2
"2012",176,"NGDP_RPCH",2011-05-25,2.9
"2011",178,"NGDP_RPCH",2011-05-25,0
"2012",178,"NGDP_RPCH",2011-05-25,2.3
"2011",436,"NGDP_RPCH",2011-05-25,5.4
"2012",436,"NGDP_RPCH",2011-05-25,4.7
"2011",136,"NGDP_RPCH",2011-05-25,1.1
"2012",136,"NGDP_RPCH",2011-05-25,1.6
"2011",158,"NGDP_RPCH",2011-05-25,-0.9
"2012",158,"NGDP_RPCH",2011-05-25,2.2
"2011",542,"NGDP_RPCH",2011-05-25,4.6
"2012",542,"NGDP_RPCH",2011-05-25,4.5
"2011",137,"NGDP_RPCH",2011-05-25,3.2
"2012",137,"NGDP_RPCH",2011-05-25,3.9
"2011",273,"NGDP_RPCH",2011-05-25,4.4
"2012",273,"NGDP_RPCH",2011-05-25,3.8
"2011",138,"NGDP_RPCH",2011-05-25,2.3
"2012",138,"NGDP_RPCH",2011-05-25,1.9
"2011",196,"NGDP_RPCH",2011-05-25,0.8
"2012",196,"NGDP_RPCH",2011-05-25,4.1
"2011",142,"NGDP_RPCH",2011-05-25,2.5
"2012",142,"NGDP_RPCH",2011-05-25,3
"2011",964,"NGDP_RPCH",2011-05-25,3.9
"2012",964,"NGDP_RPCH",2011-05-25,3.8
"2011",182,"NGDP_RPCH",2011-05-25,-2.1
"2012",182,"NGDP_RPCH",2011-05-25,-1.5
"2011",936,"NGDP_RPCH",2011-05-25,3.6
"2012",936,"NGDP_RPCH",2011-05-25,4.4
"2011",961,"NGDP_RPCH",2011-05-25,1.8
"2012",961,"NGDP_RPCH",2011-05-25,2.6
"2011",184,"NGDP_RPCH",2011-05-25,0.9
"2012",184,"NGDP_RPCH",2011-05-25,1.6
"2011",144,"NGDP_RPCH",2011-05-25,4.5
"2012",144,"NGDP_RPCH",2011-05-25,3.1
"2011",146,"NGDP_RPCH",2011-05-25,2.7
"2012",146,"NGDP_RPCH",2011-05-25,2.5
"2011",186,"NGDP_RPCH",2011-05-25,6.5
"2012",186,"NGDP_RPCH",2011-05-25,5.3
"2011",112,"NGDP_RPCH",2011-05-25,1.4
"2012",112,"NGDP_RPCH",2011-05-25,1.8
"2011",111,"NGDP_RPCH",2011-05-25,2.6
"2012",111,"NGDP_RPCH",2011-05-25,3.1
"2011",163,"NGDP_RPCH",2011-05-25,2
"2012",163,"NGDP_RPCH",2011-05-25,2
"2011",193,"PCPIPCH",2011-05-25,3.4
"2012",193,"PCPIPCH",2011-05-25,2.5
"2011",122,"PCPIPCH",2011-05-25,3.1
"2012",122,"PCPIPCH",2011-05-25,1.8
"2011",124,"PCPIPCH",2011-05-25,3.6
"2012",124,"PCPIPCH",2011-05-25,2.4
"2011",156,"PCPIPCH",2011-05-25,2.9
"2012",156,"PCPIPCH",2011-05-25,1.6
"2011",228,"PCPIPCH",2011-05-25,3.9
"2012",228,"PCPIPCH",2011-05-25,3.9
"2011",935,"PCPIPCH",2011-05-25,2.2
"2012",935,"PCPIPCH",2011-05-25,3.1
"2011",128,"PCPIPCH",2011-05-25,2.6
"2012",128,"PCPIPCH",2011-05-25,1.7
"2011",939,"PCPIPCH",2011-05-25,4.6
"2012",939,"PCPIPCH",2011-05-25,3
"2011",172,"PCPIPCH",2011-05-25,3.2
"2012",172,"PCPIPCH",2011-05-25,1.6
"2011",132,"PCPIPCH",2011-05-25,2.4
"2012",132,"PCPIPCH",2011-05-25,1.6
"2011",134,"PCPIPCH",2011-05-25,2.6
"2012",134,"PCPIPCH",2011-05-25,1.7
"2011",174,"PCPIPCH",2011-05-25,2.9
"2012",174,"PCPIPCH",2011-05-25,0.7
"2011",944,"PCPIPCH",2011-05-25,4
"2012",944,"PCPIPCH",2011-05-25,3.3
"2011",176,"PCPIPCH",2011-05-25,2.7
"2012",176,"PCPIPCH",2011-05-25,2.6
"2011",178,"PCPIPCH",2011-05-25,1.3
"2012",178,"PCPIPCH",2011-05-25,0.4
"2011",436,"PCPIPCH",2011-05-25,3.7
"2012",436,"PCPIPCH",2011-05-25,3.4
"2011",136,"PCPIPCH",2011-05-25,2.4
"2012",136,"PCPIPCH",2011-05-25,1.7
"2011",158,"PCPIPCH",2011-05-25,0.3
"2012",158,"PCPIPCH",2011-05-25,-0.2
"2011",542,"PCPIPCH",2011-05-25,4.2
"2012",542,"PCPIPCH",2011-05-25,3.5
"2011",137,"PCPIPCH",2011-05-25,4.2
"2012",137,"PCPIPCH",2011-05-25,2.3
"2011",273,"PCPIPCH",2011-05-25,4.3
"2012",273,"PCPIPCH",2011-05-25,3.7
"2011",138,"PCPIPCH",2011-05-25,2.2
"2012",138,"PCPIPCH",2011-05-25,1.9
"2011",196,"PCPIPCH",2011-05-25,4.6
"2012",196,"PCPIPCH",2011-05-25,2.8
"2011",142,"PCPIPCH",2011-05-25,1.7
"2012",142,"PCPIPCH",2011-05-25,2
"2011",964,"PCPIPCH",2011-05-25,4.2
"2012",964,"PCPIPCH",2011-05-25,3.1
"2011",182,"PCPIPCH",2011-05-25,3.3
"2012",182,"PCPIPCH",2011-05-25,1.3
"2011",936,"PCPIPCH",2011-05-25,3.9
"2012",936,"PCPIPCH",2011-05-25,2.9
"2011",961,"PCPIPCH",2011-05-25,2.5
"2012",961,"PCPIPCH",2011-05-25,2.2
"2011",184,"PCPIPCH",2011-05-25,2.9
"2012",184,"PCPIPCH",2011-05-25,0.9
"2011",144,"PCPIPCH",2011-05-25,2.9
"2012",144,"PCPIPCH",2011-05-25,2.4
"2011",146,"PCPIPCH",2011-05-25,0.7
"2012",146,"PCPIPCH",2011-05-25,1.1
"2011",186,"PCPIPCH",2011-05-25,5.7
"2012",186,"PCPIPCH",2011-05-25,6.1
"2011",112,"PCPIPCH",2011-05-25,4.2
"2012",112,"PCPIPCH",2011-05-25,2.1
"2011",111,"PCPIPCH",2011-05-25,2.6
"2012",111,"PCPIPCH",2011-05-25,1.5
"2011",163,"PCPIPCH",2011-05-25,2.6
"2012",163,"PCPIPCH",2011-05-25,1.6
"2011",193,"LUR",2011-11-28,5
"2012",193,"LUR",2011-11-28,5.3
"2013",193,"LUR",2011-11-28,5.2
"2011",122,"LUR",2011-11-28,4.2
"2012",122,"LUR",2011-11-28,4.4
"2013",122,"LUR",2011-11-28,4.4
"2011",124,"LUR",2011-11-28,7
"2012",124,"LUR",2011-11-28,7.3
"2013",124,"LUR",2011-11-28,7.6
"2011",156,"LUR",2011-11-28,7.4
"2012",156,"LUR",2011-11-28,7.3
"2013",156,"LUR",2011-11-28,7.2
"2011",228,"LUR",2011-11-28,7
"2012",228,"LUR",2011-11-28,7.3
"2013",228,"LUR",2011-11-28,7.1
"2011",935,"LUR",2011-11-28,6.9
"2012",935,"LUR",2011-11-28,6.7
"2013",935,"LUR",2011-11-28,6.4
"2011",128,"LUR",2011-11-28,7.2
"2012",128,"LUR",2011-11-28,7.2
"2013",128,"LUR",2011-11-28,7
"2011",939,"LUR",2011-11-28,12.3
"2012",939,"LUR",2011-11-28,10.8
"2013",939,"LUR",2011-11-28,10
"2011",172,"LUR",2011-11-28,7.9
"2012",172,"LUR",2011-11-28,8
"2013",172,"LUR",2011-11-28,7.7
"2011",132,"LUR",2011-11-28,9.2
"2012",132,"LUR",2011-11-28,9.7
"2013",132,"LUR",2011-11-28,9.8
"2011",134,"LUR",2011-11-28,5.9
"2012",134,"LUR",2011-11-28,5.7
"2013",134,"LUR",2011-11-28,5.5
"2011",174,"LUR",2011-11-28,16.6
"2012",174,"LUR",2011-11-28,18.5
"2013",174,"LUR",2011-11-28,18.7
"2011",944,"LUR",2011-11-28,11
"2012",944,"LUR",2011-11-28,11.9
"2013",944,"LUR",2011-11-28,11.8
"2011",176,"LUR",2011-11-28,7
"2012",176,"LUR",2011-11-28,6.1
"2013",176,"LUR",2011-11-28,5.3
"2011",178,"LUR",2011-11-28,14.1
"2012",178,"LUR",2011-11-28,14.1
"2013",178,"LUR",2011-11-28,13.7
"2011",436,"LUR",2011-11-28,5.6
"2012",436,"LUR",2011-11-28,6
"2013",436,"LUR",2011-11-28,5.8
"2011",136,"LUR",2011-11-28,8.1
"2012",136,"LUR",2011-11-28,8.3
"2013",136,"LUR",2011-11-28,8.6
"2011",158,"LUR",2011-11-28,4.6
"2012",158,"LUR",2011-11-28,4.5
"2013",158,"LUR",2011-11-28,4.4
"2011",542,"LUR",2011-11-28,3.4
"2012",542,"LUR",2011-11-28,3.4
"2013",542,"LUR",2011-11-28,3.4
"2011",137,"LUR",2011-11-28,6
"2012",137,"LUR",2011-11-28,6.3
"2013",137,"LUR",2011-11-28,6
"2011",273,"LUR",2011-11-28,5.3
"2012",273,"LUR",2011-11-28,4.9
"2013",273,"LUR",2011-11-28,4.5
"2011",138,"LUR",2011-11-28,4.3
"2012",138,"LUR",2011-11-28,4.5
"2013",138,"LUR",2011-11-28,4.2
"2011",196,"LUR",2011-11-28,6.6
"2012",196,"LUR",2011-11-28,6.2
"2013",196,"LUR",2011-11-28,5.3
"2011",142,"LUR",2011-11-28,3.2
"2012",142,"LUR",2011-11-28,3.2
"2013",142,"LUR",2011-11-28,3.2
"2011",964,"LUR",2011-11-28,9.6
"2012",964,"LUR",2011-11-28,9.9
"2013",964,"LUR",2011-11-28,10.2
"2011",182,"LUR",2011-11-28,12.5
"2012",182,"LUR",2011-11-28,13.8
"2013",182,"LUR",2011-11-28,14.2
"2011",936,"LUR",2011-11-28,13.4
"2012",936,"LUR",2011-11-28,13.2
"2013",936,"LUR",2011-11-28,12.3
"2011",961,"LUR",2011-11-28,8.1
"2012",961,"LUR",2011-11-28,8.5
"2013",961,"LUR",2011-11-28,8.2
"2011",184,"LUR",2011-11-28,21.5
"2012",184,"LUR",2011-11-28,22.9
"2013",184,"LUR",2011-11-28,22.7
"2011",144,"LUR",2011-11-28,7.5
"2012",144,"LUR",2011-11-28,7.5
"2013",144,"LUR",2011-11-28,7
"2011",146,"LUR",2011-11-28,4
"2012",146,"LUR",2011-11-28,4.3
"2013",146,"LUR",2011-11-28,4
"2011",186,"LUR",2011-11-28,10.1
"2012",186,"LUR",2011-11-28,10.7
"2013",186,"LUR",2011-11-28,10.4
"2011",112,"LUR",2011-11-28,8.1
"2012",112,"LUR",2011-11-28,8.8
"2013",112,"LUR",2011-11-28,9.1
"2011",111,"LUR",2011-11-28,9
"2012",111,"LUR",2011-11-28,8.9
"2013",111,"LUR",2011-11-28,8.6
"2011",163,"LUR",2011-11-28,9.9
"2012",163,"LUR",2011-11-28,10.3
"2013",163,"LUR",2011-11-28,10.3
"2011",193,"NGDP_RPCH",2011-11-28,1.8
"2012",193,"NGDP_RPCH",2011-11-28,4
"2013",193,"NGDP_RPCH",2011-11-28,3.2
"2011",122,"NGDP_RPCH",2011-11-28,3.2
"2012",122,"NGDP_RPCH",2011-11-28,0.6
"2013",122,"NGDP_RPCH",2011-11-28,1.8
"2011",124,"NGDP_RPCH",2011-11-28,2
"2012",124,"NGDP_RPCH",2011-11-28,0.5
"2013",124,"NGDP_RPCH",2011-11-28,1.6
"2011",156,"NGDP_RPCH",2011-11-28,2.2
"2012",156,"NGDP_RPCH",2011-11-28,1.9
"2013",156,"NGDP_RPCH",2011-11-28,2.5
"2011",228,"NGDP_RPCH",2011-11-28,6.6
"2012",228,"NGDP_RPCH",2011-11-28,4
"2013",228,"NGDP_RPCH",2011-11-28,4.7
"2011",935,"NGDP_RPCH",2011-11-28,2.1
"2012",935,"NGDP_RPCH",2011-11-28,1.6
"2013",935,"NGDP_RPCH",2011-11-28,3
"2011",128,"NGDP_RPCH",2011-11-28,1.1
"2012",128,"NGDP_RPCH",2011-11-28,0.7
"2013",128,"NGDP_RPCH",2011-11-28,1.4
"2011",939,"NGDP_RPCH",2011-11-28,8
"2012",939,"NGDP_RPCH",2011-11-28,3.2
"2013",939,"NGDP_RPCH",2011-11-28,4.4
"2011",172,"NGDP_RPCH",2011-11-28,3
"2012",172,"NGDP_RPCH",2011-11-28,1.4
"2013",172,"NGDP_RPCH",2011-11-28,2
"2011",132,"NGDP_RPCH",2011-11-28,1.6
"2012",132,"NGDP_RPCH",2011-11-28,0.3
"2013",132,"NGDP_RPCH",2011-11-28,1.4
"2011",134,"NGDP_RPCH",2011-11-28,3
"2012",134,"NGDP_RPCH",2011-11-28,0.6
"2013",134,"NGDP_RPCH",2011-11-28,1.9
"2011",174,"NGDP_RPCH",2011-11-28,-6.1
"2012",174,"NGDP_RPCH",2011-11-28,-3
"2013",174,"NGDP_RPCH",2011-11-28,0.5
"2011",944,"NGDP_RPCH",2011-11-28,1.5
"2012",944,"NGDP_RPCH",2011-11-28,-0.6
"2013",944,"NGDP_RPCH",2011-11-28,1.1
"2011",176,"NGDP_RPCH",2011-11-28,2.9
"2012",176,"NGDP_RPCH",2011-11-28,2.4
"2013",176,"NGDP_RPCH",2011-11-28,2.4
"2011",178,"NGDP_RPCH",2011-11-28,1.2
"2012",178,"NGDP_RPCH",2011-11-28,1
"2013",178,"NGDP_RPCH",2011-11-28,2.4
"2011",436,"NGDP_RPCH",2011-11-28,4.7
"2012",436,"NGDP_RPCH",2011-11-28,2.9
"2013",436,"NGDP_RPCH",2011-11-28,3.9
"2011",136,"NGDP_RPCH",2011-11-28,0.7
"2012",136,"NGDP_RPCH",2011-11-28,-0.5
"2013",136,"NGDP_RPCH",2011-11-28,0.5
"2011",158,"NGDP_RPCH",2011-11-28,-0.3
"2012",158,"NGDP_RPCH",2011-11-28,2
"2013",158,"NGDP_RPCH",2011-11-28,1.6
"2011",542,"NGDP_RPCH",2011-11-28,3.7
"2012",542,"NGDP_RPCH",2011-11-28,3.8
"2013",542,"NGDP_RPCH",2011-11-28,4.3
"2011",137,"NGDP_RPCH",2011-11-28,2
"2012",137,"NGDP_RPCH",2011-11-28,0.4
"2013",137,"NGDP_RPCH",2011-11-28,2.2
"2011",273,"NGDP_RPCH",2011-11-28,4
"2012",273,"NGDP_RPCH",2011-11-28,3.3
"2013",273,"NGDP_RPCH",2011-11-28,3.6
"2011",138,"NGDP_RPCH",2011-11-28,1.4
"2012",138,"NGDP_RPCH",2011-11-28,0.3
"2013",138,"NGDP_RPCH",2011-11-28,1.5
"2011",196,"NGDP_RPCH",2011-11-28,1.4
"2012",196,"NGDP_RPCH",2011-11-28,2.5
"2013",196,"NGDP_RPCH",2011-11-28,3
"2011",142,"NGDP_RPCH",2011-11-28,1.5
"2012",142,"NGDP_RPCH",2011-11-28,2
"2013",142,"NGDP_RPCH",2011-11-28,2.7
"2011",964,"NGDP_RPCH",2011-11-28,4.2
"2012",964,"NGDP_RPCH",2011-11-28,2.5
"2013",964,"NGDP_RPCH",2011-11-28,2.5
"2011",182,"NGDP_RPCH",2011-11-28,-1.6
"2012",182,"NGDP_RPCH",2011-11-28,-3.2
"2013",182,"NGDP_RPCH",2011-11-28,0.5
"2011",936,"NGDP_RPCH",2011-11-28,3
"2012",936,"NGDP_RPCH",2011-11-28,1.8
"2013",936,"NGDP_RPCH",2011-11-28,3.6
"2011",961,"NGDP_RPCH",2011-11-28,1
"2012",961,"NGDP_RPCH",2011-11-28,0.3
"2013",961,"NGDP_RPCH",2011-11-28,1.8
"2011",184,"NGDP_RPCH",2011-11-28,0.7
"2012",184,"NGDP_RPCH",2011-11-28,0.3
"2013",184,"NGDP_RPCH",2011-11-28,1.3
"2011",144,"NGDP_RPCH",2011-11-28,4.1
"2012",144,"NGDP_RPCH",2011-11-28,1.3
"2013",144,"NGDP_RPCH",2011-11-28,2.3
"2011",146,"NGDP_RPCH",2011-11-28,1.8
"2012",146,"NGDP_RPCH",2011-11-28,0.8
"2013",146,"NGDP_RPCH",2011-11-28,1.9
"2011",186,"NGDP_RPCH",2011-11-28,7.4
"2012",186,"NGDP_RPCH",2011-11-28,3
"2013",186,"NGDP_RPCH",2011-11-28,4.5
"2011",112,"NGDP_RPCH",2011-11-28,0.9
"2012",112,"NGDP_RPCH",2011-11-28,0.5
"2013",112,"NGDP_RPCH",2011-11-28,1.8
"2011",111,"NGDP_RPCH",2011-11-28,1.7
"2012",111,"NGDP_RPCH",2011-11-28,2
"2013",111,"NGDP_RPCH",2011-11-28,2.5
"2011",163,"NGDP_RPCH",2011-11-28,1.6
"2012",163,"NGDP_RPCH",2011-11-28,0.2
"2013",163,"NGDP_RPCH",2011-11-28,1.4
"2011",193,"PCPIPCH",2011-11-28,3.5
"2012",193,"PCPIPCH",2011-11-28,3
"2013",193,"PCPIPCH",2011-11-28,3.1
"2011",122,"PCPIPCH",2011-11-28,3.5
"2012",122,"PCPIPCH",2011-11-28,1.9
"2013",122,"PCPIPCH",2011-11-28,1.7
"2011",124,"PCPIPCH",2011-11-28,3.4
"2012",124,"PCPIPCH",2011-11-28,2.3
"2013",124,"PCPIPCH",2011-11-28,1.7
"2011",156,"PCPIPCH",2011-11-28,2.8
"2012",156,"PCPIPCH",2011-11-28,1.6
"2013",156,"PCPIPCH",2011-11-28,1.4
"2011",228,"PCPIPCH",2011-11-28,3.5
"2012",228,"PCPIPCH",2011-11-28,2.8
"2013",228,"PCPIPCH",2011-11-28,2.8
"2011",935,"PCPIPCH",2011-11-28,1.7
"2012",935,"PCPIPCH",2011-11-28,3.1
"2013",935,"PCPIPCH",2011-11-28,2
"2011",128,"PCPIPCH",2011-11-28,2.7
"2012",128,"PCPIPCH",2011-11-28,1.8
"2013",128,"PCPIPCH",2011-11-28,1.8
"2011",939,"PCPIPCH",2011-11-28,5.1
"2012",939,"PCPIPCH",2011-11-28,3.2
"2013",939,"PCPIPCH",2011-11-28,3.2
"2011",172,"PCPIPCH",2011-11-28,3.2
"2012",172,"PCPIPCH",2011-11-28,2.6
"2013",172,"PCPIPCH",2011-11-28,1.8
"2011",132,"PCPIPCH",2011-11-28,2.1
"2012",132,"PCPIPCH",2011-11-28,1.4
"2013",132,"PCPIPCH",2011-11-28,1.1
"2011",134,"PCPIPCH",2011-11-28,2.4
"2012",134,"PCPIPCH",2011-11-28,1.6
"2013",134,"PCPIPCH",2011-11-28,1.5
"2011",174,"PCPIPCH",2011-11-28,3
"2012",174,"PCPIPCH",2011-11-28,1.1
"2013",174,"PCPIPCH",2011-11-28,0.2
"2011",944,"PCPIPCH",2011-11-28,3.9
"2012",944,"PCPIPCH",2011-11-28,4.9
"2013",944,"PCPIPCH",2011-11-28,2.9
"2011",176,"PCPIPCH",2011-11-28,4
"2012",176,"PCPIPCH",2011-11-28,4.1
"2013",176,"PCPIPCH",2011-11-28,2.8
"2011",178,"PCPIPCH",2011-11-28,1.1
"2012",178,"PCPIPCH",2011-11-28,0.8
"2013",178,"PCPIPCH",2011-11-28,0.9
"2011",436,"PCPIPCH",2011-11-28,3.5
"2012",436,"PCPIPCH",2011-11-28,2
"2013",436,"PCPIPCH",2011-11-28,2.1
"2011",136,"PCPIPCH",2011-11-28,2.7
"2012",136,"PCPIPCH",2011-11-28,1.7
"2013",136,"PCPIPCH",2011-11-28,1.1
"2011",158,"PCPIPCH",2011-11-28,-0.3
"2012",158,"PCPIPCH",2011-11-28,-0.6
"2013",158,"PCPIPCH",2011-11-28,-0.3
"2011",542,"PCPIPCH",2011-11-28,4.4
"2012",542,"PCPIPCH",2011-11-28,3.6
"2013",542,"PCPIPCH",2011-11-28,3
"2011",137,"PCPIPCH",2011-11-28,3.5
"2012",137,"PCPIPCH",2011-11-28,1.6
"2013",137,"PCPIPCH",2011-11-28,2.3
"2011",273,"PCPIPCH",2011-11-28,3.4
"2012",273,"PCPIPCH",2011-11-28,3.5
"2013",273,"PCPIPCH",2011-11-28,3.4
"2011",138,"PCPIPCH",2011-11-28,2.5
"2012",138,"PCPIPCH",2011-11-28,2.2
"2013",138,"PCPIPCH",2011-11-28,1.8
"2011",196,"PCPIPCH",2011-11-28,4.2
"2012",196,"PCPIPCH",2011-11-28,2.6
"2013",196,"PCPIPCH",2011-11-28,2.7
"2011",142,"PCPIPCH",2011-11-28,1.5
"2012",142,"PCPIPCH",2011-11-28,1.9
"2013",142,"PCPIPCH",2011-11-28,1.8
"2011",964,"PCPIPCH",2011-11-28,4
"2012",964,"PCPIPCH",2011-11-28,2.5
"2013",964,"PCPIPCH",2011-11-28,2.5
"2011",182,"PCPIPCH",2011-11-28,3.5
"2012",182,"PCPIPCH",2011-11-28,2.6
"2013",182,"PCPIPCH",2011-11-28,1.1
"2011",936,"PCPIPCH",2011-11-28,4.1
"2012",936,"PCPIPCH",2011-11-28,2.9
"2013",936,"PCPIPCH",2011-11-28,2.8
"2011",961,"PCPIPCH",2011-11-28,1.8
"2012",961,"PCPIPCH",2011-11-28,1.3
"2013",961,"PCPIPCH",2011-11-28,1.7
"2011",184,"PCPIPCH",2011-11-28,3
"2012",184,"PCPIPCH",2011-11-28,1.4
"2013",184,"PCPIPCH",2011-11-28,0.9
"2011",144,"PCPIPCH",2011-11-28,2.9
"2012",144,"PCPIPCH",2011-11-28,1.1
"2013",144,"PCPIPCH",2011-11-28,1.4
"2011",146,"PCPIPCH",2011-11-28,0.4
"2012",146,"PCPIPCH",2011-11-28,0
"2013",146,"PCPIPCH",2011-11-28,0.3
"2011",186,"PCPIPCH",2011-11-28,6.2
"2012",186,"PCPIPCH",2011-11-28,7.9
"2013",186,"PCPIPCH",2011-11-28,6.5
"2011",112,"PCPIPCH",2011-11-28,4.5
"2012",112,"PCPIPCH",2011-11-28,2.7
"2013",112,"PCPIPCH",2011-11-28,1.3
"2011",111,"PCPIPCH",2011-11-28,3.2
"2012",111,"PCPIPCH",2011-11-28,2.4
"2013",111,"PCPIPCH",2011-11-28,1.4
"2011",163,"PCPIPCH",2011-11-28,2.6
"2012",163,"PCPIPCH",2011-11-28,1.6
"2013",163,"PCPIPCH",2011-11-28,1.2
"2012",193,"LUR",2012-05-22,5.4
"2013",193,"LUR",2012-05-22,5.7
"2012",122,"LUR",2012-05-22,4.6
"2013",122,"LUR",2012-05-22,4.8
"2012",124,"LUR",2012-05-22,7.5
"2013",124,"LUR",2012-05-22,7.8
"2012",156,"LUR",2012-05-22,6.9
"2013",156,"LUR",2012-05-22,6.6
"2012",228,"LUR",2012-05-22,7.2
"2013",228,"LUR",2012-05-22,7.2
"2012",935,"LUR",2012-05-22,7
"2013",935,"LUR",2012-05-22,6.9
"2012",128,"LUR",2012-05-22,7.6
"2013",128,"LUR",2012-05-22,7.5
"2012",939,"LUR",2012-05-22,11.4
"2013",939,"LUR",2012-05-22,10.4
"2012",172,"LUR",2012-05-22,7.9
"2013",172,"LUR",2012-05-22,7.8
"2012",132,"LUR",2012-05-22,9.8
"2013",132,"LUR",2012-05-22,10
"2012",134,"LUR",2012-05-22,5.4
"2013",134,"LUR",2012-05-22,5.2
"2012",174,"LUR",2012-05-22,21.2
"2013",174,"LUR",2012-05-22,21.6
"2012",944,"LUR",2012-05-22,12
"2013",944,"LUR",2012-05-22,12.2
"2012",176,"LUR",2012-05-22,5.8
"2013",176,"LUR",2012-05-22,5.1
"2012",178,"LUR",2012-05-22,14.5
"2013",178,"LUR",2012-05-22,14.4
"2012",436,"LUR",2012-05-22,6.9
"2013",436,"LUR",2012-05-22,6.7
"2012",136,"LUR",2012-05-22,9.4
"2013",136,"LUR",2012-05-22,9.9
"2012",158,"LUR",2012-05-22,4.5
"2013",158,"LUR",2012-05-22,4.4
"2012",542,"LUR",2012-05-22,3.5
"2013",542,"LUR",2012-05-22,3.5
"2012",137,"LUR",2012-05-22,6.3
"2013",137,"LUR",2012-05-22,6.6
"2012",273,"LUR",2012-05-22,5.1
"2013",273,"LUR",2012-05-22,4.9
"2012",138,"LUR",2012-05-22,5.3
"2013",138,"LUR",2012-05-22,5.7
"2012",196,"LUR",2012-05-22,6.5
"2013",196,"LUR",2012-05-22,6.1
"2012",142,"LUR",2012-05-22,3.3
"2013",142,"LUR",2012-05-22,3.2
"2012",964,"LUR",2012-05-22,10.3
"2013",964,"LUR",2012-05-22,10.6
"2012",182,"LUR",2012-05-22,15.4
"2013",182,"LUR",2012-05-22,16.2
"2012",936,"LUR",2012-05-22,14
"2013",936,"LUR",2012-05-22,13.5
"2012",961,"LUR",2012-05-22,8.8
"2013",961,"LUR",2012-05-22,9.2
"2012",184,"LUR",2012-05-22,24.5
"2013",184,"LUR",2012-05-22,25.3
"2012",144,"LUR",2012-05-22,7.6
"2013",144,"LUR",2012-05-22,7.6
"2012",146,"LUR",2012-05-22,3.9
"2013",146,"LUR",2012-05-22,3.7
"2012",186,"LUR",2012-05-22,9.5
"2013",186,"LUR",2012-05-22,9.1
"2012",112,"LUR",2012-05-22,8.6
"2013",112,"LUR",2012-05-22,9
"2012",111,"LUR",2012-05-22,8.1
"2013",111,"LUR",2012-05-22,7.6
"2012",163,"LUR",2012-05-22,10.8
"2013",163,"LUR",2012-05-22,11.1
"2012",193,"NGDP_RPCH",2012-05-22,3.1
"2013",193,"NGDP_RPCH",2012-05-22,3.7
"2012",122,"NGDP_RPCH",2012-05-22,0.8
"2013",122,"NGDP_RPCH",2012-05-22,1.6
"2012",124,"NGDP_RPCH",2012-05-22,0.4
"2013",124,"NGDP_RPCH",2012-05-22,1.3
"2012",156,"NGDP_RPCH",2012-05-22,2.2
"2013",156,"NGDP_RPCH",2012-05-22,2.6
"2012",228,"NGDP_RPCH",2012-05-22,4.4
"2013",228,"NGDP_RPCH",2012-05-22,5.1
"2012",935,"NGDP_RPCH",2012-05-22,-0.5
"2013",935,"NGDP_RPCH",2012-05-22,1.7
"2012",128,"NGDP_RPCH",2012-05-22,0.8
"2013",128,"NGDP_RPCH",2012-05-22,1.4
"2012",939,"NGDP_RPCH",2012-05-22,2.2
"2013",939,"NGDP_RPCH",2012-05-22,3.6
"2012",172,"NGDP_RPCH",2012-05-22,0.9
"2013",172,"NGDP_RPCH",2012-05-22,2
"2012",132,"NGDP_RPCH",2012-05-22,0.6
"2013",132,"NGDP_RPCH",2012-05-22,1.2
"2012",134,"NGDP_RPCH",2012-05-22,1.2
"2013",134,"NGDP_RPCH",2012-05-22,2
"2012",174,"NGDP_RPCH",2012-05-22,-5.3
"2013",174,"NGDP_RPCH",2012-05-22,-1.3
"2012",944,"NGDP_RPCH",2012-05-22,-1.5
"2013",944,"NGDP_RPCH",2012-05-22,1.1
"2012",176,"NGDP_RPCH",2012-05-22,3.1
"2013",176,"NGDP_RPCH",2012-05-22,2.7
"2012",178,"NGDP_RPCH",2012-05-22,0.6
"2013",178,"NGDP_RPCH",2012-05-22,2.1
"2012",436,"NGDP_RPCH",2012-05-22,3.2
"2013",436,"NGDP_RPCH",2012-05-22,3.6
"2012",136,"NGDP_RPCH",2012-05-22,-1.7
"2013",136,"NGDP_RPCH",2012-05-22,-0.4
"2012",158,"NGDP_RPCH",2012-05-22,2
"2013",158,"NGDP_RPCH",2012-05-22,1.5
"2012",542,"NGDP_RPCH",2012-05-22,3.3
"2013",542,"NGDP_RPCH",2012-05-22,4
"2012",137,"NGDP_RPCH",2012-05-22,0.6
"2013",137,"NGDP_RPCH",2012-05-22,2.2
"2012",273,"NGDP_RPCH",2012-05-22,3.6
"2013",273,"NGDP_RPCH",2012-05-22,3.8
"2012",138,"NGDP_RPCH",2012-05-22,-0.6
"2013",138,"NGDP_RPCH",2012-05-22,0.7
"2012",196,"NGDP_RPCH",2012-05-22,1.9
"2013",196,"NGDP_RPCH",2012-05-22,2.8
"2012",142,"NGDP_RPCH",2012-05-22,2.3
"2013",142,"NGDP_RPCH",2012-05-22,2.6
"2012",964,"NGDP_RPCH",2012-05-22,2.9
"2013",964,"NGDP_RPCH",2012-05-22,2.9
"2012",182,"NGDP_RPCH",2012-05-22,-3.2
"2013",182,"NGDP_RPCH",2012-05-22,-0.9
"2012",936,"NGDP_RPCH",2012-05-22,2.6
"2013",936,"NGDP_RPCH",2012-05-22,3
"2012",961,"NGDP_RPCH",2012-05-22,-2
"2013",961,"NGDP_RPCH",2012-05-22,-0.4
"2012",184,"NGDP_RPCH",2012-05-22,-1.6
"2013",184,"NGDP_RPCH",2012-05-22,-0.8
"2012",144,"NGDP_RPCH",2012-05-22,0.6
"2013",144,"NGDP_RPCH",2012-05-22,2.8
"2012",146,"NGDP_RPCH",2012-05-22,0.9
"2013",146,"NGDP_RPCH",2012-05-22,1.9
"2012",186,"NGDP_RPCH",2012-05-22,3.3
"2013",186,"NGDP_RPCH",2012-05-22,4.6
"2012",112,"NGDP_RPCH",2012-05-22,0.5
"2013",112,"NGDP_RPCH",2012-05-22,1.9
"2012",111,"NGDP_RPCH",2012-05-22,2.4
"2013",111,"NGDP_RPCH",2012-05-22,2.6
"2012",163,"NGDP_RPCH",2012-05-22,-0.1
"2013",163,"NGDP_RPCH",2012-05-22,0.9
"2012",193,"PCPIPCH",2012-05-22,1.8
"2013",193,"PCPIPCH",2012-05-22,2.8
"2012",122,"PCPIPCH",2012-05-22,2.3
"2013",122,"PCPIPCH",2012-05-22,1.8
"2012",124,"PCPIPCH",2012-05-22,2.9
"2013",124,"PCPIPCH",2012-05-22,1.9
"2012",156,"PCPIPCH",2012-05-22,2.3
"2013",156,"PCPIPCH",2012-05-22,2.2
"2012",228,"PCPIPCH",2012-05-22,3.7
"2013",228,"PCPIPCH",2012-05-22,2.9
"2012",935,"PCPIPCH",2012-05-22,3.9
"2013",935,"PCPIPCH",2012-05-22,2.1
"2012",128,"PCPIPCH",2012-05-22,2.7
"2013",128,"PCPIPCH",2012-05-22,1.9
"2012",939,"PCPIPCH",2012-05-22,3.9
"2013",939,"PCPIPCH",2012-05-22,3
"2012",172,"PCPIPCH",2012-05-22,3.2
"2013",172,"PCPIPCH",2012-05-22,2.4
"2012",132,"PCPIPCH",2012-05-22,2.4
"2013",132,"PCPIPCH",2012-05-22,1.8
"2012",134,"PCPIPCH",2012-05-22,2.3
"2013",134,"PCPIPCH",2012-05-22,2
"2012",174,"PCPIPCH",2012-05-22,0.8
"2013",174,"PCPIPCH",2012-05-22,-0.5
"2012",944,"PCPIPCH",2012-05-22,5.7
"2013",944,"PCPIPCH",2012-05-22,3.6
"2012",176,"PCPIPCH",2012-05-22,6
"2013",176,"PCPIPCH",2012-05-22,4.1
"2012",178,"PCPIPCH",2012-05-22,2
"2013",178,"PCPIPCH",2012-05-22,1.2
"2012",436,"PCPIPCH",2012-05-22,2.2
"2013",436,"PCPIPCH",2012-05-22,2.5
"2012",136,"PCPIPCH",2012-05-22,3.3
"2013",136,"PCPIPCH",2012-05-22,2.3
"2012",158,"PCPIPCH",2012-05-22,-0.2
"2013",158,"PCPIPCH",2012-05-22,-0.2
"2012",542,"PCPIPCH",2012-05-22,3
"2013",542,"PCPIPCH",2012-05-22,3
"2012",137,"PCPIPCH",2012-05-22,3.1
"2013",137,"PCPIPCH",2012-05-22,2.3
"2012",273,"PCPIPCH",2012-05-22,4
"2013",273,"PCPIPCH",2012-05-22,3.4
"2012",138,"PCPIPCH",2012-05-22,2.4
"2013",138,"PCPIPCH",2012-05-22,1.5
"2012",196,"PCPIPCH",2012-05-22,1.7
"2013",196,"PCPIPCH",2012-05-22,2.6
"2012",142,"PCPIPCH",2012-05-22,1.1
"2013",142,"PCPIPCH",2012-05-22,2.1
"2012",964,"PCPIPCH",2012-05-22,3.9
"2013",964,"PCPIPCH",2012-05-22,2.8
"2012",182,"PCPIPCH",2012-05-22,3.1
"2013",182,"PCPIPCH",2012-05-22,0.7
"2012",936,"PCPIPCH",2012-05-22,3.2
"2013",936,"PCPIPCH",2012-05-22,2.3
"2012",961,"PCPIPCH",2012-05-22,2.4
"2013",961,"PCPIPCH",2012-05-22,1.4
"2012",184,"PCPIPCH",2012-05-22,1.6
"2013",184,"PCPIPCH",2012-05-22,2.1
"2012",144,"PCPIPCH",2012-05-22,1.4
"2013",144,"PCPIPCH",2012-05-22,1.7
"2012",146,"PCPIPCH",2012-05-22,-0.5
"2013",146,"PCPIPCH",2012-05-22,0.1
"2012",186,"PCPIPCH",2012-05-22,9.2
"2013",186,"PCPIPCH",2012-05-22,7.2
"2012",112,"PCPIPCH",2012-05-22,2.6
"2013",112,"PCPIPCH",2012-05-22,1.9
"2012",111,"PCPIPCH",2012-05-22,2.3
"2013",111,"PCPIPCH",2012-05-22,1.9
"2012",163,"PCPIPCH",2012-05-22,2.4
"2013",163,"PCPIPCH",2012-05-22,1.9
"2012",193,"LUR",2012-11-27,5.2
"2013",193,"LUR",2012-11-27,5.5
"2014",193,"LUR",2012-11-27,5.5
"2012",122,"LUR",2012-11-27,4.4
"2013",122,"LUR",2012-11-27,4.7
"2014",122,"LUR",2012-11-27,4.7
"2012",124,"LUR",2012-11-27,7.4
"2013",124,"LUR",2012-11-27,7.7
"2014",124,"LUR",2012-11-27,7.7
"2012",156,"LUR",2012-11-27,7.3
"2013",156,"LUR",2012-11-27,7.2
"2014",156,"LUR",2012-11-27,6.9
"2012",228,"LUR",2012-11-27,6.5
"2013",228,"LUR",2012-11-27,6.8
"2014",228,"LUR",2012-11-27,6.8
"2012",935,"LUR",2012-11-27,6.9
"2013",935,"LUR",2012-11-27,7.2
"2014",935,"LUR",2012-11-27,7.1
"2012",128,"LUR",2012-11-27,7.5
"2013",128,"LUR",2012-11-27,7.4
"2014",128,"LUR",2012-11-27,7.3
"2012",939,"LUR",2012-11-27,9.9
"2013",939,"LUR",2012-11-27,9.1
"2014",939,"LUR",2012-11-27,8.7
"2012",172,"LUR",2012-11-27,7.7
"2013",172,"LUR",2012-11-27,8
"2014",172,"LUR",2012-11-27,7.8
"2012",132,"LUR",2012-11-27,9.9
"2013",132,"LUR",2012-11-27,10.7
"2014",132,"LUR",2012-11-27,10.9
"2012",134,"LUR",2012-11-27,5.3
"2013",134,"LUR",2012-11-27,5.5
"2014",134,"LUR",2012-11-27,5.6
"2012",174,"LUR",2012-11-27,23.6
"2013",174,"LUR",2012-11-27,26.7
"2014",174,"LUR",2012-11-27,27.2
"2012",944,"LUR",2012-11-27,11.1
"2013",944,"LUR",2012-11-27,11.1
"2014",944,"LUR",2012-11-27,10.8
"2012",176,"LUR",2012-11-27,6.1
"2013",176,"LUR",2012-11-27,5.4
"2014",176,"LUR",2012-11-27,5.1
"2012",178,"LUR",2012-11-27,14.8
"2013",178,"LUR",2012-11-27,14.7
"2014",178,"LUR",2012-11-27,14.6
"2012",436,"LUR",2012-11-27,6.9
"2013",436,"LUR",2012-11-27,7.4
"2014",436,"LUR",2012-11-27,6.9
"2012",136,"LUR",2012-11-27,10.6
"2013",136,"LUR",2012-11-27,11.4
"2014",136,"LUR",2012-11-27,11.8
"2012",158,"LUR",2012-11-27,4.4
"2013",158,"LUR",2012-11-27,4.4
"2014",158,"LUR",2012-11-27,4.3
"2012",542,"LUR",2012-11-27,3.4
"2013",542,"LUR",2012-11-27,3.6
"2014",542,"LUR",2012-11-27,3.4
"2012",137,"LUR",2012-11-27,6.1
"2013",137,"LUR",2012-11-27,6.6
"2014",137,"LUR",2012-11-27,6.7
"2012",273,"LUR",2012-11-27,5
"2013",273,"LUR",2012-11-27,5
"2014",273,"LUR",2012-11-27,4.9
"2012",138,"LUR",2012-11-27,5.2
"2013",138,"LUR",2012-11-27,5.8
"2014",138,"LUR",2012-11-27,6.1
"2012",196,"LUR",2012-11-27,6.9
"2013",196,"LUR",2012-11-27,6.6
"2014",196,"LUR",2012-11-27,6
"2012",142,"LUR",2012-11-27,3.1
"2013",142,"LUR",2012-11-27,3.1
"2014",142,"LUR",2012-11-27,3
"2012",964,"LUR",2012-11-27,10.1
"2013",964,"LUR",2012-11-27,10.5
"2014",964,"LUR",2012-11-27,10.7
"2012",182,"LUR",2012-11-27,15.5
"2013",182,"LUR",2012-11-27,16.9
"2014",182,"LUR",2012-11-27,16.6
"2012",936,"LUR",2012-11-27,13.7
"2013",936,"LUR",2012-11-27,13.6
"2014",936,"LUR",2012-11-27,13
"2012",961,"LUR",2012-11-27,8.5
"2013",961,"LUR",2012-11-27,9.7
"2014",961,"LUR",2012-11-27,9.8
"2012",184,"LUR",2012-11-27,25
"2013",184,"LUR",2012-11-27,26.9
"2014",184,"LUR",2012-11-27,26.8
"2012",144,"LUR",2012-11-27,7.7
"2013",144,"LUR",2012-11-27,7.9
"2014",144,"LUR",2012-11-27,7.6
"2012",146,"LUR",2012-11-27,3.9
"2013",146,"LUR",2012-11-27,4.1
"2014",146,"LUR",2012-11-27,4
"2012",186,"LUR",2012-11-27,9
"2013",186,"LUR",2012-11-27,9.3
"2014",186,"LUR",2012-11-27,8.7
"2012",112,"LUR",2012-11-27,8
"2013",112,"LUR",2012-11-27,8.3
"2014",112,"LUR",2012-11-27,8
"2012",111,"LUR",2012-11-27,8.1
"2013",111,"LUR",2012-11-27,7.8
"2014",111,"LUR",2012-11-27,7.5
"2012",163,"LUR",2012-11-27,11.1
"2013",163,"LUR",2012-11-27,11.9
"2014",163,"LUR",2012-11-27,12
"2012",193,"NGDP_RPCH",2012-11-27,3.7
"2013",193,"NGDP_RPCH",2012-11-27,3
"2014",193,"NGDP_RPCH",2012-11-27,3.2
"2012",122,"NGDP_RPCH",2012-11-27,0.6
"2013",122,"NGDP_RPCH",2012-11-27,0.8
"2014",122,"NGDP_RPCH",2012-11-27,1.8
"2012",124,"NGDP_RPCH",2012-11-27,-0.1
"2013",124,"NGDP_RPCH",2012-11-27,0.5
"2014",124,"NGDP_RPCH",2012-11-27,1.6
"2012",156,"NGDP_RPCH",2012-11-27,2
"2013",156,"NGDP_RPCH",2012-11-27,1.8
"2014",156,"NGDP_RPCH",2012-11-27,2.4
"2012",228,"NGDP_RPCH",2012-11-27,5.2
"2013",228,"NGDP_RPCH",2012-11-27,4.6
"2014",228,"NGDP_RPCH",2012-11-27,5.4
"2012",935,"NGDP_RPCH",2012-11-27,-0.9
"2013",935,"NGDP_RPCH",2012-11-27,0.8
"2014",935,"NGDP_RPCH",2012-11-27,2.4
"2012",128,"NGDP_RPCH",2012-11-27,0.2
"2013",128,"NGDP_RPCH",2012-11-27,1.4
"2014",128,"NGDP_RPCH",2012-11-27,1.7
"2012",939,"NGDP_RPCH",2012-11-27,3.1
"2013",939,"NGDP_RPCH",2012-11-27,3.7
"2014",939,"NGDP_RPCH",2012-11-27,3.4
"2012",172,"NGDP_RPCH",2012-11-27,0.7
"2013",172,"NGDP_RPCH",2012-11-27,1.1
"2014",172,"NGDP_RPCH",2012-11-27,2.2
"2012",132,"NGDP_RPCH",2012-11-27,0.2
"2013",132,"NGDP_RPCH",2012-11-27,0.3
"2014",132,"NGDP_RPCH",2012-11-27,1.3
"2012",134,"NGDP_RPCH",2012-11-27,0.9
"2013",134,"NGDP_RPCH",2012-11-27,0.6
"2014",134,"NGDP_RPCH",2012-11-27,1.9
"2012",174,"NGDP_RPCH",2012-11-27,-6.3
"2013",174,"NGDP_RPCH",2012-11-27,-4.5
"2014",174,"NGDP_RPCH",2012-11-27,-1.3
"2012",944,"NGDP_RPCH",2012-11-27,-1.6
"2013",944,"NGDP_RPCH",2012-11-27,-0.1
"2014",944,"NGDP_RPCH",2012-11-27,1.2
"2012",176,"NGDP_RPCH",2012-11-27,2.5
"2013",176,"NGDP_RPCH",2012-11-27,2.7
"2014",176,"NGDP_RPCH",2012-11-27,2.7
"2012",178,"NGDP_RPCH",2012-11-27,0.5
"2013",178,"NGDP_RPCH",2012-11-27,1.3
"2014",178,"NGDP_RPCH",2012-11-27,2.2
"2012",436,"NGDP_RPCH",2012-11-27,3.1
"2013",436,"NGDP_RPCH",2012-11-27,2.9
"2014",436,"NGDP_RPCH",2012-11-27,3.9
"2012",136,"NGDP_RPCH",2012-11-27,-2.2
"2013",136,"NGDP_RPCH",2012-11-27,-1
"2014",136,"NGDP_RPCH",2012-11-27,0.6
"2012",158,"NGDP_RPCH",2012-11-27,1.6
"2013",158,"NGDP_RPCH",2012-11-27,0.7
"2014",158,"NGDP_RPCH",2012-11-27,0.8
"2012",542,"NGDP_RPCH",2012-11-27,2.2
"2013",542,"NGDP_RPCH",2012-11-27,3.1
"2014",542,"NGDP_RPCH",2012-11-27,4.4
"2012",137,"NGDP_RPCH",2012-11-27,0.6
"2013",137,"NGDP_RPCH",2012-11-27,1.2
"2014",137,"NGDP_RPCH",2012-11-27,2
"2012",273,"NGDP_RPCH",2012-11-27,3.8
"2013",273,"NGDP_RPCH",2012-11-27,3.3
"2014",273,"NGDP_RPCH",2012-11-27,3.6
"2012",138,"NGDP_RPCH",2012-11-27,-0.9
"2013",138,"NGDP_RPCH",2012-11-27,0.2
"2014",138,"NGDP_RPCH",2012-11-27,1.5
"2012",196,"NGDP_RPCH",2012-11-27,1.6
"2013",196,"NGDP_RPCH",2012-11-27,2.4
"2014",196,"NGDP_RPCH",2012-11-27,2.9
"2012",142,"NGDP_RPCH",2012-11-27,3.3
"2013",142,"NGDP_RPCH",2012-11-27,2.5
"2014",142,"NGDP_RPCH",2012-11-27,2
"2012",964,"NGDP_RPCH",2012-11-27,2.5
"2013",964,"NGDP_RPCH",2012-11-27,1.6
"2014",964,"NGDP_RPCH",2012-11-27,2.5
"2012",182,"NGDP_RPCH",2012-11-27,-3.1
"2013",182,"NGDP_RPCH",2012-11-27,-1.8
"2014",182,"NGDP_RPCH",2012-11-27,0.9
"2012",936,"NGDP_RPCH",2012-11-27,2.6
"2013",936,"NGDP_RPCH",2012-11-27,2
"2014",936,"NGDP_RPCH",2012-11-27,3.4
"2012",961,"NGDP_RPCH",2012-11-27,-2.4
"2013",961,"NGDP_RPCH",2012-11-27,-2.1
"2014",961,"NGDP_RPCH",2012-11-27,1.1
"2012",184,"NGDP_RPCH",2012-11-27,-1.3
"2013",184,"NGDP_RPCH",2012-11-27,-1.4
"2014",184,"NGDP_RPCH",2012-11-27,0.5
"2012",144,"NGDP_RPCH",2012-11-27,1.2
"2013",144,"NGDP_RPCH",2012-11-27,1.9
"2014",144,"NGDP_RPCH",2012-11-27,3
"2012",146,"NGDP_RPCH",2012-11-27,0.8
"2013",146,"NGDP_RPCH",2012-11-27,1.1
"2014",146,"NGDP_RPCH",2012-11-27,2.3
"2012",186,"NGDP_RPCH",2012-11-27,2.9
"2013",186,"NGDP_RPCH",2012-11-27,4.1
"2014",186,"NGDP_RPCH",2012-11-27,5.2
"2012",112,"NGDP_RPCH",2012-11-27,-0.1
"2013",112,"NGDP_RPCH",2012-11-27,0.9
"2014",112,"NGDP_RPCH",2012-11-27,1.6
"2012",111,"NGDP_RPCH",2012-11-27,2.2
"2013",111,"NGDP_RPCH",2012-11-27,2
"2014",111,"NGDP_RPCH",2012-11-27,2.8
"2012",163,"NGDP_RPCH",2012-11-27,-0.4
"2013",163,"NGDP_RPCH",2012-11-27,-0.1
"2014",163,"NGDP_RPCH",2012-11-27,1.3
"2012",193,"PCPIPCH",2012-11-27,1.8
"2013",193,"PCPIPCH",2012-11-27,2.8
"2014",193,"PCPIPCH",2012-11-27,2.3
"2012",122,"PCPIPCH",2012-11-27,2.4
"2013",122,"PCPIPCH",2012-11-27,1.9
"2014",122,"PCPIPCH",2012-11-27,1.6
"2012",124,"PCPIPCH",2012-11-27,2.6
"2013",124,"PCPIPCH",2012-11-27,1.8
"2014",124,"PCPIPCH",2012-11-27,1.6
"2012",156,"PCPIPCH",2012-11-27,1.6
"2013",156,"PCPIPCH",2012-11-27,1.4
"2014",156,"PCPIPCH",2012-11-27,1.8
"2012",228,"PCPIPCH",2012-11-27,3.2
"2013",228,"PCPIPCH",2012-11-27,2.8
"2014",228,"PCPIPCH",2012-11-27,3.1
"2012",935,"PCPIPCH",2012-11-27,3.2
"2013",935,"PCPIPCH",2012-11-27,2
"2014",935,"PCPIPCH",2012-11-27,2.1
"2012",128,"PCPIPCH",2012-11-27,2.4
"2013",128,"PCPIPCH",2012-11-27,1.8
"2014",128,"PCPIPCH",2012-11-27,2
"2012",939,"PCPIPCH",2012-11-27,4.3
"2013",939,"PCPIPCH",2012-11-27,3.3
"2014",939,"PCPIPCH",2012-11-27,2.8
"2012",172,"PCPIPCH",2012-11-27,3.1
"2013",172,"PCPIPCH",2012-11-27,2.7
"2014",172,"PCPIPCH",2012-11-27,2.3
"2012",132,"PCPIPCH",2012-11-27,2.2
"2013",132,"PCPIPCH",2012-11-27,1.3
"2014",132,"PCPIPCH",2012-11-27,1.2
"2012",134,"PCPIPCH",2012-11-27,2.1
"2013",134,"PCPIPCH",2012-11-27,1.9
"2014",134,"PCPIPCH",2012-11-27,2
"2012",174,"PCPIPCH",2012-11-27,1
"2013",174,"PCPIPCH",2012-11-27,-0.2
"2014",174,"PCPIPCH",2012-11-27,-0.8
"2012",944,"PCPIPCH",2012-11-27,5.8
"2013",944,"PCPIPCH",2012-11-27,4.8
"2014",944,"PCPIPCH",2012-11-27,3.9
"2012",176,"PCPIPCH",2012-11-27,5.2
"2013",176,"PCPIPCH",2012-11-27,4.1
"2014",176,"PCPIPCH",2012-11-27,3.5
"2012",178,"PCPIPCH",2012-11-27,2
"2013",178,"PCPIPCH",2012-11-27,1.3
"2014",178,"PCPIPCH",2012-11-27,0.7
"2012",436,"PCPIPCH",2012-11-27,1.8
"2013",436,"PCPIPCH",2012-11-27,1.9
"2014",436,"PCPIPCH",2012-11-27,2.4
"2012",136,"PCPIPCH",2012-11-27,3.2
"2013",136,"PCPIPCH",2012-11-27,1.9
"2014",136,"PCPIPCH",2012-11-27,0.9
"2012",158,"PCPIPCH",2012-11-27,0
"2013",158,"PCPIPCH",2012-11-27,-0.5
"2014",158,"PCPIPCH",2012-11-27,1.3
"2012",542,"PCPIPCH",2012-11-27,2.2
"2013",542,"PCPIPCH",2012-11-27,2.7
"2014",542,"PCPIPCH",2012-11-27,3
"2012",137,"PCPIPCH",2012-11-27,2.8
"2013",137,"PCPIPCH",2012-11-27,2
"2014",137,"PCPIPCH",2012-11-27,1.9
"2012",273,"PCPIPCH",2012-11-27,4.1
"2013",273,"PCPIPCH",2012-11-27,3.6
"2014",273,"PCPIPCH",2012-11-27,3.3
"2012",138,"PCPIPCH",2012-11-27,2.8
"2013",138,"PCPIPCH",2012-11-27,2.4
"2014",138,"PCPIPCH",2012-11-27,1.4
"2012",196,"PCPIPCH",2012-11-27,1.1
"2013",196,"PCPIPCH",2012-11-27,1.6
"2014",196,"PCPIPCH",2012-11-27,2.4
"2012",142,"PCPIPCH",2012-11-27,0.6
"2013",142,"PCPIPCH",2012-11-27,1.3
"2014",142,"PCPIPCH",2012-11-27,2
"2012",964,"PCPIPCH",2012-11-27,3.6
"2013",964,"PCPIPCH",2012-11-27,2.1
"2014",964,"PCPIPCH",2012-11-27,2.1
"2012",182,"PCPIPCH",2012-11-27,2.7
"2013",182,"PCPIPCH",2012-11-27,0.8
"2014",182,"PCPIPCH",2012-11-27,1
"2012",936,"PCPIPCH",2012-11-27,3.7
"2013",936,"PCPIPCH",2012-11-27,2.5
"2014",936,"PCPIPCH",2012-11-27,2.4
"2012",961,"PCPIPCH",2012-11-27,2.8
"2013",961,"PCPIPCH",2012-11-27,2.3
"2014",961,"PCPIPCH",2012-11-27,1.8
"2012",184,"PCPIPCH",2012-11-27,2.2
"2013",184,"PCPIPCH",2012-11-27,1.2
"2014",184,"PCPIPCH",2012-11-27,0.4
"2012",144,"PCPIPCH",2012-11-27,1
"2013",144,"PCPIPCH",2012-11-27,0.9
"2014",144,"PCPIPCH",2012-11-27,1.7
"2012",146,"PCPIPCH",2012-11-27,-0.6
"2013",146,"PCPIPCH",2012-11-27,0.1
"2014",146,"PCPIPCH",2012-11-27,0.2
"2012",186,"PCPIPCH",2012-11-27,9.1
"2013",186,"PCPIPCH",2012-11-27,6.9
"2014",186,"PCPIPCH",2012-11-27,6.1
"2012",112,"PCPIPCH",2012-11-27,2.6
"2013",112,"PCPIPCH",2012-11-27,1.9
"2014",112,"PCPIPCH",2012-11-27,1.8
"2012",111,"PCPIPCH",2012-11-27,2.1
"2013",111,"PCPIPCH",2012-11-27,1.8
"2014",111,"PCPIPCH",2012-11-27,2
"2012",163,"PCPIPCH",2012-11-27,2.4
"2013",163,"PCPIPCH",2012-11-27,1.6
"2014",163,"PCPIPCH",2012-11-27,1.2
"2013",193,"LUR",2013-05-29,5.6
"2014",193,"LUR",2013-05-29,5.5
"2013",122,"LUR",2013-05-29,4.7
"2014",122,"LUR",2013-05-29,4.7
"2013",124,"LUR",2013-05-29,8.4
"2014",124,"LUR",2013-05-29,8.8
"2013",156,"LUR",2013-05-29,7.1
"2014",156,"LUR",2013-05-29,6.9
"2013",228,"LUR",2013-05-29,6.5
"2014",228,"LUR",2013-05-29,6.5
"2013",935,"LUR",2013-05-29,7.3
"2014",935,"LUR",2013-05-29,7.5
"2013",128,"LUR",2013-05-29,7.4
"2014",128,"LUR",2013-05-29,7.3
"2013",939,"LUR",2013-05-29,9.7
"2014",939,"LUR",2013-05-29,9.3
"2013",172,"LUR",2013-05-29,8.2
"2014",172,"LUR",2013-05-29,8.1
"2013",132,"LUR",2013-05-29,10.7
"2014",132,"LUR",2013-05-29,11.1
"2013",134,"LUR",2013-05-29,5
"2014",134,"LUR",2013-05-29,4.8
"2013",174,"LUR",2013-05-29,27.8
"2014",174,"LUR",2013-05-29,28.4
"2013",944,"LUR",2013-05-29,11.4
"2014",944,"LUR",2013-05-29,11.5
"2013",176,"LUR",2013-05-29,5.3
"2014",176,"LUR",2013-05-29,4.8
"2013",178,"LUR",2013-05-29,14.3
"2014",178,"LUR",2013-05-29,14.1
"2013",436,"LUR",2013-05-29,7.2
"2014",436,"LUR",2013-05-29,6.8
"2013",136,"LUR",2013-05-29,11.9
"2014",136,"LUR",2013-05-29,12.5
"2013",158,"LUR",2013-05-29,4.2
"2014",158,"LUR",2013-05-29,4.1
"2013",542,"LUR",2013-05-29,3.3
"2014",542,"LUR",2013-05-29,3.2
"2013",137,"LUR",2013-05-29,6.7
"2014",137,"LUR",2013-05-29,6.7
"2013",273,"LUR",2013-05-29,4.9
"2014",273,"LUR",2013-05-29,4.8
"2013",138,"LUR",2013-05-29,6.4
"2014",138,"LUR",2013-05-29,7
"2013",196,"LUR",2013-05-29,6.8
"2014",196,"LUR",2013-05-29,6.4
"2013",142,"LUR",2013-05-29,3.2
"2014",142,"LUR",2013-05-29,3.3
"2013",964,"LUR",2013-05-29,10.8
"2014",964,"LUR",2013-05-29,11.3
"2013",182,"LUR",2013-05-29,18.2
"2014",182,"LUR",2013-05-29,18.6
"2013",936,"LUR",2013-05-29,14.6
"2014",936,"LUR",2013-05-29,14.7
"2013",961,"LUR",2013-05-29,10.2
"2014",961,"LUR",2013-05-29,10.3
"2013",184,"LUR",2013-05-29,27.3
"2014",184,"LUR",2013-05-29,28
"2013",144,"LUR",2013-05-29,8.2
"2014",144,"LUR",2013-05-29,8.1
"2013",146,"LUR",2013-05-29,4.5
"2014",146,"LUR",2013-05-29,4.4
"2013",186,"LUR",2013-05-29,9.4
"2014",186,"LUR",2013-05-29,9.3
"2013",112,"LUR",2013-05-29,8
"2014",112,"LUR",2013-05-29,7.9
"2013",111,"LUR",2013-05-29,7.5
"2014",111,"LUR",2013-05-29,7
"2013",163,"LUR",2013-05-29,12.1
"2014",163,"LUR",2013-05-29,12.3
"2013",193,"NGDP_RPCH",2013-05-29,2.6
"2014",193,"NGDP_RPCH",2013-05-29,3.2
"2013",122,"NGDP_RPCH",2013-05-29,0.5
"2014",122,"NGDP_RPCH",2013-05-29,1.7
"2013",124,"NGDP_RPCH",2013-05-29,0
"2014",124,"NGDP_RPCH",2013-05-29,1.1
"2013",156,"NGDP_RPCH",2013-05-29,1.4
"2014",156,"NGDP_RPCH",2013-05-29,2.3
"2013",228,"NGDP_RPCH",2013-05-29,4.9
"2014",228,"NGDP_RPCH",2013-05-29,5.3
"2013",935,"NGDP_RPCH",2013-05-29,-1
"2014",935,"NGDP_RPCH",2013-05-29,1.3
"2013",128,"NGDP_RPCH",2013-05-29,0.4
"2014",128,"NGDP_RPCH",2013-05-29,1.7
"2013",939,"NGDP_RPCH",2013-05-29,1.5
"2014",939,"NGDP_RPCH",2013-05-29,3.6
"2013",172,"NGDP_RPCH",2013-05-29,0
"2014",172,"NGDP_RPCH",2013-05-29,1.7
"2013",132,"NGDP_RPCH",2013-05-29,-0.3
"2014",132,"NGDP_RPCH",2013-05-29,0.8
"2013",134,"NGDP_RPCH",2013-05-29,0.4
"2014",134,"NGDP_RPCH",2013-05-29,1.9
"2013",174,"NGDP_RPCH",2013-05-29,-4.8
"2014",174,"NGDP_RPCH",2013-05-29,-1.2
"2013",944,"NGDP_RPCH",2013-05-29,0.5
"2014",944,"NGDP_RPCH",2013-05-29,1.3
"2013",176,"NGDP_RPCH",2013-05-29,1.9
"2014",176,"NGDP_RPCH",2013-05-29,2.6
"2013",178,"NGDP_RPCH",2013-05-29,1
"2014",178,"NGDP_RPCH",2013-05-29,1.9
"2013",436,"NGDP_RPCH",2013-05-29,3.9
"2014",436,"NGDP_RPCH",2013-05-29,3.4
"2013",136,"NGDP_RPCH",2013-05-29,-1.8
"2014",136,"NGDP_RPCH",2013-05-29,0.4
"2013",158,"NGDP_RPCH",2013-05-29,1.6
"2014",158,"NGDP_RPCH",2013-05-29,1.4
"2013",542,"NGDP_RPCH",2013-05-29,2.6
"2014",542,"NGDP_RPCH",2013-05-29,4
"2013",137,"NGDP_RPCH",2013-05-29,0.8
"2014",137,"NGDP_RPCH",2013-05-29,1.7
"2013",273,"NGDP_RPCH",2013-05-29,3.4
"2014",273,"NGDP_RPCH",2013-05-29,3.7
"2013",138,"NGDP_RPCH",2013-05-29,-0.9
"2014",138,"NGDP_RPCH",2013-05-29,0.7
"2013",196,"NGDP_RPCH",2013-05-29,2.6
"2014",196,"NGDP_RPCH",2013-05-29,3.1
"2013",142,"NGDP_RPCH",2013-05-29,1.3
"2014",142,"NGDP_RPCH",2013-05-29,3
"2013",964,"NGDP_RPCH",2013-05-29,0.9
"2014",964,"NGDP_RPCH",2013-05-29,2.2
"2013",182,"NGDP_RPCH",2013-05-29,-2.7
"2014",182,"NGDP_RPCH",2013-05-29,0.2
"2013",936,"NGDP_RPCH",2013-05-29,0.8
"2014",936,"NGDP_RPCH",2013-05-29,2
"2013",961,"NGDP_RPCH",2013-05-29,-2.3
"2014",961,"NGDP_RPCH",2013-05-29,0.1
"2013",184,"NGDP_RPCH",2013-05-29,-1.7
"2014",184,"NGDP_RPCH",2013-05-29,0.4
"2013",144,"NGDP_RPCH",2013-05-29,1.3
"2014",144,"NGDP_RPCH",2013-05-29,2.5
"2013",146,"NGDP_RPCH",2013-05-29,1.4
"2014",146,"NGDP_RPCH",2013-05-29,2
"2013",186,"NGDP_RPCH",2013-05-29,3.1
"2014",186,"NGDP_RPCH",2013-05-29,4.6
"2013",112,"NGDP_RPCH",2013-05-29,0.8
"2014",112,"NGDP_RPCH",2013-05-29,1.5
"2013",111,"NGDP_RPCH",2013-05-29,1.9
"2014",111,"NGDP_RPCH",2013-05-29,2.8
"2013",163,"NGDP_RPCH",2013-05-29,-0.6
"2014",163,"NGDP_RPCH",2013-05-29,1.1
"2013",193,"PCPIPCH",2013-05-29,2.1
"2014",193,"PCPIPCH",2013-05-29,2.1
"2013",122,"PCPIPCH",2013-05-29,2
"2014",122,"PCPIPCH",2013-05-29,1.5
"2013",124,"PCPIPCH",2013-05-29,1.4
"2014",124,"PCPIPCH",2013-05-29,1.2
"2013",156,"PCPIPCH",2013-05-29,1.3
"2014",156,"PCPIPCH",2013-05-29,1.7
"2013",228,"PCPIPCH",2013-05-29,2
"2014",228,"PCPIPCH",2013-05-29,2.9
"2013",935,"PCPIPCH",2013-05-29,1.6
"2014",935,"PCPIPCH",2013-05-29,1.3
"2013",128,"PCPIPCH",2013-05-29,0.8
"2014",128,"PCPIPCH",2013-05-29,1.4
"2013",939,"PCPIPCH",2013-05-29,3.4
"2014",939,"PCPIPCH",2013-05-29,2.9
"2013",172,"PCPIPCH",2013-05-29,2.6
"2014",172,"PCPIPCH",2013-05-29,2.4
"2013",132,"PCPIPCH",2013-05-29,1.1
"2014",132,"PCPIPCH",2013-05-29,1
"2013",134,"PCPIPCH",2013-05-29,1.6
"2014",134,"PCPIPCH",2013-05-29,2
"2013",174,"PCPIPCH",2013-05-29,-0.7
"2014",174,"PCPIPCH",2013-05-29,-1.7
"2013",944,"PCPIPCH",2013-05-29,2.8
"2014",944,"PCPIPCH",2013-05-29,3.5
"2013",176,"PCPIPCH",2013-05-29,4
"2014",176,"PCPIPCH",2013-05-29,3.2
"2013",178,"PCPIPCH",2013-05-29,1
"2014",178,"PCPIPCH",2013-05-29,1.1
"2013",436,"PCPIPCH",2013-05-29,1.4
"2014",436,"PCPIPCH",2013-05-29,2.3
"2013",136,"PCPIPCH",2013-05-29,1.6
"2014",136,"PCPIPCH",2013-05-29,1.2
"2013",158,"PCPIPCH",2013-05-29,-0.1
"2014",158,"PCPIPCH",2013-05-29,1.8
"2013",542,"PCPIPCH",2013-05-29,2.2
"2014",542,"PCPIPCH",2013-05-29,2.9
"2013",137,"PCPIPCH",2013-05-29,1.8
"2014",137,"PCPIPCH",2013-05-29,1.7
"2013",273,"PCPIPCH",2013-05-29,3.4
"2014",273,"PCPIPCH",2013-05-29,3.2
"2013",138,"PCPIPCH",2013-05-29,2.7
"2014",138,"PCPIPCH",2013-05-29,1.5
"2013",196,"PCPIPCH",2013-05-29,1
"2014",196,"PCPIPCH",2013-05-29,1.8
"2013",142,"PCPIPCH",2013-05-29,1.3
"2014",142,"PCPIPCH",2013-05-29,1.7
"2013",964,"PCPIPCH",2013-05-29,0.7
"2014",964,"PCPIPCH",2013-05-29,1
"2013",182,"PCPIPCH",2013-05-29,0
"2014",182,"PCPIPCH",2013-05-29,0.2
"2013",936,"PCPIPCH",2013-05-29,1.7
"2014",936,"PCPIPCH",2013-05-29,1.6
"2013",961,"PCPIPCH",2013-05-29,2.1
"2014",961,"PCPIPCH",2013-05-29,1.2
"2013",184,"PCPIPCH",2013-05-29,1.5
"2014",184,"PCPIPCH",2013-05-29,0.4
"2013",144,"PCPIPCH",2013-05-29,0.2
"2014",144,"PCPIPCH",2013-05-29,1.3
"2013",146,"PCPIPCH",2013-05-29,-0.3
"2014",146,"PCPIPCH",2013-05-29,0.2
"2013",186,"PCPIPCH",2013-05-29,6.7
"2014",186,"PCPIPCH",2013-05-29,5.2
"2013",112,"PCPIPCH",2013-05-29,2.8
"2014",112,"PCPIPCH",2013-05-29,2.4
"2013",111,"PCPIPCH",2013-05-29,1.6
"2014",111,"PCPIPCH",2013-05-29,1.9
"2013",163,"PCPIPCH",2013-05-29,1.5
"2014",163,"PCPIPCH",2013-05-29,1.2
"2013",193,"LUR",2013-11-19,5.7
"2014",193,"LUR",2013-11-19,6.1
"2015",193,"LUR",2013-11-19,6.3
"2013",122,"LUR",2013-11-19,4.8
"2014",122,"LUR",2013-11-19,4.7
"2015",122,"LUR",2013-11-19,4.3
"2013",124,"LUR",2013-11-19,8.6
"2014",124,"LUR",2013-11-19,9.1
"2015",124,"LUR",2013-11-19,9
"2013",156,"LUR",2013-11-19,7.1
"2014",156,"LUR",2013-11-19,7
"2015",156,"LUR",2013-11-19,6.9
"2013",228,"LUR",2013-11-19,6.1
"2014",228,"LUR",2013-11-19,6.3
"2015",228,"LUR",2013-11-19,6.4
"2013",935,"LUR",2013-11-19,7
"2014",935,"LUR",2013-11-19,6.9
"2015",935,"LUR",2013-11-19,6.8
"2013",128,"LUR",2013-11-19,7
"2014",128,"LUR",2013-11-19,6.7
"2015",128,"LUR",2013-11-19,6.5
"2013",939,"LUR",2013-11-19,8.4
"2014",939,"LUR",2013-11-19,8.1
"2015",939,"LUR",2013-11-19,7.7
"2013",172,"LUR",2013-11-19,8.3
"2014",172,"LUR",2013-11-19,8.3
"2015",172,"LUR",2013-11-19,8
"2013",132,"LUR",2013-11-19,10.6
"2014",132,"LUR",2013-11-19,10.8
"2015",132,"LUR",2013-11-19,10.7
"2013",134,"LUR",2013-11-19,5.4
"2014",134,"LUR",2013-11-19,5.4
"2015",134,"LUR",2013-11-19,5.2
"2013",174,"LUR",2013-11-19,27.2
"2014",174,"LUR",2013-11-19,27.1
"2015",174,"LUR",2013-11-19,26.6
"2013",944,"LUR",2013-11-19,10.4
"2014",944,"LUR",2013-11-19,10.1
"2015",944,"LUR",2013-11-19,10.3
"2013",176,"LUR",2013-11-19,5.4
"2014",176,"LUR",2013-11-19,4.9
"2015",176,"LUR",2013-11-19,4.6
"2013",178,"LUR",2013-11-19,13.6
"2014",178,"LUR",2013-11-19,13.2
"2015",178,"LUR",2013-11-19,12.3
"2013",436,"LUR",2013-11-19,6.7
"2014",436,"LUR",2013-11-19,6.9
"2015",436,"LUR",2013-11-19,6.6
"2013",136,"LUR",2013-11-19,12.1
"2014",136,"LUR",2013-11-19,12.4
"2015",136,"LUR",2013-11-19,12.1
"2013",158,"LUR",2013-11-19,4
"2014",158,"LUR",2013-11-19,3.9
"2015",158,"LUR",2013-11-19,3.8
"2013",542,"LUR",2013-11-19,3.2
"2014",542,"LUR",2013-11-19,3.1
"2015",542,"LUR",2013-11-19,3
"2013",137,"LUR",2013-11-19,6.9
"2014",137,"LUR",2013-11-19,7.1
"2015",137,"LUR",2013-11-19,7.2
"2013",273,"LUR",2013-11-19,5.2
"2014",273,"LUR",2013-11-19,5
"2015",273,"LUR",2013-11-19,4.8
"2013",138,"LUR",2013-11-19,6.7
"2014",138,"LUR",2013-11-19,7.8
"2015",138,"LUR",2013-11-19,8.1
"2013",196,"LUR",2013-11-19,6.3
"2014",196,"LUR",2013-11-19,6.1
"2015",196,"LUR",2013-11-19,5.9
"2013",142,"LUR",2013-11-19,3.4
"2014",142,"LUR",2013-11-19,3.5
"2015",142,"LUR",2013-11-19,3.5
"2013",964,"LUR",2013-11-19,10.5
"2014",964,"LUR",2013-11-19,10.6
"2015",964,"LUR",2013-11-19,10.3
"2013",182,"LUR",2013-11-19,16.7
"2014",182,"LUR",2013-11-19,16.1
"2015",182,"LUR",2013-11-19,15.8
"2013",936,"LUR",2013-11-19,14.4
"2014",936,"LUR",2013-11-19,14.2
"2015",936,"LUR",2013-11-19,13.7
"2013",961,"LUR",2013-11-19,10.7
"2014",961,"LUR",2013-11-19,11.2
"2015",961,"LUR",2013-11-19,11.4
"2013",184,"LUR",2013-11-19,26.4
"2014",184,"LUR",2013-11-19,26.3
"2015",184,"LUR",2013-11-19,25.6
"2013",144,"LUR",2013-11-19,8
"2014",144,"LUR",2013-11-19,7.8
"2015",144,"LUR",2013-11-19,7.5
"2013",146,"LUR",2013-11-19,4.4
"2014",146,"LUR",2013-11-19,4.4
"2015",146,"LUR",2013-11-19,4.1
"2013",186,"LUR",2013-11-19,9.4
"2014",186,"LUR",2013-11-19,9.6
"2015",186,"LUR",2013-11-19,9.8
"2013",112,"LUR",2013-11-19,7.8
"2014",112,"LUR",2013-11-19,7.5
"2015",112,"LUR",2013-11-19,7.2
"2013",111,"LUR",2013-11-19,7.5
"2014",111,"LUR",2013-11-19,6.9
"2015",111,"LUR",2013-11-19,6.3
"2013",163,"LUR",2013-11-19,12
"2014",163,"LUR",2013-11-19,12.1
"2015",163,"LUR",2013-11-19,11.8
"2013",193,"NGDP_RPCH",2013-11-19,2.5
"2014",193,"NGDP_RPCH",2013-11-19,2.6
"2015",193,"NGDP_RPCH",2013-11-19,3.1
"2013",122,"NGDP_RPCH",2013-11-19,0.4
"2014",122,"NGDP_RPCH",2013-11-19,1.7
"2015",122,"NGDP_RPCH",2013-11-19,2.2
"2013",124,"NGDP_RPCH",2013-11-19,0.1
"2014",124,"NGDP_RPCH",2013-11-19,1.1
"2015",124,"NGDP_RPCH",2013-11-19,1.5
"2013",156,"NGDP_RPCH",2013-11-19,1.7
"2014",156,"NGDP_RPCH",2013-11-19,2.3
"2015",156,"NGDP_RPCH",2013-11-19,2.6
"2013",228,"NGDP_RPCH",2013-11-19,4.2
"2014",228,"NGDP_RPCH",2013-11-19,4.5
"2015",228,"NGDP_RPCH",2013-11-19,4.9
"2013",935,"NGDP_RPCH",2013-11-19,-1.5
"2014",935,"NGDP_RPCH",2013-11-19,1.1
"2015",935,"NGDP_RPCH",2013-11-19,2.3
"2013",128,"NGDP_RPCH",2013-11-19,0.3
"2014",128,"NGDP_RPCH",2013-11-19,1.6
"2015",128,"NGDP_RPCH",2013-11-19,1.9
"2013",939,"NGDP_RPCH",2013-11-19,1
"2014",939,"NGDP_RPCH",2013-11-19,2.4
"2015",939,"NGDP_RPCH",2013-11-19,4
"2013",172,"NGDP_RPCH",2013-11-19,-1
"2014",172,"NGDP_RPCH",2013-11-19,1.3
"2015",172,"NGDP_RPCH",2013-11-19,1.9
"2013",132,"NGDP_RPCH",2013-11-19,0.2
"2014",132,"NGDP_RPCH",2013-11-19,1
"2015",132,"NGDP_RPCH",2013-11-19,1.6
"2013",134,"NGDP_RPCH",2013-11-19,0.5
"2014",134,"NGDP_RPCH",2013-11-19,1.7
"2015",134,"NGDP_RPCH",2013-11-19,2
"2013",174,"NGDP_RPCH",2013-11-19,-3.5
"2014",174,"NGDP_RPCH",2013-11-19,-0.4
"2015",174,"NGDP_RPCH",2013-11-19,1.8
"2013",944,"NGDP_RPCH",2013-11-19,1.2
"2014",944,"NGDP_RPCH",2013-11-19,2
"2015",944,"NGDP_RPCH",2013-11-19,1.7
"2013",176,"NGDP_RPCH",2013-11-19,1.8
"2014",176,"NGDP_RPCH",2013-11-19,2.7
"2015",176,"NGDP_RPCH",2013-11-19,2.8
"2013",178,"NGDP_RPCH",2013-11-19,0.1
"2014",178,"NGDP_RPCH",2013-11-19,1.9
"2015",178,"NGDP_RPCH",2013-11-19,2.2
"2013",436,"NGDP_RPCH",2013-11-19,3.7
"2014",436,"NGDP_RPCH",2013-11-19,3.4
"2015",436,"NGDP_RPCH",2013-11-19,3.5
"2013",136,"NGDP_RPCH",2013-11-19,-1.9
"2014",136,"NGDP_RPCH",2013-11-19,0.6
"2015",136,"NGDP_RPCH",2013-11-19,1.4
"2013",158,"NGDP_RPCH",2013-11-19,1.8
"2014",158,"NGDP_RPCH",2013-11-19,1.5
"2015",158,"NGDP_RPCH",2013-11-19,1
"2013",542,"NGDP_RPCH",2013-11-19,2.7
"2014",542,"NGDP_RPCH",2013-11-19,3.8
"2015",542,"NGDP_RPCH",2013-11-19,4
"2013",137,"NGDP_RPCH",2013-11-19,1.8
"2014",137,"NGDP_RPCH",2013-11-19,2.3
"2015",137,"NGDP_RPCH",2013-11-19,2.3
"2013",273,"NGDP_RPCH",2013-11-19,1.2
"2014",273,"NGDP_RPCH",2013-11-19,3.8
"2015",273,"NGDP_RPCH",2013-11-19,4.2
"2013",138,"NGDP_RPCH",2013-11-19,-1.1
"2014",138,"NGDP_RPCH",2013-11-19,-0.1
"2015",138,"NGDP_RPCH",2013-11-19,0.9
"2013",196,"NGDP_RPCH",2013-11-19,2.3
"2014",196,"NGDP_RPCH",2013-11-19,3.3
"2015",196,"NGDP_RPCH",2013-11-19,2.9
"2013",142,"NGDP_RPCH",2013-11-19,1.2
"2014",142,"NGDP_RPCH",2013-11-19,2.8
"2015",142,"NGDP_RPCH",2013-11-19,3.1
"2013",964,"NGDP_RPCH",2013-11-19,1.4
"2014",964,"NGDP_RPCH",2013-11-19,2.7
"2015",964,"NGDP_RPCH",2013-11-19,3.3
"2013",182,"NGDP_RPCH",2013-11-19,-1.7
"2014",182,"NGDP_RPCH",2013-11-19,0.4
"2015",182,"NGDP_RPCH",2013-11-19,1.1
"2013",936,"NGDP_RPCH",2013-11-19,0.8
"2014",936,"NGDP_RPCH",2013-11-19,1.9
"2015",936,"NGDP_RPCH",2013-11-19,2.9
"2013",961,"NGDP_RPCH",2013-11-19,-2.3
"2014",961,"NGDP_RPCH",2013-11-19,-0.9
"2015",961,"NGDP_RPCH",2013-11-19,0.6
"2013",184,"NGDP_RPCH",2013-11-19,-1.3
"2014",184,"NGDP_RPCH",2013-11-19,0.5
"2015",184,"NGDP_RPCH",2013-11-19,1
"2013",144,"NGDP_RPCH",2013-11-19,0.7
"2014",144,"NGDP_RPCH",2013-11-19,2.3
"2015",144,"NGDP_RPCH",2013-11-19,3
"2013",146,"NGDP_RPCH",2013-11-19,1.9
"2014",146,"NGDP_RPCH",2013-11-19,2.2
"2015",146,"NGDP_RPCH",2013-11-19,2.7
"2013",186,"NGDP_RPCH",2013-11-19,3.6
"2014",186,"NGDP_RPCH",2013-11-19,3.8
"2015",186,"NGDP_RPCH",2013-11-19,4.1
"2013",112,"NGDP_RPCH",2013-11-19,1.4
"2014",112,"NGDP_RPCH",2013-11-19,2.4
"2015",112,"NGDP_RPCH",2013-11-19,2.5
"2013",111,"NGDP_RPCH",2013-11-19,1.7
"2014",111,"NGDP_RPCH",2013-11-19,2.9
"2015",111,"NGDP_RPCH",2013-11-19,3.4
"2013",163,"NGDP_RPCH",2013-11-19,-0.4
"2014",163,"NGDP_RPCH",2013-11-19,1
"2015",163,"NGDP_RPCH",2013-11-19,1.6
"2013",193,"PCPIPCH",2013-11-19,2.1
"2014",193,"PCPIPCH",2013-11-19,2.1
"2015",193,"PCPIPCH",2013-11-19,1.9
"2013",122,"PCPIPCH",2013-11-19,2
"2014",122,"PCPIPCH",2013-11-19,1.6
"2015",122,"PCPIPCH",2013-11-19,1.7
"2013",124,"PCPIPCH",2013-11-19,1.1
"2014",124,"PCPIPCH",2013-11-19,1.1
"2015",124,"PCPIPCH",2013-11-19,1.3
"2013",156,"PCPIPCH",2013-11-19,1
"2014",156,"PCPIPCH",2013-11-19,1.6
"2015",156,"PCPIPCH",2013-11-19,2
"2013",228,"PCPIPCH",2013-11-19,2
"2014",228,"PCPIPCH",2013-11-19,2.9
"2015",228,"PCPIPCH",2013-11-19,3
"2013",935,"PCPIPCH",2013-11-19,1.4
"2014",935,"PCPIPCH",2013-11-19,1
"2015",935,"PCPIPCH",2013-11-19,1.3
"2013",128,"PCPIPCH",2013-11-19,0.7
"2014",128,"PCPIPCH",2013-11-19,1.2
"2015",128,"PCPIPCH",2013-11-19,1.6
"2013",939,"PCPIPCH",2013-11-19,3.6
"2014",939,"PCPIPCH",2013-11-19,3.2
"2015",939,"PCPIPCH",2013-11-19,3.3
"2013",172,"PCPIPCH",2013-11-19,2.3
"2014",172,"PCPIPCH",2013-11-19,2.2
"2015",172,"PCPIPCH",2013-11-19,1.8
"2013",132,"PCPIPCH",2013-11-19,1
"2014",132,"PCPIPCH",2013-11-19,1.2
"2015",132,"PCPIPCH",2013-11-19,1.2
"2013",134,"PCPIPCH",2013-11-19,1.7
"2014",134,"PCPIPCH",2013-11-19,1.8
"2015",134,"PCPIPCH",2013-11-19,2
"2013",174,"PCPIPCH",2013-11-19,-0.7
"2014",174,"PCPIPCH",2013-11-19,-1.6
"2015",174,"PCPIPCH",2013-11-19,-1.4
"2013",944,"PCPIPCH",2013-11-19,1.9
"2014",944,"PCPIPCH",2013-11-19,2.1
"2015",944,"PCPIPCH",2013-11-19,3.5
"2013",176,"PCPIPCH",2013-11-19,4
"2014",176,"PCPIPCH",2013-11-19,3.8
"2015",176,"PCPIPCH",2013-11-19,3.1
"2013",178,"PCPIPCH",2013-11-19,0.6
"2014",178,"PCPIPCH",2013-11-19,0.8
"2015",178,"PCPIPCH",2013-11-19,1
"2013",436,"PCPIPCH",2013-11-19,1.5
"2014",436,"PCPIPCH",2013-11-19,2
"2015",436,"PCPIPCH",2013-11-19,2.4
"2013",136,"PCPIPCH",2013-11-19,1.4
"2014",136,"PCPIPCH",2013-11-19,1.3
"2015",136,"PCPIPCH",2013-11-19,1
"2013",158,"PCPIPCH",2013-11-19,0.2
"2014",158,"PCPIPCH",2013-11-19,2.3
"2015",158,"PCPIPCH",2013-11-19,1.8
"2013",542,"PCPIPCH",2013-11-19,1.2
"2014",542,"PCPIPCH",2013-11-19,2.1
"2015",542,"PCPIPCH",2013-11-19,3
"2013",137,"PCPIPCH",2013-11-19,1.7
"2014",137,"PCPIPCH",2013-11-19,1.6
"2015",137,"PCPIPCH",2013-11-19,2
"2013",273,"PCPIPCH",2013-11-19,3.8
"2014",273,"PCPIPCH",2013-11-19,3
"2015",273,"PCPIPCH",2013-11-19,3.1
"2013",138,"PCPIPCH",2013-11-19,2.8
"2014",138,"PCPIPCH",2013-11-19,1.6
"2015",138,"PCPIPCH",2013-11-19,0.9
"2013",196,"PCPIPCH",2013-11-19,0.9
"2014",196,"PCPIPCH",2013-11-19,1.7
"2015",196,"PCPIPCH",2013-11-19,2.1
"2013",142,"PCPIPCH",2013-11-19,2.2
"2014",142,"PCPIPCH",2013-11-19,2.3
"2015",142,"PCPIPCH",2013-11-19,2.1
"2013",964,"PCPIPCH",2013-11-19,1.1
"2014",964,"PCPIPCH",2013-11-19,1.9
"2015",964,"PCPIPCH",2013-11-19,2.2
"2013",182,"PCPIPCH",2013-11-19,0.5
"2014",182,"PCPIPCH",2013-11-19,0.6
"2015",182,"PCPIPCH",2013-11-19,0.4
"2013",936,"PCPIPCH",2013-11-19,1.6
"2014",936,"PCPIPCH",2013-11-19,2
"2015",936,"PCPIPCH",2013-11-19,2.1
"2013",961,"PCPIPCH",2013-11-19,2.2
"2014",961,"PCPIPCH",2013-11-19,1.7
"2015",961,"PCPIPCH",2013-11-19,1.3
"2013",184,"PCPIPCH",2013-11-19,1.6
"2014",184,"PCPIPCH",2013-11-19,0.5
"2015",184,"PCPIPCH",2013-11-19,0.6
"2013",144,"PCPIPCH",2013-11-19,0.1
"2014",144,"PCPIPCH",2013-11-19,1
"2015",144,"PCPIPCH",2013-11-19,1.2
"2013",146,"PCPIPCH",2013-11-19,-0.4
"2014",146,"PCPIPCH",2013-11-19,0.2
"2015",146,"PCPIPCH",2013-11-19,0.6
"2013",186,"PCPIPCH",2013-11-19,7.5
"2014",186,"PCPIPCH",2013-11-19,6.1
"2015",186,"PCPIPCH",2013-11-19,5.8
"2013",112,"PCPIPCH",2013-11-19,2.6
"2014",112,"PCPIPCH",2013-11-19,2.4
"2015",112,"PCPIPCH",2013-11-19,2.3
"2013",111,"PCPIPCH",2013-11-19,1.5
"2014",111,"PCPIPCH",2013-11-19,1.8
"2015",111,"PCPIPCH",2013-11-19,1.9
"2013",163,"PCPIPCH",2013-11-19,1.4
"2014",163,"PCPIPCH",2013-11-19,1.2
"2015",163,"PCPIPCH",2013-11-19,1.2
"2014",193,"LUR",2014-05-06,6.1
"2015",193,"LUR",2014-05-06,6
"2014",122,"LUR",2014-05-06,5
"2015",122,"LUR",2014-05-06,4.6
"2014",124,"LUR",2014-05-06,8.4
"2015",124,"LUR",2014-05-06,8.2
"2014",156,"LUR",2014-05-06,6.9
"2015",156,"LUR",2014-05-06,6.6
"2014",228,"LUR",2014-05-06,6.2
"2015",228,"LUR",2014-05-06,6.3
"2014",935,"LUR",2014-05-06,6.9
"2015",935,"LUR",2014-05-06,6.8
"2014",128,"LUR",2014-05-06,6.8
"2015",128,"LUR",2014-05-06,6.7
"2014",939,"LUR",2014-05-06,8.9
"2015",939,"LUR",2014-05-06,8.5
"2014",172,"LUR",2014-05-06,8.4
"2015",172,"LUR",2014-05-06,8.4
"2014",132,"LUR",2014-05-06,9.9
"2015",132,"LUR",2014-05-06,9.8
"2014",134,"LUR",2014-05-06,5
"2015",134,"LUR",2014-05-06,4.9
"2014",174,"LUR",2014-05-06,27.1
"2015",174,"LUR",2014-05-06,26.7
"2014",944,"LUR",2014-05-06,8.7
"2015",944,"LUR",2014-05-06,8.9
"2014",176,"LUR",2014-05-06,4.5
"2015",176,"LUR",2014-05-06,4.2
"2014",178,"LUR",2014-05-06,11.4
"2015",178,"LUR",2014-05-06,10.4
"2014",436,"LUR",2014-05-06,5.9
"2015",436,"LUR",2014-05-06,5.8
"2014",136,"LUR",2014-05-06,12.8
"2015",136,"LUR",2014-05-06,12.5
"2014",158,"LUR",2014-05-06,3.8
"2015",158,"LUR",2014-05-06,3.7
"2014",542,"LUR",2014-05-06,3.1
"2015",542,"LUR",2014-05-06,3
"2014",137,"LUR",2014-05-06,7.1
"2015",137,"LUR",2014-05-06,7.1
"2014",273,"LUR",2014-05-06,4.6
"2015",273,"LUR",2014-05-06,4.4
"2014",138,"LUR",2014-05-06,7.6
"2015",138,"LUR",2014-05-06,7.6
"2014",196,"LUR",2014-05-06,5.9
"2015",196,"LUR",2014-05-06,5.6
"2014",142,"LUR",2014-05-06,3.5
"2015",142,"LUR",2014-05-06,3.5
"2014",964,"LUR",2014-05-06,9.8
"2015",964,"LUR",2014-05-06,9.5
"2014",182,"LUR",2014-05-06,15.1
"2015",182,"LUR",2014-05-06,14.8
"2014",936,"LUR",2014-05-06,13.9
"2015",936,"LUR",2014-05-06,13.2
"2014",961,"LUR",2014-05-06,10.2
"2015",961,"LUR",2014-05-06,10.2
"2014",184,"LUR",2014-05-06,25.4
"2015",184,"LUR",2014-05-06,24.4
"2014",144,"LUR",2014-05-06,7.9
"2015",144,"LUR",2014-05-06,7.4
"2014",146,"LUR",2014-05-06,3.9
"2015",146,"LUR",2014-05-06,3.4
"2014",186,"LUR",2014-05-06,9.8
"2015",186,"LUR",2014-05-06,9.6
"2014",112,"LUR",2014-05-06,6.9
"2015",112,"LUR",2014-05-06,6.5
"2014",111,"LUR",2014-05-06,6.5
"2015",111,"LUR",2014-05-06,6
"2014",163,"LUR",2014-05-06,11.7
"2015",163,"LUR",2014-05-06,11.4
"2014",193,"NGDP_RPCH",2014-05-06,2.6
"2015",193,"NGDP_RPCH",2014-05-06,2.9
"2014",122,"NGDP_RPCH",2014-05-06,1.5
"2015",122,"NGDP_RPCH",2014-05-06,2.1
"2014",124,"NGDP_RPCH",2014-05-06,1.5
"2015",124,"NGDP_RPCH",2014-05-06,1.9
"2014",156,"NGDP_RPCH",2014-05-06,2.5
"2015",156,"NGDP_RPCH",2014-05-06,2.7
"2014",228,"NGDP_RPCH",2014-05-06,3.6
"2015",228,"NGDP_RPCH",2014-05-06,4.2
"2014",935,"NGDP_RPCH",2014-05-06,1.2
"2015",935,"NGDP_RPCH",2014-05-06,2.4
"2014",128,"NGDP_RPCH",2014-05-06,1.4
"2015",128,"NGDP_RPCH",2014-05-06,1.8
"2014",939,"NGDP_RPCH",2014-05-06,1.2
"2015",939,"NGDP_RPCH",2014-05-06,3.1
"2014",172,"NGDP_RPCH",2014-05-06,0.2
"2015",172,"NGDP_RPCH",2014-05-06,1.1
"2014",132,"NGDP_RPCH",2014-05-06,0.9
"2015",132,"NGDP_RPCH",2014-05-06,1.5
"2014",134,"NGDP_RPCH",2014-05-06,1.9
"2015",134,"NGDP_RPCH",2014-05-06,2.1
"2014",174,"NGDP_RPCH",2014-05-06,-0.3
"2015",174,"NGDP_RPCH",2014-05-06,1.9
"2014",944,"NGDP_RPCH",2014-05-06,2
"2015",944,"NGDP_RPCH",2014-05-06,1.6
"2014",176,"NGDP_RPCH",2014-05-06,2.7
"2015",176,"NGDP_RPCH",2014-05-06,3.2
"2014",178,"NGDP_RPCH",2014-05-06,1.9
"2015",178,"NGDP_RPCH",2014-05-06,2.2
"2014",436,"NGDP_RPCH",2014-05-06,3.2
"2015",436,"NGDP_RPCH",2014-05-06,3.5
"2014",136,"NGDP_RPCH",2014-05-06,0.5
"2015",136,"NGDP_RPCH",2014-05-06,1.1
"2014",158,"NGDP_RPCH",2014-05-06,1.2
"2015",158,"NGDP_RPCH",2014-05-06,1.2
"2014",542,"NGDP_RPCH",2014-05-06,4
"2015",542,"NGDP_RPCH",2014-05-06,4.2
"2014",137,"NGDP_RPCH",2014-05-06,2.8
"2015",137,"NGDP_RPCH",2014-05-06,2.5
"2014",273,"NGDP_RPCH",2014-05-06,3.4
"2015",273,"NGDP_RPCH",2014-05-06,4.1
"2014",138,"NGDP_RPCH",2014-05-06,1
"2015",138,"NGDP_RPCH",2014-05-06,1.3
"2014",196,"NGDP_RPCH",2014-05-06,3.5
"2015",196,"NGDP_RPCH",2014-05-06,3.3
"2014",142,"NGDP_RPCH",2014-05-06,2
"2015",142,"NGDP_RPCH",2014-05-06,2.4
"2014",964,"NGDP_RPCH",2014-05-06,3
"2015",964,"NGDP_RPCH",2014-05-06,3.4
"2014",182,"NGDP_RPCH",2014-05-06,1.1
"2015",182,"NGDP_RPCH",2014-05-06,1.4
"2014",936,"NGDP_RPCH",2014-05-06,2
"2015",936,"NGDP_RPCH",2014-05-06,2.9
"2014",961,"NGDP_RPCH",2014-05-06,0.3
"2015",961,"NGDP_RPCH",2014-05-06,1.2
"2014",184,"NGDP_RPCH",2014-05-06,1
"2015",184,"NGDP_RPCH",2014-05-06,1.5
"2014",144,"NGDP_RPCH",2014-05-06,2.8
"2015",144,"NGDP_RPCH",2014-05-06,3.1
"2014",146,"NGDP_RPCH",2014-05-06,2
"2015",146,"NGDP_RPCH",2014-05-06,2.5
"2014",186,"NGDP_RPCH",2014-05-06,2.8
"2015",186,"NGDP_RPCH",2014-05-06,4
"2014",112,"NGDP_RPCH",2014-05-06,3.2
"2015",112,"NGDP_RPCH",2014-05-06,2.7
"2014",111,"NGDP_RPCH",2014-05-06,2.6
"2015",111,"NGDP_RPCH",2014-05-06,3.5
"2014",163,"NGDP_RPCH",2014-05-06,1.2
"2015",163,"NGDP_RPCH",2014-05-06,1.7
"2014",193,"PCPIPCH",2014-05-06,2.6
"2015",193,"PCPIPCH",2014-05-06,2.3
"2014",122,"PCPIPCH",2014-05-06,1.4
"2015",122,"PCPIPCH",2014-05-06,1.6
"2014",124,"PCPIPCH",2014-05-06,0.8
"2015",124,"PCPIPCH",2014-05-06,1
"2014",156,"PCPIPCH",2014-05-06,1.6
"2015",156,"PCPIPCH",2014-05-06,1.8
"2014",228,"PCPIPCH",2014-05-06,3.1
"2015",228,"PCPIPCH",2014-05-06,3
"2014",935,"PCPIPCH",2014-05-06,0.1
"2015",935,"PCPIPCH",2014-05-06,2
"2014",128,"PCPIPCH",2014-05-06,0.7
"2015",128,"PCPIPCH",2014-05-06,1.3
"2014",939,"PCPIPCH",2014-05-06,0.7
"2015",939,"PCPIPCH",2014-05-06,1.7
"2014",172,"PCPIPCH",2014-05-06,1.4
"2015",172,"PCPIPCH",2014-05-06,1.4
"2014",132,"PCPIPCH",2014-05-06,0.9
"2015",132,"PCPIPCH",2014-05-06,1.1
"2014",134,"PCPIPCH",2014-05-06,1.1
"2015",134,"PCPIPCH",2014-05-06,1.8
"2014",174,"PCPIPCH",2014-05-06,-1.1
"2015",174,"PCPIPCH",2014-05-06,-1
"2014",944,"PCPIPCH",2014-05-06,0.5
"2015",944,"PCPIPCH",2014-05-06,2.8
"2014",176,"PCPIPCH",2014-05-06,2.6
"2015",176,"PCPIPCH",2014-05-06,3.3
"2014",178,"PCPIPCH",2014-05-06,0.3
"2015",178,"PCPIPCH",2014-05-06,0.7
"2014",436,"PCPIPCH",2014-05-06,1.1
"2015",436,"PCPIPCH",2014-05-06,1.5
"2014",136,"PCPIPCH",2014-05-06,0.5
"2015",136,"PCPIPCH",2014-05-06,0.9
"2014",158,"PCPIPCH",2014-05-06,2.6
"2015",158,"PCPIPCH",2014-05-06,2
"2014",542,"PCPIPCH",2014-05-06,2
"2015",542,"PCPIPCH",2014-05-06,2.8
"2014",137,"PCPIPCH",2014-05-06,1
"2015",137,"PCPIPCH",2014-05-06,2.2
"2014",273,"PCPIPCH",2014-05-06,3.9
"2015",273,"PCPIPCH",2014-05-06,3.3
"2014",138,"PCPIPCH",2014-05-06,0.5
"2015",138,"PCPIPCH",2014-05-06,0.8
"2014",196,"PCPIPCH",2014-05-06,1.7
"2015",196,"PCPIPCH",2014-05-06,2.3
"2014",142,"PCPIPCH",2014-05-06,1.9
"2015",142,"PCPIPCH",2014-05-06,2.1
"2014",964,"PCPIPCH",2014-05-06,1.1
"2015",964,"PCPIPCH",2014-05-06,1.9
"2014",182,"PCPIPCH",2014-05-06,-0.3
"2015",182,"PCPIPCH",2014-05-06,0.4
"2014",936,"PCPIPCH",2014-05-06,0.4
"2015",936,"PCPIPCH",2014-05-06,1
"2014",961,"PCPIPCH",2014-05-06,0.7
"2015",961,"PCPIPCH",2014-05-06,0.9
"2014",184,"PCPIPCH",2014-05-06,0.1
"2015",184,"PCPIPCH",2014-05-06,0.5
"2014",144,"PCPIPCH",2014-05-06,0.1
"2015",144,"PCPIPCH",2014-05-06,1.4
"2014",146,"PCPIPCH",2014-05-06,0
"2015",146,"PCPIPCH",2014-05-06,0.3
"2014",186,"PCPIPCH",2014-05-06,8
"2015",186,"PCPIPCH",2014-05-06,6.5
"2014",112,"PCPIPCH",2014-05-06,2
"2015",112,"PCPIPCH",2014-05-06,2.1
"2014",111,"PCPIPCH",2014-05-06,1.5
"2015",111,"PCPIPCH",2014-05-06,1.7
"2014",163,"PCPIPCH",2014-05-06,0.7
"2015",163,"PCPIPCH",2014-05-06,1.1
"2014",223,"NGDP_RPCH",2014-09-15,0.3
"2015",223,"NGDP_RPCH",2014-09-15,1.4
"2014",156,"NGDP_RPCH",2014-09-15,2.3
"2015",156,"NGDP_RPCH",2014-09-15,2.7
"2014",924,"NGDP_RPCH",2014-09-15,7.4
"2015",924,"NGDP_RPCH",2014-09-15,7.3
"2014",132,"NGDP_RPCH",2014-09-15,0.4
"2015",132,"NGDP_RPCH",2014-09-15,1
"2014",134,"NGDP_RPCH",2014-09-15,1.5
"2015",134,"NGDP_RPCH",2014-09-15,1.5
"2014",534,"NGDP_RPCH",2014-09-15,5.7
"2015",534,"NGDP_RPCH",2014-09-15,5.9
"2014",136,"NGDP_RPCH",2014-09-15,-0.4
"2015",136,"NGDP_RPCH",2014-09-15,0.1
"2014",158,"NGDP_RPCH",2014-09-15,0.9
"2015",158,"NGDP_RPCH",2014-09-15,1.1
"2014",112,"NGDP_RPCH",2014-09-15,3.1
"2015",112,"NGDP_RPCH",2014-09-15,2.8
"2014",111,"NGDP_RPCH",2014-09-15,2.1
"2015",111,"NGDP_RPCH",2014-09-15,3.1
"2014",163,"NGDP_RPCH",2014-09-15,0.8
"2015",163,"NGDP_RPCH",2014-09-15,1.1
"2014",193,"LUR",2014-11-25,6.1
"2015",193,"LUR",2014-11-25,6.2
"2016",193,"LUR",2014-11-25,5.9
"2014",122,"LUR",2014-11-25,5
"2015",122,"LUR",2014-11-25,5.2
"2016",122,"LUR",2014-11-25,5.1
"2014",124,"LUR",2014-11-25,8.5
"2015",124,"LUR",2014-11-25,8.4
"2016",124,"LUR",2014-11-25,8.1
"2014",156,"LUR",2014-11-25,6.9
"2015",156,"LUR",2014-11-25,6.5
"2016",156,"LUR",2014-11-25,6.3
"2014",228,"LUR",2014-11-25,6.3
"2015",228,"LUR",2014-11-25,6.7
"2016",228,"LUR",2014-11-25,6.8
"2014",935,"LUR",2014-11-25,6.3
"2015",935,"LUR",2014-11-25,6.2
"2016",935,"LUR",2014-11-25,6
"2014",128,"LUR",2014-11-25,6.6
"2015",128,"LUR",2014-11-25,6.3
"2016",128,"LUR",2014-11-25,6.1
"2014",939,"LUR",2014-11-25,7.4
"2015",939,"LUR",2014-11-25,7
"2016",939,"LUR",2014-11-25,6.6
"2014",172,"LUR",2014-11-25,8.5
"2015",172,"LUR",2014-11-25,8.6
"2016",172,"LUR",2014-11-25,8.5
"2014",132,"LUR",2014-11-25,9.9
"2015",132,"LUR",2014-11-25,10.1
"2016",132,"LUR",2014-11-25,10
"2014",134,"LUR",2014-11-25,5.1
"2015",134,"LUR",2014-11-25,5.1
"2016",134,"LUR",2014-11-25,5.1
"2014",174,"LUR",2014-11-25,26.4
"2015",174,"LUR",2014-11-25,25.2
"2016",174,"LUR",2014-11-25,24.1
"2014",944,"LUR",2014-11-25,7.8
"2015",944,"LUR",2014-11-25,7.6
"2016",944,"LUR",2014-11-25,7.6
"2014",176,"LUR",2014-11-25,4.9
"2015",176,"LUR",2014-11-25,4.8
"2016",176,"LUR",2014-11-25,4.7
"2014",178,"LUR",2014-11-25,11.5
"2015",178,"LUR",2014-11-25,10.5
"2016",178,"LUR",2014-11-25,9.9
"2014",436,"LUR",2014-11-25,6.1
"2015",436,"LUR",2014-11-25,6.3
"2016",436,"LUR",2014-11-25,6.2
"2014",136,"LUR",2014-11-25,12.4
"2015",136,"LUR",2014-11-25,12.3
"2016",136,"LUR",2014-11-25,12.1
"2014",158,"LUR",2014-11-25,3.6
"2015",158,"LUR",2014-11-25,3.5
"2016",158,"LUR",2014-11-25,3.5
"2014",542,"LUR",2014-11-25,3.5
"2015",542,"LUR",2014-11-25,3.4
"2016",542,"LUR",2014-11-25,3.3
"2014",137,"LUR",2014-11-25,7.1
"2015",137,"LUR",2014-11-25,7.2
"2016",137,"LUR",2014-11-25,7.2
"2014",273,"LUR",2014-11-25,4.9
"2015",273,"LUR",2014-11-25,4.7
"2016",273,"LUR",2014-11-25,4.7
"2014",138,"LUR",2014-11-25,6.8
"2015",138,"LUR",2014-11-25,6.6
"2016",138,"LUR",2014-11-25,6.2
"2014",196,"LUR",2014-11-25,5.6
"2015",196,"LUR",2014-11-25,5.4
"2016",196,"LUR",2014-11-25,5.1
"2014",142,"LUR",2014-11-25,3.4
"2015",142,"LUR",2014-11-25,3.4
"2016",142,"LUR",2014-11-25,3.4
"2014",964,"LUR",2014-11-25,9.2
"2015",964,"LUR",2014-11-25,8.6
"2016",964,"LUR",2014-11-25,8.2
"2014",182,"LUR",2014-11-25,13.7
"2015",182,"LUR",2014-11-25,12.8
"2016",182,"LUR",2014-11-25,12.4
"2014",936,"LUR",2014-11-25,13.4
"2015",936,"LUR",2014-11-25,12.8
"2016",936,"LUR",2014-11-25,12.2
"2014",961,"LUR",2014-11-25,9.9
"2015",961,"LUR",2014-11-25,10
"2016",961,"LUR",2014-11-25,9.3
"2014",184,"LUR",2014-11-25,24.5
"2015",184,"LUR",2014-11-25,23.1
"2016",184,"LUR",2014-11-25,21.9
"2014",144,"LUR",2014-11-25,7.9
"2015",144,"LUR",2014-11-25,7.5
"2016",144,"LUR",2014-11-25,7.3
"2014",146,"LUR",2014-11-25,4.6
"2015",146,"LUR",2014-11-25,4.4
"2016",146,"LUR",2014-11-25,4.3
"2014",186,"LUR",2014-11-25,9.9
"2015",186,"LUR",2014-11-25,10.1
"2016",186,"LUR",2014-11-25,10.2
"2014",112,"LUR",2014-11-25,6.2
"2015",112,"LUR",2014-11-25,5.6
"2016",112,"LUR",2014-11-25,5.4
"2014",111,"LUR",2014-11-25,6.2
"2015",111,"LUR",2014-11-25,5.6
"2016",111,"LUR",2014-11-25,5.3
"2014",163,"LUR",2014-11-25,11.4
"2015",163,"LUR",2014-11-25,11.1
"2016",163,"LUR",2014-11-25,10.8
"2014",193,"NGDP_RPCH",2014-11-25,3.1
"2015",193,"NGDP_RPCH",2014-11-25,2.5
"2016",193,"NGDP_RPCH",2014-11-25,3
"2014",122,"NGDP_RPCH",2014-11-25,0.5
"2015",122,"NGDP_RPCH",2014-11-25,0.9
"2016",122,"NGDP_RPCH",2014-11-25,1.6
"2014",124,"NGDP_RPCH",2014-11-25,1
"2015",124,"NGDP_RPCH",2014-11-25,1.4
"2016",124,"NGDP_RPCH",2014-11-25,1.7
"2014",156,"NGDP_RPCH",2014-11-25,2.4
"2015",156,"NGDP_RPCH",2014-11-25,2.6
"2016",156,"NGDP_RPCH",2014-11-25,2.4
"2014",228,"NGDP_RPCH",2014-11-25,1.9
"2015",228,"NGDP_RPCH",2014-11-25,3.2
"2016",228,"NGDP_RPCH",2014-11-25,3.7
"2014",935,"NGDP_RPCH",2014-11-25,2.4
"2015",935,"NGDP_RPCH",2014-11-25,2.3
"2016",935,"NGDP_RPCH",2014-11-25,2.7
"2014",128,"NGDP_RPCH",2014-11-25,0.8
"2015",128,"NGDP_RPCH",2014-11-25,1.4
"2016",128,"NGDP_RPCH",2014-11-25,1.8
"2014",939,"NGDP_RPCH",2014-11-25,2
"2015",939,"NGDP_RPCH",2014-11-25,2.4
"2016",939,"NGDP_RPCH",2014-11-25,3.4
"2014",172,"NGDP_RPCH",2014-11-25,-0.2
"2015",172,"NGDP_RPCH",2014-11-25,0.9
"2016",172,"NGDP_RPCH",2014-11-25,1.3
"2014",132,"NGDP_RPCH",2014-11-25,0.4
"2015",132,"NGDP_RPCH",2014-11-25,0.8
"2016",132,"NGDP_RPCH",2014-11-25,1.5
"2014",134,"NGDP_RPCH",2014-11-25,1.5
"2015",134,"NGDP_RPCH",2014-11-25,1.1
"2016",134,"NGDP_RPCH",2014-11-25,1.8
"2014",174,"NGDP_RPCH",2014-11-25,0.8
"2015",174,"NGDP_RPCH",2014-11-25,2.3
"2016",174,"NGDP_RPCH",2014-11-25,3.3
"2014",944,"NGDP_RPCH",2014-11-25,3.3
"2015",944,"NGDP_RPCH",2014-11-25,2.1
"2016",944,"NGDP_RPCH",2014-11-25,1.7
"2014",176,"NGDP_RPCH",2014-11-25,2.5
"2015",176,"NGDP_RPCH",2014-11-25,3.3
"2016",176,"NGDP_RPCH",2014-11-25,2.8
"2014",178,"NGDP_RPCH",2014-11-25,4.3
"2015",178,"NGDP_RPCH",2014-11-25,3.3
"2016",178,"NGDP_RPCH",2014-11-25,3.2
"2014",436,"NGDP_RPCH",2014-11-25,2.5
"2015",436,"NGDP_RPCH",2014-11-25,3.1
"2016",436,"NGDP_RPCH",2014-11-25,3.5
"2014",136,"NGDP_RPCH",2014-11-25,-0.4
"2015",136,"NGDP_RPCH",2014-11-25,0.2
"2016",136,"NGDP_RPCH",2014-11-25,1
"2014",158,"NGDP_RPCH",2014-11-25,0.4
"2015",158,"NGDP_RPCH",2014-11-25,0.8
"2016",158,"NGDP_RPCH",2014-11-25,1
"2014",542,"NGDP_RPCH",2014-11-25,3.5
"2015",542,"NGDP_RPCH",2014-11-25,3.8
"2016",542,"NGDP_RPCH",2014-11-25,4.1
"2014",137,"NGDP_RPCH",2014-11-25,3.1
"2015",137,"NGDP_RPCH",2014-11-25,2.2
"2016",137,"NGDP_RPCH",2014-11-25,2.6
"2014",273,"NGDP_RPCH",2014-11-25,2.6
"2015",273,"NGDP_RPCH",2014-11-25,3.9
"2016",273,"NGDP_RPCH",2014-11-25,4.2
"2014",138,"NGDP_RPCH",2014-11-25,0.8
"2015",138,"NGDP_RPCH",2014-11-25,1.4
"2016",138,"NGDP_RPCH",2014-11-25,1.6
"2014",196,"NGDP_RPCH",2014-11-25,3.2
"2015",196,"NGDP_RPCH",2014-11-25,3
"2016",196,"NGDP_RPCH",2014-11-25,2.7
"2014",142,"NGDP_RPCH",2014-11-25,1.7
"2015",142,"NGDP_RPCH",2014-11-25,1.8
"2016",142,"NGDP_RPCH",2014-11-25,2.5
"2014",964,"NGDP_RPCH",2014-11-25,3.3
"2015",964,"NGDP_RPCH",2014-11-25,3
"2016",964,"NGDP_RPCH",2014-11-25,3.5
"2014",182,"NGDP_RPCH",2014-11-25,0.8
"2015",182,"NGDP_RPCH",2014-11-25,1.3
"2016",182,"NGDP_RPCH",2014-11-25,1.5
"2014",936,"NGDP_RPCH",2014-11-25,2.6
"2015",936,"NGDP_RPCH",2014-11-25,2.8
"2016",936,"NGDP_RPCH",2014-11-25,3.4
"2014",961,"NGDP_RPCH",2014-11-25,2.1
"2015",961,"NGDP_RPCH",2014-11-25,1.4
"2016",961,"NGDP_RPCH",2014-11-25,2.2
"2014",184,"NGDP_RPCH",2014-11-25,1.3
"2015",184,"NGDP_RPCH",2014-11-25,1.7
"2016",184,"NGDP_RPCH",2014-11-25,1.9
"2014",144,"NGDP_RPCH",2014-11-25,2.1
"2015",144,"NGDP_RPCH",2014-11-25,2.8
"2016",144,"NGDP_RPCH",2014-11-25,3.1
"2014",146,"NGDP_RPCH",2014-11-25,1.5
"2015",146,"NGDP_RPCH",2014-11-25,1.5
"2016",146,"NGDP_RPCH",2014-11-25,2.5
"2014",186,"NGDP_RPCH",2014-11-25,3
"2015",186,"NGDP_RPCH",2014-11-25,3.2
"2016",186,"NGDP_RPCH",2014-11-25,4
"2014",112,"NGDP_RPCH",2014-11-25,3
"2015",112,"NGDP_RPCH",2014-11-25,2.7
"2016",112,"NGDP_RPCH",2014-11-25,2.5
"2014",111,"NGDP_RPCH",2014-11-25,2.2
"2015",111,"NGDP_RPCH",2014-11-25,3.1
"2016",111,"NGDP_RPCH",2014-11-25,3
"2014",163,"NGDP_RPCH",2014-11-25,0.8
"2015",163,"NGDP_RPCH",2014-11-25,1.1
"2016",163,"NGDP_RPCH",2014-11-25,1.7
"2014",193,"PCPIPCH",2014-11-25,2.6
"2015",193,"PCPIPCH",2014-11-25,2.3
"2016",193,"PCPIPCH",2014-11-25,2.6
"2014",122,"PCPIPCH",2014-11-25,1.5
"2015",122,"PCPIPCH",2014-11-25,1.6
"2016",122,"PCPIPCH",2014-11-25,1.9
"2014",124,"PCPIPCH",2014-11-25,0.6
"2015",124,"PCPIPCH",2014-11-25,0.7
"2016",124,"PCPIPCH",2014-11-25,1.2
"2014",156,"PCPIPCH",2014-11-25,2
"2015",156,"PCPIPCH",2014-11-25,1.6
"2016",156,"PCPIPCH",2014-11-25,1.9
"2014",228,"PCPIPCH",2014-11-25,4.8
"2015",228,"PCPIPCH",2014-11-25,3.6
"2016",228,"PCPIPCH",2014-11-25,2.1
"2014",935,"PCPIPCH",2014-11-25,0.3
"2015",935,"PCPIPCH",2014-11-25,1.1
"2016",935,"PCPIPCH",2014-11-25,1.8
"2014",128,"PCPIPCH",2014-11-25,0.5
"2015",128,"PCPIPCH",2014-11-25,0.7
"2016",128,"PCPIPCH",2014-11-25,1.2
"2014",939,"PCPIPCH",2014-11-25,0.5
"2015",939,"PCPIPCH",2014-11-25,0.9
"2016",939,"PCPIPCH",2014-11-25,1.7
"2014",172,"PCPIPCH",2014-11-25,1.3
"2015",172,"PCPIPCH",2014-11-25,1.4
"2016",172,"PCPIPCH",2014-11-25,1.2
"2014",132,"PCPIPCH",2014-11-25,0.6
"2015",132,"PCPIPCH",2014-11-25,0.5
"2016",132,"PCPIPCH",2014-11-25,0.9
"2014",134,"PCPIPCH",2014-11-25,0.9
"2015",134,"PCPIPCH",2014-11-25,1.2
"2016",134,"PCPIPCH",2014-11-25,1.7
"2014",174,"PCPIPCH",2014-11-25,-1
"2015",174,"PCPIPCH",2014-11-25,-0.7
"2016",174,"PCPIPCH",2014-11-25,-0.3
"2014",944,"PCPIPCH",2014-11-25,-0.1
"2015",944,"PCPIPCH",2014-11-25,2
"2016",944,"PCPIPCH",2014-11-25,3
"2014",176,"PCPIPCH",2014-11-25,2.2
"2015",176,"PCPIPCH",2014-11-25,2.7
"2016",176,"PCPIPCH",2014-11-25,3.1
"2014",178,"PCPIPCH",2014-11-25,0.2
"2015",178,"PCPIPCH",2014-11-25,0.5
"2016",178,"PCPIPCH",2014-11-25,1.2
"2014",436,"PCPIPCH",2014-11-25,0.4
"2015",436,"PCPIPCH",2014-11-25,0
"2016",436,"PCPIPCH",2014-11-25,0.7
"2014",136,"PCPIPCH",2014-11-25,0.1
"2015",136,"PCPIPCH",2014-11-25,0
"2016",136,"PCPIPCH",2014-11-25,0.6
"2014",158,"PCPIPCH",2014-11-25,2.9
"2015",158,"PCPIPCH",2014-11-25,1.8
"2016",158,"PCPIPCH",2014-11-25,1.6
"2014",542,"PCPIPCH",2014-11-25,1.4
"2015",542,"PCPIPCH",2014-11-25,2.2
"2016",542,"PCPIPCH",2014-11-25,2.5
"2014",137,"PCPIPCH",2014-11-25,0.9
"2015",137,"PCPIPCH",2014-11-25,1.2
"2016",137,"PCPIPCH",2014-11-25,1.5
"2014",273,"PCPIPCH",2014-11-25,4
"2015",273,"PCPIPCH",2014-11-25,3.5
"2016",273,"PCPIPCH",2014-11-25,3.1
"2014",138,"PCPIPCH",2014-11-25,0.4
"2015",138,"PCPIPCH",2014-11-25,0.8
"2016",138,"PCPIPCH",2014-11-25,0.9
"2014",196,"PCPIPCH",2014-11-25,1.2
"2015",196,"PCPIPCH",2014-11-25,1.3
"2016",196,"PCPIPCH",2014-11-25,1.9
"2014",142,"PCPIPCH",2014-11-25,2.1
"2015",142,"PCPIPCH",2014-11-25,2.2
"2016",142,"PCPIPCH",2014-11-25,2.4
"2014",964,"PCPIPCH",2014-11-25,0.1
"2015",964,"PCPIPCH",2014-11-25,0.6
"2016",964,"PCPIPCH",2014-11-25,1.6
"2014",182,"PCPIPCH",2014-11-25,-0.2
"2015",182,"PCPIPCH",2014-11-25,0.2
"2016",182,"PCPIPCH",2014-11-25,0.4
"2014",936,"PCPIPCH",2014-11-25,0
"2015",936,"PCPIPCH",2014-11-25,1
"2016",936,"PCPIPCH",2014-11-25,1.2
"2014",961,"PCPIPCH",2014-11-25,0.4
"2015",961,"PCPIPCH",2014-11-25,0.6
"2016",961,"PCPIPCH",2014-11-25,1
"2014",184,"PCPIPCH",2014-11-25,-0.1
"2015",184,"PCPIPCH",2014-11-25,0.1
"2016",184,"PCPIPCH",2014-11-25,0.5
"2014",144,"PCPIPCH",2014-11-25,-0.1
"2015",144,"PCPIPCH",2014-11-25,0.8
"2016",144,"PCPIPCH",2014-11-25,1.5
"2014",146,"PCPIPCH",2014-11-25,0
"2015",146,"PCPIPCH",2014-11-25,0
"2016",146,"PCPIPCH",2014-11-25,0.3
"2014",186,"PCPIPCH",2014-11-25,9
"2015",186,"PCPIPCH",2014-11-25,7.4
"2016",186,"PCPIPCH",2014-11-25,6.8
"2014",112,"PCPIPCH",2014-11-25,1.6
"2015",112,"PCPIPCH",2014-11-25,1.8
"2016",112,"PCPIPCH",2014-11-25,2.1
"2014",111,"PCPIPCH",2014-11-25,1.7
"2015",111,"PCPIPCH",2014-11-25,1.4
"2016",111,"PCPIPCH",2014-11-25,2
"2014",163,"PCPIPCH",2014-11-25,0.5
"2015",163,"PCPIPCH",2014-11-25,0.6
"2016",163,"PCPIPCH",2014-11-25,1
"2015",223,"NGDP_RPCH",2015-03-18,-0.5
"2016",223,"NGDP_RPCH",2015-03-18,1.2
"2015",156,"NGDP_RPCH",2015-03-18,2.2
"2016",156,"NGDP_RPCH",2015-03-18,2.1
"2015",924,"NGDP_RPCH",2015-03-18,7
"2016",924,"NGDP_RPCH",2015-03-18,6.9
"2015",132,"NGDP_RPCH",2015-03-18,1.1
"2016",132,"NGDP_RPCH",2015-03-18,1.7
"2015",134,"NGDP_RPCH",2015-03-18,1.7
"2016",134,"NGDP_RPCH",2015-03-18,2.2
"2015",534,"NGDP_RPCH",2015-03-18,7.7
"2016",534,"NGDP_RPCH",2015-03-18,8
"2015",136,"NGDP_RPCH",2015-03-18,0.6
"2016",136,"NGDP_RPCH",2015-03-18,1.3
"2015",158,"NGDP_RPCH",2015-03-18,1
"2016",158,"NGDP_RPCH",2015-03-18,1.4
"2015",112,"NGDP_RPCH",2015-03-18,2.6
"2016",112,"NGDP_RPCH",2015-03-18,2.5
"2015",111,"NGDP_RPCH",2015-03-18,3.1
"2016",111,"NGDP_RPCH",2015-03-18,3
"2015",163,"NGDP_RPCH",2015-03-18,1.4
"2016",163,"NGDP_RPCH",2015-03-18,2
"2015",193,"LUR",2015-06-03,6
"2016",193,"LUR",2015-06-03,5.8
"2015",122,"LUR",2015-06-03,5.8
"2016",122,"LUR",2015-06-03,5.7
"2015",124,"LUR",2015-06-03,8.5
"2016",124,"LUR",2015-06-03,8.1
"2015",156,"LUR",2015-06-03,6.7
"2016",156,"LUR",2015-06-03,6.5
"2015",228,"LUR",2015-06-03,6.2
"2016",228,"LUR",2015-06-03,6.3
"2015",935,"LUR",2015-06-03,5.7
"2016",935,"LUR",2015-06-03,5.5
"2015",128,"LUR",2015-06-03,6.2
"2016",128,"LUR",2015-06-03,6.2
"2015",939,"LUR",2015-06-03,6.5
"2016",939,"LUR",2015-06-03,6.1
"2015",172,"LUR",2015-06-03,8.8
"2016",172,"LUR",2015-06-03,8.7
"2015",132,"LUR",2015-06-03,10.1
"2016",132,"LUR",2015-06-03,10
"2015",134,"LUR",2015-06-03,4.7
"2016",134,"LUR",2015-06-03,4.5
"2015",174,"LUR",2015-06-03,25.7
"2016",174,"LUR",2015-06-03,24.7
"2015",944,"LUR",2015-06-03,6.9
"2016",944,"LUR",2015-06-03,6.2
"2015",176,"LUR",2015-06-03,3.9
"2016",176,"LUR",2015-06-03,4.1
"2015",178,"LUR",2015-06-03,9.9
"2016",178,"LUR",2015-06-03,9.2
"2015",436,"LUR",2015-06-03,5.5
"2016",436,"LUR",2015-06-03,5.4
"2015",136,"LUR",2015-06-03,12.7
"2016",136,"LUR",2015-06-03,12.1
"2015",158,"LUR",2015-06-03,3.5
"2016",158,"LUR",2015-06-03,3.3
"2015",542,"LUR",2015-06-03,3.6
"2016",542,"LUR",2015-06-03,3.5
"2015",137,"LUR",2015-06-03,7.1
"2016",137,"LUR",2015-06-03,7
"2015",273,"LUR",2015-06-03,4.7
"2016",273,"LUR",2015-06-03,4.6
"2015",138,"LUR",2015-06-03,6.9
"2016",138,"LUR",2015-06-03,6.5
"2015",196,"LUR",2015-06-03,5.6
"2016",196,"LUR",2015-06-03,5.3
"2015",142,"LUR",2015-06-03,4.1
"2016",142,"LUR",2015-06-03,4.2
"2015",964,"LUR",2015-06-03,7.8
"2016",964,"LUR",2015-06-03,7.4
"2015",182,"LUR",2015-06-03,13.2
"2016",182,"LUR",2015-06-03,12.6
"2015",936,"LUR",2015-06-03,12.4
"2016",936,"LUR",2015-06-03,11.6
"2015",961,"LUR",2015-06-03,9.4
"2016",961,"LUR",2015-06-03,9.1
"2015",184,"LUR",2015-06-03,22.3
"2016",184,"LUR",2015-06-03,20.3
"2015",144,"LUR",2015-06-03,7.7
"2016",144,"LUR",2015-06-03,7.6
"2015",146,"LUR",2015-06-03,4.5
"2016",146,"LUR",2015-06-03,4.6
"2015",186,"LUR",2015-06-03,10.3
"2016",186,"LUR",2015-06-03,10.1
"2015",112,"LUR",2015-06-03,5.4
"2016",112,"LUR",2015-06-03,5.1
"2015",111,"LUR",2015-06-03,5.5
"2016",111,"LUR",2015-06-03,5.2
"2015",163,"LUR",2015-06-03,11.1
"2016",163,"LUR",2015-06-03,10.5
"2015",193,"NGDP_RPCH",2015-06-03,2.3
"2016",193,"NGDP_RPCH",2015-06-03,2.9
"2015",122,"NGDP_RPCH",2015-06-03,0.6
"2016",122,"NGDP_RPCH",2015-06-03,1.7
"2015",124,"NGDP_RPCH",2015-06-03,1.3
"2016",124,"NGDP_RPCH",2015-06-03,1.8
"2015",223,"NGDP_RPCH",2015-06-03,-0.8
"2016",223,"NGDP_RPCH",2015-06-03,1.1
"2015",156,"NGDP_RPCH",2015-06-03,1.5
"2016",156,"NGDP_RPCH",2015-06-03,2.3
"2015",228,"NGDP_RPCH",2015-06-03,2.9
"2016",228,"NGDP_RPCH",2015-06-03,3.7
"2015",924,"NGDP_RPCH",2015-06-03,6.8
"2016",924,"NGDP_RPCH",2015-06-03,6.7
"2015",233,"NGDP_RPCH",2015-06-03,3.3
"2016",233,"NGDP_RPCH",2015-06-03,3.7
"2015",935,"NGDP_RPCH",2015-06-03,3.1
"2016",935,"NGDP_RPCH",2015-06-03,2.5
"2015",128,"NGDP_RPCH",2015-06-03,1.9
"2016",128,"NGDP_RPCH",2015-06-03,2.3
"2015",939,"NGDP_RPCH",2015-06-03,2.1
"2016",939,"NGDP_RPCH",2015-06-03,3.3
"2015",172,"NGDP_RPCH",2015-06-03,0.4
"2016",172,"NGDP_RPCH",2015-06-03,1.3
"2015",132,"NGDP_RPCH",2015-06-03,1.1
"2016",132,"NGDP_RPCH",2015-06-03,1.7
"2015",134,"NGDP_RPCH",2015-06-03,1.6
"2016",134,"NGDP_RPCH",2015-06-03,2.3
"2015",174,"NGDP_RPCH",2015-06-03,0.1
"2016",174,"NGDP_RPCH",2015-06-03,2.3
"2015",944,"NGDP_RPCH",2015-06-03,3
"2016",944,"NGDP_RPCH",2015-06-03,2.2
"2015",176,"NGDP_RPCH",2015-06-03,3.7
"2016",176,"NGDP_RPCH",2015-06-03,2.9
"2015",534,"NGDP_RPCH",2015-06-03,6.9
"2016",534,"NGDP_RPCH",2015-06-03,7.6
"2015",536,"NGDP_RPCH",2015-06-03,4.9
"2016",536,"NGDP_RPCH",2015-06-03,5.5
"2015",178,"NGDP_RPCH",2015-06-03,3.5
"2016",178,"NGDP_RPCH",2015-06-03,3.3
"2015",436,"NGDP_RPCH",2015-06-03,3.4
"2016",436,"NGDP_RPCH",2015-06-03,3.5
"2015",136,"NGDP_RPCH",2015-06-03,0.6
"2016",136,"NGDP_RPCH",2015-06-03,1.5
"2015",158,"NGDP_RPCH",2015-06-03,0.7
"2016",158,"NGDP_RPCH",2015-06-03,1.4
"2015",542,"NGDP_RPCH",2015-06-03,3
"2016",542,"NGDP_RPCH",2015-06-03,3.6
"2015",941,"NGDP_RPCH",2015-06-03,2.4
"2016",941,"NGDP_RPCH",2015-06-03,3.6
"2015",137,"NGDP_RPCH",2015-06-03,2.7
"2016",137,"NGDP_RPCH",2015-06-03,2.9
"2015",273,"NGDP_RPCH",2015-06-03,2.9
"2016",273,"NGDP_RPCH",2015-06-03,3.5
"2015",138,"NGDP_RPCH",2015-06-03,2
"2016",138,"NGDP_RPCH",2015-06-03,2.2
"2015",196,"NGDP_RPCH",2015-06-03,3.4
"2016",196,"NGDP_RPCH",2015-06-03,3
"2015",142,"NGDP_RPCH",2015-06-03,1.2
"2016",142,"NGDP_RPCH",2015-06-03,1.5
"2015",964,"NGDP_RPCH",2015-06-03,3.5
"2016",964,"NGDP_RPCH",2015-06-03,3.7
"2015",182,"NGDP_RPCH",2015-06-03,1.6
"2016",182,"NGDP_RPCH",2015-06-03,1.8
"2015",922,"NGDP_RPCH",2015-06-03,-3.1
"2016",922,"NGDP_RPCH",2015-06-03,0.8
"2015",936,"NGDP_RPCH",2015-06-03,3
"2016",936,"NGDP_RPCH",2015-06-03,3.4
"2015",961,"NGDP_RPCH",2015-06-03,2.1
"2016",961,"NGDP_RPCH",2015-06-03,1.9
"2015",199,"NGDP_RPCH",2015-06-03,1.9
"2016",199,"NGDP_RPCH",2015-06-03,2.2
"2015",184,"NGDP_RPCH",2015-06-03,2.9
"2016",184,"NGDP_RPCH",2015-06-03,2.8
"2015",144,"NGDP_RPCH",2015-06-03,2.8
"2016",144,"NGDP_RPCH",2015-06-03,3
"2015",146,"NGDP_RPCH",2015-06-03,0.8
"2016",146,"NGDP_RPCH",2015-06-03,1.7
"2015",186,"NGDP_RPCH",2015-06-03,3.1
"2016",186,"NGDP_RPCH",2015-06-03,3.9
"2015",112,"NGDP_RPCH",2015-06-03,2.4
"2016",112,"NGDP_RPCH",2015-06-03,2.3
"2015",111,"NGDP_RPCH",2015-06-03,2
"2016",111,"NGDP_RPCH",2015-06-03,2.8
"2015",163,"NGDP_RPCH",2015-06-03,1.4
"2016",163,"NGDP_RPCH",2015-06-03,2.1
"2015",193,"PCPIPCH",2015-06-03,1.6
"2016",193,"PCPIPCH",2015-06-03,2.4
"2015",122,"PCPIPCH",2015-06-03,0.6
"2016",122,"PCPIPCH",2015-06-03,1.6
"2015",124,"PCPIPCH",2015-06-03,0
"2016",124,"PCPIPCH",2015-06-03,1.3
"2015",223,"PCPIPCH",2015-06-03,8.3
"2016",223,"PCPIPCH",2015-06-03,5.2
"2015",156,"PCPIPCH",2015-06-03,1
"2016",156,"PCPIPCH",2015-06-03,2
"2015",228,"PCPIPCH",2015-06-03,3.3
"2016",228,"PCPIPCH",2015-06-03,2.6
"2015",924,"PCPIPCH",2015-06-03,1.6
"2016",924,"PCPIPCH",2015-06-03,2
"2015",233,"PCPIPCH",2015-06-03,4.2
"2016",233,"PCPIPCH",2015-06-03,3.2
"2015",935,"PCPIPCH",2015-06-03,0.2
"2016",935,"PCPIPCH",2015-06-03,1.6
"2015",128,"PCPIPCH",2015-06-03,0.5
"2016",128,"PCPIPCH",2015-06-03,1.2
"2015",939,"PCPIPCH",2015-06-03,0.1
"2016",939,"PCPIPCH",2015-06-03,1.8
"2015",172,"PCPIPCH",2015-06-03,0.2
"2016",172,"PCPIPCH",2015-06-03,0.7
"2015",132,"PCPIPCH",2015-06-03,0.1
"2016",132,"PCPIPCH",2015-06-03,1.1
"2015",134,"PCPIPCH",2015-06-03,0.2
"2016",134,"PCPIPCH",2015-06-03,1.8
"2015",174,"PCPIPCH",2015-06-03,-1.4
"2016",174,"PCPIPCH",2015-06-03,0.3
"2015",944,"PCPIPCH",2015-06-03,-0.2
"2016",944,"PCPIPCH",2015-06-03,2.7
"2015",176,"PCPIPCH",2015-06-03,1.6
"2016",176,"PCPIPCH",2015-06-03,3.8
"2015",534,"PCPIPCH",2015-06-03,5.6
"2016",534,"PCPIPCH",2015-06-03,5.4
"2015",536,"PCPIPCH",2015-06-03,6.2
"2016",536,"PCPIPCH",2015-06-03,5
"2015",178,"PCPIPCH",2015-06-03,0.1
"2016",178,"PCPIPCH",2015-06-03,1.7
"2015",436,"PCPIPCH",2015-06-03,-0.3
"2016",436,"PCPIPCH",2015-06-03,1
"2015",136,"PCPIPCH",2015-06-03,0.2
"2016",136,"PCPIPCH",2015-06-03,1.3
"2015",158,"PCPIPCH",2015-06-03,0.7
"2016",158,"PCPIPCH",2015-06-03,1.1
"2015",542,"PCPIPCH",2015-06-03,0.8
"2016",542,"PCPIPCH",2015-06-03,1.8
"2015",941,"PCPIPCH",2015-06-03,0.5
"2016",941,"PCPIPCH",2015-06-03,2.4
"2015",137,"PCPIPCH",2015-06-03,0.1
"2016",137,"PCPIPCH",2015-06-03,1.5
"2015",273,"PCPIPCH",2015-06-03,3.5
"2016",273,"PCPIPCH",2015-06-03,3.1
"2015",138,"PCPIPCH",2015-06-03,0.1
"2016",138,"PCPIPCH",2015-06-03,1.4
"2015",196,"PCPIPCH",2015-06-03,0.4
"2016",196,"PCPIPCH",2015-06-03,1.7
"2015",142,"PCPIPCH",2015-06-03,2.1
"2016",142,"PCPIPCH",2015-06-03,2.2
"2015",964,"PCPIPCH",2015-06-03,-0.5
"2016",964,"PCPIPCH",2015-06-03,1.3
"2015",182,"PCPIPCH",2015-06-03,0.1
"2016",182,"PCPIPCH",2015-06-03,0.7
"2015",922,"PCPIPCH",2015-06-03,16.3
"2016",922,"PCPIPCH",2015-06-03,7
"2015",936,"PCPIPCH",2015-06-03,-0.2
"2016",936,"PCPIPCH",2015-06-03,1.4
"2015",961,"PCPIPCH",2015-06-03,-0.4
"2016",961,"PCPIPCH",2015-06-03,0.7
"2015",199,"PCPIPCH",2015-06-03,4.8
"2016",199,"PCPIPCH",2015-06-03,5.7
"2015",184,"PCPIPCH",2015-06-03,-0.6
"2016",184,"PCPIPCH",2015-06-03,0.7
"2015",144,"PCPIPCH",2015-06-03,0.2
"2016",144,"PCPIPCH",2015-06-03,1.4
"2015",146,"PCPIPCH",2015-06-03,-0.8
"2016",146,"PCPIPCH",2015-06-03,-0.1
"2015",186,"PCPIPCH",2015-06-03,7.5
"2016",186,"PCPIPCH",2015-06-03,6.7
"2015",112,"PCPIPCH",2015-06-03,0
"2016",112,"PCPIPCH",2015-06-03,1.7
"2015",111,"PCPIPCH",2015-06-03,0
"2016",111,"PCPIPCH",2015-06-03,1.8
"2015",163,"PCPIPCH",2015-06-03,0
"2016",163,"PCPIPCH",2015-06-03,1.3
"2015",223,"NGDP_RPCH",2015-09-16,-2.8
"2016",223,"NGDP_RPCH",2015-09-16,-0.7
"2015",156,"NGDP_RPCH",2015-09-16,1.1
"2016",156,"NGDP_RPCH",2015-09-16,2.1
"2015",924,"NGDP_RPCH",2015-09-16,6.7
"2016",924,"NGDP_RPCH",2015-09-16,6.5
"2015",132,"NGDP_RPCH",2015-09-16,1
"2016",132,"NGDP_RPCH",2015-09-16,1.4
"2015",134,"NGDP_RPCH",2015-09-16,1.6
"2016",134,"NGDP_RPCH",2015-09-16,2
"2015",534,"NGDP_RPCH",2015-09-16,7.2
"2016",534,"NGDP_RPCH",2015-09-16,7.3
"2015",136,"NGDP_RPCH",2015-09-16,0.7
"2016",136,"NGDP_RPCH",2015-09-16,1.3
"2015",158,"NGDP_RPCH",2015-09-16,0.6
"2016",158,"NGDP_RPCH",2015-09-16,1.2
"2015",112,"NGDP_RPCH",2015-09-16,2.4
"2016",112,"NGDP_RPCH",2015-09-16,2.3
"2015",111,"NGDP_RPCH",2015-09-16,2.4
"2016",111,"NGDP_RPCH",2015-09-16,2.6
"2015",163,"NGDP_RPCH",2015-09-16,1.6
"2016",163,"NGDP_RPCH",2015-09-16,1.9
"2015",1,"NGDP_RPCH",2015-09-16,3
"2016",1,"NGDP_RPCH",2015-09-16,3.6
"2015",193,"LUR",2015-11-09,6.2
"2016",193,"LUR",2015-11-09,6.2
"2017",193,"LUR",2015-11-09,6
"2015",122,"LUR",2015-11-09,6
"2016",122,"LUR",2015-11-09,6.1
"2017",122,"LUR",2015-11-09,5.9
"2015",124,"LUR",2015-11-09,8.7
"2016",124,"LUR",2015-11-09,8.6
"2017",124,"LUR",2015-11-09,8.3
"2015",156,"LUR",2015-11-09,6.9
"2016",156,"LUR",2015-11-09,6.8
"2017",156,"LUR",2015-11-09,6.4
"2015",228,"LUR",2015-11-09,6.3
"2016",228,"LUR",2015-11-09,6.6
"2017",228,"LUR",2015-11-09,6.8
"2015",935,"LUR",2015-11-09,5.2
"2016",935,"LUR",2015-11-09,5
"2017",935,"LUR",2015-11-09,4.8
"2015",128,"LUR",2015-11-09,6.3
"2016",128,"LUR",2015-11-09,6.2
"2017",128,"LUR",2015-11-09,5.9
"2015",939,"LUR",2015-11-09,6.4
"2016",939,"LUR",2015-11-09,6
"2017",939,"LUR",2015-11-09,5.6
"2015",172,"LUR",2015-11-09,9.4
"2016",172,"LUR",2015-11-09,9.7
"2017",172,"LUR",2015-11-09,9.8
"2015",132,"LUR",2015-11-09,10
"2016",132,"LUR",2015-11-09,10
"2017",132,"LUR",2015-11-09,9.9
"2015",134,"LUR",2015-11-09,4.6
"2016",134,"LUR",2015-11-09,4.6
"2017",134,"LUR",2015-11-09,4.6
"2015",174,"LUR",2015-11-09,25.2
"2016",174,"LUR",2015-11-09,24.8
"2017",174,"LUR",2015-11-09,23.4
"2015",944,"LUR",2015-11-09,7
"2016",944,"LUR",2015-11-09,6.3
"2017",944,"LUR",2015-11-09,5.9
"2015",176,"LUR",2015-11-09,3.8
"2016",176,"LUR",2015-11-09,4
"2017",176,"LUR",2015-11-09,4.3
"2015",178,"LUR",2015-11-09,9.4
"2016",178,"LUR",2015-11-09,8.3
"2017",178,"LUR",2015-11-09,7.5
"2015",436,"LUR",2015-11-09,5.2
"2016",436,"LUR",2015-11-09,5.2
"2017",436,"LUR",2015-11-09,5.2
"2015",136,"LUR",2015-11-09,12.3
"2016",136,"LUR",2015-11-09,11.7
"2017",136,"LUR",2015-11-09,11
"2015",158,"LUR",2015-11-09,3.4
"2016",158,"LUR",2015-11-09,3.2
"2017",158,"LUR",2015-11-09,3.1
"2015",542,"LUR",2015-11-09,3.7
"2016",542,"LUR",2015-11-09,3.5
"2017",542,"LUR",2015-11-09,3.4
"2015",137,"LUR",2015-11-09,6.9
"2016",137,"LUR",2015-11-09,6.8
"2017",137,"LUR",2015-11-09,6.8
"2015",273,"LUR",2015-11-09,4.7
"2016",273,"LUR",2015-11-09,4.7
"2017",273,"LUR",2015-11-09,4.6
"2015",138,"LUR",2015-11-09,6.9
"2016",138,"LUR",2015-11-09,6.6
"2017",138,"LUR",2015-11-09,6.1
"2015",196,"LUR",2015-11-09,5.9
"2016",196,"LUR",2015-11-09,5.9
"2017",196,"LUR",2015-11-09,5.6
"2015",142,"LUR",2015-11-09,4.3
"2016",142,"LUR",2015-11-09,4.5
"2017",142,"LUR",2015-11-09,4.3
"2015",964,"LUR",2015-11-09,7.6
"2016",964,"LUR",2015-11-09,7.3
"2017",964,"LUR",2015-11-09,7.1
"2015",182,"LUR",2015-11-09,12.3
"2016",182,"LUR",2015-11-09,11.3
"2017",182,"LUR",2015-11-09,10.6
"2015",936,"LUR",2015-11-09,11.5
"2016",936,"LUR",2015-11-09,10.7
"2017",936,"LUR",2015-11-09,10
"2015",961,"LUR",2015-11-09,9.3
"2016",961,"LUR",2015-11-09,9.1
"2017",961,"LUR",2015-11-09,8.4
"2015",184,"LUR",2015-11-09,22.1
"2016",184,"LUR",2015-11-09,19.8
"2017",184,"LUR",2015-11-09,18.2
"2015",144,"LUR",2015-11-09,7.7
"2016",144,"LUR",2015-11-09,7.3
"2017",144,"LUR",2015-11-09,6.7
"2015",146,"LUR",2015-11-09,4.3
"2016",146,"LUR",2015-11-09,4.3
"2017",146,"LUR",2015-11-09,4.2
"2015",186,"LUR",2015-11-09,10.5
"2016",186,"LUR",2015-11-09,10.8
"2017",186,"LUR",2015-11-09,10.3
"2015",112,"LUR",2015-11-09,5.6
"2016",112,"LUR",2015-11-09,5.7
"2017",112,"LUR",2015-11-09,5.8
"2015",111,"LUR",2015-11-09,5.3
"2016",111,"LUR",2015-11-09,4.7
"2017",111,"LUR",2015-11-09,4.7
"2015",163,"LUR",2015-11-09,10.9
"2016",163,"LUR",2015-11-09,10.4
"2017",163,"LUR",2015-11-09,9.8
"2015",193,"NGDP_RPCH",2015-11-09,2.2
"2016",193,"NGDP_RPCH",2015-11-09,2.6
"2017",193,"NGDP_RPCH",2015-11-09,3
"2015",122,"NGDP_RPCH",2015-11-09,0.8
"2016",122,"NGDP_RPCH",2015-11-09,1.3
"2017",122,"NGDP_RPCH",2015-11-09,1.7
"2015",124,"NGDP_RPCH",2015-11-09,1.3
"2016",124,"NGDP_RPCH",2015-11-09,1.5
"2017",124,"NGDP_RPCH",2015-11-09,1.6
"2015",223,"NGDP_RPCH",2015-11-09,-3.1
"2016",223,"NGDP_RPCH",2015-11-09,-1.2
"2017",223,"NGDP_RPCH",2015-11-09,1.8
"2015",156,"NGDP_RPCH",2015-11-09,1.2
"2016",156,"NGDP_RPCH",2015-11-09,2
"2017",156,"NGDP_RPCH",2015-11-09,2.3
"2015",228,"NGDP_RPCH",2015-11-09,2.2
"2016",228,"NGDP_RPCH",2015-11-09,2.6
"2017",228,"NGDP_RPCH",2015-11-09,3.3
"2015",924,"NGDP_RPCH",2015-11-09,6.8
"2016",924,"NGDP_RPCH",2015-11-09,6.5
"2017",924,"NGDP_RPCH",2015-11-09,6.2
"2015",233,"NGDP_RPCH",2015-11-09,2.8
"2016",233,"NGDP_RPCH",2015-11-09,3
"2017",233,"NGDP_RPCH",2015-11-09,3.3
"2015",238,"NGDP_RPCH",2015-11-09,2.9
"2016",238,"NGDP_RPCH",2015-11-09,3.5
"2017",238,"NGDP_RPCH",2015-11-09,4.1
"2015",935,"NGDP_RPCH",2015-11-09,4.3
"2016",935,"NGDP_RPCH",2015-11-09,2.3
"2017",935,"NGDP_RPCH",2015-11-09,2.4
"2015",128,"NGDP_RPCH",2015-11-09,1.8
"2016",128,"NGDP_RPCH",2015-11-09,1.8
"2017",128,"NGDP_RPCH",2015-11-09,1.9
"2015",939,"NGDP_RPCH",2015-11-09,1.8
"2016",939,"NGDP_RPCH",2015-11-09,2.5
"2017",939,"NGDP_RPCH",2015-11-09,2.9
"2015",172,"NGDP_RPCH",2015-11-09,-0.1
"2016",172,"NGDP_RPCH",2015-11-09,1.1
"2017",172,"NGDP_RPCH",2015-11-09,1.6
"2015",132,"NGDP_RPCH",2015-11-09,1.1
"2016",132,"NGDP_RPCH",2015-11-09,1.3
"2017",132,"NGDP_RPCH",2015-11-09,1.6
"2015",134,"NGDP_RPCH",2015-11-09,1.5
"2016",134,"NGDP_RPCH",2015-11-09,1.8
"2017",134,"NGDP_RPCH",2015-11-09,2
"2015",174,"NGDP_RPCH",2015-11-09,-1.4
"2016",174,"NGDP_RPCH",2015-11-09,-1.2
"2017",174,"NGDP_RPCH",2015-11-09,2.1
"2015",944,"NGDP_RPCH",2015-11-09,3
"2016",944,"NGDP_RPCH",2015-11-09,2.4
"2017",944,"NGDP_RPCH",2015-11-09,3.1
"2015",176,"NGDP_RPCH",2015-11-09,4.1
"2016",176,"NGDP_RPCH",2015-11-09,3.7
"2017",176,"NGDP_RPCH",2015-11-09,2.9
"2015",534,"NGDP_RPCH",2015-11-09,7.2
"2016",534,"NGDP_RPCH",2015-11-09,7.3
"2017",534,"NGDP_RPCH",2015-11-09,7.4
"2015",536,"NGDP_RPCH",2015-11-09,4.7
"2016",536,"NGDP_RPCH",2015-11-09,5.2
"2017",536,"NGDP_RPCH",2015-11-09,5.5
"2015",178,"NGDP_RPCH",2015-11-09,5.6
"2016",178,"NGDP_RPCH",2015-11-09,4.1
"2017",178,"NGDP_RPCH",2015-11-09,3.5
"2015",436,"NGDP_RPCH",2015-11-09,2.5
"2016",436,"NGDP_RPCH",2015-11-09,3.2
"2017",436,"NGDP_RPCH",2015-11-09,3.3
"2015",136,"NGDP_RPCH",2015-11-09,0.8
"2016",136,"NGDP_RPCH",2015-11-09,1.4
"2017",136,"NGDP_RPCH",2015-11-09,1.4
"2015",158,"NGDP_RPCH",2015-11-09,0.6
"2016",158,"NGDP_RPCH",2015-11-09,1
"2017",158,"NGDP_RPCH",2015-11-09,0.5
"2015",542,"NGDP_RPCH",2015-11-09,2.7
"2016",542,"NGDP_RPCH",2015-11-09,3.1
"2017",542,"NGDP_RPCH",2015-11-09,3.6
"2015",941,"NGDP_RPCH",2015-11-09,2.5
"2016",941,"NGDP_RPCH",2015-11-09,3.1
"2017",941,"NGDP_RPCH",2015-11-09,3.5
"2015",946,"NGDP_RPCH",2015-11-09,1.7
"2016",946,"NGDP_RPCH",2015-11-09,2.9
"2017",946,"NGDP_RPCH",2015-11-09,3.7
"2015",137,"NGDP_RPCH",2015-11-09,3
"2016",137,"NGDP_RPCH",2015-11-09,3
"2017",137,"NGDP_RPCH",2015-11-09,2.9
"2015",273,"NGDP_RPCH",2015-11-09,2.3
"2016",273,"NGDP_RPCH",2015-11-09,3.1
"2017",273,"NGDP_RPCH",2015-11-09,3.3
"2015",138,"NGDP_RPCH",2015-11-09,2.2
"2016",138,"NGDP_RPCH",2015-11-09,2.5
"2017",138,"NGDP_RPCH",2015-11-09,2.7
"2015",196,"NGDP_RPCH",2015-11-09,2.3
"2016",196,"NGDP_RPCH",2015-11-09,1.9
"2017",196,"NGDP_RPCH",2015-11-09,2.3
"2015",142,"NGDP_RPCH",2015-11-09,1.2
"2016",142,"NGDP_RPCH",2015-11-09,1.1
"2017",142,"NGDP_RPCH",2015-11-09,1.9
"2015",964,"NGDP_RPCH",2015-11-09,3.5
"2016",964,"NGDP_RPCH",2015-11-09,3.4
"2017",964,"NGDP_RPCH",2015-11-09,3.5
"2015",182,"NGDP_RPCH",2015-11-09,1.7
"2016",182,"NGDP_RPCH",2015-11-09,1.6
"2017",182,"NGDP_RPCH",2015-11-09,1.5
"2015",922,"NGDP_RPCH",2015-11-09,-4
"2016",922,"NGDP_RPCH",2015-11-09,-0.4
"2017",922,"NGDP_RPCH",2015-11-09,1.7
"2015",936,"NGDP_RPCH",2015-11-09,3.2
"2016",936,"NGDP_RPCH",2015-11-09,3.4
"2017",936,"NGDP_RPCH",2015-11-09,3.5
"2015",961,"NGDP_RPCH",2015-11-09,2.5
"2016",961,"NGDP_RPCH",2015-11-09,1.9
"2017",961,"NGDP_RPCH",2015-11-09,2.7
"2015",199,"NGDP_RPCH",2015-11-09,1.5
"2016",199,"NGDP_RPCH",2015-11-09,1.5
"2017",199,"NGDP_RPCH",2015-11-09,2
"2015",184,"NGDP_RPCH",2015-11-09,3.2
"2016",184,"NGDP_RPCH",2015-11-09,2.7
"2017",184,"NGDP_RPCH",2015-11-09,2.5
"2015",144,"NGDP_RPCH",2015-11-09,2.9
"2016",144,"NGDP_RPCH",2015-11-09,3.1
"2017",144,"NGDP_RPCH",2015-11-09,3
"2015",146,"NGDP_RPCH",2015-11-09,0.7
"2016",146,"NGDP_RPCH",2015-11-09,1.1
"2017",146,"NGDP_RPCH",2015-11-09,1.6
"2015",186,"NGDP_RPCH",2015-11-09,3.1
"2016",186,"NGDP_RPCH",2015-11-09,3.4
"2017",186,"NGDP_RPCH",2015-11-09,4.1
"2015",112,"NGDP_RPCH",2015-11-09,2.4
"2016",112,"NGDP_RPCH",2015-11-09,2.4
"2017",112,"NGDP_RPCH",2015-11-09,2.3
"2015",111,"NGDP_RPCH",2015-11-09,2.4
"2016",111,"NGDP_RPCH",2015-11-09,2.5
"2017",111,"NGDP_RPCH",2015-11-09,2.4
"2015",163,"NGDP_RPCH",2015-11-09,1.5
"2016",163,"NGDP_RPCH",2015-11-09,1.8
"2017",163,"NGDP_RPCH",2015-11-09,1.9
"2015",193,"PCPIPCH",2015-11-09,1.6
"2016",193,"PCPIPCH",2015-11-09,2.1
"2017",193,"PCPIPCH",2015-11-09,2.5
"2015",122,"PCPIPCH",2015-11-09,0.9
"2016",122,"PCPIPCH",2015-11-09,1.5
"2017",122,"PCPIPCH",2015-11-09,1.7
"2015",124,"PCPIPCH",2015-11-09,0.6
"2016",124,"PCPIPCH",2015-11-09,1.3
"2017",124,"PCPIPCH",2015-11-09,1.4
"2015",223,"PCPIPCH",2015-11-09,8.8
"2016",223,"PCPIPCH",2015-11-09,5.8
"2017",223,"PCPIPCH",2015-11-09,4.6
"2015",156,"PCPIPCH",2015-11-09,1.2
"2016",156,"PCPIPCH",2015-11-09,2
"2017",156,"PCPIPCH",2015-11-09,2.3
"2015",228,"PCPIPCH",2015-11-09,4.4
"2016",228,"PCPIPCH",2015-11-09,3.9
"2017",228,"PCPIPCH",2015-11-09,3
"2015",924,"PCPIPCH",2015-11-09,1.7
"2016",924,"PCPIPCH",2015-11-09,2.5
"2017",924,"PCPIPCH",2015-11-09,2.5
"2015",233,"PCPIPCH",2015-11-09,4.9
"2016",233,"PCPIPCH",2015-11-09,4.1
"2017",233,"PCPIPCH",2015-11-09,2.9
"2015",238,"PCPIPCH",2015-11-09,0.8
"2016",238,"PCPIPCH",2015-11-09,2.7
"2017",238,"PCPIPCH",2015-11-09,3.8
"2015",935,"PCPIPCH",2015-11-09,0.4
"2016",935,"PCPIPCH",2015-11-09,1.3
"2017",935,"PCPIPCH",2015-11-09,2
"2015",128,"PCPIPCH",2015-11-09,0.5
"2016",128,"PCPIPCH",2015-11-09,0.9
"2017",128,"PCPIPCH",2015-11-09,1.4
"2015",939,"PCPIPCH",2015-11-09,0.1
"2016",939,"PCPIPCH",2015-11-09,1.3
"2017",939,"PCPIPCH",2015-11-09,2.4
"2015",172,"PCPIPCH",2015-11-09,-0.2
"2016",172,"PCPIPCH",2015-11-09,0.4
"2017",172,"PCPIPCH",2015-11-09,0.8
"2015",132,"PCPIPCH",2015-11-09,0.1
"2016",132,"PCPIPCH",2015-11-09,1
"2017",132,"PCPIPCH",2015-11-09,1.2
"2015",134,"PCPIPCH",2015-11-09,0.1
"2016",134,"PCPIPCH",2015-11-09,1
"2017",134,"PCPIPCH",2015-11-09,1.6
"2015",174,"PCPIPCH",2015-11-09,-0.9
"2016",174,"PCPIPCH",2015-11-09,0.7
"2017",174,"PCPIPCH",2015-11-09,0.5
"2015",944,"PCPIPCH",2015-11-09,0.1
"2016",944,"PCPIPCH",2015-11-09,2.2
"2017",944,"PCPIPCH",2015-11-09,2.7
"2015",176,"PCPIPCH",2015-11-09,1.9
"2016",176,"PCPIPCH",2015-11-09,6
"2017",176,"PCPIPCH",2015-11-09,6
"2015",534,"PCPIPCH",2015-11-09,4.3
"2016",534,"PCPIPCH",2015-11-09,4.9
"2017",534,"PCPIPCH",2015-11-09,4.6
"2015",536,"PCPIPCH",2015-11-09,6.7
"2016",536,"PCPIPCH",2015-11-09,6.3
"2017",536,"PCPIPCH",2015-11-09,5.6
"2015",178,"PCPIPCH",2015-11-09,0.1
"2016",178,"PCPIPCH",2015-11-09,1.6
"2017",178,"PCPIPCH",2015-11-09,2
"2015",436,"PCPIPCH",2015-11-09,-0.5
"2016",436,"PCPIPCH",2015-11-09,0.8
"2017",436,"PCPIPCH",2015-11-09,1.5
"2015",136,"PCPIPCH",2015-11-09,0.2
"2016",136,"PCPIPCH",2015-11-09,0.8
"2017",136,"PCPIPCH",2015-11-09,1.1
"2015",158,"PCPIPCH",2015-11-09,0.8
"2016",158,"PCPIPCH",2015-11-09,0.7
"2017",158,"PCPIPCH",2015-11-09,2.3
"2015",542,"PCPIPCH",2015-11-09,0.7
"2016",542,"PCPIPCH",2015-11-09,1.6
"2017",542,"PCPIPCH",2015-11-09,2
"2015",941,"PCPIPCH",2015-11-09,0.6
"2016",941,"PCPIPCH",2015-11-09,1.7
"2017",941,"PCPIPCH",2015-11-09,2.5
"2015",946,"PCPIPCH",2015-11-09,-0.7
"2016",946,"PCPIPCH",2015-11-09,1.4
"2017",946,"PCPIPCH",2015-11-09,2
"2015",137,"PCPIPCH",2015-11-09,0.1
"2016",137,"PCPIPCH",2015-11-09,1
"2017",137,"PCPIPCH",2015-11-09,1.5
"2015",273,"PCPIPCH",2015-11-09,2.9
"2016",273,"PCPIPCH",2015-11-09,3.4
"2017",273,"PCPIPCH",2015-11-09,3.2
"2015",138,"PCPIPCH",2015-11-09,0.3
"2016",138,"PCPIPCH",2015-11-09,1.2
"2017",138,"PCPIPCH",2015-11-09,1.6
"2015",196,"PCPIPCH",2015-11-09,0.4
"2016",196,"PCPIPCH",2015-11-09,1.4
"2017",196,"PCPIPCH",2015-11-09,1.8
"2015",142,"PCPIPCH",2015-11-09,2.1
"2016",142,"PCPIPCH",2015-11-09,2.4
"2017",142,"PCPIPCH",2015-11-09,2.1
"2015",964,"PCPIPCH",2015-11-09,-0.8
"2016",964,"PCPIPCH",2015-11-09,1
"2017",964,"PCPIPCH",2015-11-09,1.7
"2015",182,"PCPIPCH",2015-11-09,0.5
"2016",182,"PCPIPCH",2015-11-09,0.7
"2017",182,"PCPIPCH",2015-11-09,1
"2015",922,"PCPIPCH",2015-11-09,15.6
"2016",922,"PCPIPCH",2015-11-09,9.5
"2017",922,"PCPIPCH",2015-11-09,6.1
"2015",936,"PCPIPCH",2015-11-09,-0.2
"2016",936,"PCPIPCH",2015-11-09,1
"2017",936,"PCPIPCH",2015-11-09,1.5
"2015",961,"PCPIPCH",2015-11-09,-0.6
"2016",961,"PCPIPCH",2015-11-09,0.5
"2017",961,"PCPIPCH",2015-11-09,1.1
"2015",199,"PCPIPCH",2015-11-09,4.9
"2016",199,"PCPIPCH",2015-11-09,6.3
"2017",199,"PCPIPCH",2015-11-09,6.2
"2015",184,"PCPIPCH",2015-11-09,-0.6
"2016",184,"PCPIPCH",2015-11-09,0.3
"2017",184,"PCPIPCH",2015-11-09,0.9
"2015",144,"PCPIPCH",2015-11-09,0.1
"2016",144,"PCPIPCH",2015-11-09,1.4
"2017",144,"PCPIPCH",2015-11-09,2.2
"2015",146,"PCPIPCH",2015-11-09,-1.2
"2016",146,"PCPIPCH",2015-11-09,-0.5
"2017",146,"PCPIPCH",2015-11-09,0.1
"2015",186,"PCPIPCH",2015-11-09,7.4
"2016",186,"PCPIPCH",2015-11-09,6.9
"2017",186,"PCPIPCH",2015-11-09,6.5
"2015",112,"PCPIPCH",2015-11-09,0.1
"2016",112,"PCPIPCH",2015-11-09,1.5
"2017",112,"PCPIPCH",2015-11-09,2
"2015",111,"PCPIPCH",2015-11-09,0
"2016",111,"PCPIPCH",2015-11-09,1
"2017",111,"PCPIPCH",2015-11-09,1.8
"2015",163,"PCPIPCH",2015-11-09,0.1
"2016",163,"PCPIPCH",2015-11-09,0.9
"2017",163,"PCPIPCH",2015-11-09,1.3
"2016",223,"NGDP_RPCH",2016-02-18,-4
"2017",223,"NGDP_RPCH",2016-02-18,0
"2016",156,"NGDP_RPCH",2016-02-18,1.4
"2017",156,"NGDP_RPCH",2016-02-18,2.2
"2016",924,"NGDP_RPCH",2016-02-18,6.5
"2017",924,"NGDP_RPCH",2016-02-18,6.2
"2016",132,"NGDP_RPCH",2016-02-18,1.2
"2017",132,"NGDP_RPCH",2016-02-18,1.5
"2016",134,"NGDP_RPCH",2016-02-18,1.3
"2017",134,"NGDP_RPCH",2016-02-18,1.7
"2016",534,"NGDP_RPCH",2016-02-18,7.4
"2017",534,"NGDP_RPCH",2016-02-18,7.3
"2016",136,"NGDP_RPCH",2016-02-18,1
"2017",136,"NGDP_RPCH",2016-02-18,1.4
"2016",158,"NGDP_RPCH",2016-02-18,0.8
"2017",158,"NGDP_RPCH",2016-02-18,0.6
"2016",112,"NGDP_RPCH",2016-02-18,2.1
"2017",112,"NGDP_RPCH",2016-02-18,2
"2016",111,"NGDP_RPCH",2016-02-18,2
"2017",111,"NGDP_RPCH",2016-02-18,2.2
"2016",163,"NGDP_RPCH",2016-02-18,1.4
"2017",163,"NGDP_RPCH",2016-02-18,1.7
"2016",1,"NGDP_RPCH",2016-02-18,3
"2017",1,"NGDP_RPCH",2016-02-18,3.3
"2016",193,"LUR",2016-06-01,5.7
"2017",193,"LUR",2016-06-01,5.4
"2016",122,"LUR",2016-06-01,5.8
"2017",122,"LUR",2016-06-01,5.6
"2016",124,"LUR",2016-06-01,8.2
"2017",124,"LUR",2016-06-01,7.5
"2016",156,"LUR",2016-06-01,7.1
"2017",156,"LUR",2016-06-01,6.8
"2016",228,"LUR",2016-06-01,6.8
"2017",228,"LUR",2016-06-01,6.9
"2016",935,"LUR",2016-06-01,4.4
"2017",935,"LUR",2016-06-01,4.2
"2016",128,"LUR",2016-06-01,6.1
"2017",128,"LUR",2016-06-01,6.1
"2016",939,"LUR",2016-06-01,6.3
"2017",939,"LUR",2016-06-01,6.4
"2016",172,"LUR",2016-06-01,9.5
"2017",172,"LUR",2016-06-01,9.5
"2016",132,"LUR",2016-06-01,9.8
"2017",132,"LUR",2016-06-01,9.7
"2016",134,"LUR",2016-06-01,4.4
"2017",134,"LUR",2016-06-01,4.6
"2016",174,"LUR",2016-06-01,24
"2017",174,"LUR",2016-06-01,23.2
"2016",944,"LUR",2016-06-01,5.8
"2017",944,"LUR",2016-06-01,5.3
"2016",176,"LUR",2016-06-01,3.3
"2017",176,"LUR",2016-06-01,3.6
"2016",178,"LUR",2016-06-01,8.2
"2017",178,"LUR",2016-06-01,7.6
"2016",436,"LUR",2016-06-01,5.4
"2017",436,"LUR",2016-06-01,5.4
"2016",136,"LUR",2016-06-01,11.3
"2017",136,"LUR",2016-06-01,10.8
"2016",158,"LUR",2016-06-01,3.2
"2017",158,"LUR",2016-06-01,3.1
"2016",542,"LUR",2016-06-01,3.5
"2017",542,"LUR",2016-06-01,3.4
"2016",137,"LUR",2016-06-01,6.5
"2017",137,"LUR",2016-06-01,6.3
"2016",273,"LUR",2016-06-01,4.4
"2017",273,"LUR",2016-06-01,4.3
"2016",138,"LUR",2016-06-01,6.2
"2017",138,"LUR",2016-06-01,5.9
"2016",196,"LUR",2016-06-01,5.8
"2017",196,"LUR",2016-06-01,5.8
"2016",142,"LUR",2016-06-01,4.7
"2017",142,"LUR",2016-06-01,4.5
"2016",964,"LUR",2016-06-01,6.6
"2017",964,"LUR",2016-06-01,6.3
"2016",182,"LUR",2016-06-01,12.1
"2017",182,"LUR",2016-06-01,11.5
"2016",936,"LUR",2016-06-01,10.4
"2017",936,"LUR",2016-06-01,9.6
"2016",961,"LUR",2016-06-01,8.7
"2017",961,"LUR",2016-06-01,8.2
"2016",184,"LUR",2016-06-01,19.8
"2017",184,"LUR",2016-06-01,18.4
"2016",144,"LUR",2016-06-01,6.7
"2017",144,"LUR",2016-06-01,6.5
"2016",146,"LUR",2016-06-01,4.9
"2017",146,"LUR",2016-06-01,4.8
"2016",186,"LUR",2016-06-01,10.1
"2017",186,"LUR",2016-06-01,10.2
"2016",112,"LUR",2016-06-01,5.1
"2017",112,"LUR",2016-06-01,5.2
"2016",111,"LUR",2016-06-01,5
"2017",111,"LUR",2016-06-01,4.7
"2016",163,"LUR",2016-06-01,10.2
"2017",163,"LUR",2016-06-01,9.8
"2016",193,"NGDP_RPCH",2016-06-01,2.6
"2017",193,"NGDP_RPCH",2016-06-01,2.9
"2016",122,"NGDP_RPCH",2016-06-01,1.3
"2017",122,"NGDP_RPCH",2016-06-01,1.6
"2016",124,"NGDP_RPCH",2016-06-01,1.2
"2017",124,"NGDP_RPCH",2016-06-01,1.5
"2016",223,"NGDP_RPCH",2016-06-01,-4.3
"2017",223,"NGDP_RPCH",2016-06-01,-1.7
"2016",156,"NGDP_RPCH",2016-06-01,1.7
"2017",156,"NGDP_RPCH",2016-06-01,2.2
"2016",228,"NGDP_RPCH",2016-06-01,1.5
"2017",228,"NGDP_RPCH",2016-06-01,2.5
"2016",924,"NGDP_RPCH",2016-06-01,6.5
"2017",924,"NGDP_RPCH",2016-06-01,6.2
"2016",233,"NGDP_RPCH",2016-06-01,2.4
"2017",233,"NGDP_RPCH",2016-06-01,3
"2016",238,"NGDP_RPCH",2016-06-01,4
"2017",238,"NGDP_RPCH",2016-06-01,4.1
"2016",935,"NGDP_RPCH",2016-06-01,2.4
"2017",935,"NGDP_RPCH",2016-06-01,2.6
"2016",128,"NGDP_RPCH",2016-06-01,1
"2017",128,"NGDP_RPCH",2016-06-01,1.8
"2016",939,"NGDP_RPCH",2016-06-01,1.8
"2017",939,"NGDP_RPCH",2016-06-01,3
"2016",172,"NGDP_RPCH",2016-06-01,1
"2017",172,"NGDP_RPCH",2016-06-01,1.2
"2016",132,"NGDP_RPCH",2016-06-01,1.4
"2017",132,"NGDP_RPCH",2016-06-01,1.5
"2016",134,"NGDP_RPCH",2016-06-01,1.6
"2017",134,"NGDP_RPCH",2016-06-01,1.7
"2016",174,"NGDP_RPCH",2016-06-01,-0.2
"2017",174,"NGDP_RPCH",2016-06-01,1.9
"2016",944,"NGDP_RPCH",2016-06-01,1.6
"2017",944,"NGDP_RPCH",2016-06-01,3.1
"2016",176,"NGDP_RPCH",2016-06-01,4.4
"2017",176,"NGDP_RPCH",2016-06-01,3.5
"2016",534,"NGDP_RPCH",2016-06-01,7.4
"2017",534,"NGDP_RPCH",2016-06-01,7.5
"2016",536,"NGDP_RPCH",2016-06-01,5.2
"2017",536,"NGDP_RPCH",2016-06-01,5.9
"2016",178,"NGDP_RPCH",2016-06-01,5
"2017",178,"NGDP_RPCH",2016-06-01,3.4
"2016",436,"NGDP_RPCH",2016-06-01,2.4
"2017",436,"NGDP_RPCH",2016-06-01,3.1
"2016",136,"NGDP_RPCH",2016-06-01,1
"2017",136,"NGDP_RPCH",2016-06-01,1.4
"2016",158,"NGDP_RPCH",2016-06-01,0.7
"2017",158,"NGDP_RPCH",2016-06-01,0.4
"2016",542,"NGDP_RPCH",2016-06-01,2.7
"2017",542,"NGDP_RPCH",2016-06-01,3
"2016",941,"NGDP_RPCH",2016-06-01,1.9
"2017",941,"NGDP_RPCH",2016-06-01,3.5
"2016",946,"NGDP_RPCH",2016-06-01,2.8
"2017",946,"NGDP_RPCH",2016-06-01,3.4
"2016",137,"NGDP_RPCH",2016-06-01,3.7
"2017",137,"NGDP_RPCH",2016-06-01,3.8
"2016",273,"NGDP_RPCH",2016-06-01,2.6
"2017",273,"NGDP_RPCH",2016-06-01,3
"2016",138,"NGDP_RPCH",2016-06-01,1.7
"2017",138,"NGDP_RPCH",2016-06-01,2.1
"2016",196,"NGDP_RPCH",2016-06-01,3
"2017",196,"NGDP_RPCH",2016-06-01,2.7
"2016",142,"NGDP_RPCH",2016-06-01,0.6
"2017",142,"NGDP_RPCH",2016-06-01,1.3
"2016",964,"NGDP_RPCH",2016-06-01,3
"2017",964,"NGDP_RPCH",2016-06-01,3.5
"2016",182,"NGDP_RPCH",2016-06-01,1.2
"2017",182,"NGDP_RPCH",2016-06-01,1.3
"2016",922,"NGDP_RPCH",2016-06-01,-1.7
"2017",922,"NGDP_RPCH",2016-06-01,0.5
"2016",936,"NGDP_RPCH",2016-06-01,3.1
"2017",936,"NGDP_RPCH",2016-06-01,3.2
"2016",961,"NGDP_RPCH",2016-06-01,1.5
"2017",961,"NGDP_RPCH",2016-06-01,2.3
"2016",199,"NGDP_RPCH",2016-06-01,0.7
"2017",199,"NGDP_RPCH",2016-06-01,1.4
"2016",184,"NGDP_RPCH",2016-06-01,2.8
"2017",184,"NGDP_RPCH",2016-06-01,2.3
"2016",144,"NGDP_RPCH",2016-06-01,3.4
"2017",144,"NGDP_RPCH",2016-06-01,2.8
"2016",146,"NGDP_RPCH",2016-06-01,1.2
"2017",146,"NGDP_RPCH",2016-06-01,1.7
"2016",186,"NGDP_RPCH",2016-06-01,3.9
"2017",186,"NGDP_RPCH",2016-06-01,3.7
"2016",112,"NGDP_RPCH",2016-06-01,1.7
"2017",112,"NGDP_RPCH",2016-06-01,2
"2016",111,"NGDP_RPCH",2016-06-01,1.8
"2017",111,"NGDP_RPCH",2016-06-01,2.2
"2016",163,"NGDP_RPCH",2016-06-01,1.6
"2017",163,"NGDP_RPCH",2016-06-01,1.7
"2016",193,"PCPIPCH",2016-06-01,1.4
"2017",193,"PCPIPCH",2016-06-01,2.1
"2016",122,"PCPIPCH",2016-06-01,1
"2017",122,"PCPIPCH",2016-06-01,2
"2016",124,"PCPIPCH",2016-06-01,1.6
"2017",124,"PCPIPCH",2016-06-01,1.7
"2016",223,"PCPIPCH",2016-06-01,9.2
"2017",223,"PCPIPCH",2016-06-01,5.7
"2016",156,"PCPIPCH",2016-06-01,1.7
"2017",156,"PCPIPCH",2016-06-01,2.1
"2016",228,"PCPIPCH",2016-06-01,4
"2017",228,"PCPIPCH",2016-06-01,3.1
"2016",924,"PCPIPCH",2016-06-01,2.6
"2017",924,"PCPIPCH",2016-06-01,3
"2016",233,"PCPIPCH",2016-06-01,6.9
"2017",233,"PCPIPCH",2016-06-01,4
"2016",238,"PCPIPCH",2016-06-01,0.6
"2017",238,"PCPIPCH",2016-06-01,2.1
"2016",935,"PCPIPCH",2016-06-01,0.5
"2017",935,"PCPIPCH",2016-06-01,1.8
"2016",128,"PCPIPCH",2016-06-01,0.4
"2017",128,"PCPIPCH",2016-06-01,1.5
"2016",939,"PCPIPCH",2016-06-01,0.4
"2017",939,"PCPIPCH",2016-06-01,1.8
"2016",172,"PCPIPCH",2016-06-01,0.1
"2017",172,"PCPIPCH",2016-06-01,0.8
"2016",132,"PCPIPCH",2016-06-01,0.1
"2017",132,"PCPIPCH",2016-06-01,0.8
"2016",134,"PCPIPCH",2016-06-01,0.3
"2017",134,"PCPIPCH",2016-06-01,1.5
"2016",174,"PCPIPCH",2016-06-01,-0.5
"2017",174,"PCPIPCH",2016-06-01,0
"2016",944,"PCPIPCH",2016-06-01,0.1
"2017",944,"PCPIPCH",2016-06-01,1.7
"2016",176,"PCPIPCH",2016-06-01,2.4
"2017",176,"PCPIPCH",2016-06-01,4.1
"2016",534,"PCPIPCH",2016-06-01,5
"2017",534,"PCPIPCH",2016-06-01,4.6
"2016",536,"PCPIPCH",2016-06-01,4.4
"2017",536,"PCPIPCH",2016-06-01,4.9
"2016",178,"PCPIPCH",2016-06-01,0.3
"2017",178,"PCPIPCH",2016-06-01,2.2
"2016",436,"PCPIPCH",2016-06-01,-0.2
"2017",436,"PCPIPCH",2016-06-01,0.8
"2016",136,"PCPIPCH",2016-06-01,0.2
"2017",136,"PCPIPCH",2016-06-01,0.9
"2016",158,"PCPIPCH",2016-06-01,0.1
"2017",158,"PCPIPCH",2016-06-01,2.1
"2016",542,"PCPIPCH",2016-06-01,1
"2017",542,"PCPIPCH",2016-06-01,1.7
"2016",941,"PCPIPCH",2016-06-01,-0.5
"2017",941,"PCPIPCH",2016-06-01,1.9
"2016",946,"PCPIPCH",2016-06-01,0.8
"2017",946,"PCPIPCH",2016-06-01,2.5
"2016",137,"PCPIPCH",2016-06-01,-0.1
"2017",137,"PCPIPCH",2016-06-01,1.5
"2016",273,"PCPIPCH",2016-06-01,2.8
"2017",273,"PCPIPCH",2016-06-01,3.2
"2016",138,"PCPIPCH",2016-06-01,0.1
"2017",138,"PCPIPCH",2016-06-01,1.2
"2016",196,"PCPIPCH",2016-06-01,0.6
"2017",196,"PCPIPCH",2016-06-01,1.4
"2016",142,"PCPIPCH",2016-06-01,2.9
"2017",142,"PCPIPCH",2016-06-01,2.2
"2016",964,"PCPIPCH",2016-06-01,-0.5
"2017",964,"PCPIPCH",2016-06-01,1.1
"2016",182,"PCPIPCH",2016-06-01,0.3
"2017",182,"PCPIPCH",2016-06-01,0.8
"2016",922,"PCPIPCH",2016-06-01,7.3
"2017",922,"PCPIPCH",2016-06-01,5.3
"2016",936,"PCPIPCH",2016-06-01,-0.3
"2017",936,"PCPIPCH",2016-06-01,0.9
"2016",961,"PCPIPCH",2016-06-01,-0.5
"2017",961,"PCPIPCH",2016-06-01,0.7
"2016",199,"PCPIPCH",2016-06-01,6.5
"2017",199,"PCPIPCH",2016-06-01,6.3
"2016",184,"PCPIPCH",2016-06-01,-0.5
"2017",184,"PCPIPCH",2016-06-01,1
"2016",144,"PCPIPCH",2016-06-01,1.2
"2017",144,"PCPIPCH",2016-06-01,1.7
"2016",146,"PCPIPCH",2016-06-01,-0.4
"2017",146,"PCPIPCH",2016-06-01,0.2
"2016",186,"PCPIPCH",2016-06-01,7.9
"2017",186,"PCPIPCH",2016-06-01,7.3
"2016",112,"PCPIPCH",2016-06-01,0.4
"2017",112,"PCPIPCH",2016-06-01,1.6
"2016",111,"PCPIPCH",2016-06-01,1.1
"2017",111,"PCPIPCH",2016-06-01,2
"2016",163,"PCPIPCH",2016-06-01,0.2
"2017",163,"PCPIPCH",2016-06-01,1.2
"2016",223,"NGDP_RPCH",2016-09-21,-3.3
"2017",223,"NGDP_RPCH",2016-09-21,-0.3
"2016",156,"NGDP_RPCH",2016-09-21,1.2
"2017",156,"NGDP_RPCH",2016-09-21,2.1
"2016",924,"NGDP_RPCH",2016-09-21,6.5
"2017",924,"NGDP_RPCH",2016-09-21,6.2
"2016",132,"NGDP_RPCH",2016-09-21,1.3
"2017",132,"NGDP_RPCH",2016-09-21,1.3
"2016",134,"NGDP_RPCH",2016-09-21,1.8
"2017",134,"NGDP_RPCH",2016-09-21,1.5
"2016",534,"NGDP_RPCH",2016-09-21,7.4
"2017",534,"NGDP_RPCH",2016-09-21,7.5
"2016",136,"NGDP_RPCH",2016-09-21,0.8
"2017",136,"NGDP_RPCH",2016-09-21,0.8
"2016",158,"NGDP_RPCH",2016-09-21,0.6
"2017",158,"NGDP_RPCH",2016-09-21,0.7
"2016",112,"NGDP_RPCH",2016-09-21,1.8
"2017",112,"NGDP_RPCH",2016-09-21,1
"2016",111,"NGDP_RPCH",2016-09-21,1.4
"2017",111,"NGDP_RPCH",2016-09-21,2.1
"2016",163,"NGDP_RPCH",2016-09-21,1.5
"2017",163,"NGDP_RPCH",2016-09-21,1.4
"2016",1,"NGDP_RPCH",2016-09-21,2.9
"2017",1,"NGDP_RPCH",2016-09-21,3.2
"2016",193,"LUR",2016-11-28,5.7
"2017",193,"LUR",2016-11-28,5.5
"2018",193,"LUR",2016-11-28,5.3
"2016",122,"LUR",2016-11-28,6.3
"2017",122,"LUR",2016-11-28,6.6
"2018",122,"LUR",2016-11-28,6.6
"2016",124,"LUR",2016-11-28,8.1
"2017",124,"LUR",2016-11-28,7.6
"2018",124,"LUR",2016-11-28,7.3
"2016",156,"LUR",2016-11-28,7
"2017",156,"LUR",2016-11-28,6.8
"2018",156,"LUR",2016-11-28,6.5
"2016",228,"LUR",2016-11-28,6.5
"2017",228,"LUR",2016-11-28,6.4
"2018",228,"LUR",2016-11-28,6.2
"2016",935,"LUR",2016-11-28,4.1
"2017",935,"LUR",2016-11-28,3.9
"2018",935,"LUR",2016-11-28,3.8
"2016",128,"LUR",2016-11-28,6.1
"2017",128,"LUR",2016-11-28,5.6
"2018",128,"LUR",2016-11-28,5.5
"2016",939,"LUR",2016-11-28,6.9
"2017",939,"LUR",2016-11-28,7.6
"2018",939,"LUR",2016-11-28,8
"2016",172,"LUR",2016-11-28,8.8
"2017",172,"LUR",2016-11-28,8.6
"2018",172,"LUR",2016-11-28,8.5
"2016",132,"LUR",2016-11-28,9.9
"2017",132,"LUR",2016-11-28,9.7
"2018",132,"LUR",2016-11-28,9.6
"2016",134,"LUR",2016-11-28,4.2
"2017",134,"LUR",2016-11-28,4.2
"2018",134,"LUR",2016-11-28,4.1
"2016",174,"LUR",2016-11-28,23.5
"2017",174,"LUR",2016-11-28,23.1
"2018",174,"LUR",2016-11-28,22.7
"2016",944,"LUR",2016-11-28,5.1
"2017",944,"LUR",2016-11-28,4.5
"2018",944,"LUR",2016-11-28,4.4
"2016",176,"LUR",2016-11-28,3.1
"2017",176,"LUR",2016-11-28,3.1
"2018",176,"LUR",2016-11-28,3.2
"2016",178,"LUR",2016-11-28,7.9
"2017",178,"LUR",2016-11-28,7.1
"2018",178,"LUR",2016-11-28,6.7
"2016",436,"LUR",2016-11-28,4.9
"2017",436,"LUR",2016-11-28,4.8
"2018",436,"LUR",2016-11-28,4.7
"2016",136,"LUR",2016-11-28,11.5
"2017",136,"LUR",2016-11-28,11
"2018",136,"LUR",2016-11-28,10.7
"2016",158,"LUR",2016-11-28,3.1
"2017",158,"LUR",2016-11-28,3
"2018",158,"LUR",2016-11-28,2.9
"2016",542,"LUR",2016-11-28,3.8
"2017",542,"LUR",2016-11-28,3.8
"2018",542,"LUR",2016-11-28,3.8
"2016",941,"LUR",2016-11-28,9.6
"2017",941,"LUR",2016-11-28,9.2
"2018",941,"LUR",2016-11-28,8.8
"2016",137,"LUR",2016-11-28,6.4
"2017",137,"LUR",2016-11-28,6.3
"2018",137,"LUR",2016-11-28,6.2
"2016",273,"LUR",2016-11-28,3.9
"2017",273,"LUR",2016-11-28,4.1
"2018",273,"LUR",2016-11-28,4.1
"2016",138,"LUR",2016-11-28,6
"2017",138,"LUR",2016-11-28,5.6
"2018",138,"LUR",2016-11-28,5.5
"2016",196,"LUR",2016-11-28,5
"2017",196,"LUR",2016-11-28,4.5
"2018",196,"LUR",2016-11-28,4.4
"2016",142,"LUR",2016-11-28,4.7
"2017",142,"LUR",2016-11-28,4.6
"2018",142,"LUR",2016-11-28,4.2
"2016",964,"LUR",2016-11-28,6.1
"2017",964,"LUR",2016-11-28,5.4
"2018",964,"LUR",2016-11-28,5.3
"2016",182,"LUR",2016-11-28,11
"2017",182,"LUR",2016-11-28,10.1
"2018",182,"LUR",2016-11-28,10.1
"2016",936,"LUR",2016-11-28,9.8
"2017",936,"LUR",2016-11-28,9.1
"2018",936,"LUR",2016-11-28,8.3
"2016",961,"LUR",2016-11-28,7.8
"2017",961,"LUR",2016-11-28,7.1
"2018",961,"LUR",2016-11-28,6.9
"2016",184,"LUR",2016-11-28,19.6
"2017",184,"LUR",2016-11-28,17.7
"2018",184,"LUR",2016-11-28,16.4
"2016",144,"LUR",2016-11-28,6.9
"2017",144,"LUR",2016-11-28,6.7
"2018",144,"LUR",2016-11-28,6.7
"2016",146,"LUR",2016-11-28,4.6
"2017",146,"LUR",2016-11-28,4.6
"2018",146,"LUR",2016-11-28,4.5
"2016",186,"LUR",2016-11-28,10.6
"2017",186,"LUR",2016-11-28,10.7
"2018",186,"LUR",2016-11-28,10.7
"2016",112,"LUR",2016-11-28,4.9
"2017",112,"LUR",2016-11-28,5
"2018",112,"LUR",2016-11-28,5.6
"2016",111,"LUR",2016-11-28,4.9
"2017",111,"LUR",2016-11-28,4.7
"2018",111,"LUR",2016-11-28,4.5
"2016",163,"LUR",2016-11-28,10
"2017",163,"LUR",2016-11-28,9.5
"2018",163,"LUR",2016-11-28,9.1
"2016",213,"NGDP_RPCH",2016-11-28,-1.7
"2017",213,"NGDP_RPCH",2016-11-28,2.9
"2018",213,"NGDP_RPCH",2016-11-28,3.4
"2016",193,"NGDP_RPCH",2016-11-28,2.7
"2017",193,"NGDP_RPCH",2016-11-28,2.6
"2018",193,"NGDP_RPCH",2016-11-28,3.1
"2016",122,"NGDP_RPCH",2016-11-28,1.5
"2017",122,"NGDP_RPCH",2016-11-28,1.5
"2018",122,"NGDP_RPCH",2016-11-28,1.3
"2016",124,"NGDP_RPCH",2016-11-28,1.2
"2017",124,"NGDP_RPCH",2016-11-28,1.3
"2018",124,"NGDP_RPCH",2016-11-28,1.5
"2016",223,"NGDP_RPCH",2016-11-28,-3.4
"2017",223,"NGDP_RPCH",2016-11-28,0
"2018",223,"NGDP_RPCH",2016-11-28,1.2
"2016",156,"NGDP_RPCH",2016-11-28,1.2
"2017",156,"NGDP_RPCH",2016-11-28,2.1
"2018",156,"NGDP_RPCH",2016-11-28,2.3
"2016",228,"NGDP_RPCH",2016-11-28,1.7
"2017",228,"NGDP_RPCH",2016-11-28,2.5
"2018",228,"NGDP_RPCH",2016-11-28,2.6
"2016",924,"NGDP_RPCH",2016-11-28,6.7
"2017",924,"NGDP_RPCH",2016-11-28,6.4
"2018",924,"NGDP_RPCH",2016-11-28,6.1
"2016",233,"NGDP_RPCH",2016-11-28,2.1
"2017",233,"NGDP_RPCH",2016-11-28,2.5
"2018",233,"NGDP_RPCH",2016-11-28,2.9
"2016",238,"NGDP_RPCH",2016-11-28,4.1
"2017",238,"NGDP_RPCH",2016-11-28,4
"2018",238,"NGDP_RPCH",2016-11-28,4
"2016",935,"NGDP_RPCH",2016-11-28,2.4
"2017",935,"NGDP_RPCH",2016-11-28,2.5
"2018",935,"NGDP_RPCH",2016-11-28,2.6
"2016",128,"NGDP_RPCH",2016-11-28,1
"2017",128,"NGDP_RPCH",2016-11-28,1.5
"2018",128,"NGDP_RPCH",2016-11-28,1.9
"2016",939,"NGDP_RPCH",2016-11-28,1.1
"2017",939,"NGDP_RPCH",2016-11-28,2.4
"2018",939,"NGDP_RPCH",2016-11-28,2.9
"2016",172,"NGDP_RPCH",2016-11-28,0.9
"2017",172,"NGDP_RPCH",2016-11-28,0.9
"2018",172,"NGDP_RPCH",2016-11-28,1.1
"2016",132,"NGDP_RPCH",2016-11-28,1.2
"2017",132,"NGDP_RPCH",2016-11-28,1.3
"2018",132,"NGDP_RPCH",2016-11-28,1.6
"2016",134,"NGDP_RPCH",2016-11-28,1.7
"2017",134,"NGDP_RPCH",2016-11-28,1.7
"2018",134,"NGDP_RPCH",2016-11-28,1.7
"2016",174,"NGDP_RPCH",2016-11-28,0
"2017",174,"NGDP_RPCH",2016-11-28,1.3
"2018",174,"NGDP_RPCH",2016-11-28,1.9
"2016",944,"NGDP_RPCH",2016-11-28,1.7
"2017",944,"NGDP_RPCH",2016-11-28,2.5
"2018",944,"NGDP_RPCH",2016-11-28,2.2
"2016",176,"NGDP_RPCH",2016-11-28,4.7
"2017",176,"NGDP_RPCH",2016-11-28,4.1
"2018",176,"NGDP_RPCH",2016-11-28,2.5
"2016",534,"NGDP_RPCH",2016-11-28,7.4
"2017",534,"NGDP_RPCH",2016-11-28,7.6
"2018",534,"NGDP_RPCH",2016-11-28,7.7
"2016",536,"NGDP_RPCH",2016-11-28,5
"2017",536,"NGDP_RPCH",2016-11-28,5.1
"2018",536,"NGDP_RPCH",2016-11-28,5.3
"2016",178,"NGDP_RPCH",2016-11-28,4.3
"2017",178,"NGDP_RPCH",2016-11-28,3.2
"2018",178,"NGDP_RPCH",2016-11-28,2.3
"2016",436,"NGDP_RPCH",2016-11-28,3.3
"2017",436,"NGDP_RPCH",2016-11-28,3.4
"2018",436,"NGDP_RPCH",2016-11-28,3.3
"2016",136,"NGDP_RPCH",2016-11-28,0.8
"2017",136,"NGDP_RPCH",2016-11-28,0.9
"2018",136,"NGDP_RPCH",2016-11-28,1
"2016",158,"NGDP_RPCH",2016-11-28,0.8
"2017",158,"NGDP_RPCH",2016-11-28,1
"2018",158,"NGDP_RPCH",2016-11-28,0.8
"2016",542,"NGDP_RPCH",2016-11-28,2.7
"2017",542,"NGDP_RPCH",2016-11-28,2.6
"2018",542,"NGDP_RPCH",2016-11-28,3
"2016",941,"NGDP_RPCH",2016-11-28,1.1
"2017",941,"NGDP_RPCH",2016-11-28,3
"2018",941,"NGDP_RPCH",2016-11-28,3.5
"2016",946,"NGDP_RPCH",2016-11-28,2.1
"2017",946,"NGDP_RPCH",2016-11-28,2.7
"2018",946,"NGDP_RPCH",2016-11-28,2.8
"2016",137,"NGDP_RPCH",2016-11-28,3.6
"2017",137,"NGDP_RPCH",2016-11-28,4
"2018",137,"NGDP_RPCH",2016-11-28,4
"2016",273,"NGDP_RPCH",2016-11-28,2.2
"2017",273,"NGDP_RPCH",2016-11-28,2.3
"2018",273,"NGDP_RPCH",2016-11-28,2.4
"2016",138,"NGDP_RPCH",2016-11-28,2
"2017",138,"NGDP_RPCH",2016-11-28,2
"2018",138,"NGDP_RPCH",2016-11-28,1.9
"2016",196,"NGDP_RPCH",2016-11-28,3.5
"2017",196,"NGDP_RPCH",2016-11-28,3.4
"2018",196,"NGDP_RPCH",2016-11-28,2.6
"2016",142,"NGDP_RPCH",2016-11-28,0.7
"2017",142,"NGDP_RPCH",2016-11-28,0.5
"2018",142,"NGDP_RPCH",2016-11-28,1.4
"2016",964,"NGDP_RPCH",2016-11-28,2.6
"2017",964,"NGDP_RPCH",2016-11-28,3.2
"2018",964,"NGDP_RPCH",2016-11-28,3.1
"2016",182,"NGDP_RPCH",2016-11-28,1.2
"2017",182,"NGDP_RPCH",2016-11-28,1.2
"2018",182,"NGDP_RPCH",2016-11-28,1.3
"2016",922,"NGDP_RPCH",2016-11-28,-0.8
"2017",922,"NGDP_RPCH",2016-11-28,0.8
"2018",922,"NGDP_RPCH",2016-11-28,1
"2016",936,"NGDP_RPCH",2016-11-28,3.6
"2017",936,"NGDP_RPCH",2016-11-28,3.4
"2018",936,"NGDP_RPCH",2016-11-28,3.8
"2016",961,"NGDP_RPCH",2016-11-28,2
"2017",961,"NGDP_RPCH",2016-11-28,2.4
"2018",961,"NGDP_RPCH",2016-11-28,2.3
"2016",199,"NGDP_RPCH",2016-11-28,0.4
"2017",199,"NGDP_RPCH",2016-11-28,1.1
"2018",199,"NGDP_RPCH",2016-11-28,1.7
"2016",184,"NGDP_RPCH",2016-11-28,3.2
"2017",184,"NGDP_RPCH",2016-11-28,2.3
"2018",184,"NGDP_RPCH",2016-11-28,2.2
"2016",144,"NGDP_RPCH",2016-11-28,3.3
"2017",144,"NGDP_RPCH",2016-11-28,2.7
"2018",144,"NGDP_RPCH",2016-11-28,2.2
"2016",146,"NGDP_RPCH",2016-11-28,1.6
"2017",146,"NGDP_RPCH",2016-11-28,1.7
"2018",146,"NGDP_RPCH",2016-11-28,1.9
"2016",186,"NGDP_RPCH",2016-11-28,2.9
"2017",186,"NGDP_RPCH",2016-11-28,3.3
"2018",186,"NGDP_RPCH",2016-11-28,3.8
"2016",112,"NGDP_RPCH",2016-11-28,2
"2017",112,"NGDP_RPCH",2016-11-28,1.2
"2018",112,"NGDP_RPCH",2016-11-28,1
"2016",111,"NGDP_RPCH",2016-11-28,1.5
"2017",111,"NGDP_RPCH",2016-11-28,2.3
"2018",111,"NGDP_RPCH",2016-11-28,3
"2016",163,"NGDP_RPCH",2016-11-28,1.7
"2017",163,"NGDP_RPCH",2016-11-28,1.6
"2018",163,"NGDP_RPCH",2016-11-28,1.7
"2016",213,"PCPIPCH",2016-11-28,30.9
"2017",213,"PCPIPCH",2016-11-28,24.1
"2018",213,"PCPIPCH",2016-11-28,15.6
"2016",193,"PCPIPCH",2016-11-28,1.3
"2017",193,"PCPIPCH",2016-11-28,1.8
"2018",193,"PCPIPCH",2016-11-28,2.1
"2016",122,"PCPIPCH",2016-11-28,0.9
"2017",122,"PCPIPCH",2016-11-28,1.7
"2018",122,"PCPIPCH",2016-11-28,1.8
"2016",124,"PCPIPCH",2016-11-28,1.7
"2017",124,"PCPIPCH",2016-11-28,1.7
"2018",124,"PCPIPCH",2016-11-28,1.7
"2016",223,"PCPIPCH",2016-11-28,9
"2017",223,"PCPIPCH",2016-11-28,6
"2018",223,"PCPIPCH",2016-11-28,5
"2016",156,"PCPIPCH",2016-11-28,1.5
"2017",156,"PCPIPCH",2016-11-28,1.8
"2018",156,"PCPIPCH",2016-11-28,2
"2016",228,"PCPIPCH",2016-11-28,3.9
"2017",228,"PCPIPCH",2016-11-28,3.1
"2018",228,"PCPIPCH",2016-11-28,3
"2016",924,"PCPIPCH",2016-11-28,2.1
"2017",924,"PCPIPCH",2016-11-28,2.2
"2018",924,"PCPIPCH",2016-11-28,2.9
"2016",233,"PCPIPCH",2016-11-28,7.5
"2017",233,"PCPIPCH",2016-11-28,3.8
"2018",233,"PCPIPCH",2016-11-28,3.3
"2016",238,"PCPIPCH",2016-11-28,0
"2017",238,"PCPIPCH",2016-11-28,2.5
"2018",238,"PCPIPCH",2016-11-28,3
"2016",935,"PCPIPCH",2016-11-28,0.6
"2017",935,"PCPIPCH",2016-11-28,1.8
"2018",935,"PCPIPCH",2016-11-28,2.2
"2016",128,"PCPIPCH",2016-11-28,0.3
"2017",128,"PCPIPCH",2016-11-28,1.1
"2018",128,"PCPIPCH",2016-11-28,1.7
"2016",939,"PCPIPCH",2016-11-28,0.8
"2017",939,"PCPIPCH",2016-11-28,2.3
"2018",939,"PCPIPCH",2016-11-28,2.6
"2016",172,"PCPIPCH",2016-11-28,0.3
"2017",172,"PCPIPCH",2016-11-28,0.8
"2018",172,"PCPIPCH",2016-11-28,0.8
"2016",132,"PCPIPCH",2016-11-28,0.3
"2017",132,"PCPIPCH",2016-11-28,1.2
"2018",132,"PCPIPCH",2016-11-28,1.2
"2016",134,"PCPIPCH",2016-11-28,0.3
"2017",134,"PCPIPCH",2016-11-28,1.4
"2018",134,"PCPIPCH",2016-11-28,1.7
"2016",174,"PCPIPCH",2016-11-28,0.1
"2017",174,"PCPIPCH",2016-11-28,1.1
"2018",174,"PCPIPCH",2016-11-28,1.4
"2016",944,"PCPIPCH",2016-11-28,0.1
"2017",944,"PCPIPCH",2016-11-28,1.4
"2018",944,"PCPIPCH",2016-11-28,2.5
"2016",176,"PCPIPCH",2016-11-28,1.7
"2017",176,"PCPIPCH",2016-11-28,2.9
"2018",176,"PCPIPCH",2016-11-28,3.8
"2016",534,"PCPIPCH",2016-11-28,5.2
"2017",534,"PCPIPCH",2016-11-28,5.2
"2018",534,"PCPIPCH",2016-11-28,4.6
"2016",536,"PCPIPCH",2016-11-28,3.6
"2017",536,"PCPIPCH",2016-11-28,3.9
"2018",536,"PCPIPCH",2016-11-28,4
"2016",178,"PCPIPCH",2016-11-28,0
"2017",178,"PCPIPCH",2016-11-28,1.5
"2018",178,"PCPIPCH",2016-11-28,2
"2016",436,"PCPIPCH",2016-11-28,-0.5
"2017",436,"PCPIPCH",2016-11-28,0.7
"2018",436,"PCPIPCH",2016-11-28,1.1
"2016",136,"PCPIPCH",2016-11-28,-0.1
"2017",136,"PCPIPCH",2016-11-28,0.8
"2018",136,"PCPIPCH",2016-11-28,1.2
"2016",158,"PCPIPCH",2016-11-28,-0.3
"2017",158,"PCPIPCH",2016-11-28,0.3
"2018",158,"PCPIPCH",2016-11-28,1
"2016",542,"PCPIPCH",2016-11-28,0.9
"2017",542,"PCPIPCH",2016-11-28,1.5
"2018",542,"PCPIPCH",2016-11-28,1.8
"2016",941,"PCPIPCH",2016-11-28,-0.2
"2017",941,"PCPIPCH",2016-11-28,1.3
"2018",941,"PCPIPCH",2016-11-28,1.9
"2016",946,"PCPIPCH",2016-11-28,0.6
"2017",946,"PCPIPCH",2016-11-28,2.3
"2018",946,"PCPIPCH",2016-11-28,2.8
"2016",137,"PCPIPCH",2016-11-28,-0.1
"2017",137,"PCPIPCH",2016-11-28,1.4
"2018",137,"PCPIPCH",2016-11-28,1.5
"2016",273,"PCPIPCH",2016-11-28,2.8
"2017",273,"PCPIPCH",2016-11-28,3.5
"2018",273,"PCPIPCH",2016-11-28,3.6
"2016",138,"PCPIPCH",2016-11-28,0
"2017",138,"PCPIPCH",2016-11-28,1
"2018",138,"PCPIPCH",2016-11-28,1.5
"2016",196,"PCPIPCH",2016-11-28,0.5
"2017",196,"PCPIPCH",2016-11-28,1
"2018",196,"PCPIPCH",2016-11-28,1.5
"2016",142,"PCPIPCH",2016-11-28,3.6
"2017",142,"PCPIPCH",2016-11-28,2.4
"2018",142,"PCPIPCH",2016-11-28,1.9
"2016",964,"PCPIPCH",2016-11-28,-0.8
"2017",964,"PCPIPCH",2016-11-28,1.1
"2018",964,"PCPIPCH",2016-11-28,1.7
"2016",182,"PCPIPCH",2016-11-28,0.7
"2017",182,"PCPIPCH",2016-11-28,1.1
"2018",182,"PCPIPCH",2016-11-28,1.1
"2016",922,"PCPIPCH",2016-11-28,7.2
"2017",922,"PCPIPCH",2016-11-28,5.9
"2018",922,"PCPIPCH",2016-11-28,5
"2016",936,"PCPIPCH",2016-11-28,-0.5
"2017",936,"PCPIPCH",2016-11-28,0.8
"2018",936,"PCPIPCH",2016-11-28,1.4
"2016",961,"PCPIPCH",2016-11-28,-0.2
"2017",961,"PCPIPCH",2016-11-28,0.8
"2018",961,"PCPIPCH",2016-11-28,1.2
"2016",199,"PCPIPCH",2016-11-28,6.6
"2017",199,"PCPIPCH",2016-11-28,6.1
"2018",199,"PCPIPCH",2016-11-28,5.7
"2016",184,"PCPIPCH",2016-11-28,-0.3
"2017",184,"PCPIPCH",2016-11-28,1.5
"2018",184,"PCPIPCH",2016-11-28,1.3
"2016",144,"PCPIPCH",2016-11-28,0.9
"2017",144,"PCPIPCH",2016-11-28,1.5
"2018",144,"PCPIPCH",2016-11-28,2
"2016",146,"PCPIPCH",2016-11-28,-0.4
"2017",146,"PCPIPCH",2016-11-28,0.3
"2018",146,"PCPIPCH",2016-11-28,0.5
"2016",186,"PCPIPCH",2016-11-28,7.9
"2017",186,"PCPIPCH",2016-11-28,7.7
"2018",186,"PCPIPCH",2016-11-28,7.3
"2016",112,"PCPIPCH",2016-11-28,0.6
"2017",112,"PCPIPCH",2016-11-28,2.4
"2018",112,"PCPIPCH",2016-11-28,2.9
"2016",111,"PCPIPCH",2016-11-28,1.2
"2017",111,"PCPIPCH",2016-11-28,1.9
"2018",111,"PCPIPCH",2016-11-28,2.2
"2016",163,"PCPIPCH",2016-11-28,0.2
"2017",163,"PCPIPCH",2016-11-28,1.2
"2018",163,"PCPIPCH",2016-11-28,1.4
"2017",223,"NGDP_RPCH",2017-03-07,0
"2018",223,"NGDP_RPCH",2017-03-07,1.5
"2017",156,"NGDP_RPCH",2017-03-07,2.4
"2018",156,"NGDP_RPCH",2017-03-07,2.2
"2017",924,"NGDP_RPCH",2017-03-07,6.5
"2018",924,"NGDP_RPCH",2017-03-07,6.3
"2017",132,"NGDP_RPCH",2017-03-07,1.4
"2018",132,"NGDP_RPCH",2017-03-07,1.4
"2017",134,"NGDP_RPCH",2017-03-07,1.8
"2018",134,"NGDP_RPCH",2017-03-07,1.7
"2017",534,"NGDP_RPCH",2017-03-07,7.3
"2018",534,"NGDP_RPCH",2017-03-07,7.7
"2017",136,"NGDP_RPCH",2017-03-07,1
"2018",136,"NGDP_RPCH",2017-03-07,1
"2017",158,"NGDP_RPCH",2017-03-07,1.2
"2018",158,"NGDP_RPCH",2017-03-07,0.8
"2017",112,"NGDP_RPCH",2017-03-07,1.6
"2018",112,"NGDP_RPCH",2017-03-07,1
"2017",111,"NGDP_RPCH",2017-03-07,2.4
"2018",111,"NGDP_RPCH",2017-03-07,2.8
"2017",163,"NGDP_RPCH",2017-03-07,1.6
"2018",163,"NGDP_RPCH",2017-03-07,1.6
"2017",1,"NGDP_RPCH",2017-03-07,3.3
"2018",1,"NGDP_RPCH",2017-03-07,3.6
"2017",193,"LUR",2017-06-07,5.6
"2018",193,"LUR",2017-06-07,5.4
"2017",122,"LUR",2017-06-07,5.7
"2018",122,"LUR",2017-06-07,5.5
"2017",124,"LUR",2017-06-07,7.2
"2018",124,"LUR",2017-06-07,6.6
"2017",156,"LUR",2017-06-07,6.5
"2018",156,"LUR",2017-06-07,6.1
"2017",228,"LUR",2017-06-07,6.6
"2018",228,"LUR",2017-06-07,6.5
"2017",935,"LUR",2017-06-07,3.3
"2018",935,"LUR",2017-06-07,3.3
"2017",128,"LUR",2017-06-07,6.5
"2018",128,"LUR",2017-06-07,6.5
"2017",939,"LUR",2017-06-07,7.6
"2018",939,"LUR",2017-06-07,8.4
"2017",172,"LUR",2017-06-07,8.5
"2018",172,"LUR",2017-06-07,8.2
"2017",132,"LUR",2017-06-07,9.7
"2018",132,"LUR",2017-06-07,9.6
"2017",134,"LUR",2017-06-07,3.8
"2018",134,"LUR",2017-06-07,3.7
"2017",174,"LUR",2017-06-07,22.2
"2018",174,"LUR",2017-06-07,20.1
"2017",944,"LUR",2017-06-07,4.2
"2018",944,"LUR",2017-06-07,3.9
"2017",176,"LUR",2017-06-07,2.8
"2018",176,"LUR",2017-06-07,3
"2017",178,"LUR",2017-06-07,6.9
"2018",178,"LUR",2017-06-07,6.2
"2017",436,"LUR",2017-06-07,4.3
"2018",436,"LUR",2017-06-07,4.3
"2017",136,"LUR",2017-06-07,11.5
"2018",136,"LUR",2017-06-07,11.2
"2017",158,"LUR",2017-06-07,2.8
"2018",158,"LUR",2017-06-07,2.7
"2017",542,"LUR",2017-06-07,3.8
"2018",542,"LUR",2017-06-07,3.7
"2017",941,"LUR",2017-06-07,9.2
"2018",941,"LUR",2017-06-07,8.9
"2017",137,"LUR",2017-06-07,6
"2018",137,"LUR",2017-06-07,5.9
"2017",273,"LUR",2017-06-07,4.2
"2018",273,"LUR",2017-06-07,4.3
"2017",138,"LUR",2017-06-07,5.2
"2018",138,"LUR",2017-06-07,5
"2017",196,"LUR",2017-06-07,4.7
"2018",196,"LUR",2017-06-07,4.5
"2017",142,"LUR",2017-06-07,4.4
"2018",142,"LUR",2017-06-07,4.2
"2017",964,"LUR",2017-06-07,5.2
"2018",964,"LUR",2017-06-07,5
"2017",182,"LUR",2017-06-07,9.7
"2018",182,"LUR",2017-06-07,8.9
"2017",936,"LUR",2017-06-07,8.5
"2018",936,"LUR",2017-06-07,7.6
"2017",961,"LUR",2017-06-07,7.3
"2018",961,"LUR",2017-06-07,6.3
"2017",184,"LUR",2017-06-07,17.5
"2018",184,"LUR",2017-06-07,16
"2017",144,"LUR",2017-06-07,6.5
"2018",144,"LUR",2017-06-07,6.4
"2017",146,"LUR",2017-06-07,4.5
"2018",146,"LUR",2017-06-07,4.3
"2017",186,"LUR",2017-06-07,10.8
"2018",186,"LUR",2017-06-07,10.9
"2017",112,"LUR",2017-06-07,4.8
"2018",112,"LUR",2017-06-07,5.3
"2017",111,"LUR",2017-06-07,4.6
"2018",111,"LUR",2017-06-07,4.3
"2017",163,"LUR",2017-06-07,9.3
"2018",163,"LUR",2017-06-07,8.9
"2017",213,"NGDP_RPCH",2017-06-07,2.5
"2018",213,"NGDP_RPCH",2017-06-07,3.1
"2017",193,"NGDP_RPCH",2017-06-07,2.5
"2018",193,"NGDP_RPCH",2017-06-07,2.9
"2017",122,"NGDP_RPCH",2017-06-07,2.2
"2018",122,"NGDP_RPCH",2017-06-07,1.7
"2017",124,"NGDP_RPCH",2017-06-07,1.6
"2018",124,"NGDP_RPCH",2017-06-07,1.7
"2017",223,"NGDP_RPCH",2017-06-07,0.7
"2018",223,"NGDP_RPCH",2017-06-07,1.6
"2017",156,"NGDP_RPCH",2017-06-07,2.8
"2018",156,"NGDP_RPCH",2017-06-07,2.3
"2017",228,"NGDP_RPCH",2017-06-07,1.6
"2018",228,"NGDP_RPCH",2017-06-07,2.8
"2017",924,"NGDP_RPCH",2017-06-07,6.6
"2018",924,"NGDP_RPCH",2017-06-07,6.4
"2017",233,"NGDP_RPCH",2017-06-07,2.2
"2018",233,"NGDP_RPCH",2017-06-07,3
"2017",238,"NGDP_RPCH",2017-06-07,4.1
"2018",238,"NGDP_RPCH",2017-06-07,4.1
"2017",935,"NGDP_RPCH",2017-06-07,2.9
"2018",935,"NGDP_RPCH",2017-06-07,2.6
"2017",128,"NGDP_RPCH",2017-06-07,1.6
"2018",128,"NGDP_RPCH",2017-06-07,2.1
"2017",939,"NGDP_RPCH",2017-06-07,2.6
"2018",939,"NGDP_RPCH",2017-06-07,3.1
"2017",172,"NGDP_RPCH",2017-06-07,2
"2018",172,"NGDP_RPCH",2017-06-07,1.5
"2017",132,"NGDP_RPCH",2017-06-07,1.3
"2018",132,"NGDP_RPCH",2017-06-07,1.5
"2017",134,"NGDP_RPCH",2017-06-07,2
"2018",134,"NGDP_RPCH",2017-06-07,2
"2017",174,"NGDP_RPCH",2017-06-07,1.1
"2018",174,"NGDP_RPCH",2017-06-07,2.5
"2017",944,"NGDP_RPCH",2017-06-07,3.8
"2018",944,"NGDP_RPCH",2017-06-07,3.4
"2017",176,"NGDP_RPCH",2017-06-07,5.3
"2018",176,"NGDP_RPCH",2017-06-07,2.6
"2017",534,"NGDP_RPCH",2017-06-07,7.3
"2018",534,"NGDP_RPCH",2017-06-07,7.7
"2017",536,"NGDP_RPCH",2017-06-07,5.1
"2018",536,"NGDP_RPCH",2017-06-07,5.2
"2017",178,"NGDP_RPCH",2017-06-07,3.7
"2018",178,"NGDP_RPCH",2017-06-07,2.5
"2017",436,"NGDP_RPCH",2017-06-07,3.2
"2018",436,"NGDP_RPCH",2017-06-07,3.3
"2017",136,"NGDP_RPCH",2017-06-07,1
"2018",136,"NGDP_RPCH",2017-06-07,0.8
"2017",158,"NGDP_RPCH",2017-06-07,1.4
"2018",158,"NGDP_RPCH",2017-06-07,1
"2017",542,"NGDP_RPCH",2017-06-07,2.6
"2018",542,"NGDP_RPCH",2017-06-07,2.8
"2017",941,"NGDP_RPCH",2017-06-07,3.5
"2018",941,"NGDP_RPCH",2017-06-07,3.5
"2017",946,"NGDP_RPCH",2017-06-07,3.1
"2018",946,"NGDP_RPCH",2017-06-07,2.9
"2017",137,"NGDP_RPCH",2017-06-07,4.5
"2018",137,"NGDP_RPCH",2017-06-07,4.2
"2017",273,"NGDP_RPCH",2017-06-07,1.9
"2018",273,"NGDP_RPCH",2017-06-07,2
"2017",138,"NGDP_RPCH",2017-06-07,2.4
"2018",138,"NGDP_RPCH",2017-06-07,2.1
"2017",196,"NGDP_RPCH",2017-06-07,3.1
"2018",196,"NGDP_RPCH",2017-06-07,3.1
"2017",142,"NGDP_RPCH",2017-06-07,1.3
"2018",142,"NGDP_RPCH",2017-06-07,1.5
"2017",964,"NGDP_RPCH",2017-06-07,3.6
"2018",964,"NGDP_RPCH",2017-06-07,3.1
"2017",182,"NGDP_RPCH",2017-06-07,2.1
"2018",182,"NGDP_RPCH",2017-06-07,1.6
"2017",922,"NGDP_RPCH",2017-06-07,1.4
"2018",922,"NGDP_RPCH",2017-06-07,1.6
"2017",936,"NGDP_RPCH",2017-06-07,3.3
"2018",936,"NGDP_RPCH",2017-06-07,4.1
"2017",961,"NGDP_RPCH",2017-06-07,3.8
"2018",961,"NGDP_RPCH",2017-06-07,3.1
"2017",199,"NGDP_RPCH",2017-06-07,0.8
"2018",199,"NGDP_RPCH",2017-06-07,1.2
"2017",184,"NGDP_RPCH",2017-06-07,2.8
"2018",184,"NGDP_RPCH",2017-06-07,2.4
"2017",144,"NGDP_RPCH",2017-06-07,2.7
"2018",144,"NGDP_RPCH",2017-06-07,2.3
"2017",146,"NGDP_RPCH",2017-06-07,1.5
"2018",146,"NGDP_RPCH",2017-06-07,1.9
"2017",186,"NGDP_RPCH",2017-06-07,3.4
"2018",186,"NGDP_RPCH",2017-06-07,3.5
"2017",112,"NGDP_RPCH",2017-06-07,1.6
"2018",112,"NGDP_RPCH",2017-06-07,1
"2017",111,"NGDP_RPCH",2017-06-07,2.1
"2018",111,"NGDP_RPCH",2017-06-07,2.4
"2017",163,"NGDP_RPCH",2017-06-07,1.8
"2018",163,"NGDP_RPCH",2017-06-07,1.8
"2017",213,"PCPIPCH",2017-06-07,21.4
"2018",213,"PCPIPCH",2017-06-07,14.3
"2017",193,"PCPIPCH",2017-06-07,2
"2018",193,"PCPIPCH",2017-06-07,2
"2017",122,"PCPIPCH",2017-06-07,2.1
"2018",122,"PCPIPCH",2017-06-07,1.8
"2017",124,"PCPIPCH",2017-06-07,2.5
"2018",124,"PCPIPCH",2017-06-07,1.8
"2017",223,"PCPIPCH",2017-06-07,4.2
"2018",223,"PCPIPCH",2017-06-07,4.5
"2017",156,"PCPIPCH",2017-06-07,1.9
"2018",156,"PCPIPCH",2017-06-07,2
"2017",228,"PCPIPCH",2017-06-07,2.8
"2018",228,"PCPIPCH",2017-06-07,2.9
"2017",924,"PCPIPCH",2017-06-07,1.5
"2018",924,"PCPIPCH",2017-06-07,2
"2017",233,"PCPIPCH",2017-06-07,4.7
"2018",233,"PCPIPCH",2017-06-07,3.7
"2017",238,"PCPIPCH",2017-06-07,2.6
"2018",238,"PCPIPCH",2017-06-07,3.6
"2017",935,"PCPIPCH",2017-06-07,2.3
"2018",935,"PCPIPCH",2017-06-07,2.2
"2017",128,"PCPIPCH",2017-06-07,1.2
"2018",128,"PCPIPCH",2017-06-07,1.3
"2017",939,"PCPIPCH",2017-06-07,3.2
"2018",939,"PCPIPCH",2017-06-07,2.8
"2017",172,"PCPIPCH",2017-06-07,1.2
"2018",172,"PCPIPCH",2017-06-07,1.5
"2017",132,"PCPIPCH",2017-06-07,1.3
"2018",132,"PCPIPCH",2017-06-07,1.2
"2017",134,"PCPIPCH",2017-06-07,1.9
"2018",134,"PCPIPCH",2017-06-07,1.6
"2017",174,"PCPIPCH",2017-06-07,1.4
"2018",174,"PCPIPCH",2017-06-07,0.8
"2017",944,"PCPIPCH",2017-06-07,3
"2018",944,"PCPIPCH",2017-06-07,3
"2017",176,"PCPIPCH",2017-06-07,2.4
"2018",176,"PCPIPCH",2017-06-07,3.5
"2017",534,"PCPIPCH",2017-06-07,4.8
"2018",534,"PCPIPCH",2017-06-07,4.6
"2017",536,"PCPIPCH",2017-06-07,4.4
"2018",536,"PCPIPCH",2017-06-07,4
"2017",178,"PCPIPCH",2017-06-07,0.8
"2018",178,"PCPIPCH",2017-06-07,2
"2017",436,"PCPIPCH",2017-06-07,1
"2018",436,"PCPIPCH",2017-06-07,1.7
"2017",136,"PCPIPCH",2017-06-07,1.5
"2018",136,"PCPIPCH",2017-06-07,1.3
"2017",158,"PCPIPCH",2017-06-07,0.6
"2018",158,"PCPIPCH",2017-06-07,1
"2017",542,"PCPIPCH",2017-06-07,2
"2018",542,"PCPIPCH",2017-06-07,2
"2017",941,"PCPIPCH",2017-06-07,2.8
"2018",941,"PCPIPCH",2017-06-07,2.3
"2017",946,"PCPIPCH",2017-06-07,3.3
"2018",946,"PCPIPCH",2017-06-07,2.7
"2017",137,"PCPIPCH",2017-06-07,2.4
"2018",137,"PCPIPCH",2017-06-07,1.6
"2017",273,"PCPIPCH",2017-06-07,5.3
"2018",273,"PCPIPCH",2017-06-07,3.8
"2017",138,"PCPIPCH",2017-06-07,1.6
"2018",138,"PCPIPCH",2017-06-07,1.6
"2017",196,"PCPIPCH",2017-06-07,2.4
"2018",196,"PCPIPCH",2017-06-07,1.8
"2017",142,"PCPIPCH",2017-06-07,1.9
"2018",142,"PCPIPCH",2017-06-07,1.8
"2017",964,"PCPIPCH",2017-06-07,2.3
"2018",964,"PCPIPCH",2017-06-07,1.8
"2017",182,"PCPIPCH",2017-06-07,1.6
"2018",182,"PCPIPCH",2017-06-07,1.4
"2017",922,"PCPIPCH",2017-06-07,4.2
"2018",922,"PCPIPCH",2017-06-07,4
"2017",936,"PCPIPCH",2017-06-07,1.6
"2018",936,"PCPIPCH",2017-06-07,2
"2017",961,"PCPIPCH",2017-06-07,2.6
"2018",961,"PCPIPCH",2017-06-07,3.1
"2017",199,"PCPIPCH",2017-06-07,6
"2018",199,"PCPIPCH",2017-06-07,5.8
"2017",184,"PCPIPCH",2017-06-07,2.3
"2018",184,"PCPIPCH",2017-06-07,1.4
"2017",144,"PCPIPCH",2017-06-07,1.6
"2018",144,"PCPIPCH",2017-06-07,1.8
"2017",146,"PCPIPCH",2017-06-07,0.5
"2018",146,"PCPIPCH",2017-06-07,0.4
"2017",186,"PCPIPCH",2017-06-07,10.4
"2018",186,"PCPIPCH",2017-06-07,8.1
"2017",112,"PCPIPCH",2017-06-07,2.8
"2018",112,"PCPIPCH",2017-06-07,2.7
"2017",111,"PCPIPCH",2017-06-07,2.5
"2018",111,"PCPIPCH",2017-06-07,2.2
"2017",163,"PCPIPCH",2017-06-07,1.7
"2018",163,"PCPIPCH",2017-06-07,1.4
"2017",223,"NGDP_RPCH",2017-09-20,0.6
"2018",223,"NGDP_RPCH",2017-09-20,1.6
"2017",156,"NGDP_RPCH",2017-09-20,3.2
"2018",156,"NGDP_RPCH",2017-09-20,2.3
"2017",924,"NGDP_RPCH",2017-09-20,6.8
"2018",924,"NGDP_RPCH",2017-09-20,6.6
"2017",132,"NGDP_RPCH",2017-09-20,1.7
"2018",132,"NGDP_RPCH",2017-09-20,1.6
"2017",134,"NGDP_RPCH",2017-09-20,2.2
"2018",134,"NGDP_RPCH",2017-09-20,2.1
"2017",534,"NGDP_RPCH",2017-09-20,6.7
"2018",534,"NGDP_RPCH",2017-09-20,7.2
"2017",136,"NGDP_RPCH",2017-09-20,1.4
"2018",136,"NGDP_RPCH",2017-09-20,1.2
"2017",158,"NGDP_RPCH",2017-09-20,1.6
"2018",158,"NGDP_RPCH",2017-09-20,1.2
"2017",922,"NGDP_RPCH",2017-09-20,2
"2018",922,"NGDP_RPCH",2017-09-20,2.1
"2017",112,"NGDP_RPCH",2017-09-20,1.6
"2018",112,"NGDP_RPCH",2017-09-20,1
"2017",111,"NGDP_RPCH",2017-09-20,2.1
"2018",111,"NGDP_RPCH",2017-09-20,2.4
"2017",163,"NGDP_RPCH",2017-09-20,2.1
"2018",163,"NGDP_RPCH",2017-09-20,1.9
"2017",1,"NGDP_RPCH",2017-09-20,3.5
"2018",1,"NGDP_RPCH",2017-09-20,3.7
"2017",193,"LUR",2017-11-28,5.6
"2018",193,"LUR",2017-11-28,5.4
"2019",193,"LUR",2017-11-28,5.3
"2017",122,"LUR",2017-11-28,5.4
"2018",122,"LUR",2017-11-28,5
"2019",122,"LUR",2017-11-28,4.8
"2017",124,"LUR",2017-11-28,7.2
"2018",124,"LUR",2017-11-28,6.7
"2019",124,"LUR",2017-11-28,6.6
"2017",156,"LUR",2017-11-28,6.4
"2018",156,"LUR",2017-11-28,6.1
"2019",156,"LUR",2017-11-28,5.9
"2017",228,"LUR",2017-11-28,6.6
"2018",228,"LUR",2017-11-28,6.5
"2019",228,"LUR",2017-11-28,6.3
"2017",935,"LUR",2017-11-28,3
"2018",935,"LUR",2017-11-28,2.8
"2019",935,"LUR",2017-11-28,2.7
"2017",128,"LUR",2017-11-28,5.8
"2018",128,"LUR",2017-11-28,5.7
"2019",128,"LUR",2017-11-28,5.6
"2017",939,"LUR",2017-11-28,6.9
"2018",939,"LUR",2017-11-28,7.6
"2019",939,"LUR",2017-11-28,7.7
"2017",172,"LUR",2017-11-28,8.7
"2018",172,"LUR",2017-11-28,8.4
"2019",172,"LUR",2017-11-28,8
"2017",132,"LUR",2017-11-28,9.4
"2018",132,"LUR",2017-11-28,9.2
"2019",132,"LUR",2017-11-28,8.8
"2017",134,"LUR",2017-11-28,3.7
"2018",134,"LUR",2017-11-28,3.5
"2019",134,"LUR",2017-11-28,3.4
"2017",174,"LUR",2017-11-28,21.7
"2018",174,"LUR",2017-11-28,20.5
"2019",174,"LUR",2017-11-28,19.5
"2017",944,"LUR",2017-11-28,4.2
"2018",944,"LUR",2017-11-28,4
"2019",944,"LUR",2017-11-28,3.8
"2017",176,"LUR",2017-11-28,2.8
"2018",176,"LUR",2017-11-28,2.5
"2019",176,"LUR",2017-11-28,2.4
"2017",178,"LUR",2017-11-28,6.4
"2018",178,"LUR",2017-11-28,5.8
"2019",178,"LUR",2017-11-28,5.6
"2017",436,"LUR",2017-11-28,4.2
"2018",436,"LUR",2017-11-28,4.1
"2019",436,"LUR",2017-11-28,4.2
"2017",136,"LUR",2017-11-28,11.2
"2018",136,"LUR",2017-11-28,10.5
"2019",136,"LUR",2017-11-28,10.1
"2017",158,"LUR",2017-11-28,2.8
"2018",158,"LUR",2017-11-28,2.8
"2019",158,"LUR",2017-11-28,2.8
"2017",542,"LUR",2017-11-28,3.7
"2018",542,"LUR",2017-11-28,3.5
"2019",542,"LUR",2017-11-28,3.4
"2017",941,"LUR",2017-11-28,8.7
"2018",941,"LUR",2017-11-28,8.3
"2019",941,"LUR",2017-11-28,8.1
"2017",137,"LUR",2017-11-28,6
"2018",137,"LUR",2017-11-28,5.7
"2019",137,"LUR",2017-11-28,5.5
"2017",273,"LUR",2017-11-28,3.6
"2018",273,"LUR",2017-11-28,3.8
"2019",273,"LUR",2017-11-28,3.9
"2017",138,"LUR",2017-11-28,4.9
"2018",138,"LUR",2017-11-28,4.5
"2019",138,"LUR",2017-11-28,4.2
"2017",196,"LUR",2017-11-28,4.7
"2018",196,"LUR",2017-11-28,4.4
"2019",196,"LUR",2017-11-28,4.4
"2017",142,"LUR",2017-11-28,4.3
"2018",142,"LUR",2017-11-28,4
"2019",142,"LUR",2017-11-28,3.7
"2017",964,"LUR",2017-11-28,4.8
"2018",964,"LUR",2017-11-28,4.3
"2019",964,"LUR",2017-11-28,4
"2017",182,"LUR",2017-11-28,9.1
"2018",182,"LUR",2017-11-28,8.2
"2019",182,"LUR",2017-11-28,7.4
"2017",936,"LUR",2017-11-28,8.3
"2018",936,"LUR",2017-11-28,7.5
"2019",936,"LUR",2017-11-28,6.6
"2017",961,"LUR",2017-11-28,6.7
"2018",961,"LUR",2017-11-28,5.7
"2019",961,"LUR",2017-11-28,4.9
"2017",184,"LUR",2017-11-28,17.2
"2018",184,"LUR",2017-11-28,15.4
"2019",184,"LUR",2017-11-28,14
"2017",144,"LUR",2017-11-28,6.6
"2018",144,"LUR",2017-11-28,6
"2019",144,"LUR",2017-11-28,5.9
"2017",146,"LUR",2017-11-28,4.8
"2018",146,"LUR",2017-11-28,4.5
"2019",146,"LUR",2017-11-28,4.4
"2017",186,"LUR",2017-11-28,11.1
"2018",186,"LUR",2017-11-28,11
"2019",186,"LUR",2017-11-28,11.3
"2017",112,"LUR",2017-11-28,4.4
"2018",112,"LUR",2017-11-28,4.4
"2019",112,"LUR",2017-11-28,4.6
"2017",111,"LUR",2017-11-28,4.4
"2018",111,"LUR",2017-11-28,3.9
"2019",111,"LUR",2017-11-28,3.7
"2017",163,"LUR",2017-11-28,9.1
"2018",163,"LUR",2017-11-28,8.5
"2019",163,"LUR",2017-11-28,8
"2017",213,"NGDP_RPCH",2017-11-28,2.9
"2018",213,"NGDP_RPCH",2017-11-28,3.2
"2019",213,"NGDP_RPCH",2017-11-28,3.2
"2017",193,"NGDP_RPCH",2017-11-28,2.5
"2018",193,"NGDP_RPCH",2017-11-28,2.8
"2019",193,"NGDP_RPCH",2017-11-28,2.7
"2017",122,"NGDP_RPCH",2017-11-28,3
"2018",122,"NGDP_RPCH",2017-11-28,2.5
"2019",122,"NGDP_RPCH",2017-11-28,1.8
"2017",124,"NGDP_RPCH",2017-11-28,1.7
"2018",124,"NGDP_RPCH",2017-11-28,1.7
"2019",124,"NGDP_RPCH",2017-11-28,1.7
"2017",223,"NGDP_RPCH",2017-11-28,0.7
"2018",223,"NGDP_RPCH",2017-11-28,1.9
"2019",223,"NGDP_RPCH",2017-11-28,2.3
"2017",156,"NGDP_RPCH",2017-11-28,3
"2018",156,"NGDP_RPCH",2017-11-28,2.1
"2019",156,"NGDP_RPCH",2017-11-28,1.9
"2017",228,"NGDP_RPCH",2017-11-28,1.5
"2018",228,"NGDP_RPCH",2017-11-28,2.9
"2019",228,"NGDP_RPCH",2017-11-28,2.9
"2017",924,"NGDP_RPCH",2017-11-28,6.8
"2018",924,"NGDP_RPCH",2017-11-28,6.6
"2019",924,"NGDP_RPCH",2017-11-28,6.4
"2017",233,"NGDP_RPCH",2017-11-28,1.7
"2018",233,"NGDP_RPCH",2017-11-28,2.9
"2019",233,"NGDP_RPCH",2017-11-28,3
"2017",238,"NGDP_RPCH",2017-11-28,3.9
"2018",238,"NGDP_RPCH",2017-11-28,3.9
"2019",238,"NGDP_RPCH",2017-11-28,3.8
"2017",935,"NGDP_RPCH",2017-11-28,4.3
"2018",935,"NGDP_RPCH",2017-11-28,3.5
"2019",935,"NGDP_RPCH",2017-11-28,3.2
"2017",128,"NGDP_RPCH",2017-11-28,2.2
"2018",128,"NGDP_RPCH",2017-11-28,2
"2019",128,"NGDP_RPCH",2017-11-28,2
"2017",939,"NGDP_RPCH",2017-11-28,4.4
"2018",939,"NGDP_RPCH",2017-11-28,3.3
"2019",939,"NGDP_RPCH",2017-11-28,3
"2017",172,"NGDP_RPCH",2017-11-28,3.1
"2018",172,"NGDP_RPCH",2017-11-28,2.5
"2019",172,"NGDP_RPCH",2017-11-28,2
"2017",132,"NGDP_RPCH",2017-11-28,1.8
"2018",132,"NGDP_RPCH",2017-11-28,1.8
"2019",132,"NGDP_RPCH",2017-11-28,1.7
"2017",134,"NGDP_RPCH",2017-11-28,2.5
"2018",134,"NGDP_RPCH",2017-11-28,2.3
"2019",134,"NGDP_RPCH",2017-11-28,1.9
"2017",174,"NGDP_RPCH",2017-11-28,1.4
"2018",174,"NGDP_RPCH",2017-11-28,2.3
"2019",174,"NGDP_RPCH",2017-11-28,2
"2017",944,"NGDP_RPCH",2017-11-28,3.9
"2018",944,"NGDP_RPCH",2017-11-28,3.6
"2019",944,"NGDP_RPCH",2017-11-28,2.8
"2017",176,"NGDP_RPCH",2017-11-28,5.1
"2018",176,"NGDP_RPCH",2017-11-28,4.3
"2019",176,"NGDP_RPCH",2017-11-28,2.5
"2017",534,"NGDP_RPCH",2017-11-28,6.7
"2018",534,"NGDP_RPCH",2017-11-28,7
"2019",534,"NGDP_RPCH",2017-11-28,7.4
"2017",536,"NGDP_RPCH",2017-11-28,5
"2018",536,"NGDP_RPCH",2017-11-28,5.2
"2019",536,"NGDP_RPCH",2017-11-28,5.4
"2017",178,"NGDP_RPCH",2017-11-28,3.6
"2018",178,"NGDP_RPCH",2017-11-28,2.7
"2019",178,"NGDP_RPCH",2017-11-28,2.2
"2017",436,"NGDP_RPCH",2017-11-28,3.1
"2018",436,"NGDP_RPCH",2017-11-28,3.5
"2019",436,"NGDP_RPCH",2017-11-28,3.3
"2017",136,"NGDP_RPCH",2017-11-28,1.6
"2018",136,"NGDP_RPCH",2017-11-28,1.5
"2019",136,"NGDP_RPCH",2017-11-28,1.3
"2017",158,"NGDP_RPCH",2017-11-28,1.5
"2018",158,"NGDP_RPCH",2017-11-28,1.2
"2019",158,"NGDP_RPCH",2017-11-28,1
"2017",542,"NGDP_RPCH",2017-11-28,3.2
"2018",542,"NGDP_RPCH",2017-11-28,3
"2019",542,"NGDP_RPCH",2017-11-28,3
"2017",941,"NGDP_RPCH",2017-11-28,5.2
"2018",941,"NGDP_RPCH",2017-11-28,4.2
"2019",941,"NGDP_RPCH",2017-11-28,3.7
"2017",946,"NGDP_RPCH",2017-11-28,3.6
"2018",946,"NGDP_RPCH",2017-11-28,3
"2019",946,"NGDP_RPCH",2017-11-28,2.8
"2017",137,"NGDP_RPCH",2017-11-28,3
"2018",137,"NGDP_RPCH",2017-11-28,3.8
"2019",137,"NGDP_RPCH",2017-11-28,3.9
"2017",273,"NGDP_RPCH",2017-11-28,2.4
"2018",273,"NGDP_RPCH",2017-11-28,2.2
"2019",273,"NGDP_RPCH",2017-11-28,2.3
"2017",138,"NGDP_RPCH",2017-11-28,3.3
"2018",138,"NGDP_RPCH",2017-11-28,3.1
"2019",138,"NGDP_RPCH",2017-11-28,2.4
"2017",196,"NGDP_RPCH",2017-11-28,2.6
"2018",196,"NGDP_RPCH",2017-11-28,3.2
"2019",196,"NGDP_RPCH",2017-11-28,3
"2017",142,"NGDP_RPCH",2017-11-28,2.1
"2018",142,"NGDP_RPCH",2017-11-28,1.8
"2019",142,"NGDP_RPCH",2017-11-28,1.9
"2017",964,"NGDP_RPCH",2017-11-28,4.3
"2018",964,"NGDP_RPCH",2017-11-28,3.5
"2019",964,"NGDP_RPCH",2017-11-28,3.2
"2017",182,"NGDP_RPCH",2017-11-28,2.6
"2018",182,"NGDP_RPCH",2017-11-28,2.3
"2019",182,"NGDP_RPCH",2017-11-28,2.3
"2017",922,"NGDP_RPCH",2017-11-28,1.9
"2018",922,"NGDP_RPCH",2017-11-28,1.9
"2019",922,"NGDP_RPCH",2017-11-28,1.5
"2017",936,"NGDP_RPCH",2017-11-28,3.3
"2018",936,"NGDP_RPCH",2017-11-28,4.1
"2019",936,"NGDP_RPCH",2017-11-28,4.3
"2017",961,"NGDP_RPCH",2017-11-28,4.9
"2018",961,"NGDP_RPCH",2017-11-28,4.3
"2019",961,"NGDP_RPCH",2017-11-28,3.4
"2017",199,"NGDP_RPCH",2017-11-28,0.7
"2018",199,"NGDP_RPCH",2017-11-28,1
"2019",199,"NGDP_RPCH",2017-11-28,1.5
"2017",184,"NGDP_RPCH",2017-11-28,3.1
"2018",184,"NGDP_RPCH",2017-11-28,2.3
"2019",184,"NGDP_RPCH",2017-11-28,2.1
"2017",144,"NGDP_RPCH",2017-11-28,3.1
"2018",144,"NGDP_RPCH",2017-11-28,2.8
"2019",144,"NGDP_RPCH",2017-11-28,2.3
"2017",146,"NGDP_RPCH",2017-11-28,0.8
"2018",146,"NGDP_RPCH",2017-11-28,1.7
"2019",146,"NGDP_RPCH",2017-11-28,1.8
"2017",186,"NGDP_RPCH",2017-11-28,6.1
"2018",186,"NGDP_RPCH",2017-11-28,4.9
"2019",186,"NGDP_RPCH",2017-11-28,4.7
"2017",112,"NGDP_RPCH",2017-11-28,1.5
"2018",112,"NGDP_RPCH",2017-11-28,1.2
"2019",112,"NGDP_RPCH",2017-11-28,1.1
"2017",111,"NGDP_RPCH",2017-11-28,2.2
"2018",111,"NGDP_RPCH",2017-11-28,2.5
"2019",111,"NGDP_RPCH",2017-11-28,2.1
"2017",163,"NGDP_RPCH",2017-11-28,2.4
"2018",163,"NGDP_RPCH",2017-11-28,2.1
"2019",163,"NGDP_RPCH",2017-11-28,1.9
"2017",213,"PCPIPCH",2017-11-28,22.8
"2018",213,"PCPIPCH",2017-11-28,14.5
"2019",213,"PCPIPCH",2017-11-28,8.5
"2017",193,"PCPIPCH",2017-11-28,1.9
"2018",193,"PCPIPCH",2017-11-28,2
"2019",193,"PCPIPCH",2017-11-28,2.2
"2017",122,"PCPIPCH",2017-11-28,2.2
"2018",122,"PCPIPCH",2017-11-28,2.3
"2019",122,"PCPIPCH",2017-11-28,2.3
"2017",124,"PCPIPCH",2017-11-28,2.2
"2018",124,"PCPIPCH",2017-11-28,1.6
"2019",124,"PCPIPCH",2017-11-28,1.8
"2017",223,"PCPIPCH",2017-11-28,3.6
"2018",223,"PCPIPCH",2017-11-28,3.9
"2019",223,"PCPIPCH",2017-11-28,4.2
"2017",156,"PCPIPCH",2017-11-28,1.5
"2018",156,"PCPIPCH",2017-11-28,1.9
"2019",156,"PCPIPCH",2017-11-28,2
"2017",228,"PCPIPCH",2017-11-28,2.2
"2018",228,"PCPIPCH",2017-11-28,2.5
"2019",228,"PCPIPCH",2017-11-28,3
"2017",924,"PCPIPCH",2017-11-28,1.5
"2018",924,"PCPIPCH",2017-11-28,1.8
"2019",924,"PCPIPCH",2017-11-28,2
"2017",233,"PCPIPCH",2017-11-28,4.3
"2018",233,"PCPIPCH",2017-11-28,3.3
"2019",233,"PCPIPCH",2017-11-28,3
"2017",238,"PCPIPCH",2017-11-28,1.4
"2018",238,"PCPIPCH",2017-11-28,2.6
"2019",238,"PCPIPCH",2017-11-28,3.1
"2017",935,"PCPIPCH",2017-11-28,2.3
"2018",935,"PCPIPCH",2017-11-28,2.2
"2019",935,"PCPIPCH",2017-11-28,1.9
"2017",128,"PCPIPCH",2017-11-28,1.2
"2018",128,"PCPIPCH",2017-11-28,1.6
"2019",128,"PCPIPCH",2017-11-28,1.8
"2017",939,"PCPIPCH",2017-11-28,3.7
"2018",939,"PCPIPCH",2017-11-28,3.3
"2019",939,"PCPIPCH",2017-11-28,2.8
"2017",172,"PCPIPCH",2017-11-28,1
"2018",172,"PCPIPCH",2017-11-28,1.7
"2019",172,"PCPIPCH",2017-11-28,2
"2017",132,"PCPIPCH",2017-11-28,1.1
"2018",132,"PCPIPCH",2017-11-28,1.1
"2019",132,"PCPIPCH",2017-11-28,1.3
"2017",134,"PCPIPCH",2017-11-28,1.7
"2018",134,"PCPIPCH",2017-11-28,1.8
"2019",134,"PCPIPCH",2017-11-28,2
"2017",174,"PCPIPCH",2017-11-28,1.2
"2018",174,"PCPIPCH",2017-11-28,1
"2019",174,"PCPIPCH",2017-11-28,1.2
"2017",944,"PCPIPCH",2017-11-28,2.3
"2018",944,"PCPIPCH",2017-11-28,2.7
"2019",944,"PCPIPCH",2017-11-28,3.4
"2017",176,"PCPIPCH",2017-11-28,1.7
"2018",176,"PCPIPCH",2017-11-28,2.8
"2019",176,"PCPIPCH",2017-11-28,3.3
"2017",534,"PCPIPCH",2017-11-28,3.2
"2018",534,"PCPIPCH",2017-11-28,4.6
"2019",534,"PCPIPCH",2017-11-28,4.2
"2017",536,"PCPIPCH",2017-11-28,3.9
"2018",536,"PCPIPCH",2017-11-28,3.8
"2019",536,"PCPIPCH",2017-11-28,3.8
"2017",178,"PCPIPCH",2017-11-28,0.3
"2018",178,"PCPIPCH",2017-11-28,1.5
"2019",178,"PCPIPCH",2017-11-28,2.1
"2017",436,"PCPIPCH",2017-11-28,0.2
"2018",436,"PCPIPCH",2017-11-28,0.9
"2019",436,"PCPIPCH",2017-11-28,1.6
"2017",136,"PCPIPCH",2017-11-28,1.4
"2018",136,"PCPIPCH",2017-11-28,1.2
"2019",136,"PCPIPCH",2017-11-28,1.4
"2017",158,"PCPIPCH",2017-11-28,0.4
"2018",158,"PCPIPCH",2017-11-28,1
"2019",158,"PCPIPCH",2017-11-28,1.7
"2017",542,"PCPIPCH",2017-11-28,2.1
"2018",542,"PCPIPCH",2017-11-28,2.1
"2019",542,"PCPIPCH",2017-11-28,2.1
"2017",941,"PCPIPCH",2017-11-28,2.8
"2018",941,"PCPIPCH",2017-11-28,2.9
"2019",941,"PCPIPCH",2017-11-28,3
"2017",946,"PCPIPCH",2017-11-28,3.8
"2018",946,"PCPIPCH",2017-11-28,2.9
"2019",946,"PCPIPCH",2017-11-28,3
"2017",137,"PCPIPCH",2017-11-28,2.1
"2018",137,"PCPIPCH",2017-11-28,2.1
"2019",137,"PCPIPCH",2017-11-28,2.2
"2017",273,"PCPIPCH",2017-11-28,6.2
"2018",273,"PCPIPCH",2017-11-28,4
"2019",273,"PCPIPCH",2017-11-28,3.2
"2017",138,"PCPIPCH",2017-11-28,1.3
"2018",138,"PCPIPCH",2017-11-28,1.7
"2019",138,"PCPIPCH",2017-11-28,2
"2017",196,"PCPIPCH",2017-11-28,1.9
"2018",196,"PCPIPCH",2017-11-28,1.9
"2019",196,"PCPIPCH",2017-11-28,2.3
"2017",142,"PCPIPCH",2017-11-28,1.9
"2018",142,"PCPIPCH",2017-11-28,1.6
"2019",142,"PCPIPCH",2017-11-28,1.9
"2017",964,"PCPIPCH",2017-11-28,1.9
"2018",964,"PCPIPCH",2017-11-28,2
"2019",964,"PCPIPCH",2017-11-28,2.7
"2017",182,"PCPIPCH",2017-11-28,1.5
"2018",182,"PCPIPCH",2017-11-28,1.1
"2019",182,"PCPIPCH",2017-11-28,1.4
"2017",922,"PCPIPCH",2017-11-28,3.7
"2018",922,"PCPIPCH",2017-11-28,3.8
"2019",922,"PCPIPCH",2017-11-28,4
"2017",936,"PCPIPCH",2017-11-28,1.3
"2018",936,"PCPIPCH",2017-11-28,1.9
"2019",936,"PCPIPCH",2017-11-28,2.2
"2017",961,"PCPIPCH",2017-11-28,1.5
"2018",961,"PCPIPCH",2017-11-28,1.6
"2019",961,"PCPIPCH",2017-11-28,2.5
"2017",199,"PCPIPCH",2017-11-28,5.3
"2018",199,"PCPIPCH",2017-11-28,4.9
"2019",199,"PCPIPCH",2017-11-28,5.4
"2017",184,"PCPIPCH",2017-11-28,2
"2018",184,"PCPIPCH",2017-11-28,1.3
"2019",184,"PCPIPCH",2017-11-28,1.6
"2017",144,"PCPIPCH",2017-11-28,1.9
"2018",144,"PCPIPCH",2017-11-28,2.1
"2019",144,"PCPIPCH",2017-11-28,2.3
"2017",146,"PCPIPCH",2017-11-28,0.6
"2018",146,"PCPIPCH",2017-11-28,0.6
"2019",146,"PCPIPCH",2017-11-28,0.6
"2017",186,"PCPIPCH",2017-11-28,10.7
"2018",186,"PCPIPCH",2017-11-28,9.9
"2019",186,"PCPIPCH",2017-11-28,8.9
"2017",112,"PCPIPCH",2017-11-28,2.7
"2018",112,"PCPIPCH",2017-11-28,2.6
"2019",112,"PCPIPCH",2017-11-28,2.2
"2017",111,"PCPIPCH",2017-11-28,2
"2018",111,"PCPIPCH",2017-11-28,2
"2019",111,"PCPIPCH",2017-11-28,2.1
"2017",163,"PCPIPCH",2017-11-28,1.5
"2018",163,"PCPIPCH",2017-11-28,1.5
"2019",163,"PCPIPCH",2017-11-28,1.7
"2018",213,"NGDP_RPCH",2018-03-13,3.2
"2019",213,"NGDP_RPCH",2018-03-13,3.2
"2018",193,"NGDP_RPCH",2018-03-13,3
"2019",193,"NGDP_RPCH",2018-03-13,3
"2018",223,"NGDP_RPCH",2018-03-13,2.2
"2019",223,"NGDP_RPCH",2018-03-13,2.4
"2018",156,"NGDP_RPCH",2018-03-13,2.2
"2019",156,"NGDP_RPCH",2018-03-13,2
"2018",924,"NGDP_RPCH",2018-03-13,6.7
"2019",924,"NGDP_RPCH",2018-03-13,6.4
"2018",132,"NGDP_RPCH",2018-03-13,2.2
"2019",132,"NGDP_RPCH",2018-03-13,1.9
"2018",134,"NGDP_RPCH",2018-03-13,2.4
"2019",134,"NGDP_RPCH",2018-03-13,2.2
"2018",534,"NGDP_RPCH",2018-03-13,7.2
"2019",534,"NGDP_RPCH",2018-03-13,7.5
"2018",536,"NGDP_RPCH",2018-03-13,5.3
"2019",536,"NGDP_RPCH",2018-03-13,5.4
"2018",136,"NGDP_RPCH",2018-03-13,1.5
"2019",136,"NGDP_RPCH",2018-03-13,1.3
"2018",158,"NGDP_RPCH",2018-03-13,1.5
"2019",158,"NGDP_RPCH",2018-03-13,1.1
"2018",542,"NGDP_RPCH",2018-03-13,3
"2019",542,"NGDP_RPCH",2018-03-13,3
"2018",273,"NGDP_RPCH",2018-03-13,2.5
"2019",273,"NGDP_RPCH",2018-03-13,2.8
"2018",922,"NGDP_RPCH",2018-03-13,1.8
"2019",922,"NGDP_RPCH",2018-03-13,1.5
"2018",456,"NGDP_RPCH",2018-03-13,1.6
"2019",456,"NGDP_RPCH",2018-03-13,1.7
"2018",199,"NGDP_RPCH",2018-03-13,1.9
"2019",199,"NGDP_RPCH",2018-03-13,2.1
"2018",186,"NGDP_RPCH",2018-03-13,5.3
"2019",186,"NGDP_RPCH",2018-03-13,5.1
"2018",112,"NGDP_RPCH",2018-03-13,1.3
"2019",112,"NGDP_RPCH",2018-03-13,1.1
"2018",111,"NGDP_RPCH",2018-03-13,2.9
"2019",111,"NGDP_RPCH",2018-03-13,2.8
"2018",163,"NGDP_RPCH",2018-03-13,2.3
"2019",163,"NGDP_RPCH",2018-03-13,2.1
"2018",1,"NGDP_RPCH",2018-03-13,3.9
"2019",1,"NGDP_RPCH",2018-03-13,3.9
"2018",193,"LUR",2018-05-30,5.4
"2019",193,"LUR",2018-05-30,5.3
"2018",122,"LUR",2018-05-30,5.1
"2019",122,"LUR",2018-05-30,4.9
"2018",124,"LUR",2018-05-30,6.4
"2019",124,"LUR",2018-05-30,6.1
"2018",156,"LUR",2018-05-30,5.7
"2019",156,"LUR",2018-05-30,5.5
"2018",228,"LUR",2018-05-30,6.6
"2019",228,"LUR",2018-05-30,6.2
"2018",935,"LUR",2018-05-30,2.3
"2019",935,"LUR",2018-05-30,2.2
"2018",128,"LUR",2018-05-30,5.3
"2019",128,"LUR",2018-05-30,5.2
"2018",939,"LUR",2018-05-30,5.6
"2019",939,"LUR",2018-05-30,5.9
"2018",172,"LUR",2018-05-30,8
"2019",172,"LUR",2018-05-30,7.7
"2018",132,"LUR",2018-05-30,8.7
"2019",132,"LUR",2018-05-30,8.3
"2018",134,"LUR",2018-05-30,3.4
"2019",134,"LUR",2018-05-30,3.3
"2018",174,"LUR",2018-05-30,20.4
"2019",174,"LUR",2018-05-30,19.4
"2018",944,"LUR",2018-05-30,3.6
"2019",944,"LUR",2018-05-30,3.4
"2018",176,"LUR",2018-05-30,2.8
"2019",176,"LUR",2018-05-30,2.8
"2018",178,"LUR",2018-05-30,5.8
"2019",178,"LUR",2018-05-30,5.3
"2018",436,"LUR",2018-05-30,3.6
"2019",436,"LUR",2018-05-30,3.6
"2018",136,"LUR",2018-05-30,11
"2019",136,"LUR",2018-05-30,10.8
"2018",158,"LUR",2018-05-30,2.5
"2019",158,"LUR",2018-05-30,2.5
"2018",542,"LUR",2018-05-30,3.8
"2019",542,"LUR",2018-05-30,3.7
"2018",941,"LUR",2018-05-30,7.9
"2019",941,"LUR",2018-05-30,7.7
"2018",137,"LUR",2018-05-30,5.6
"2019",137,"LUR",2018-05-30,5.4
"2018",273,"LUR",2018-05-30,3.5
"2019",273,"LUR",2018-05-30,3.5
"2018",138,"LUR",2018-05-30,3.9
"2019",138,"LUR",2018-05-30,3.5
"2018",196,"LUR",2018-05-30,4.3
"2019",196,"LUR",2018-05-30,4.2
"2018",142,"LUR",2018-05-30,3.7
"2019",142,"LUR",2018-05-30,3.6
"2018",964,"LUR",2018-05-30,4.2
"2019",964,"LUR",2018-05-30,3.9
"2018",182,"LUR",2018-05-30,7.5
"2019",182,"LUR",2018-05-30,6.6
"2018",936,"LUR",2018-05-30,7.1
"2019",936,"LUR",2018-05-30,6.3
"2018",961,"LUR",2018-05-30,5.3
"2019",961,"LUR",2018-05-30,4.8
"2018",184,"LUR",2018-05-30,15.5
"2019",184,"LUR",2018-05-30,13.8
"2018",144,"LUR",2018-05-30,6.1
"2019",144,"LUR",2018-05-30,5.9
"2018",146,"LUR",2018-05-30,4.6
"2019",146,"LUR",2018-05-30,4.5
"2018",186,"LUR",2018-05-30,10.5
"2019",186,"LUR",2018-05-30,10.3
"2018",112,"LUR",2018-05-30,4.5
"2019",112,"LUR",2018-05-30,4.6
"2018",111,"LUR",2018-05-30,3.9
"2019",111,"LUR",2018-05-30,3.6
"2018",163,"LUR",2018-05-30,8.3
"2019",163,"LUR",2018-05-30,7.8
"2018",213,"NGDP_RPCH",2018-05-30,2
"2019",213,"NGDP_RPCH",2018-05-30,2.6
"2018",193,"NGDP_RPCH",2018-05-30,2.9
"2019",193,"NGDP_RPCH",2018-05-30,3
"2018",122,"NGDP_RPCH",2018-05-30,2.7
"2019",122,"NGDP_RPCH",2018-05-30,2
"2018",124,"NGDP_RPCH",2018-05-30,1.7
"2019",124,"NGDP_RPCH",2018-05-30,1.7
"2018",223,"NGDP_RPCH",2018-05-30,2
"2019",223,"NGDP_RPCH",2018-05-30,2.8
"2018",156,"NGDP_RPCH",2018-05-30,2.1
"2019",156,"NGDP_RPCH",2018-05-30,2.2
"2018",228,"NGDP_RPCH",2018-05-30,3.6
"2019",228,"NGDP_RPCH",2018-05-30,3.6
"2018",924,"NGDP_RPCH",2018-05-30,6.7
"2019",924,"NGDP_RPCH",2018-05-30,6.4
"2018",233,"NGDP_RPCH",2018-05-30,2.7
"2019",233,"NGDP_RPCH",2018-05-30,3.2
"2018",238,"NGDP_RPCH",2018-05-30,3.7
"2019",238,"NGDP_RPCH",2018-05-30,3.7
"2018",935,"NGDP_RPCH",2018-05-30,3.8
"2019",935,"NGDP_RPCH",2018-05-30,3.2
"2018",128,"NGDP_RPCH",2018-05-30,1.7
"2019",128,"NGDP_RPCH",2018-05-30,1.9
"2018",939,"NGDP_RPCH",2018-05-30,3.7
"2019",939,"NGDP_RPCH",2018-05-30,3.2
"2018",172,"NGDP_RPCH",2018-05-30,2.9
"2019",172,"NGDP_RPCH",2018-05-30,2.5
"2018",132,"NGDP_RPCH",2018-05-30,1.9
"2019",132,"NGDP_RPCH",2018-05-30,1.9
"2018",134,"NGDP_RPCH",2018-05-30,2.1
"2019",134,"NGDP_RPCH",2018-05-30,2.1
"2018",174,"NGDP_RPCH",2018-05-30,2
"2019",174,"NGDP_RPCH",2018-05-30,2.3
"2018",944,"NGDP_RPCH",2018-05-30,4.4
"2019",944,"NGDP_RPCH",2018-05-30,3.6
"2018",176,"NGDP_RPCH",2018-05-30,2.8
"2019",176,"NGDP_RPCH",2018-05-30,2.6
"2018",534,"NGDP_RPCH",2018-05-30,7.4
"2019",534,"NGDP_RPCH",2018-05-30,7.5
"2018",536,"NGDP_RPCH",2018-05-30,5.3
"2019",536,"NGDP_RPCH",2018-05-30,5.4
"2018",178,"NGDP_RPCH",2018-05-30,4
"2019",178,"NGDP_RPCH",2018-05-30,2.9
"2018",436,"NGDP_RPCH",2018-05-30,3.7
"2019",436,"NGDP_RPCH",2018-05-30,3.6
"2018",136,"NGDP_RPCH",2018-05-30,1.4
"2019",136,"NGDP_RPCH",2018-05-30,1.1
"2018",158,"NGDP_RPCH",2018-05-30,1.2
"2019",158,"NGDP_RPCH",2018-05-30,1.2
"2018",542,"NGDP_RPCH",2018-05-30,3
"2019",542,"NGDP_RPCH",2018-05-30,3
"2018",941,"NGDP_RPCH",2018-05-30,4.1
"2019",941,"NGDP_RPCH",2018-05-30,3.6
"2018",946,"NGDP_RPCH",2018-05-30,3.3
"2019",946,"NGDP_RPCH",2018-05-30,2.9
"2018",137,"NGDP_RPCH",2018-05-30,3.6
"2019",137,"NGDP_RPCH",2018-05-30,3.8
"2018",273,"NGDP_RPCH",2018-05-30,2.5
"2019",273,"NGDP_RPCH",2018-05-30,2.8
"2018",138,"NGDP_RPCH",2018-05-30,3.3
"2019",138,"NGDP_RPCH",2018-05-30,2.9
"2018",196,"NGDP_RPCH",2018-05-30,3
"2019",196,"NGDP_RPCH",2018-05-30,3
"2018",142,"NGDP_RPCH",2018-05-30,1.8
"2019",142,"NGDP_RPCH",2018-05-30,1.6
"2018",964,"NGDP_RPCH",2018-05-30,4.6
"2019",964,"NGDP_RPCH",2018-05-30,3.8
"2018",182,"NGDP_RPCH",2018-05-30,2.2
"2019",182,"NGDP_RPCH",2018-05-30,2.2
"2018",922,"NGDP_RPCH",2018-05-30,1.8
"2019",922,"NGDP_RPCH",2018-05-30,1.5
"2018",936,"NGDP_RPCH",2018-05-30,4
"2019",936,"NGDP_RPCH",2018-05-30,4.5
"2018",961,"NGDP_RPCH",2018-05-30,5
"2019",961,"NGDP_RPCH",2018-05-30,3.9
"2018",199,"NGDP_RPCH",2018-05-30,1.9
"2019",199,"NGDP_RPCH",2018-05-30,2.2
"2018",184,"NGDP_RPCH",2018-05-30,2.8
"2019",184,"NGDP_RPCH",2018-05-30,2.4
"2018",144,"NGDP_RPCH",2018-05-30,2.8
"2019",144,"NGDP_RPCH",2018-05-30,2.2
"2018",146,"NGDP_RPCH",2018-05-30,2.3
"2019",146,"NGDP_RPCH",2018-05-30,1.9
"2018",186,"NGDP_RPCH",2018-05-30,5.1
"2019",186,"NGDP_RPCH",2018-05-30,5
"2018",112,"NGDP_RPCH",2018-05-30,1.4
"2019",112,"NGDP_RPCH",2018-05-30,1.3
"2018",111,"NGDP_RPCH",2018-05-30,2.9
"2019",111,"NGDP_RPCH",2018-05-30,2.8
"2018",163,"NGDP_RPCH",2018-05-30,2.2
"2019",163,"NGDP_RPCH",2018-05-30,2.1
"2018",213,"PCPIPCH",2018-05-30,24.3
"2019",213,"PCPIPCH",2018-05-30,17.5
"2018",193,"PCPIPCH",2018-05-30,2.1
"2019",193,"PCPIPCH",2018-05-30,2.3
"2018",122,"PCPIPCH",2018-05-30,2.1
"2019",122,"PCPIPCH",2018-05-30,2.3
"2018",124,"PCPIPCH",2018-05-30,1.8
"2019",124,"PCPIPCH",2018-05-30,1.8
"2018",223,"PCPIPCH",2018-05-30,3.4
"2019",223,"PCPIPCH",2018-05-30,4
"2018",156,"PCPIPCH",2018-05-30,2.3
"2019",156,"PCPIPCH",2018-05-30,2.2
"2018",228,"PCPIPCH",2018-05-30,2.2
"2019",228,"PCPIPCH",2018-05-30,2.7
"2018",924,"PCPIPCH",2018-05-30,1.9
"2019",924,"PCPIPCH",2018-05-30,2
"2018",233,"PCPIPCH",2018-05-30,3.1
"2019",233,"PCPIPCH",2018-05-30,3
"2018",238,"PCPIPCH",2018-05-30,2.9
"2019",238,"PCPIPCH",2018-05-30,3
"2018",935,"PCPIPCH",2018-05-30,2
"2019",935,"PCPIPCH",2018-05-30,2.1
"2018",128,"PCPIPCH",2018-05-30,0.6
"2019",128,"PCPIPCH",2018-05-30,1.5
"2018",939,"PCPIPCH",2018-05-30,2.8
"2019",939,"PCPIPCH",2018-05-30,2.5
"2018",172,"PCPIPCH",2018-05-30,1.2
"2019",172,"PCPIPCH",2018-05-30,2.1
"2018",132,"PCPIPCH",2018-05-30,1.9
"2019",132,"PCPIPCH",2018-05-30,1.5
"2018",134,"PCPIPCH",2018-05-30,1.7
"2019",134,"PCPIPCH",2018-05-30,2
"2018",174,"PCPIPCH",2018-05-30,0.6
"2019",174,"PCPIPCH",2018-05-30,1.1
"2018",944,"PCPIPCH",2018-05-30,2.6
"2019",944,"PCPIPCH",2018-05-30,3.4
"2018",176,"PCPIPCH",2018-05-30,3.7
"2019",176,"PCPIPCH",2018-05-30,3.1
"2018",534,"PCPIPCH",2018-05-30,4.7
"2019",534,"PCPIPCH",2018-05-30,4.4
"2018",536,"PCPIPCH",2018-05-30,3.6
"2019",536,"PCPIPCH",2018-05-30,3.7
"2018",178,"PCPIPCH",2018-05-30,1.2
"2019",178,"PCPIPCH",2018-05-30,2.1
"2018",436,"PCPIPCH",2018-05-30,0.9
"2019",436,"PCPIPCH",2018-05-30,1.6
"2018",136,"PCPIPCH",2018-05-30,1.2
"2019",136,"PCPIPCH",2018-05-30,1.7
"2018",158,"PCPIPCH",2018-05-30,1.2
"2019",158,"PCPIPCH",2018-05-30,1.5
"2018",542,"PCPIPCH",2018-05-30,1.6
"2019",542,"PCPIPCH",2018-05-30,2
"2018",941,"PCPIPCH",2018-05-30,2.6
"2019",941,"PCPIPCH",2018-05-30,2.6
"2018",946,"PCPIPCH",2018-05-30,2.8
"2019",946,"PCPIPCH",2018-05-30,2.6
"2018",137,"PCPIPCH",2018-05-30,1.8
"2019",137,"PCPIPCH",2018-05-30,1.9
"2018",273,"PCPIPCH",2018-05-30,4.4
"2019",273,"PCPIPCH",2018-05-30,3.4
"2018",138,"PCPIPCH",2018-05-30,1.6
"2019",138,"PCPIPCH",2018-05-30,2.4
"2018",196,"PCPIPCH",2018-05-30,1.7
"2019",196,"PCPIPCH",2018-05-30,2.1
"2018",142,"PCPIPCH",2018-05-30,1.9
"2019",142,"PCPIPCH",2018-05-30,1.9
"2018",964,"PCPIPCH",2018-05-30,2.2
"2019",964,"PCPIPCH",2018-05-30,2.7
"2018",182,"PCPIPCH",2018-05-30,1.1
"2019",182,"PCPIPCH",2018-05-30,1.7
"2018",922,"PCPIPCH",2018-05-30,2.9
"2019",922,"PCPIPCH",2018-05-30,4
"2018",936,"PCPIPCH",2018-05-30,2.5
"2019",936,"PCPIPCH",2018-05-30,2.4
"2018",961,"PCPIPCH",2018-05-30,2.3
"2019",961,"PCPIPCH",2018-05-30,2.7
"2018",199,"PCPIPCH",2018-05-30,4.5
"2019",199,"PCPIPCH",2018-05-30,5.2
"2018",184,"PCPIPCH",2018-05-30,1.6
"2019",184,"PCPIPCH",2018-05-30,1.5
"2018",144,"PCPIPCH",2018-05-30,1.6
"2019",144,"PCPIPCH",2018-05-30,2.2
"2018",146,"PCPIPCH",2018-05-30,0.9
"2019",146,"PCPIPCH",2018-05-30,0.9
"2018",186,"PCPIPCH",2018-05-30,11.5
"2019",186,"PCPIPCH",2018-05-30,10.3
"2018",112,"PCPIPCH",2018-05-30,2.6
"2019",112,"PCPIPCH",2018-05-30,2.2
"2018",111,"PCPIPCH",2018-05-30,2.7
"2019",111,"PCPIPCH",2018-05-30,2.3
"2018",163,"PCPIPCH",2018-05-30,1.6
"2019",163,"PCPIPCH",2018-05-30,1.8
"2018",213,"NGDP_RPCH",2018-09-20,-1.9
"2019",213,"NGDP_RPCH",2018-09-20,0.1
"2018",193,"NGDP_RPCH",2018-09-20,2.9
"2019",193,"NGDP_RPCH",2018-09-20,3
"2018",223,"NGDP_RPCH",2018-09-20,1.2
"2019",223,"NGDP_RPCH",2018-09-20,2.5
"2018",156,"NGDP_RPCH",2018-09-20,2.1
"2019",156,"NGDP_RPCH",2018-09-20,2
"2018",924,"NGDP_RPCH",2018-09-20,6.7
"2019",924,"NGDP_RPCH",2018-09-20,6.4
"2018",132,"NGDP_RPCH",2018-09-20,1.6
"2019",132,"NGDP_RPCH",2018-09-20,1.8
"2018",134,"NGDP_RPCH",2018-09-20,1.9
"2019",134,"NGDP_RPCH",2018-09-20,1.8
"2018",534,"NGDP_RPCH",2018-09-20,7.6
"2019",534,"NGDP_RPCH",2018-09-20,7.4
"2018",536,"NGDP_RPCH",2018-09-20,5.2
"2019",536,"NGDP_RPCH",2018-09-20,5.3
"2018",136,"NGDP_RPCH",2018-09-20,1.2
"2019",136,"NGDP_RPCH",2018-09-20,1.1
"2018",158,"NGDP_RPCH",2018-09-20,1.2
"2019",158,"NGDP_RPCH",2018-09-20,1.2
"2018",542,"NGDP_RPCH",2018-09-20,2.7
"2019",542,"NGDP_RPCH",2018-09-20,2.8
"2018",273,"NGDP_RPCH",2018-09-20,2.2
"2019",273,"NGDP_RPCH",2018-09-20,2.5
"2018",922,"NGDP_RPCH",2018-09-20,1.8
"2019",922,"NGDP_RPCH",2018-09-20,1.5
"2018",456,"NGDP_RPCH",2018-09-20,1.7
"2019",456,"NGDP_RPCH",2018-09-20,2.6
"2018",199,"NGDP_RPCH",2018-09-20,0.9
"2019",199,"NGDP_RPCH",2018-09-20,1.8
"2018",186,"NGDP_RPCH",2018-09-20,3.2
"2019",186,"NGDP_RPCH",2018-09-20,0.5
"2018",112,"NGDP_RPCH",2018-09-20,1.3
"2019",112,"NGDP_RPCH",2018-09-20,1.2
"2018",111,"NGDP_RPCH",2018-09-20,2.9
"2019",111,"NGDP_RPCH",2018-09-20,2.7
"2018",163,"NGDP_RPCH",2018-09-20,2
"2019",163,"NGDP_RPCH",2018-09-20,1.9
"2018",1,"NGDP_RPCH",2018-09-20,3.7
"2019",1,"NGDP_RPCH",2018-09-20,3.7
"2018",193,"LUR",2018-11-21,5.4
"2019",193,"LUR",2018-11-21,5.3
"2020",193,"LUR",2018-11-21,5.1
"2018",122,"LUR",2018-11-21,4.8
"2019",122,"LUR",2018-11-21,4.5
"2020",122,"LUR",2018-11-21,4.5
"2018",124,"LUR",2018-11-21,6.2
"2019",124,"LUR",2018-11-21,6
"2020",124,"LUR",2018-11-21,5.9
"2018",156,"LUR",2018-11-21,5.9
"2019",156,"LUR",2018-11-21,5.8
"2020",156,"LUR",2018-11-21,5.8
"2018",228,"LUR",2018-11-21,6.8
"2019",228,"LUR",2018-11-21,6.4
"2020",228,"LUR",2018-11-21,6.1
"2018",935,"LUR",2018-11-21,2.3
"2019",935,"LUR",2018-11-21,2.2
"2020",935,"LUR",2018-11-21,2.1
"2018",128,"LUR",2018-11-21,5.2
"2019",128,"LUR",2018-11-21,5.1
"2020",128,"LUR",2018-11-21,4.9
"2018",939,"LUR",2018-11-21,5.8
"2019",939,"LUR",2018-11-21,5.8
"2020",939,"LUR",2018-11-21,6
"2018",172,"LUR",2018-11-21,7.4
"2019",172,"LUR",2018-11-21,6.9
"2020",172,"LUR",2018-11-21,6.5
"2018",132,"LUR",2018-11-21,9
"2019",132,"LUR",2018-11-21,8.8
"2020",132,"LUR",2018-11-21,8.6
"2018",134,"LUR",2018-11-21,3.4
"2019",134,"LUR",2018-11-21,3
"2020",134,"LUR",2018-11-21,2.7
"2018",174,"LUR",2018-11-21,19.5
"2019",174,"LUR",2018-11-21,18.1
"2020",174,"LUR",2018-11-21,17
"2018",944,"LUR",2018-11-21,3.6
"2019",944,"LUR",2018-11-21,3.2
"2020",944,"LUR",2018-11-21,3.1
"2018",176,"LUR",2018-11-21,2.7
"2019",176,"LUR",2018-11-21,2.7
"2020",176,"LUR",2018-11-21,2.9
"2018",178,"LUR",2018-11-21,5.6
"2019",178,"LUR",2018-11-21,5.2
"2020",178,"LUR",2018-11-21,5.1
"2018",436,"LUR",2018-11-21,4
"2019",436,"LUR",2018-11-21,4.1
"2020",436,"LUR",2018-11-21,4.1
"2018",136,"LUR",2018-11-21,10.4
"2019",136,"LUR",2018-11-21,9.7
"2020",136,"LUR",2018-11-21,9.6
"2018",158,"LUR",2018-11-21,2.4
"2019",158,"LUR",2018-11-21,2.4
"2020",158,"LUR",2018-11-21,2.4
"2018",542,"LUR",2018-11-21,3.9
"2019",542,"LUR",2018-11-21,4
"2020",542,"LUR",2018-11-21,4
"2018",941,"LUR",2018-11-21,7.5
"2019",941,"LUR",2018-11-21,7.2
"2020",941,"LUR",2018-11-21,7
"2018",946,"LUR",2018-11-21,6.2
"2019",946,"LUR",2018-11-21,5.9
"2020",946,"LUR",2018-11-21,5.8
"2018",137,"LUR",2018-11-21,5.5
"2019",137,"LUR",2018-11-21,5.2
"2020",137,"LUR",2018-11-21,5
"2018",273,"LUR",2018-11-21,3.3
"2019",273,"LUR",2018-11-21,3.3
"2020",273,"LUR",2018-11-21,3.2
"2018",138,"LUR",2018-11-21,3.9
"2019",138,"LUR",2018-11-21,3.7
"2020",138,"LUR",2018-11-21,3.7
"2018",196,"LUR",2018-11-21,4.2
"2019",196,"LUR",2018-11-21,4.1
"2020",196,"LUR",2018-11-21,4.2
"2018",142,"LUR",2018-11-21,3.7
"2019",142,"LUR",2018-11-21,3.5
"2020",142,"LUR",2018-11-21,3.3
"2018",964,"LUR",2018-11-21,3.7
"2019",964,"LUR",2018-11-21,3.2
"2020",964,"LUR",2018-11-21,3
"2018",182,"LUR",2018-11-21,7.1
"2019",182,"LUR",2018-11-21,6.4
"2020",182,"LUR",2018-11-21,5.7
"2018",936,"LUR",2018-11-21,6.7
"2019",936,"LUR",2018-11-21,6.1
"2020",936,"LUR",2018-11-21,5.5
"2018",961,"LUR",2018-11-21,5.3
"2019",961,"LUR",2018-11-21,4.6
"2020",961,"LUR",2018-11-21,4.3
"2018",184,"LUR",2018-11-21,15.3
"2019",184,"LUR",2018-11-21,13.8
"2020",184,"LUR",2018-11-21,12.5
"2018",144,"LUR",2018-11-21,6.2
"2019",144,"LUR",2018-11-21,6.1
"2020",144,"LUR",2018-11-21,6.1
"2018",146,"LUR",2018-11-21,4.8
"2019",146,"LUR",2018-11-21,4.6
"2020",146,"LUR",2018-11-21,4.4
"2018",186,"LUR",2018-11-21,10.8
"2019",186,"LUR",2018-11-21,12.7
"2020",186,"LUR",2018-11-21,12.8
"2018",112,"LUR",2018-11-21,4.1
"2019",112,"LUR",2018-11-21,4
"2020",112,"LUR",2018-11-21,4.1
"2018",111,"LUR",2018-11-21,3.9
"2019",111,"LUR",2018-11-21,3.5
"2020",111,"LUR",2018-11-21,3.5
"2018",163,"LUR",2018-11-21,8.2
"2019",163,"LUR",2018-11-21,7.6
"2020",163,"LUR",2018-11-21,7.2
"2018",213,"NGDP_RPCH",2018-11-21,-2.8
"2019",213,"NGDP_RPCH",2018-11-21,-1.9
"2020",213,"NGDP_RPCH",2018-11-21,2.3
"2018",193,"NGDP_RPCH",2018-11-21,3.1
"2019",193,"NGDP_RPCH",2018-11-21,2.9
"2020",193,"NGDP_RPCH",2018-11-21,2.6
"2018",122,"NGDP_RPCH",2018-11-21,2.6
"2019",122,"NGDP_RPCH",2018-11-21,1.9
"2020",122,"NGDP_RPCH",2018-11-21,1.9
"2018",124,"NGDP_RPCH",2018-11-21,1.5
"2019",124,"NGDP_RPCH",2018-11-21,1.4
"2020",124,"NGDP_RPCH",2018-11-21,1.4
"2018",223,"NGDP_RPCH",2018-11-21,1.2
"2019",223,"NGDP_RPCH",2018-11-21,2.1
"2020",223,"NGDP_RPCH",2018-11-21,2.4
"2018",156,"NGDP_RPCH",2018-11-21,2.1
"2019",156,"NGDP_RPCH",2018-11-21,2.2
"2020",156,"NGDP_RPCH",2018-11-21,1.9
"2018",228,"NGDP_RPCH",2018-11-21,4.1
"2019",228,"NGDP_RPCH",2018-11-21,3.7
"2020",228,"NGDP_RPCH",2018-11-21,3.4
"2018",924,"NGDP_RPCH",2018-11-21,6.6
"2019",924,"NGDP_RPCH",2018-11-21,6.3
"2020",924,"NGDP_RPCH",2018-11-21,6
"2018",233,"NGDP_RPCH",2018-11-21,2.8
"2019",233,"NGDP_RPCH",2018-11-21,3.3
"2020",233,"NGDP_RPCH",2018-11-21,3.4
"2018",238,"NGDP_RPCH",2018-11-21,2.9
"2019",238,"NGDP_RPCH",2018-11-21,3
"2020",238,"NGDP_RPCH",2018-11-21,3.3
"2018",935,"NGDP_RPCH",2018-11-21,3
"2019",935,"NGDP_RPCH",2018-11-21,2.7
"2020",935,"NGDP_RPCH",2018-11-21,2.6
"2018",128,"NGDP_RPCH",2018-11-21,1.2
"2019",128,"NGDP_RPCH",2018-11-21,1.9
"2020",128,"NGDP_RPCH",2018-11-21,1.6
"2018",939,"NGDP_RPCH",2018-11-21,3.3
"2019",939,"NGDP_RPCH",2018-11-21,3.5
"2020",939,"NGDP_RPCH",2018-11-21,2.3
"2018",172,"NGDP_RPCH",2018-11-21,2.8
"2019",172,"NGDP_RPCH",2018-11-21,1.8
"2020",172,"NGDP_RPCH",2018-11-21,1.6
"2018",132,"NGDP_RPCH",2018-11-21,1.6
"2019",132,"NGDP_RPCH",2018-11-21,1.6
"2020",132,"NGDP_RPCH",2018-11-21,1.5
"2018",134,"NGDP_RPCH",2018-11-21,1.6
"2019",134,"NGDP_RPCH",2018-11-21,1.6
"2020",134,"NGDP_RPCH",2018-11-21,1.4
"2018",174,"NGDP_RPCH",2018-11-21,2.1
"2019",174,"NGDP_RPCH",2018-11-21,2.2
"2020",174,"NGDP_RPCH",2018-11-21,2.1
"2018",944,"NGDP_RPCH",2018-11-21,4.6
"2019",944,"NGDP_RPCH",2018-11-21,3.9
"2020",944,"NGDP_RPCH",2018-11-21,3.3
"2018",176,"NGDP_RPCH",2018-11-21,3.8
"2019",176,"NGDP_RPCH",2018-11-21,2.8
"2020",176,"NGDP_RPCH",2018-11-21,2.6
"2018",534,"NGDP_RPCH",2018-11-21,7.5
"2019",534,"NGDP_RPCH",2018-11-21,7.3
"2020",534,"NGDP_RPCH",2018-11-21,7.4
"2018",536,"NGDP_RPCH",2018-11-21,5.2
"2019",536,"NGDP_RPCH",2018-11-21,5.2
"2020",536,"NGDP_RPCH",2018-11-21,5.1
"2018",178,"NGDP_RPCH",2018-11-21,5.9
"2019",178,"NGDP_RPCH",2018-11-21,4.1
"2020",178,"NGDP_RPCH",2018-11-21,3.4
"2018",436,"NGDP_RPCH",2018-11-21,3.6
"2019",436,"NGDP_RPCH",2018-11-21,3.5
"2020",436,"NGDP_RPCH",2018-11-21,3.3
"2018",136,"NGDP_RPCH",2018-11-21,1
"2019",136,"NGDP_RPCH",2018-11-21,0.9
"2020",136,"NGDP_RPCH",2018-11-21,0.9
"2018",158,"NGDP_RPCH",2018-11-21,0.9
"2019",158,"NGDP_RPCH",2018-11-21,1
"2020",158,"NGDP_RPCH",2018-11-21,0.7
"2018",542,"NGDP_RPCH",2018-11-21,2.7
"2019",542,"NGDP_RPCH",2018-11-21,2.8
"2020",542,"NGDP_RPCH",2018-11-21,2.9
"2018",941,"NGDP_RPCH",2018-11-21,4.7
"2019",941,"NGDP_RPCH",2018-11-21,3.9
"2020",941,"NGDP_RPCH",2018-11-21,3.3
"2018",946,"NGDP_RPCH",2018-11-21,3.4
"2019",946,"NGDP_RPCH",2018-11-21,2.9
"2020",946,"NGDP_RPCH",2018-11-21,2.6
"2018",137,"NGDP_RPCH",2018-11-21,3
"2019",137,"NGDP_RPCH",2018-11-21,2.9
"2020",137,"NGDP_RPCH",2018-11-21,3.2
"2018",273,"NGDP_RPCH",2018-11-21,2.2
"2019",273,"NGDP_RPCH",2018-11-21,2.5
"2020",273,"NGDP_RPCH",2018-11-21,2.8
"2018",138,"NGDP_RPCH",2018-11-21,2.7
"2019",138,"NGDP_RPCH",2018-11-21,2.5
"2020",138,"NGDP_RPCH",2018-11-21,2.1
"2018",196,"NGDP_RPCH",2018-11-21,2.9
"2019",196,"NGDP_RPCH",2018-11-21,2.8
"2020",196,"NGDP_RPCH",2018-11-21,2.6
"2018",142,"NGDP_RPCH",2018-11-21,1.6
"2019",142,"NGDP_RPCH",2018-11-21,1.9
"2020",142,"NGDP_RPCH",2018-11-21,2.3
"2018",964,"NGDP_RPCH",2018-11-21,5.2
"2019",964,"NGDP_RPCH",2018-11-21,4
"2020",964,"NGDP_RPCH",2018-11-21,3.3
"2018",182,"NGDP_RPCH",2018-11-21,2.2
"2019",182,"NGDP_RPCH",2018-11-21,2.1
"2020",182,"NGDP_RPCH",2018-11-21,1.9
"2018",922,"NGDP_RPCH",2018-11-21,1.6
"2019",922,"NGDP_RPCH",2018-11-21,1.5
"2020",922,"NGDP_RPCH",2018-11-21,1.8
"2018",936,"NGDP_RPCH",2018-11-21,4.1
"2019",936,"NGDP_RPCH",2018-11-21,4.3
"2020",936,"NGDP_RPCH",2018-11-21,3.6
"2018",961,"NGDP_RPCH",2018-11-21,4.4
"2019",961,"NGDP_RPCH",2018-11-21,3.6
"2020",961,"NGDP_RPCH",2018-11-21,2.7
"2018",199,"NGDP_RPCH",2018-11-21,0.7
"2019",199,"NGDP_RPCH",2018-11-21,1.7
"2020",199,"NGDP_RPCH",2018-11-21,1.8
"2018",184,"NGDP_RPCH",2018-11-21,2.6
"2019",184,"NGDP_RPCH",2018-11-21,2.2
"2020",184,"NGDP_RPCH",2018-11-21,1.9
"2018",144,"NGDP_RPCH",2018-11-21,2.5
"2019",144,"NGDP_RPCH",2018-11-21,1.9
"2020",144,"NGDP_RPCH",2018-11-21,1.9
"2018",146,"NGDP_RPCH",2018-11-21,2.9
"2019",146,"NGDP_RPCH",2018-11-21,1.6
"2020",146,"NGDP_RPCH",2018-11-21,1.6
"2018",186,"NGDP_RPCH",2018-11-21,3.3
"2019",186,"NGDP_RPCH",2018-11-21,-0.4
"2020",186,"NGDP_RPCH",2018-11-21,2.7
"2018",112,"NGDP_RPCH",2018-11-21,1.3
"2019",112,"NGDP_RPCH",2018-11-21,1.4
"2020",112,"NGDP_RPCH",2018-11-21,1.1
"2018",111,"NGDP_RPCH",2018-11-21,2.9
"2019",111,"NGDP_RPCH",2018-11-21,2.7
"2020",111,"NGDP_RPCH",2018-11-21,2.1
"2018",163,"NGDP_RPCH",2018-11-21,1.9
"2019",163,"NGDP_RPCH",2018-11-21,1.8
"2020",163,"NGDP_RPCH",2018-11-21,1.6
"2018",213,"PCPIPCH",2018-11-21,32.1
"2019",213,"PCPIPCH",2018-11-21,31.2
"2020",213,"PCPIPCH",2018-11-21,18.8
"2018",193,"PCPIPCH",2018-11-21,2
"2019",193,"PCPIPCH",2018-11-21,2.1
"2020",193,"PCPIPCH",2018-11-21,2.4
"2018",122,"PCPIPCH",2018-11-21,2.1
"2019",122,"PCPIPCH",2018-11-21,2.1
"2020",122,"PCPIPCH",2018-11-21,2
"2018",124,"PCPIPCH",2018-11-21,2.3
"2019",124,"PCPIPCH",2018-11-21,2.2
"2020",124,"PCPIPCH",2018-11-21,2
"2018",223,"PCPIPCH",2018-11-21,3.8
"2019",223,"PCPIPCH",2018-11-21,4.6
"2020",223,"PCPIPCH",2018-11-21,4.3
"2018",156,"PCPIPCH",2018-11-21,2.3
"2019",156,"PCPIPCH",2018-11-21,2.1
"2020",156,"PCPIPCH",2018-11-21,2.1
"2018",228,"PCPIPCH",2018-11-21,2.5
"2019",228,"PCPIPCH",2018-11-21,3
"2020",228,"PCPIPCH",2018-11-21,3
"2018",924,"PCPIPCH",2018-11-21,2
"2019",924,"PCPIPCH",2018-11-21,3
"2020",924,"PCPIPCH",2018-11-21,3
"2018",233,"PCPIPCH",2018-11-21,3.2
"2019",233,"PCPIPCH",2018-11-21,3.2
"2020",233,"PCPIPCH",2018-11-21,3.3
"2018",238,"PCPIPCH",2018-11-21,2
"2019",238,"PCPIPCH",2018-11-21,3.1
"2020",238,"PCPIPCH",2018-11-21,2.7
"2018",935,"PCPIPCH",2018-11-21,2.2
"2019",935,"PCPIPCH",2018-11-21,2.4
"2020",935,"PCPIPCH",2018-11-21,2.2
"2018",128,"PCPIPCH",2018-11-21,0.9
"2019",128,"PCPIPCH",2018-11-21,1.8
"2020",128,"PCPIPCH",2018-11-21,2
"2018",939,"PCPIPCH",2018-11-21,3.1
"2019",939,"PCPIPCH",2018-11-21,2.9
"2020",939,"PCPIPCH",2018-11-21,2.8
"2018",172,"PCPIPCH",2018-11-21,1.1
"2019",172,"PCPIPCH",2018-11-21,1.3
"2020",172,"PCPIPCH",2018-11-21,1.7
"2018",132,"PCPIPCH",2018-11-21,2.2
"2019",132,"PCPIPCH",2018-11-21,1.8
"2020",132,"PCPIPCH",2018-11-21,1.8
"2018",134,"PCPIPCH",2018-11-21,1.9
"2019",134,"PCPIPCH",2018-11-21,2.2
"2020",134,"PCPIPCH",2018-11-21,2.2
"2018",174,"PCPIPCH",2018-11-21,0.8
"2019",174,"PCPIPCH",2018-11-21,1.3
"2020",174,"PCPIPCH",2018-11-21,1.5
"2018",944,"PCPIPCH",2018-11-21,3
"2019",944,"PCPIPCH",2018-11-21,4
"2020",944,"PCPIPCH",2018-11-21,4
"2018",176,"PCPIPCH",2018-11-21,2.6
"2019",176,"PCPIPCH",2018-11-21,3.9
"2020",176,"PCPIPCH",2018-11-21,3.5
"2018",534,"PCPIPCH",2018-11-21,4.5
"2019",534,"PCPIPCH",2018-11-21,5
"2020",534,"PCPIPCH",2018-11-21,4.5
"2018",536,"PCPIPCH",2018-11-21,3.3
"2019",536,"PCPIPCH",2018-11-21,3.7
"2020",536,"PCPIPCH",2018-11-21,3.8
"2018",178,"PCPIPCH",2018-11-21,0.8
"2019",178,"PCPIPCH",2018-11-21,1.9
"2020",178,"PCPIPCH",2018-11-21,2.2
"2018",436,"PCPIPCH",2018-11-21,0.9
"2019",436,"PCPIPCH",2018-11-21,1.4
"2020",436,"PCPIPCH",2018-11-21,1.4
"2018",136,"PCPIPCH",2018-11-21,1.3
"2019",136,"PCPIPCH",2018-11-21,1.6
"2020",136,"PCPIPCH",2018-11-21,1.4
"2018",158,"PCPIPCH",2018-11-21,1
"2019",158,"PCPIPCH",2018-11-21,1.4
"2020",158,"PCPIPCH",2018-11-21,1.9
"2018",542,"PCPIPCH",2018-11-21,1.6
"2019",542,"PCPIPCH",2018-11-21,1.9
"2020",542,"PCPIPCH",2018-11-21,1.9
"2018",941,"PCPIPCH",2018-11-21,2.6
"2019",941,"PCPIPCH",2018-11-21,3
"2020",941,"PCPIPCH",2018-11-21,2.7
"2018",946,"PCPIPCH",2018-11-21,2.6
"2019",946,"PCPIPCH",2018-11-21,2.5
"2020",946,"PCPIPCH",2018-11-21,2.5
"2018",137,"PCPIPCH",2018-11-21,2
"2019",137,"PCPIPCH",2018-11-21,2.1
"2020",137,"PCPIPCH",2018-11-21,2.1
"2018",273,"PCPIPCH",2018-11-21,4.9
"2019",273,"PCPIPCH",2018-11-21,4.2
"2020",273,"PCPIPCH",2018-11-21,3.4
"2018",138,"PCPIPCH",2018-11-21,1.7
"2019",138,"PCPIPCH",2018-11-21,2.5
"2020",138,"PCPIPCH",2018-11-21,2
"2018",196,"PCPIPCH",2018-11-21,1.7
"2019",196,"PCPIPCH",2018-11-21,2.3
"2020",196,"PCPIPCH",2018-11-21,2.2
"2018",142,"PCPIPCH",2018-11-21,2.7
"2019",142,"PCPIPCH",2018-11-21,2.3
"2020",142,"PCPIPCH",2018-11-21,2.1
"2018",964,"PCPIPCH",2018-11-21,1.9
"2019",964,"PCPIPCH",2018-11-21,2.7
"2020",964,"PCPIPCH",2018-11-21,2.9
"2018",182,"PCPIPCH",2018-11-21,1.3
"2019",182,"PCPIPCH",2018-11-21,1.5
"2020",182,"PCPIPCH",2018-11-21,1.4
"2018",922,"PCPIPCH",2018-11-21,2.9
"2019",922,"PCPIPCH",2018-11-21,5
"2020",922,"PCPIPCH",2018-11-21,4
"2018",936,"PCPIPCH",2018-11-21,2.7
"2019",936,"PCPIPCH",2018-11-21,2.7
"2020",936,"PCPIPCH",2018-11-21,3
"2018",961,"PCPIPCH",2018-11-21,2
"2019",961,"PCPIPCH",2018-11-21,2.2
"2020",961,"PCPIPCH",2018-11-21,2.8
"2018",199,"PCPIPCH",2018-11-21,4.5
"2019",199,"PCPIPCH",2018-11-21,5.6
"2020",199,"PCPIPCH",2018-11-21,5.5
"2018",184,"PCPIPCH",2018-11-21,1.9
"2019",184,"PCPIPCH",2018-11-21,1.9
"2020",184,"PCPIPCH",2018-11-21,1.7
"2018",144,"PCPIPCH",2018-11-21,2
"2019",144,"PCPIPCH",2018-11-21,2.4
"2020",144,"PCPIPCH",2018-11-21,2.3
"2018",146,"PCPIPCH",2018-11-21,1
"2019",146,"PCPIPCH",2018-11-21,0.9
"2020",146,"PCPIPCH",2018-11-21,1.1
"2018",186,"PCPIPCH",2018-11-21,16.8
"2019",186,"PCPIPCH",2018-11-21,19.5
"2020",186,"PCPIPCH",2018-11-21,10.7
"2018",112,"PCPIPCH",2018-11-21,2.5
"2019",112,"PCPIPCH",2018-11-21,2.3
"2020",112,"PCPIPCH",2018-11-21,2.1
"2018",111,"PCPIPCH",2018-11-21,2.5
"2019",111,"PCPIPCH",2018-11-21,2.3
"2020",111,"PCPIPCH",2018-11-21,2.4
"2018",163,"PCPIPCH",2018-11-21,1.8
"2019",163,"PCPIPCH",2018-11-21,1.9
"2020",163,"PCPIPCH",2018-11-21,1.9
"2019",213,"NGDP_RPCH",2019-03-06,-1.5
"2020",213,"NGDP_RPCH",2019-03-06,2.3
"2019",193,"NGDP_RPCH",2019-03-06,2.7
"2020",193,"NGDP_RPCH",2019-03-06,2.5
"2019",223,"NGDP_RPCH",2019-03-06,1.9
"2020",223,"NGDP_RPCH",2019-03-06,2.4
"2019",156,"NGDP_RPCH",2019-03-06,1.5
"2020",156,"NGDP_RPCH",2019-03-06,2
"2019",924,"NGDP_RPCH",2019-03-06,6.2
"2020",924,"NGDP_RPCH",2019-03-06,6
"2019",132,"NGDP_RPCH",2019-03-06,1.3
"2020",132,"NGDP_RPCH",2019-03-06,1.3
"2019",134,"NGDP_RPCH",2019-03-06,0.7
"2020",134,"NGDP_RPCH",2019-03-06,1.1
"2019",534,"NGDP_RPCH",2019-03-06,7.2
"2020",534,"NGDP_RPCH",2019-03-06,7.3
"2019",536,"NGDP_RPCH",2019-03-06,5.2
"2020",536,"NGDP_RPCH",2019-03-06,5.1
"2019",136,"NGDP_RPCH",2019-03-06,-0.2
"2020",136,"NGDP_RPCH",2019-03-06,0.5
"2019",158,"NGDP_RPCH",2019-03-06,0.8
"2020",158,"NGDP_RPCH",2019-03-06,0.7
"2019",542,"NGDP_RPCH",2019-03-06,2.6
"2020",542,"NGDP_RPCH",2019-03-06,2.6
"2019",273,"NGDP_RPCH",2019-03-06,2
"2020",273,"NGDP_RPCH",2019-03-06,2.3
"2019",922,"NGDP_RPCH",2019-03-06,1.4
"2020",922,"NGDP_RPCH",2019-03-06,1.5
"2019",456,"NGDP_RPCH",2019-03-06,2.1
"2020",456,"NGDP_RPCH",2019-03-06,2
"2019",199,"NGDP_RPCH",2019-03-06,1.7
"2020",199,"NGDP_RPCH",2019-03-06,2
"2019",186,"NGDP_RPCH",2019-03-06,-1.8
"2020",186,"NGDP_RPCH",2019-03-06,3.2
"2019",112,"NGDP_RPCH",2019-03-06,0.8
"2020",112,"NGDP_RPCH",2019-03-06,0.9
"2019",111,"NGDP_RPCH",2019-03-06,2.6
"2020",111,"NGDP_RPCH",2019-03-06,2.2
"2019",163,"NGDP_RPCH",2019-03-06,1
"2020",163,"NGDP_RPCH",2019-03-06,1.2
"2019",1,"NGDP_RPCH",2019-03-06,3.3
"2020",1,"NGDP_RPCH",2019-03-06,3.4
"2019",193,"LUR",2019-05-21,5.1
"2020",193,"LUR",2019-05-21,5.1
"2019",122,"LUR",2019-05-21,4.6
"2020",122,"LUR",2019-05-21,4.6
"2019",124,"LUR",2019-05-21,5.7
"2020",124,"LUR",2019-05-21,5.6
"2019",156,"LUR",2019-05-21,5.8
"2020",156,"LUR",2019-05-21,5.8
"2019",228,"LUR",2019-05-21,6.8
"2020",228,"LUR",2019-05-21,6.4
"2019",935,"LUR",2019-05-21,2.1
"2020",935,"LUR",2019-05-21,2.1
"2019",128,"LUR",2019-05-21,4.9
"2020",128,"LUR",2019-05-21,4.8
"2019",939,"LUR",2019-05-21,5.3
"2020",939,"LUR",2019-05-21,5.4
"2019",172,"LUR",2019-05-21,6.7
"2020",172,"LUR",2019-05-21,6.5
"2019",132,"LUR",2019-05-21,8.7
"2020",132,"LUR",2019-05-21,8.5
"2019",134,"LUR",2019-05-21,3.1
"2020",134,"LUR",2019-05-21,2.8
"2019",174,"LUR",2019-05-21,18.1
"2020",174,"LUR",2019-05-21,17.3
"2019",944,"LUR",2019-05-21,3.4
"2020",944,"LUR",2019-05-21,3.1
"2019",176,"LUR",2019-05-21,3.2
"2020",176,"LUR",2019-05-21,3.4
"2019",178,"LUR",2019-05-21,5.5
"2020",178,"LUR",2019-05-21,5.4
"2019",436,"LUR",2019-05-21,4.1
"2020",436,"LUR",2019-05-21,4.2
"2019",136,"LUR",2019-05-21,11.7
"2020",136,"LUR",2019-05-21,12.3
"2019",158,"LUR",2019-05-21,2.4
"2020",158,"LUR",2019-05-21,2.4
"2019",542,"LUR",2019-05-21,3.9
"2020",542,"LUR",2019-05-21,3.9
"2019",941,"LUR",2019-05-21,7
"2020",941,"LUR",2019-05-21,6.8
"2019",946,"LUR",2019-05-21,5.9
"2020",946,"LUR",2019-05-21,5.8
"2019",137,"LUR",2019-05-21,5.2
"2020",137,"LUR",2019-05-21,5.1
"2019",273,"LUR",2019-05-21,3.5
"2020",273,"LUR",2019-05-21,3.4
"2019",138,"LUR",2019-05-21,3.6
"2020",138,"LUR",2019-05-21,3.9
"2019",196,"LUR",2019-05-21,4.2
"2020",196,"LUR",2019-05-21,4.3
"2019",142,"LUR",2019-05-21,3.6
"2020",142,"LUR",2019-05-21,3.5
"2019",964,"LUR",2019-05-21,3.5
"2020",964,"LUR",2019-05-21,3.3
"2019",182,"LUR",2019-05-21,6.3
"2020",182,"LUR",2019-05-21,5.9
"2019",936,"LUR",2019-05-21,5.8
"2020",936,"LUR",2019-05-21,5.5
"2019",961,"LUR",2019-05-21,4.2
"2020",961,"LUR",2019-05-21,3.7
"2019",184,"LUR",2019-05-21,13.8
"2020",184,"LUR",2019-05-21,12.7
"2019",144,"LUR",2019-05-21,6.2
"2020",144,"LUR",2019-05-21,6.2
"2019",146,"LUR",2019-05-21,4.7
"2020",146,"LUR",2019-05-21,4.5
"2019",186,"LUR",2019-05-21,13.3
"2020",186,"LUR",2019-05-21,14
"2019",112,"LUR",2019-05-21,3.9
"2020",112,"LUR",2019-05-21,3.9
"2019",111,"LUR",2019-05-21,3.7
"2020",111,"LUR",2019-05-21,3.6
"2019",163,"LUR",2019-05-21,7.9
"2020",163,"LUR",2019-05-21,7.7
"2019",213,"NGDP_RPCH",2019-05-21,-1.8
"2020",213,"NGDP_RPCH",2019-05-21,2.1
"2019",193,"NGDP_RPCH",2019-05-21,2.3
"2020",193,"NGDP_RPCH",2019-05-21,2.5
"2019",122,"NGDP_RPCH",2019-05-21,1.4
"2020",122,"NGDP_RPCH",2019-05-21,1.6
"2019",124,"NGDP_RPCH",2019-05-21,1.2
"2020",124,"NGDP_RPCH",2019-05-21,1.3
"2019",223,"NGDP_RPCH",2019-05-21,1.4
"2020",223,"NGDP_RPCH",2019-05-21,2.3
"2019",156,"NGDP_RPCH",2019-05-21,1.3
"2020",156,"NGDP_RPCH",2019-05-21,2
"2019",228,"NGDP_RPCH",2019-05-21,3.4
"2020",228,"NGDP_RPCH",2019-05-21,3.3
"2019",924,"NGDP_RPCH",2019-05-21,6.2
"2020",924,"NGDP_RPCH",2019-05-21,6
"2019",233,"NGDP_RPCH",2019-05-21,3.4
"2020",233,"NGDP_RPCH",2019-05-21,3.6
"2019",238,"NGDP_RPCH",2019-05-21,2.7
"2020",238,"NGDP_RPCH",2019-05-21,3
"2019",935,"NGDP_RPCH",2019-05-21,2.6
"2020",935,"NGDP_RPCH",2019-05-21,2.5
"2019",128,"NGDP_RPCH",2019-05-21,2.1
"2020",128,"NGDP_RPCH",2019-05-21,1.7
"2019",939,"NGDP_RPCH",2019-05-21,3.2
"2020",939,"NGDP_RPCH",2019-05-21,2.8
"2019",172,"NGDP_RPCH",2019-05-21,1.5
"2020",172,"NGDP_RPCH",2019-05-21,1.4
"2019",132,"NGDP_RPCH",2019-05-21,1.3
"2020",132,"NGDP_RPCH",2019-05-21,1.3
"2019",134,"NGDP_RPCH",2019-05-21,0.7
"2020",134,"NGDP_RPCH",2019-05-21,1.2
"2019",174,"NGDP_RPCH",2019-05-21,2.1
"2020",174,"NGDP_RPCH",2019-05-21,2
"2019",944,"NGDP_RPCH",2019-05-21,3.9
"2020",944,"NGDP_RPCH",2019-05-21,3
"2019",176,"NGDP_RPCH",2019-05-21,1
"2020",176,"NGDP_RPCH",2019-05-21,2.4
"2019",534,"NGDP_RPCH",2019-05-21,7.2
"2020",534,"NGDP_RPCH",2019-05-21,7.4
"2019",536,"NGDP_RPCH",2019-05-21,5.1
"2020",536,"NGDP_RPCH",2019-05-21,5.1
"2019",178,"NGDP_RPCH",2019-05-21,3.9
"2020",178,"NGDP_RPCH",2019-05-21,3.3
"2019",436,"NGDP_RPCH",2019-05-21,3.1
"2020",436,"NGDP_RPCH",2019-05-21,3.2
"2019",136,"NGDP_RPCH",2019-05-21,0
"2020",136,"NGDP_RPCH",2019-05-21,0.6
"2019",158,"NGDP_RPCH",2019-05-21,0.7
"2020",158,"NGDP_RPCH",2019-05-21,0.6
"2019",542,"NGDP_RPCH",2019-05-21,2.4
"2020",542,"NGDP_RPCH",2019-05-21,2.5
"2019",941,"NGDP_RPCH",2019-05-21,2.7
"2020",941,"NGDP_RPCH",2019-05-21,2.7
"2019",946,"NGDP_RPCH",2019-05-21,2.9
"2020",946,"NGDP_RPCH",2019-05-21,2.5
"2019",137,"NGDP_RPCH",2019-05-21,2
"2020",137,"NGDP_RPCH",2019-05-21,2.5
"2019",273,"NGDP_RPCH",2019-05-21,1.6
"2020",273,"NGDP_RPCH",2019-05-21,2
"2019",138,"NGDP_RPCH",2019-05-21,1.6
"2020",138,"NGDP_RPCH",2019-05-21,1.5
"2019",196,"NGDP_RPCH",2019-05-21,2.6
"2020",196,"NGDP_RPCH",2019-05-21,2.5
"2019",142,"NGDP_RPCH",2019-05-21,1.8
"2020",142,"NGDP_RPCH",2019-05-21,2.1
"2019",964,"NGDP_RPCH",2019-05-21,4.2
"2020",964,"NGDP_RPCH",2019-05-21,3.5
"2019",182,"NGDP_RPCH",2019-05-21,1.8
"2020",182,"NGDP_RPCH",2019-05-21,1.9
"2019",922,"NGDP_RPCH",2019-05-21,1.4
"2020",922,"NGDP_RPCH",2019-05-21,2.1
"2019",936,"NGDP_RPCH",2019-05-21,3.5
"2020",936,"NGDP_RPCH",2019-05-21,3.4
"2019",961,"NGDP_RPCH",2019-05-21,3.4
"2020",961,"NGDP_RPCH",2019-05-21,3.1
"2019",199,"NGDP_RPCH",2019-05-21,1.2
"2020",199,"NGDP_RPCH",2019-05-21,1.7
"2019",184,"NGDP_RPCH",2019-05-21,2.2
"2020",184,"NGDP_RPCH",2019-05-21,1.9
"2019",144,"NGDP_RPCH",2019-05-21,1.6
"2020",144,"NGDP_RPCH",2019-05-21,1.6
"2019",146,"NGDP_RPCH",2019-05-21,1
"2020",146,"NGDP_RPCH",2019-05-21,1.5
"2019",186,"NGDP_RPCH",2019-05-21,-2.6
"2020",186,"NGDP_RPCH",2019-05-21,1.6
"2019",112,"NGDP_RPCH",2019-05-21,1.2
"2020",112,"NGDP_RPCH",2019-05-21,1
"2019",111,"NGDP_RPCH",2019-05-21,2.8
"2020",111,"NGDP_RPCH",2019-05-21,2.3
"2019",163,"NGDP_RPCH",2019-05-21,1.2
"2020",163,"NGDP_RPCH",2019-05-21,1.4
"2019",213,"PCPIPCH",2019-05-21,37.4
"2020",213,"PCPIPCH",2019-05-21,22.7
"2019",193,"PCPIPCH",2019-05-21,1.6
"2020",193,"PCPIPCH",2019-05-21,2.3
"2019",122,"PCPIPCH",2019-05-21,1.9
"2020",122,"PCPIPCH",2019-05-21,2
"2019",124,"PCPIPCH",2019-05-21,1.6
"2020",124,"PCPIPCH",2019-05-21,1.5
"2019",223,"PCPIPCH",2019-05-21,3.9
"2020",223,"PCPIPCH",2019-05-21,4
"2019",156,"PCPIPCH",2019-05-21,1.8
"2020",156,"PCPIPCH",2019-05-21,2
"2019",228,"PCPIPCH",2019-05-21,2.2
"2020",228,"PCPIPCH",2019-05-21,2.9
"2019",924,"PCPIPCH",2019-05-21,1.9
"2020",924,"PCPIPCH",2019-05-21,2.1
"2019",233,"PCPIPCH",2019-05-21,3
"2020",233,"PCPIPCH",2019-05-21,3.1
"2019",238,"PCPIPCH",2019-05-21,2.6
"2020",238,"PCPIPCH",2019-05-21,3.3
"2019",935,"PCPIPCH",2019-05-21,2.6
"2020",935,"PCPIPCH",2019-05-21,2.2
"2019",128,"PCPIPCH",2019-05-21,1.2
"2020",128,"PCPIPCH",2019-05-21,1.7
"2019",939,"PCPIPCH",2019-05-21,1.7
"2020",939,"PCPIPCH",2019-05-21,2.3
"2019",172,"PCPIPCH",2019-05-21,1.2
"2020",172,"PCPIPCH",2019-05-21,1.7
"2019",132,"PCPIPCH",2019-05-21,1.1
"2020",132,"PCPIPCH",2019-05-21,1.3
"2019",134,"PCPIPCH",2019-05-21,1.5
"2020",134,"PCPIPCH",2019-05-21,1.7
"2019",174,"PCPIPCH",2019-05-21,0.8
"2020",174,"PCPIPCH",2019-05-21,1.3
"2019",944,"PCPIPCH",2019-05-21,3
"2020",944,"PCPIPCH",2019-05-21,3.8
"2019",176,"PCPIPCH",2019-05-21,3.8
"2020",176,"PCPIPCH",2019-05-21,3.3
"2019",534,"PCPIPCH",2019-05-21,3.2
"2020",534,"PCPIPCH",2019-05-21,4.2
"2019",536,"PCPIPCH",2019-05-21,3
"2020",536,"PCPIPCH",2019-05-21,3.6
"2019",178,"PCPIPCH",2019-05-21,1.3
"2020",178,"PCPIPCH",2019-05-21,2.3
"2019",436,"PCPIPCH",2019-05-21,1.3
"2020",436,"PCPIPCH",2019-05-21,1.5
"2019",136,"PCPIPCH",2019-05-21,0.6
"2020",136,"PCPIPCH",2019-05-21,1
"2019",158,"PCPIPCH",2019-05-21,0.8
"2020",158,"PCPIPCH",2019-05-21,1.5
"2019",542,"PCPIPCH",2019-05-21,0.8
"2020",542,"PCPIPCH",2019-05-21,1.5
"2019",941,"PCPIPCH",2019-05-21,2.6
"2020",941,"PCPIPCH",2019-05-21,2.5
"2019",946,"PCPIPCH",2019-05-21,2.2
"2020",946,"PCPIPCH",2019-05-21,2.2
"2019",137,"PCPIPCH",2019-05-21,1.7
"2020",137,"PCPIPCH",2019-05-21,1.9
"2019",273,"PCPIPCH",2019-05-21,3.8
"2020",273,"PCPIPCH",2019-05-21,3.5
"2019",138,"PCPIPCH",2019-05-21,2.2
"2020",138,"PCPIPCH",2019-05-21,1.4
"2019",196,"PCPIPCH",2019-05-21,1.5
"2020",196,"PCPIPCH",2019-05-21,2.1
"2019",142,"PCPIPCH",2019-05-21,2.5
"2020",142,"PCPIPCH",2019-05-21,2.1
"2019",964,"PCPIPCH",2019-05-21,1.9
"2020",964,"PCPIPCH",2019-05-21,3
"2019",182,"PCPIPCH",2019-05-21,0.7
"2020",182,"PCPIPCH",2019-05-21,1.3
"2019",922,"PCPIPCH",2019-05-21,4.8
"2020",922,"PCPIPCH",2019-05-21,4
"2019",936,"PCPIPCH",2019-05-21,2.6
"2020",936,"PCPIPCH",2019-05-21,2.7
"2019",961,"PCPIPCH",2019-05-21,1.4
"2020",961,"PCPIPCH",2019-05-21,2.1
"2019",199,"PCPIPCH",2019-05-21,4.8
"2020",199,"PCPIPCH",2019-05-21,4.9
"2019",184,"PCPIPCH",2019-05-21,1
"2020",184,"PCPIPCH",2019-05-21,1.6
"2019",144,"PCPIPCH",2019-05-21,1.7
"2020",144,"PCPIPCH",2019-05-21,2
"2019",146,"PCPIPCH",2019-05-21,0.5
"2020",146,"PCPIPCH",2019-05-21,0.7
"2019",186,"PCPIPCH",2019-05-21,17.3
"2020",186,"PCPIPCH",2019-05-21,12.6
"2019",112,"PCPIPCH",2019-05-21,1.7
"2020",112,"PCPIPCH",2019-05-21,1.9
"2019",111,"PCPIPCH",2019-05-21,1.6
"2020",111,"PCPIPCH",2019-05-21,2.1
"2019",163,"PCPIPCH",2019-05-21,1.2
"2020",163,"PCPIPCH",2019-05-21,1.5
"2019",213,"NGDP_RPCH",2019-09-19,-2.7
"2020",213,"NGDP_RPCH",2019-09-19,-1.8
"2019",193,"NGDP_RPCH",2019-09-19,1.7
"2020",193,"NGDP_RPCH",2019-09-19,2
"2019",223,"NGDP_RPCH",2019-09-19,0.8
"2020",223,"NGDP_RPCH",2019-09-19,1.7
"2019",156,"NGDP_RPCH",2019-09-19,1.5
"2020",156,"NGDP_RPCH",2019-09-19,1.6
"2019",924,"NGDP_RPCH",2019-09-19,6.1
"2020",924,"NGDP_RPCH",2019-09-19,5.7
"2019",132,"NGDP_RPCH",2019-09-19,1.3
"2020",132,"NGDP_RPCH",2019-09-19,1.2
"2019",134,"NGDP_RPCH",2019-09-19,0.5
"2020",134,"NGDP_RPCH",2019-09-19,0.6
"2019",534,"NGDP_RPCH",2019-09-19,5.9
"2020",534,"NGDP_RPCH",2019-09-19,6.3
"2019",536,"NGDP_RPCH",2019-09-19,5
"2020",536,"NGDP_RPCH",2019-09-19,5
"2019",136,"NGDP_RPCH",2019-09-19,0
"2020",136,"NGDP_RPCH",2019-09-19,0.4
"2019",158,"NGDP_RPCH",2019-09-19,1
"2020",158,"NGDP_RPCH",2019-09-19,0.6
"2019",542,"NGDP_RPCH",2019-09-19,2.1
"2020",542,"NGDP_RPCH",2019-09-19,2.3
"2019",273,"NGDP_RPCH",2019-09-19,0.5
"2020",273,"NGDP_RPCH",2019-09-19,1.5
"2019",922,"NGDP_RPCH",2019-09-19,0.9
"2020",922,"NGDP_RPCH",2019-09-19,1.6
"2019",456,"NGDP_RPCH",2019-09-19,1.5
"2020",456,"NGDP_RPCH",2019-09-19,1.5
"2019",199,"NGDP_RPCH",2019-09-19,0.5
"2020",199,"NGDP_RPCH",2019-09-19,1.1
"2019",186,"NGDP_RPCH",2019-09-19,-0.3
"2020",186,"NGDP_RPCH",2019-09-19,1.6
"2019",112,"NGDP_RPCH",2019-09-19,1
"2020",112,"NGDP_RPCH",2019-09-19,0.9
"2019",111,"NGDP_RPCH",2019-09-19,2.4
"2020",111,"NGDP_RPCH",2019-09-19,2
"2019",163,"NGDP_RPCH",2019-09-19,1.1
"2020",163,"NGDP_RPCH",2019-09-19,1
"2019",1,"NGDP_RPCH",2019-09-19,2.9
"2020",1,"NGDP_RPCH",2019-09-19,3
"2019",193,"LUR",2019-11-21,5.2
"2020",193,"LUR",2019-11-21,5.3
"2021",193,"LUR",2019-11-21,5.2
"2019",122,"LUR",2019-11-21,4.6
"2020",122,"LUR",2019-11-21,4.5
"2021",122,"LUR",2019-11-21,4.6
"2019",124,"LUR",2019-11-21,5.5
"2020",124,"LUR",2019-11-21,5.5
"2021",124,"LUR",2019-11-21,5.5
"2019",156,"LUR",2019-11-21,5.6
"2020",156,"LUR",2019-11-21,5.8
"2021",156,"LUR",2019-11-21,5.8
"2019",228,"LUR",2019-11-21,6.8
"2020",228,"LUR",2019-11-21,6.7
"2021",228,"LUR",2019-11-21,6.2
"2019",935,"LUR",2019-11-21,2
"2020",935,"LUR",2019-11-21,2.1
"2021",935,"LUR",2019-11-21,2.2
"2019",128,"LUR",2019-11-21,5
"2020",128,"LUR",2019-11-21,5
"2021",128,"LUR",2019-11-21,5
"2019",939,"LUR",2019-11-21,5
"2020",939,"LUR",2019-11-21,5.1
"2021",939,"LUR",2019-11-21,5.2
"2019",172,"LUR",2019-11-21,6.6
"2020",172,"LUR",2019-11-21,6.6
"2021",172,"LUR",2019-11-21,6.4
"2019",132,"LUR",2019-11-21,8.5
"2020",132,"LUR",2019-11-21,8.2
"2021",132,"LUR",2019-11-21,8.1
"2019",134,"LUR",2019-11-21,3.1
"2020",134,"LUR",2019-11-21,3.2
"2021",134,"LUR",2019-11-21,3.3
"2019",174,"LUR",2019-11-21,17.5
"2020",174,"LUR",2019-11-21,16.3
"2021",174,"LUR",2019-11-21,14.8
"2019",944,"LUR",2019-11-21,3.4
"2020",944,"LUR",2019-11-21,3.2
"2021",944,"LUR",2019-11-21,3.1
"2019",176,"LUR",2019-11-21,3.6
"2020",176,"LUR",2019-11-21,4.1
"2021",176,"LUR",2019-11-21,4.1
"2019",178,"LUR",2019-11-21,5.3
"2020",178,"LUR",2019-11-21,4.8
"2021",178,"LUR",2019-11-21,4.6
"2019",436,"LUR",2019-11-21,3.9
"2020",436,"LUR",2019-11-21,4.1
"2021",436,"LUR",2019-11-21,4.3
"2019",136,"LUR",2019-11-21,10
"2020",136,"LUR",2019-11-21,10
"2021",136,"LUR",2019-11-21,10.2
"2019",158,"LUR",2019-11-21,2.4
"2020",158,"LUR",2019-11-21,2.4
"2021",158,"LUR",2019-11-21,2.3
"2019",542,"LUR",2019-11-21,3.7
"2020",542,"LUR",2019-11-21,3.5
"2021",542,"LUR",2019-11-21,3.5
"2019",941,"LUR",2019-11-21,6.4
"2020",941,"LUR",2019-11-21,6.4
"2021",941,"LUR",2019-11-21,6.6
"2019",946,"LUR",2019-11-21,6
"2020",946,"LUR",2019-11-21,5.9
"2021",946,"LUR",2019-11-21,5.9
"2019",137,"LUR",2019-11-21,5.3
"2020",137,"LUR",2019-11-21,5.3
"2021",137,"LUR",2019-11-21,5.2
"2019",273,"LUR",2019-11-21,3.5
"2020",273,"LUR",2019-11-21,3.4
"2021",273,"LUR",2019-11-21,3.3
"2019",138,"LUR",2019-11-21,3.4
"2020",138,"LUR",2019-11-21,3.5
"2021",138,"LUR",2019-11-21,3.6
"2019",196,"LUR",2019-11-21,4.1
"2020",196,"LUR",2019-11-21,4.2
"2021",196,"LUR",2019-11-21,4.3
"2019",142,"LUR",2019-11-21,3.4
"2020",142,"LUR",2019-11-21,3.2
"2021",142,"LUR",2019-11-21,3.2
"2019",964,"LUR",2019-11-21,3.4
"2020",964,"LUR",2019-11-21,3.1
"2021",964,"LUR",2019-11-21,2.8
"2019",182,"LUR",2019-11-21,6.5
"2020",182,"LUR",2019-11-21,6.4
"2021",182,"LUR",2019-11-21,6.3
"2019",936,"LUR",2019-11-21,5.8
"2020",936,"LUR",2019-11-21,5.7
"2021",936,"LUR",2019-11-21,5.7
"2019",961,"LUR",2019-11-21,4.5
"2020",961,"LUR",2019-11-21,4.1
"2021",961,"LUR",2019-11-21,3.4
"2019",184,"LUR",2019-11-21,14.2
"2020",184,"LUR",2019-11-21,14.1
"2021",184,"LUR",2019-11-21,13.6
"2019",144,"LUR",2019-11-21,6.8
"2020",144,"LUR",2019-11-21,7
"2021",144,"LUR",2019-11-21,7
"2019",146,"LUR",2019-11-21,4.5
"2020",146,"LUR",2019-11-21,4.5
"2021",146,"LUR",2019-11-21,4.5
"2019",186,"LUR",2019-11-21,13.5
"2020",186,"LUR",2019-11-21,13.2
"2021",186,"LUR",2019-11-21,13
"2019",112,"LUR",2019-11-21,3.8
"2020",112,"LUR",2019-11-21,4
"2021",112,"LUR",2019-11-21,4.1
"2019",111,"LUR",2019-11-21,3.7
"2020",111,"LUR",2019-11-21,3.5
"2021",111,"LUR",2019-11-21,3.7
"2019",163,"LUR",2019-11-21,7.6
"2020",163,"LUR",2019-11-21,7.5
"2021",163,"LUR",2019-11-21,7.4
"2019",213,"NGDP_RPCH",2019-11-21,-3
"2020",213,"NGDP_RPCH",2019-11-21,-1.7
"2021",213,"NGDP_RPCH",2019-11-21,0.7
"2019",193,"NGDP_RPCH",2019-11-21,1.7
"2020",193,"NGDP_RPCH",2019-11-21,2.3
"2021",193,"NGDP_RPCH",2019-11-21,2.3
"2019",122,"NGDP_RPCH",2019-11-21,1.5
"2020",122,"NGDP_RPCH",2019-11-21,1.3
"2021",122,"NGDP_RPCH",2019-11-21,1.3
"2019",124,"NGDP_RPCH",2019-11-21,1.3
"2020",124,"NGDP_RPCH",2019-11-21,1.1
"2021",124,"NGDP_RPCH",2019-11-21,1.1
"2019",223,"NGDP_RPCH",2019-11-21,0.8
"2020",223,"NGDP_RPCH",2019-11-21,1.7
"2021",223,"NGDP_RPCH",2019-11-21,1.8
"2019",918,"NGDP_RPCH",2019-11-21,3.4
"2020",918,"NGDP_RPCH",2019-11-21,2.8
"2021",918,"NGDP_RPCH",2019-11-21,2.8
"2019",156,"NGDP_RPCH",2019-11-21,1.5
"2020",156,"NGDP_RPCH",2019-11-21,1.6
"2021",156,"NGDP_RPCH",2019-11-21,1.7
"2019",228,"NGDP_RPCH",2019-11-21,2.2
"2020",228,"NGDP_RPCH",2019-11-21,2.4
"2021",228,"NGDP_RPCH",2019-11-21,3.5
"2019",924,"NGDP_RPCH",2019-11-21,6.2
"2020",924,"NGDP_RPCH",2019-11-21,5.7
"2021",924,"NGDP_RPCH",2019-11-21,5.5
"2019",233,"NGDP_RPCH",2019-11-21,3.4
"2020",233,"NGDP_RPCH",2019-11-21,3.5
"2021",233,"NGDP_RPCH",2019-11-21,3.3
"2019",238,"NGDP_RPCH",2019-11-21,2
"2020",238,"NGDP_RPCH",2019-11-21,2.2
"2021",238,"NGDP_RPCH",2019-11-21,2.3
"2019",935,"NGDP_RPCH",2019-11-21,2.6
"2020",935,"NGDP_RPCH",2019-11-21,2.1
"2021",935,"NGDP_RPCH",2019-11-21,2.3
"2019",128,"NGDP_RPCH",2019-11-21,1.8
"2020",128,"NGDP_RPCH",2019-11-21,1.4
"2021",128,"NGDP_RPCH",2019-11-21,1.4
"2019",939,"NGDP_RPCH",2019-11-21,3.2
"2020",939,"NGDP_RPCH",2019-11-21,2.2
"2021",939,"NGDP_RPCH",2019-11-21,2.2
"2019",172,"NGDP_RPCH",2019-11-21,1.3
"2020",172,"NGDP_RPCH",2019-11-21,1
"2021",172,"NGDP_RPCH",2019-11-21,0.9
"2019",132,"NGDP_RPCH",2019-11-21,1.3
"2020",132,"NGDP_RPCH",2019-11-21,1.2
"2021",132,"NGDP_RPCH",2019-11-21,1.2
"2019",134,"NGDP_RPCH",2019-11-21,0.6
"2020",134,"NGDP_RPCH",2019-11-21,0.4
"2021",134,"NGDP_RPCH",2019-11-21,0.9
"2019",174,"NGDP_RPCH",2019-11-21,1.8
"2020",174,"NGDP_RPCH",2019-11-21,2.1
"2021",174,"NGDP_RPCH",2019-11-21,2
"2019",944,"NGDP_RPCH",2019-11-21,4.8
"2020",944,"NGDP_RPCH",2019-11-21,3.3
"2021",944,"NGDP_RPCH",2019-11-21,3.1
"2019",176,"NGDP_RPCH",2019-11-21,0.8
"2020",176,"NGDP_RPCH",2019-11-21,1.6
"2021",176,"NGDP_RPCH",2019-11-21,2.6
"2019",534,"NGDP_RPCH",2019-11-21,5.8
"2020",534,"NGDP_RPCH",2019-11-21,6.2
"2021",534,"NGDP_RPCH",2019-11-21,6.4
"2019",536,"NGDP_RPCH",2019-11-21,5
"2020",536,"NGDP_RPCH",2019-11-21,5
"2021",536,"NGDP_RPCH",2019-11-21,5.1
"2019",178,"NGDP_RPCH",2019-11-21,5.6
"2020",178,"NGDP_RPCH",2019-11-21,3.3
"2021",178,"NGDP_RPCH",2019-11-21,3
"2019",436,"NGDP_RPCH",2019-11-21,3.1
"2020",436,"NGDP_RPCH",2019-11-21,2.9
"2021",436,"NGDP_RPCH",2019-11-21,2.9
"2019",136,"NGDP_RPCH",2019-11-21,0.2
"2020",136,"NGDP_RPCH",2019-11-21,0.4
"2021",136,"NGDP_RPCH",2019-11-21,0.5
"2019",158,"NGDP_RPCH",2019-11-21,1
"2020",158,"NGDP_RPCH",2019-11-21,0.6
"2021",158,"NGDP_RPCH",2019-11-21,0.7
"2019",542,"NGDP_RPCH",2019-11-21,2
"2020",542,"NGDP_RPCH",2019-11-21,2.3
"2021",542,"NGDP_RPCH",2019-11-21,2.3
"2019",941,"NGDP_RPCH",2019-11-21,2.3
"2020",941,"NGDP_RPCH",2019-11-21,2.5
"2021",941,"NGDP_RPCH",2019-11-21,2.7
"2019",946,"NGDP_RPCH",2019-11-21,3.6
"2020",946,"NGDP_RPCH",2019-11-21,2.5
"2021",946,"NGDP_RPCH",2019-11-21,2.5
"2019",137,"NGDP_RPCH",2019-11-21,3.3
"2020",137,"NGDP_RPCH",2019-11-21,2.8
"2021",137,"NGDP_RPCH",2019-11-21,2.3
"2019",273,"NGDP_RPCH",2019-11-21,0.2
"2020",273,"NGDP_RPCH",2019-11-21,1.2
"2021",273,"NGDP_RPCH",2019-11-21,1.6
"2019",138,"NGDP_RPCH",2019-11-21,1.7
"2020",138,"NGDP_RPCH",2019-11-21,1.8
"2021",138,"NGDP_RPCH",2019-11-21,1.6
"2019",196,"NGDP_RPCH",2019-11-21,2.7
"2020",196,"NGDP_RPCH",2019-11-21,2.5
"2021",196,"NGDP_RPCH",2019-11-21,2.4
"2019",142,"NGDP_RPCH",2019-11-21,1.1
"2020",142,"NGDP_RPCH",2019-11-21,2.4
"2021",142,"NGDP_RPCH",2019-11-21,2.3
"2019",964,"NGDP_RPCH",2019-11-21,4.3
"2020",964,"NGDP_RPCH",2019-11-21,3.8
"2021",964,"NGDP_RPCH",2019-11-21,3
"2019",182,"NGDP_RPCH",2019-11-21,1.9
"2020",182,"NGDP_RPCH",2019-11-21,1.8
"2021",182,"NGDP_RPCH",2019-11-21,1.7
"2019",968,"NGDP_RPCH",2019-11-21,4
"2020",968,"NGDP_RPCH",2019-11-21,3.2
"2021",968,"NGDP_RPCH",2019-11-21,3.7
"2019",922,"NGDP_RPCH",2019-11-21,1.1
"2020",922,"NGDP_RPCH",2019-11-21,1.6
"2021",922,"NGDP_RPCH",2019-11-21,1.4
"2019",936,"NGDP_RPCH",2019-11-21,2.5
"2020",936,"NGDP_RPCH",2019-11-21,2.2
"2021",936,"NGDP_RPCH",2019-11-21,2.6
"2019",961,"NGDP_RPCH",2019-11-21,3.1
"2020",961,"NGDP_RPCH",2019-11-21,3
"2021",961,"NGDP_RPCH",2019-11-21,3.1
"2019",199,"NGDP_RPCH",2019-11-21,0.5
"2020",199,"NGDP_RPCH",2019-11-21,1.2
"2021",199,"NGDP_RPCH",2019-11-21,1.3
"2019",184,"NGDP_RPCH",2019-11-21,2
"2020",184,"NGDP_RPCH",2019-11-21,1.6
"2021",184,"NGDP_RPCH",2019-11-21,1.6
"2019",144,"NGDP_RPCH",2019-11-21,1.4
"2020",144,"NGDP_RPCH",2019-11-21,1.2
"2021",144,"NGDP_RPCH",2019-11-21,1.2
"2019",146,"NGDP_RPCH",2019-11-21,0.8
"2020",146,"NGDP_RPCH",2019-11-21,1.4
"2021",146,"NGDP_RPCH",2019-11-21,1
"2019",186,"NGDP_RPCH",2019-11-21,0.3
"2020",186,"NGDP_RPCH",2019-11-21,3
"2021",186,"NGDP_RPCH",2019-11-21,3.2
"2019",112,"NGDP_RPCH",2019-11-21,1.2
"2020",112,"NGDP_RPCH",2019-11-21,1
"2021",112,"NGDP_RPCH",2019-11-21,1.2
"2019",111,"NGDP_RPCH",2019-11-21,2.3
"2020",111,"NGDP_RPCH",2019-11-21,2
"2021",111,"NGDP_RPCH",2019-11-21,2
"2019",163,"NGDP_RPCH",2019-11-21,1.2
"2020",163,"NGDP_RPCH",2019-11-21,1.1
"2021",163,"NGDP_RPCH",2019-11-21,1.2
"2019",213,"PCPIPCH",2019-11-21,46
"2020",213,"PCPIPCH",2019-11-21,45.3
"2021",213,"PCPIPCH",2019-11-21,41.7
"2019",193,"PCPIPCH",2019-11-21,1.6
"2020",193,"PCPIPCH",2019-11-21,1.6
"2021",193,"PCPIPCH",2019-11-21,1.6
"2019",122,"PCPIPCH",2019-11-21,1.5
"2020",122,"PCPIPCH",2019-11-21,1.6
"2021",122,"PCPIPCH",2019-11-21,1.7
"2019",124,"PCPIPCH",2019-11-21,1.3
"2020",124,"PCPIPCH",2019-11-21,1.1
"2021",124,"PCPIPCH",2019-11-21,1.5
"2019",223,"PCPIPCH",2019-11-21,3.7
"2020",223,"PCPIPCH",2019-11-21,3.1
"2021",223,"PCPIPCH",2019-11-21,3.6
"2019",918,"PCPIPCH",2019-11-21,3
"2020",918,"PCPIPCH",2019-11-21,2.5
"2021",918,"PCPIPCH",2019-11-21,2.3
"2019",156,"PCPIPCH",2019-11-21,1.9
"2020",156,"PCPIPCH",2019-11-21,1.9
"2021",156,"PCPIPCH",2019-11-21,2
"2019",228,"PCPIPCH",2019-11-21,2.4
"2020",228,"PCPIPCH",2019-11-21,2.5
"2021",228,"PCPIPCH",2019-11-21,3
"2019",924,"PCPIPCH",2019-11-21,2.5
"2020",924,"PCPIPCH",2019-11-21,2.2
"2021",924,"PCPIPCH",2019-11-21,1.9
"2019",233,"PCPIPCH",2019-11-21,3.5
"2020",233,"PCPIPCH",2019-11-21,3.6
"2021",233,"PCPIPCH",2019-11-21,3
"2019",238,"PCPIPCH",2019-11-21,2.3
"2020",238,"PCPIPCH",2019-11-21,2.5
"2021",238,"PCPIPCH",2019-11-21,2.4
"2019",935,"PCPIPCH",2019-11-21,2.8
"2020",935,"PCPIPCH",2019-11-21,2.5
"2021",935,"PCPIPCH",2019-11-21,2.3
"2019",128,"PCPIPCH",2019-11-21,0.7
"2020",128,"PCPIPCH",2019-11-21,0.9
"2021",128,"PCPIPCH",2019-11-21,1.4
"2019",939,"PCPIPCH",2019-11-21,2.2
"2020",939,"PCPIPCH",2019-11-21,2.3
"2021",939,"PCPIPCH",2019-11-21,2.2
"2019",172,"PCPIPCH",2019-11-21,1.2
"2020",172,"PCPIPCH",2019-11-21,1.4
"2021",172,"PCPIPCH",2019-11-21,1.7
"2019",132,"PCPIPCH",2019-11-21,1.3
"2020",132,"PCPIPCH",2019-11-21,1.2
"2021",132,"PCPIPCH",2019-11-21,1.3
"2019",134,"PCPIPCH",2019-11-21,1.3
"2020",134,"PCPIPCH",2019-11-21,1.2
"2021",134,"PCPIPCH",2019-11-21,1.5
"2019",174,"PCPIPCH",2019-11-21,0.4
"2020",174,"PCPIPCH",2019-11-21,0.4
"2021",174,"PCPIPCH",2019-11-21,0.9
"2019",944,"PCPIPCH",2019-11-21,3.3
"2020",944,"PCPIPCH",2019-11-21,3.4
"2021",944,"PCPIPCH",2019-11-21,4.1
"2019",176,"PCPIPCH",2019-11-21,3
"2020",176,"PCPIPCH",2019-11-21,2.4
"2021",176,"PCPIPCH",2019-11-21,2.1
"2019",534,"PCPIPCH",2019-11-21,3.5
"2020",534,"PCPIPCH",2019-11-21,3.9
"2021",534,"PCPIPCH",2019-11-21,4.2
"2019",536,"PCPIPCH",2019-11-21,3.2
"2020",536,"PCPIPCH",2019-11-21,3.5
"2021",536,"PCPIPCH",2019-11-21,3.4
"2019",178,"PCPIPCH",2019-11-21,0.9
"2020",178,"PCPIPCH",2019-11-21,1.7
"2021",178,"PCPIPCH",2019-11-21,2.2
"2019",436,"PCPIPCH",2019-11-21,0.9
"2020",436,"PCPIPCH",2019-11-21,1.1
"2021",436,"PCPIPCH",2019-11-21,1.7
"2019",136,"PCPIPCH",2019-11-21,0.6
"2020",136,"PCPIPCH",2019-11-21,0.6
"2021",136,"PCPIPCH",2019-11-21,1.2
"2019",158,"PCPIPCH",2019-11-21,0.6
"2020",158,"PCPIPCH",2019-11-21,1.1
"2021",158,"PCPIPCH",2019-11-21,1.2
"2019",542,"PCPIPCH",2019-11-21,0.3
"2020",542,"PCPIPCH",2019-11-21,1.1
"2021",542,"PCPIPCH",2019-11-21,1.4
"2019",941,"PCPIPCH",2019-11-21,2.9
"2020",941,"PCPIPCH",2019-11-21,2.3
"2021",941,"PCPIPCH",2019-11-21,2.3
"2019",946,"PCPIPCH",2019-11-21,2.3
"2020",946,"PCPIPCH",2019-11-21,2.2
"2021",946,"PCPIPCH",2019-11-21,2.2
"2019",137,"PCPIPCH",2019-11-21,1.7
"2020",137,"PCPIPCH",2019-11-21,1.7
"2021",137,"PCPIPCH",2019-11-21,1.8
"2019",273,"PCPIPCH",2019-11-21,3.5
"2020",273,"PCPIPCH",2019-11-21,2.7
"2021",273,"PCPIPCH",2019-11-21,2.7
"2019",138,"PCPIPCH",2019-11-21,2.7
"2020",138,"PCPIPCH",2019-11-21,1.8
"2021",138,"PCPIPCH",2019-11-21,1.5
"2019",196,"PCPIPCH",2019-11-21,1.5
"2020",196,"PCPIPCH",2019-11-21,1.9
"2021",196,"PCPIPCH",2019-11-21,1.9
"2019",142,"PCPIPCH",2019-11-21,2.3
"2020",142,"PCPIPCH",2019-11-21,2
"2021",142,"PCPIPCH",2019-11-21,2.2
"2019",964,"PCPIPCH",2019-11-21,2.3
"2020",964,"PCPIPCH",2019-11-21,2.9
"2021",964,"PCPIPCH",2019-11-21,2.8
"2019",182,"PCPIPCH",2019-11-21,0.3
"2020",182,"PCPIPCH",2019-11-21,0.5
"2021",182,"PCPIPCH",2019-11-21,1
"2019",968,"PCPIPCH",2019-11-21,3.9
"2020",968,"PCPIPCH",2019-11-21,3.4
"2021",968,"PCPIPCH",2019-11-21,3.2
"2019",922,"PCPIPCH",2019-11-21,4.9
"2020",922,"PCPIPCH",2019-11-21,4
"2021",922,"PCPIPCH",2019-11-21,4
"2019",936,"PCPIPCH",2019-11-21,2.8
"2020",936,"PCPIPCH",2019-11-21,2.6
"2021",936,"PCPIPCH",2019-11-21,2.5
"2019",961,"PCPIPCH",2019-11-21,1.8
"2020",961,"PCPIPCH",2019-11-21,2.4
"2021",961,"PCPIPCH",2019-11-21,2.3
"2019",199,"PCPIPCH",2019-11-21,4.2
"2020",199,"PCPIPCH",2019-11-21,4.6
"2021",199,"PCPIPCH",2019-11-21,4.5
"2019",184,"PCPIPCH",2019-11-21,0.8
"2020",184,"PCPIPCH",2019-11-21,1.1
"2021",184,"PCPIPCH",2019-11-21,1.3
"2019",144,"PCPIPCH",2019-11-21,1.8
"2020",144,"PCPIPCH",2019-11-21,1.8
"2021",144,"PCPIPCH",2019-11-21,1.8
"2019",146,"PCPIPCH",2019-11-21,0.4
"2020",146,"PCPIPCH",2019-11-21,0.4
"2021",146,"PCPIPCH",2019-11-21,1
"2019",186,"PCPIPCH",2019-11-21,15.8
"2020",186,"PCPIPCH",2019-11-21,13.2
"2021",186,"PCPIPCH",2019-11-21,10
"2019",112,"PCPIPCH",2019-11-21,1.9
"2020",112,"PCPIPCH",2019-11-21,2
"2021",112,"PCPIPCH",2019-11-21,1.8
"2019",111,"PCPIPCH",2019-11-21,1.8
"2020",111,"PCPIPCH",2019-11-21,2.2
"2021",111,"PCPIPCH",2019-11-21,2.1
"2019",163,"PCPIPCH",2019-11-21,1.2
"2020",163,"PCPIPCH",2019-11-21,1.1
"2021",163,"PCPIPCH",2019-11-21,1.4
"2020",213,"NGDP_RPCH",2020-03-02,-2
"2021",213,"NGDP_RPCH",2020-03-02,0.7
"2020",193,"NGDP_RPCH",2020-03-02,1.8
"2021",193,"NGDP_RPCH",2020-03-02,2.6
"2020",223,"NGDP_RPCH",2020-03-02,1.7
"2021",223,"NGDP_RPCH",2020-03-02,1.8
"2020",156,"NGDP_RPCH",2020-03-02,1.3
"2021",156,"NGDP_RPCH",2020-03-02,1.9
"2020",924,"NGDP_RPCH",2020-03-02,4.9
"2021",924,"NGDP_RPCH",2020-03-02,6.4
"2020",132,"NGDP_RPCH",2020-03-02,0.9
"2021",132,"NGDP_RPCH",2020-03-02,1.4
"2020",134,"NGDP_RPCH",2020-03-02,0.3
"2021",134,"NGDP_RPCH",2020-03-02,0.9
"2020",534,"NGDP_RPCH",2020-03-02,5.1
"2021",534,"NGDP_RPCH",2020-03-02,5.6
"2020",536,"NGDP_RPCH",2020-03-02,4.8
"2021",536,"NGDP_RPCH",2020-03-02,5.1
"2020",136,"NGDP_RPCH",2020-03-02,0
"2021",136,"NGDP_RPCH",2020-03-02,0.5
"2020",158,"NGDP_RPCH",2020-03-02,0.2
"2021",158,"NGDP_RPCH",2020-03-02,0.7
"2020",542,"NGDP_RPCH",2020-03-02,2
"2021",542,"NGDP_RPCH",2020-03-02,2.3
"2020",273,"NGDP_RPCH",2020-03-02,0.7
"2021",273,"NGDP_RPCH",2020-03-02,1.4
"2020",922,"NGDP_RPCH",2020-03-02,1.2
"2021",922,"NGDP_RPCH",2020-03-02,1.3
"2020",456,"NGDP_RPCH",2020-03-02,1.4
"2021",456,"NGDP_RPCH",2020-03-02,1.9
"2020",199,"NGDP_RPCH",2020-03-02,0.6
"2021",199,"NGDP_RPCH",2020-03-02,1
"2020",186,"NGDP_RPCH",2020-03-02,2.7
"2021",186,"NGDP_RPCH",2020-03-02,3.3
"2020",112,"NGDP_RPCH",2020-03-02,0.8
"2021",112,"NGDP_RPCH",2020-03-02,0.8
"2020",111,"NGDP_RPCH",2020-03-02,1.9
"2021",111,"NGDP_RPCH",2020-03-02,2.1
"2020",163,"NGDP_RPCH",2020-03-02,0.8
"2021",163,"NGDP_RPCH",2020-03-02,1.2
"2020",1,"NGDP_RPCH",2020-03-02,2.4
"2021",1,"NGDP_RPCH",2020-03-02,3.3
"2020",193,"LUR",2020-06-10,7.4
"2021",193,"LUR",2020-06-10,7.6
"2020",122,"LUR",2020-06-10,5.8
"2021",122,"LUR",2020-06-10,5.2
"2020",124,"LUR",2020-06-10,7.4
"2021",124,"LUR",2020-06-10,6.5
"2020",156,"LUR",2020-06-10,8.9
"2021",156,"LUR",2020-06-10,8
"2020",228,"LUR",2020-06-10,9.5
"2021",228,"LUR",2020-06-10,8.7
"2020",233,"LUR",2020-06-10,18
"2021",233,"LUR",2020-06-10,16
"2020",935,"LUR",2020-06-10,3.5
"2021",935,"LUR",2020-06-10,3.8
"2020",128,"LUR",2020-06-10,6.6
"2021",128,"LUR",2020-06-10,6.5
"2020",939,"LUR",2020-06-10,9.2
"2021",939,"LUR",2020-06-10,8.1
"2020",172,"LUR",2020-06-10,8.7
"2021",172,"LUR",2020-06-10,8.5
"2020",132,"LUR",2020-06-10,11
"2021",132,"LUR",2020-06-10,9.8
"2020",134,"LUR",2020-06-10,4.5
"2021",134,"LUR",2020-06-10,4.3
"2020",174,"LUR",2020-06-10,19.4
"2021",174,"LUR",2020-06-10,19.8
"2020",944,"LUR",2020-06-10,6.3
"2021",944,"LUR",2020-06-10,4.9
"2020",176,"LUR",2020-06-10,7.4
"2021",176,"LUR",2020-06-10,6
"2020",178,"LUR",2020-06-10,10.8
"2021",178,"LUR",2020-06-10,8.5
"2020",436,"LUR",2020-06-10,7.5
"2021",436,"LUR",2020-06-10,6.6
"2020",136,"LUR",2020-06-10,10.1
"2021",136,"LUR",2020-06-10,11.7
"2020",158,"LUR",2020-06-10,3.2
"2021",158,"LUR",2020-06-10,3.2
"2020",542,"LUR",2020-06-10,4.5
"2021",542,"LUR",2020-06-10,4.4
"2020",941,"LUR",2020-06-10,9.2
"2021",941,"LUR",2020-06-10,9.3
"2020",946,"LUR",2020-06-10,9.1
"2021",946,"LUR",2020-06-10,8.2
"2020",137,"LUR",2020-06-10,7.1
"2021",137,"LUR",2020-06-10,7.5
"2020",273,"LUR",2020-06-10,6
"2021",273,"LUR",2020-06-10,5.8
"2020",138,"LUR",2020-06-10,5.9
"2021",138,"LUR",2020-06-10,4.9
"2020",196,"LUR",2020-06-10,7.9
"2021",196,"LUR",2020-06-10,7.2
"2020",142,"LUR",2020-06-10,5.9
"2021",142,"LUR",2020-06-10,4.6
"2020",964,"LUR",2020-06-10,7.3
"2021",964,"LUR",2020-06-10,5.8
"2020",182,"LUR",2020-06-10,11.6
"2021",182,"LUR",2020-06-10,9.6
"2020",936,"LUR",2020-06-10,8.9
"2021",936,"LUR",2020-06-10,7
"2020",961,"LUR",2020-06-10,6.4
"2021",961,"LUR",2020-06-10,5.4
"2020",184,"LUR",2020-06-10,19.2
"2021",184,"LUR",2020-06-10,18.7
"2020",144,"LUR",2020-06-10,10
"2021",144,"LUR",2020-06-10,10
"2020",146,"LUR",2020-06-10,5.7
"2021",146,"LUR",2020-06-10,6.4
"2020",186,"LUR",2020-06-10,15.6
"2021",186,"LUR",2020-06-10,14.2
"2020",112,"LUR",2020-06-10,9.1
"2021",112,"LUR",2020-06-10,7.8
"2020",111,"LUR",2020-06-10,11.3
"2021",111,"LUR",2020-06-10,8.5
"2020",163,"LUR",2020-06-10,9.8
"2021",163,"LUR",2020-06-10,9.5
"2020",213,"NGDP_RPCH",2020-06-10,-8.3
"2021",213,"NGDP_RPCH",2020-06-10,4.1
"2020",193,"NGDP_RPCH",2020-06-10,-5
"2021",193,"NGDP_RPCH",2020-06-10,4.1
"2020",122,"NGDP_RPCH",2020-06-10,-6.2
"2021",122,"NGDP_RPCH",2020-06-10,4
"2020",124,"NGDP_RPCH",2020-06-10,-8.9
"2021",124,"NGDP_RPCH",2020-06-10,6.4
"2020",223,"NGDP_RPCH",2020-06-10,-7.4
"2021",223,"NGDP_RPCH",2020-06-10,4.2
"2020",918,"NGDP_RPCH",2020-06-10,-7.1
"2021",918,"NGDP_RPCH",2020-06-10,2.4
"2020",156,"NGDP_RPCH",2020-06-10,-8
"2021",156,"NGDP_RPCH",2020-06-10,3.9
"2020",228,"NGDP_RPCH",2020-06-10,-5.6
"2021",228,"NGDP_RPCH",2020-06-10,3.4
"2020",924,"NGDP_RPCH",2020-06-10,-2.6
"2021",924,"NGDP_RPCH",2020-06-10,6.8
"2020",233,"NGDP_RPCH",2020-06-10,-6.1
"2021",233,"NGDP_RPCH",2020-06-10,4.3
"2020",238,"NGDP_RPCH",2020-06-10,-4.1
"2021",238,"NGDP_RPCH",2020-06-10,2.7
"2020",935,"NGDP_RPCH",2020-06-10,-9.6
"2021",935,"NGDP_RPCH",2020-06-10,7.1
"2020",128,"NGDP_RPCH",2020-06-10,-5.8
"2021",128,"NGDP_RPCH",2020-06-10,3.7
"2020",939,"NGDP_RPCH",2020-06-10,-8.4
"2021",939,"NGDP_RPCH",2020-06-10,4.3
"2020",172,"NGDP_RPCH",2020-06-10,-7.9
"2021",172,"NGDP_RPCH",2020-06-10,3.7
"2020",132,"NGDP_RPCH",2020-06-10,-11.4
"2021",132,"NGDP_RPCH",2020-06-10,7.7
"2020",134,"NGDP_RPCH",2020-06-10,-6.6
"2021",134,"NGDP_RPCH",2020-06-10,5.8
"2020",174,"NGDP_RPCH",2020-06-10,-8
"2021",174,"NGDP_RPCH",2020-06-10,4.5
"2020",944,"NGDP_RPCH",2020-06-10,-8
"2021",944,"NGDP_RPCH",2020-06-10,4.6
"2020",176,"NGDP_RPCH",2020-06-10,-9.9
"2021",176,"NGDP_RPCH",2020-06-10,4.6
"2020",534,"NGDP_RPCH",2020-06-10,-3.7
"2021",534,"NGDP_RPCH",2020-06-10,7.9
"2020",536,"NGDP_RPCH",2020-06-10,-2.8
"2021",536,"NGDP_RPCH",2020-06-10,5.2
"2020",178,"NGDP_RPCH",2020-06-10,-6.8
"2021",178,"NGDP_RPCH",2020-06-10,4.8
"2020",436,"NGDP_RPCH",2020-06-10,-6.2
"2021",436,"NGDP_RPCH",2020-06-10,5.7
"2020",136,"NGDP_RPCH",2020-06-10,-11.3
"2021",136,"NGDP_RPCH",2020-06-10,7.7
"2020",158,"NGDP_RPCH",2020-06-10,-6
"2021",158,"NGDP_RPCH",2020-06-10,2.1
"2020",542,"NGDP_RPCH",2020-06-10,-1.2
"2021",542,"NGDP_RPCH",2020-06-10,3.1
"2020",941,"NGDP_RPCH",2020-06-10,-8.1
"2021",941,"NGDP_RPCH",2020-06-10,6.3
"2020",946,"NGDP_RPCH",2020-06-10,-8.1
"2021",946,"NGDP_RPCH",2020-06-10,6.4
"2020",137,"NGDP_RPCH",2020-06-10,-6.5
"2021",137,"NGDP_RPCH",2020-06-10,3.9
"2020",273,"NGDP_RPCH",2020-06-10,-7.5
"2021",273,"NGDP_RPCH",2020-06-10,3
"2020",138,"NGDP_RPCH",2020-06-10,-8
"2021",138,"NGDP_RPCH",2020-06-10,6.6
"2020",196,"NGDP_RPCH",2020-06-10,-8.9
"2021",196,"NGDP_RPCH",2020-06-10,6.6
"2020",142,"NGDP_RPCH",2020-06-10,-6
"2021",142,"NGDP_RPCH",2020-06-10,4.7
"2020",964,"NGDP_RPCH",2020-06-10,-7.4
"2021",964,"NGDP_RPCH",2020-06-10,4.8
"2020",182,"NGDP_RPCH",2020-06-10,-9.4
"2021",182,"NGDP_RPCH",2020-06-10,6.3
"2020",968,"NGDP_RPCH",2020-06-10,-6.5
"2021",968,"NGDP_RPCH",2020-06-10,4.7
"2020",922,"NGDP_RPCH",2020-06-10,-8
"2021",922,"NGDP_RPCH",2020-06-10,6
"2020",936,"NGDP_RPCH",2020-06-10,-9.3
"2021",936,"NGDP_RPCH",2020-06-10,6.4
"2020",961,"NGDP_RPCH",2020-06-10,-7.8
"2021",961,"NGDP_RPCH",2020-06-10,4.5
"2020",199,"NGDP_RPCH",2020-06-10,-7.5
"2021",199,"NGDP_RPCH",2020-06-10,2.5
"2020",184,"NGDP_RPCH",2020-06-10,-11.1
"2021",184,"NGDP_RPCH",2020-06-10,7.5
"2020",144,"NGDP_RPCH",2020-06-10,-6.7
"2021",144,"NGDP_RPCH",2020-06-10,1.7
"2020",146,"NGDP_RPCH",2020-06-10,-7.7
"2021",146,"NGDP_RPCH",2020-06-10,5.7
"2020",186,"NGDP_RPCH",2020-06-10,-4.8
"2021",186,"NGDP_RPCH",2020-06-10,4.3
"2020",112,"NGDP_RPCH",2020-06-10,-11.5
"2021",112,"NGDP_RPCH",2020-06-10,9
"2020",111,"NGDP_RPCH",2020-06-10,-7.3
"2021",111,"NGDP_RPCH",2020-06-10,4.1
"2020",163,"NGDP_RPCH",2020-06-10,-9.1
"2021",163,"NGDP_RPCH",2020-06-10,6.5
"2020",213,"PCPIPCH",2020-06-10,48.5
"2021",213,"PCPIPCH",2020-06-10,46.7
"2020",193,"PCPIPCH",2020-06-10,0.2
"2021",193,"PCPIPCH",2020-06-10,1.4
"2020",122,"PCPIPCH",2020-06-10,0.8
"2021",122,"PCPIPCH",2020-06-10,1.3
"2020",124,"PCPIPCH",2020-06-10,0.4
"2021",124,"PCPIPCH",2020-06-10,0.7
"2020",223,"PCPIPCH",2020-06-10,3.1
"2021",223,"PCPIPCH",2020-06-10,3.3
"2020",918,"PCPIPCH",2020-06-10,0.8
"2021",918,"PCPIPCH",2020-06-10,0.6
"2020",156,"PCPIPCH",2020-06-10,0.9
"2021",156,"PCPIPCH",2020-06-10,1.3
"2020",228,"PCPIPCH",2020-06-10,3.6
"2021",228,"PCPIPCH",2020-06-10,3.1
"2020",924,"PCPIPCH",2020-06-10,3.8
"2021",924,"PCPIPCH",2020-06-10,1.9
"2020",233,"PCPIPCH",2020-06-10,3
"2021",233,"PCPIPCH",2020-06-10,2.8
"2020",238,"PCPIPCH",2020-06-10,1.3
"2021",238,"PCPIPCH",2020-06-10,2
"2020",935,"PCPIPCH",2020-06-10,3
"2021",935,"PCPIPCH",2020-06-10,1.9
"2020",128,"PCPIPCH",2020-06-10,0.4
"2021",128,"PCPIPCH",2020-06-10,0.4
"2020",939,"PCPIPCH",2020-06-10,0.1
"2021",939,"PCPIPCH",2020-06-10,1.3
"2020",172,"PCPIPCH",2020-06-10,0.8
"2021",172,"PCPIPCH",2020-06-10,0.8
"2020",132,"PCPIPCH",2020-06-10,0.4
"2021",132,"PCPIPCH",2020-06-10,0.5
"2020",134,"PCPIPCH",2020-06-10,0.8
"2021",134,"PCPIPCH",2020-06-10,0.7
"2020",174,"PCPIPCH",2020-06-10,0.2
"2021",174,"PCPIPCH",2020-06-10,0.4
"2020",944,"PCPIPCH",2020-06-10,3.5
"2021",944,"PCPIPCH",2020-06-10,2.1
"2020",176,"PCPIPCH",2020-06-10,1.9
"2021",176,"PCPIPCH",2020-06-10,1.9
"2020",534,"PCPIPCH",2020-06-10,4.9
"2021",534,"PCPIPCH",2020-06-10,4.3
"2020",536,"PCPIPCH",2020-06-10,2.5
"2021",536,"PCPIPCH",2020-06-10,2.8
"2020",178,"PCPIPCH",2020-06-10,0.2
"2021",178,"PCPIPCH",2020-06-10,0.6
"2020",436,"PCPIPCH",2020-06-10,-0.5
"2021",436,"PCPIPCH",2020-06-10,0.4
"2020",136,"PCPIPCH",2020-06-10,-0.1
"2021",136,"PCPIPCH",2020-06-10,0.1
"2020",158,"PCPIPCH",2020-06-10,-0.3
"2021",158,"PCPIPCH",2020-06-10,-0.1
"2020",542,"PCPIPCH",2020-06-10,0.5
"2021",542,"PCPIPCH",2020-06-10,0.3
"2020",941,"PCPIPCH",2020-06-10,1
"2021",941,"PCPIPCH",2020-06-10,1.3
"2020",946,"PCPIPCH",2020-06-10,0.9
"2021",946,"PCPIPCH",2020-06-10,1.5
"2020",137,"PCPIPCH",2020-06-10,0.7
"2021",137,"PCPIPCH",2020-06-10,1
"2020",273,"PCPIPCH",2020-06-10,2.7
"2021",273,"PCPIPCH",2020-06-10,2.8
"2020",138,"PCPIPCH",2020-06-10,0.3
"2021",138,"PCPIPCH",2020-06-10,0.6
"2020",196,"PCPIPCH",2020-06-10,1.5
"2021",196,"PCPIPCH",2020-06-10,0.8
"2020",142,"PCPIPCH",2020-06-10,0.8
"2021",142,"PCPIPCH",2020-06-10,1.3
"2020",964,"PCPIPCH",2020-06-10,3
"2021",964,"PCPIPCH",2020-06-10,1.7
"2020",182,"PCPIPCH",2020-06-10,0.2
"2021",182,"PCPIPCH",2020-06-10,0.2
"2020",968,"PCPIPCH",2020-06-10,1.9
"2021",968,"PCPIPCH",2020-06-10,1.5
"2020",922,"PCPIPCH",2020-06-10,2.9
"2021",922,"PCPIPCH",2020-06-10,4
"2020",936,"PCPIPCH",2020-06-10,1.3
"2021",936,"PCPIPCH",2020-06-10,1.2
"2020",961,"PCPIPCH",2020-06-10,1
"2021",961,"PCPIPCH",2020-06-10,2
"2020",199,"PCPIPCH",2020-06-10,3.5
"2021",199,"PCPIPCH",2020-06-10,3.7
"2020",184,"PCPIPCH",2020-06-10,0
"2021",184,"PCPIPCH",2020-06-10,0.3
"2020",144,"PCPIPCH",2020-06-10,0.3
"2021",144,"PCPIPCH",2020-06-10,1.1
"2020",146,"PCPIPCH",2020-06-10,-0.2
"2021",146,"PCPIPCH",2020-06-10,0.5
"2020",186,"PCPIPCH",2020-06-10,10.6
"2021",186,"PCPIPCH",2020-06-10,9.1
"2020",112,"PCPIPCH",2020-06-10,0.7
"2021",112,"PCPIPCH",2020-06-10,0.6
"2020",111,"PCPIPCH",2020-06-10,1.5
"2021",111,"PCPIPCH",2020-06-10,1.5
"2020",163,"PCPIPCH",2020-06-10,0.4
"2021",163,"PCPIPCH",2020-06-10,0.5
"2020",213,"NGDP_RPCH",2020-09-16,-11.2
"2021",213,"NGDP_RPCH",2020-09-16,3.2
"2020",193,"NGDP_RPCH",2020-09-16,-4.1
"2021",193,"NGDP_RPCH",2020-09-16,2.5
"2020",223,"NGDP_RPCH",2020-09-16,-6.5
"2021",223,"NGDP_RPCH",2020-09-16,3.6
"2020",156,"NGDP_RPCH",2020-09-16,-5.8
"2021",156,"NGDP_RPCH",2020-09-16,4
"2020",924,"NGDP_RPCH",2020-09-16,1.8
"2021",924,"NGDP_RPCH",2020-09-16,8
"2020",132,"NGDP_RPCH",2020-09-16,-9.5
"2021",132,"NGDP_RPCH",2020-09-16,5.8
"2020",134,"NGDP_RPCH",2020-09-16,-5.4
"2021",134,"NGDP_RPCH",2020-09-16,4.6
"2020",534,"NGDP_RPCH",2020-09-16,-10.2
"2021",534,"NGDP_RPCH",2020-09-16,10.7
"2020",536,"NGDP_RPCH",2020-09-16,-3.3
"2021",536,"NGDP_RPCH",2020-09-16,5.3
"2020",136,"NGDP_RPCH",2020-09-16,-10.5
"2021",136,"NGDP_RPCH",2020-09-16,5.4
"2020",158,"NGDP_RPCH",2020-09-16,-5.8
"2021",158,"NGDP_RPCH",2020-09-16,1.5
"2020",542,"NGDP_RPCH",2020-09-16,-1
"2021",542,"NGDP_RPCH",2020-09-16,3.1
"2020",273,"NGDP_RPCH",2020-09-16,-10.2
"2021",273,"NGDP_RPCH",2020-09-16,3
"2020",922,"NGDP_RPCH",2020-09-16,-7.3
"2021",922,"NGDP_RPCH",2020-09-16,5
"2020",456,"NGDP_RPCH",2020-09-16,-6.8
"2021",456,"NGDP_RPCH",2020-09-16,3.2
"2020",199,"NGDP_RPCH",2020-09-16,-11.5
"2021",199,"NGDP_RPCH",2020-09-16,1.4
"2020",186,"NGDP_RPCH",2020-09-16,-2.9
"2021",186,"NGDP_RPCH",2020-09-16,3.9
"2020",112,"NGDP_RPCH",2020-09-16,-10.1
"2021",112,"NGDP_RPCH",2020-09-16,7.6
"2020",111,"NGDP_RPCH",2020-09-16,-3.8
"2021",111,"NGDP_RPCH",2020-09-16,4
"2020",163,"NGDP_RPCH",2020-09-16,-7.9
"2021",163,"NGDP_RPCH",2020-09-16,5.1
"2020",1,"NGDP_RPCH",2020-09-16,-4.5
"2021",1,"NGDP_RPCH",2020-09-16,5
"2020",193,"LUR",2020-12-01,6.8
"2021",193,"LUR",2020-12-01,7.9
"2022",193,"LUR",2020-12-01,7.4
"2020",122,"LUR",2020-12-01,5.6
"2021",122,"LUR",2020-12-01,5.6
"2022",122,"LUR",2020-12-01,5.1
"2020",124,"LUR",2020-12-01,5.7
"2021",124,"LUR",2020-12-01,7.9
"2022",124,"LUR",2020-12-01,6.8
"2020",156,"LUR",2020-12-01,9.6
"2021",156,"LUR",2020-12-01,8.7
"2022",156,"LUR",2020-12-01,7.7
"2020",228,"LUR",2020-12-01,10.8
"2021",228,"LUR",2020-12-01,9.8
"2022",228,"LUR",2020-12-01,8.7
"2020",233,"LUR",2020-12-01,16.1
"2021",233,"LUR",2020-12-01,14.8
"2022",233,"LUR",2020-12-01,13
"2020",935,"LUR",2020-12-01,2.6
"2021",935,"LUR",2020-12-01,3.6
"2022",935,"LUR",2020-12-01,3.6
"2020",128,"LUR",2020-12-01,5.7
"2021",128,"LUR",2020-12-01,6.2
"2022",128,"LUR",2020-12-01,5.7
"2020",939,"LUR",2020-12-01,6.8
"2021",939,"LUR",2020-12-01,7.6
"2022",939,"LUR",2020-12-01,7.3
"2020",172,"LUR",2020-12-01,7.9
"2021",172,"LUR",2020-12-01,8.3
"2022",172,"LUR",2020-12-01,7.7
"2020",132,"LUR",2020-12-01,8.4
"2021",132,"LUR",2020-12-01,10.5
"2022",132,"LUR",2020-12-01,10.2
"2020",134,"LUR",2020-12-01,4.2
"2021",134,"LUR",2020-12-01,4.8
"2022",134,"LUR",2020-12-01,4.3
"2020",174,"LUR",2020-12-01,16.9
"2021",174,"LUR",2020-12-01,17.8
"2022",174,"LUR",2020-12-01,17.2
"2020",944,"LUR",2020-12-01,5
"2021",944,"LUR",2020-12-01,6.4
"2022",944,"LUR",2020-12-01,5.7
"2020",176,"LUR",2020-12-01,5.4
"2021",176,"LUR",2020-12-01,7.5
"2022",176,"LUR",2020-12-01,7.3
"2020",178,"LUR",2020-12-01,5.3
"2021",178,"LUR",2020-12-01,8
"2022",178,"LUR",2020-12-01,7.8
"2020",436,"LUR",2020-12-01,4.7
"2021",436,"LUR",2020-12-01,5.8
"2022",436,"LUR",2020-12-01,4.7
"2020",136,"LUR",2020-12-01,9.4
"2021",136,"LUR",2020-12-01,11
"2022",136,"LUR",2020-12-01,10.9
"2020",158,"LUR",2020-12-01,2.8
"2021",158,"LUR",2020-12-01,2.9
"2022",158,"LUR",2020-12-01,2.8
"2020",542,"LUR",2020-12-01,3.8
"2021",542,"LUR",2020-12-01,3.6
"2022",542,"LUR",2020-12-01,3.2
"2020",941,"LUR",2020-12-01,8.4
"2021",941,"LUR",2020-12-01,8.8
"2022",941,"LUR",2020-12-01,8.1
"2020",946,"LUR",2020-12-01,8.8
"2021",946,"LUR",2020-12-01,8.1
"2022",946,"LUR",2020-12-01,7.3
"2020",137,"LUR",2020-12-01,6.4
"2021",137,"LUR",2020-12-01,7
"2022",137,"LUR",2020-12-01,6.4
"2020",273,"LUR",2020-12-01,5.3
"2021",273,"LUR",2020-12-01,5
"2022",273,"LUR",2020-12-01,4.8
"2020",138,"LUR",2020-12-01,4.1
"2021",138,"LUR",2020-12-01,6.1
"2022",138,"LUR",2020-12-01,6.3
"2020",196,"LUR",2020-12-01,4.9
"2021",196,"LUR",2020-12-01,5.8
"2022",196,"LUR",2020-12-01,5.4
"2020",142,"LUR",2020-12-01,4.5
"2021",142,"LUR",2020-12-01,5
"2022",142,"LUR",2020-12-01,4.4
"2020",964,"LUR",2020-12-01,3.8
"2021",964,"LUR",2020-12-01,5.5
"2022",964,"LUR",2020-12-01,4.3
"2020",182,"LUR",2020-12-01,7.3
"2021",182,"LUR",2020-12-01,9.5
"2022",182,"LUR",2020-12-01,8.2
"2020",936,"LUR",2020-12-01,6.8
"2021",936,"LUR",2020-12-01,7.4
"2022",936,"LUR",2020-12-01,6.8
"2020",961,"LUR",2020-12-01,5.5
"2021",961,"LUR",2020-12-01,5.6
"2022",961,"LUR",2020-12-01,5.2
"2020",184,"LUR",2020-12-01,15.8
"2021",184,"LUR",2020-12-01,17.4
"2022",184,"LUR",2020-12-01,16.9
"2020",144,"LUR",2020-12-01,8.6
"2021",144,"LUR",2020-12-01,9
"2022",144,"LUR",2020-12-01,8
"2020",146,"LUR",2020-12-01,4.9
"2021",146,"LUR",2020-12-01,5.2
"2022",146,"LUR",2020-12-01,4.8
"2020",186,"LUR",2020-12-01,12.5
"2021",186,"LUR",2020-12-01,14.8
"2022",186,"LUR",2020-12-01,15.3
"2020",112,"LUR",2020-12-01,4.6
"2021",112,"LUR",2020-12-01,7.4
"2022",112,"LUR",2020-12-01,6.2
"2020",111,"LUR",2020-12-01,8.1
"2021",111,"LUR",2020-12-01,6.4
"2022",111,"LUR",2020-12-01,5.6
"2020",163,"LUR",2020-12-01,8.1
"2021",163,"LUR",2020-12-01,9.5
"2022",163,"LUR",2020-12-01,9.1
"2020",213,"NGDP_RPCH",2020-12-01,-12.9
"2021",213,"NGDP_RPCH",2020-12-01,3.7
"2022",213,"NGDP_RPCH",2020-12-01,4.6
"2020",193,"NGDP_RPCH",2020-12-01,-3.8
"2021",193,"NGDP_RPCH",2020-12-01,3.2
"2022",193,"NGDP_RPCH",2020-12-01,3.1
"2020",122,"NGDP_RPCH",2020-12-01,-8
"2021",122,"NGDP_RPCH",2020-12-01,1.4
"2022",122,"NGDP_RPCH",2020-12-01,2.3
"2020",124,"NGDP_RPCH",2020-12-01,-7.5
"2021",124,"NGDP_RPCH",2020-12-01,4.7
"2022",124,"NGDP_RPCH",2020-12-01,2.7
"2020",223,"NGDP_RPCH",2020-12-01,-6
"2021",223,"NGDP_RPCH",2020-12-01,2.6
"2022",223,"NGDP_RPCH",2020-12-01,2.2
"2020",918,"NGDP_RPCH",2020-12-01,-4.1
"2021",918,"NGDP_RPCH",2020-12-01,3.3
"2022",918,"NGDP_RPCH",2020-12-01,3.7
"2020",156,"NGDP_RPCH",2020-12-01,-5.4
"2021",156,"NGDP_RPCH",2020-12-01,3.5
"2022",156,"NGDP_RPCH",2020-12-01,2
"2020",228,"NGDP_RPCH",2020-12-01,-6
"2021",228,"NGDP_RPCH",2020-12-01,4.2
"2022",228,"NGDP_RPCH",2020-12-01,3
"2020",924,"NGDP_RPCH",2020-12-01,1.8
"2021",924,"NGDP_RPCH",2020-12-01,8
"2022",924,"NGDP_RPCH",2020-12-01,4.9
"2020",233,"NGDP_RPCH",2020-12-01,-8.3
"2021",233,"NGDP_RPCH",2020-12-01,3.5
"2022",233,"NGDP_RPCH",2020-12-01,3.7
"2020",238,"NGDP_RPCH",2020-12-01,-5.6
"2021",238,"NGDP_RPCH",2020-12-01,2
"2022",238,"NGDP_RPCH",2020-12-01,3.8
"2020",935,"NGDP_RPCH",2020-12-01,-6.8
"2021",935,"NGDP_RPCH",2020-12-01,1.5
"2022",935,"NGDP_RPCH",2020-12-01,3.3
"2020",128,"NGDP_RPCH",2020-12-01,-3.9
"2021",128,"NGDP_RPCH",2020-12-01,1.8
"2022",128,"NGDP_RPCH",2020-12-01,2.5
"2020",939,"NGDP_RPCH",2020-12-01,-4.7
"2021",939,"NGDP_RPCH",2020-12-01,3.4
"2022",939,"NGDP_RPCH",2020-12-01,3.3
"2020",172,"NGDP_RPCH",2020-12-01,-4
"2021",172,"NGDP_RPCH",2020-12-01,1.5
"2022",172,"NGDP_RPCH",2020-12-01,1.8
"2020",132,"NGDP_RPCH",2020-12-01,-9.1
"2021",132,"NGDP_RPCH",2020-12-01,6
"2022",132,"NGDP_RPCH",2020-12-01,3.3
"2020",134,"NGDP_RPCH",2020-12-01,-5.5
"2021",134,"NGDP_RPCH",2020-12-01,2.8
"2022",134,"NGDP_RPCH",2020-12-01,3.3
"2020",174,"NGDP_RPCH",2020-12-01,-10.1
"2021",174,"NGDP_RPCH",2020-12-01,0.9
"2022",174,"NGDP_RPCH",2020-12-01,6.6
"2020",944,"NGDP_RPCH",2020-12-01,-5.7
"2021",944,"NGDP_RPCH",2020-12-01,2.6
"2022",944,"NGDP_RPCH",2020-12-01,3.4
"2020",176,"NGDP_RPCH",2020-12-01,-7.7
"2021",176,"NGDP_RPCH",2020-12-01,3
"2022",176,"NGDP_RPCH",2020-12-01,3.2
"2020",534,"NGDP_RPCH",2020-12-01,-9.9
"2021",534,"NGDP_RPCH",2020-12-01,7.9
"2022",534,"NGDP_RPCH",2020-12-01,4.8
"2020",536,"NGDP_RPCH",2020-12-01,-2.4
"2021",536,"NGDP_RPCH",2020-12-01,4
"2022",536,"NGDP_RPCH",2020-12-01,5.1
"2020",178,"NGDP_RPCH",2020-12-01,-3.2
"2021",178,"NGDP_RPCH",2020-12-01,0.1
"2022",178,"NGDP_RPCH",2020-12-01,4.3
"2020",436,"NGDP_RPCH",2020-12-01,-4.2
"2021",436,"NGDP_RPCH",2020-12-01,2.3
"2022",436,"NGDP_RPCH",2020-12-01,4.2
"2020",136,"NGDP_RPCH",2020-12-01,-9.1
"2021",136,"NGDP_RPCH",2020-12-01,4.3
"2022",136,"NGDP_RPCH",2020-12-01,3.2
"2020",158,"NGDP_RPCH",2020-12-01,-5.3
"2021",158,"NGDP_RPCH",2020-12-01,2.3
"2022",158,"NGDP_RPCH",2020-12-01,1.5
"2020",542,"NGDP_RPCH",2020-12-01,-1.1
"2021",542,"NGDP_RPCH",2020-12-01,2.8
"2022",542,"NGDP_RPCH",2020-12-01,3.4
"2020",941,"NGDP_RPCH",2020-12-01,-4.3
"2021",941,"NGDP_RPCH",2020-12-01,2.4
"2022",941,"NGDP_RPCH",2020-12-01,4
"2020",946,"NGDP_RPCH",2020-12-01,-2
"2021",946,"NGDP_RPCH",2020-12-01,2.7
"2022",946,"NGDP_RPCH",2020-12-01,3.1
"2020",137,"NGDP_RPCH",2020-12-01,-4.4
"2021",137,"NGDP_RPCH",2020-12-01,1.5
"2022",137,"NGDP_RPCH",2020-12-01,3.8
"2020",273,"NGDP_RPCH",2020-12-01,-9.2
"2021",273,"NGDP_RPCH",2020-12-01,3.6
"2022",273,"NGDP_RPCH",2020-12-01,3.4
"2020",138,"NGDP_RPCH",2020-12-01,-4.6
"2021",138,"NGDP_RPCH",2020-12-01,0.8
"2022",138,"NGDP_RPCH",2020-12-01,2.9
"2020",196,"NGDP_RPCH",2020-12-01,-4.8
"2021",196,"NGDP_RPCH",2020-12-01,2.7
"2022",196,"NGDP_RPCH",2020-12-01,2.6
"2020",142,"NGDP_RPCH",2020-12-01,-1.2
"2021",142,"NGDP_RPCH",2020-12-01,3.2
"2022",142,"NGDP_RPCH",2020-12-01,1.5
"2020",964,"NGDP_RPCH",2020-12-01,-3.5
"2021",964,"NGDP_RPCH",2020-12-01,2.9
"2022",964,"NGDP_RPCH",2020-12-01,3.8
"2020",182,"NGDP_RPCH",2020-12-01,-8.4
"2021",182,"NGDP_RPCH",2020-12-01,1.7
"2022",182,"NGDP_RPCH",2020-12-01,1.9
"2020",968,"NGDP_RPCH",2020-12-01,-5.3
"2021",968,"NGDP_RPCH",2020-12-01,2
"2022",968,"NGDP_RPCH",2020-12-01,4.4
"2020",922,"NGDP_RPCH",2020-12-01,-4.3
"2021",922,"NGDP_RPCH",2020-12-01,2.8
"2022",922,"NGDP_RPCH",2020-12-01,2.2
"2020",936,"NGDP_RPCH",2020-12-01,-6.3
"2021",936,"NGDP_RPCH",2020-12-01,2.7
"2022",936,"NGDP_RPCH",2020-12-01,4.3
"2020",961,"NGDP_RPCH",2020-12-01,-7.5
"2021",961,"NGDP_RPCH",2020-12-01,3.4
"2022",961,"NGDP_RPCH",2020-12-01,3.5
"2020",199,"NGDP_RPCH",2020-12-01,-8.1
"2021",199,"NGDP_RPCH",2020-12-01,3.1
"2022",199,"NGDP_RPCH",2020-12-01,2.5
"2020",184,"NGDP_RPCH",2020-12-01,-11.6
"2021",184,"NGDP_RPCH",2020-12-01,5
"2022",184,"NGDP_RPCH",2020-12-01,4
"2020",144,"NGDP_RPCH",2020-12-01,-3.2
"2021",144,"NGDP_RPCH",2020-12-01,3.3
"2022",144,"NGDP_RPCH",2020-12-01,3.3
"2020",146,"NGDP_RPCH",2020-12-01,-4.7
"2021",146,"NGDP_RPCH",2020-12-01,2.2
"2022",146,"NGDP_RPCH",2020-12-01,3.4
"2020",186,"NGDP_RPCH",2020-12-01,-1.3
"2021",186,"NGDP_RPCH",2020-12-01,2.9
"2022",186,"NGDP_RPCH",2020-12-01,3.2
"2020",112,"NGDP_RPCH",2020-12-01,-11.2
"2021",112,"NGDP_RPCH",2020-12-01,4.2
"2022",112,"NGDP_RPCH",2020-12-01,4.1
"2020",111,"NGDP_RPCH",2020-12-01,-3.7
"2021",111,"NGDP_RPCH",2020-12-01,3.2
"2022",111,"NGDP_RPCH",2020-12-01,3.5
"2020",163,"NGDP_RPCH",2020-12-01,-7.5
"2021",163,"NGDP_RPCH",2020-12-01,3.6
"2022",163,"NGDP_RPCH",2020-12-01,3.3
"2020",213,"PCPIPCH",2020-12-01,46.5
"2021",213,"PCPIPCH",2020-12-01,40.1
"2022",213,"PCPIPCH",2020-12-01,40
"2020",193,"PCPIPCH",2020-12-01,0.7
"2021",193,"PCPIPCH",2020-12-01,1.6
"2022",193,"PCPIPCH",2020-12-01,1.6
"2020",122,"PCPIPCH",2020-12-01,1.3
"2021",122,"PCPIPCH",2020-12-01,1.3
"2022",122,"PCPIPCH",2020-12-01,1.6
"2020",124,"PCPIPCH",2020-12-01,0.5
"2021",124,"PCPIPCH",2020-12-01,0.7
"2022",124,"PCPIPCH",2020-12-01,0.6
"2020",223,"PCPIPCH",2020-12-01,2.7
"2021",223,"PCPIPCH",2020-12-01,2.5
"2022",223,"PCPIPCH",2020-12-01,3.2
"2020",918,"PCPIPCH",2020-12-01,1.6
"2021",918,"PCPIPCH",2020-12-01,1.4
"2022",918,"PCPIPCH",2020-12-01,1.8
"2020",156,"PCPIPCH",2020-12-01,0.6
"2021",156,"PCPIPCH",2020-12-01,0.7
"2022",156,"PCPIPCH",2020-12-01,1.2
"2020",228,"PCPIPCH",2020-12-01,2.9
"2021",228,"PCPIPCH",2020-12-01,2.6
"2022",228,"PCPIPCH",2020-12-01,3
"2020",924,"PCPIPCH",2020-12-01,2.8
"2021",924,"PCPIPCH",2020-12-01,2.3
"2022",924,"PCPIPCH",2020-12-01,2.1
"2020",233,"PCPIPCH",2020-12-01,2.5
"2021",233,"PCPIPCH",2020-12-01,2.4
"2022",233,"PCPIPCH",2020-12-01,3
"2020",238,"PCPIPCH",2020-12-01,0.7
"2021",238,"PCPIPCH",2020-12-01,1.5
"2022",238,"PCPIPCH",2020-12-01,2
"2020",935,"PCPIPCH",2020-12-01,3.3
"2021",935,"PCPIPCH",2020-12-01,2.2
"2022",935,"PCPIPCH",2020-12-01,2
"2020",128,"PCPIPCH",2020-12-01,0.4
"2021",128,"PCPIPCH",2020-12-01,0.7
"2022",128,"PCPIPCH",2020-12-01,0.9
"2020",939,"PCPIPCH",2020-12-01,-0.7
"2021",939,"PCPIPCH",2020-12-01,1.3
"2022",939,"PCPIPCH",2020-12-01,2.1
"2020",172,"PCPIPCH",2020-12-01,0.5
"2021",172,"PCPIPCH",2020-12-01,1
"2022",172,"PCPIPCH",2020-12-01,1.4
"2020",132,"PCPIPCH",2020-12-01,0.5
"2021",132,"PCPIPCH",2020-12-01,0.4
"2022",132,"PCPIPCH",2020-12-01,0.8
"2020",134,"PCPIPCH",2020-12-01,0.4
"2021",134,"PCPIPCH",2020-12-01,1.1
"2022",134,"PCPIPCH",2020-12-01,1.3
"2020",174,"PCPIPCH",2020-12-01,-1.2
"2021",174,"PCPIPCH",2020-12-01,-0.2
"2022",174,"PCPIPCH",2020-12-01,0.8
"2020",944,"PCPIPCH",2020-12-01,3.5
"2021",944,"PCPIPCH",2020-12-01,3.3
"2022",944,"PCPIPCH",2020-12-01,3.6
"2020",176,"PCPIPCH",2020-12-01,2.8
"2021",176,"PCPIPCH",2020-12-01,3.1
"2022",176,"PCPIPCH",2020-12-01,3
"2020",534,"PCPIPCH",2020-12-01,5.9
"2021",534,"PCPIPCH",2020-12-01,4.6
"2022",534,"PCPIPCH",2020-12-01,4.6
"2020",536,"PCPIPCH",2020-12-01,1.9
"2021",536,"PCPIPCH",2020-12-01,2
"2022",536,"PCPIPCH",2020-12-01,3
"2020",178,"PCPIPCH",2020-12-01,-0.4
"2021",178,"PCPIPCH",2020-12-01,0.4
"2022",178,"PCPIPCH",2020-12-01,1
"2020",436,"PCPIPCH",2020-12-01,-0.5
"2021",436,"PCPIPCH",2020-12-01,0.3
"2022",436,"PCPIPCH",2020-12-01,0.7
"2020",136,"PCPIPCH",2020-12-01,-0.1
"2021",136,"PCPIPCH",2020-12-01,0.4
"2022",136,"PCPIPCH",2020-12-01,0.8
"2020",158,"PCPIPCH",2020-12-01,0.2
"2021",158,"PCPIPCH",2020-12-01,0.2
"2022",158,"PCPIPCH",2020-12-01,0.4
"2020",542,"PCPIPCH",2020-12-01,0.5
"2021",542,"PCPIPCH",2020-12-01,0.6
"2022",542,"PCPIPCH",2020-12-01,1.1
"2020",941,"PCPIPCH",2020-12-01,0.1
"2021",941,"PCPIPCH",2020-12-01,0.4
"2022",941,"PCPIPCH",2020-12-01,1.5
"2020",946,"PCPIPCH",2020-12-01,1.2
"2021",946,"PCPIPCH",2020-12-01,1.5
"2022",946,"PCPIPCH",2020-12-01,1.8
"2020",137,"PCPIPCH",2020-12-01,0.1
"2021",137,"PCPIPCH",2020-12-01,0.9
"2022",137,"PCPIPCH",2020-12-01,1.3
"2020",273,"PCPIPCH",2020-12-01,3.4
"2021",273,"PCPIPCH",2020-12-01,3.2
"2022",273,"PCPIPCH",2020-12-01,3
"2020",138,"PCPIPCH",2020-12-01,1
"2021",138,"PCPIPCH",2020-12-01,0.9
"2022",138,"PCPIPCH",2020-12-01,1.1
"2020",196,"PCPIPCH",2020-12-01,1.6
"2021",196,"PCPIPCH",2020-12-01,1.1
"2022",196,"PCPIPCH",2020-12-01,1.6
"2020",142,"PCPIPCH",2020-12-01,1.5
"2021",142,"PCPIPCH",2020-12-01,1.9
"2022",142,"PCPIPCH",2020-12-01,1.9
"2020",964,"PCPIPCH",2020-12-01,3.4
"2021",964,"PCPIPCH",2020-12-01,2.3
"2022",964,"PCPIPCH",2020-12-01,2.6
"2020",182,"PCPIPCH",2020-12-01,-0.2
"2021",182,"PCPIPCH",2020-12-01,-0.2
"2022",182,"PCPIPCH",2020-12-01,0.3
"2020",968,"PCPIPCH",2020-12-01,2.8
"2021",968,"PCPIPCH",2020-12-01,2.2
"2022",968,"PCPIPCH",2020-12-01,2.1
"2020",922,"PCPIPCH",2020-12-01,3.3
"2021",922,"PCPIPCH",2020-12-01,4.1
"2022",922,"PCPIPCH",2020-12-01,4.1
"2020",936,"PCPIPCH",2020-12-01,1.9
"2021",936,"PCPIPCH",2020-12-01,0.9
"2022",936,"PCPIPCH",2020-12-01,1.4
"2020",961,"PCPIPCH",2020-12-01,0.1
"2021",961,"PCPIPCH",2020-12-01,1.7
"2022",961,"PCPIPCH",2020-12-01,1.4
"2020",199,"PCPIPCH",2020-12-01,3.4
"2021",199,"PCPIPCH",2020-12-01,3.8
"2022",199,"PCPIPCH",2020-12-01,4.3
"2020",184,"PCPIPCH",2020-12-01,-0.3
"2021",184,"PCPIPCH",2020-12-01,0.4
"2022",184,"PCPIPCH",2020-12-01,0.6
"2020",144,"PCPIPCH",2020-12-01,0.6
"2021",144,"PCPIPCH",2020-12-01,1.1
"2022",144,"PCPIPCH",2020-12-01,1.2
"2020",146,"PCPIPCH",2020-12-01,-0.7
"2021",146,"PCPIPCH",2020-12-01,0.2
"2022",146,"PCPIPCH",2020-12-01,0.4
"2020",186,"PCPIPCH",2020-12-01,12
"2021",186,"PCPIPCH",2020-12-01,11.9
"2022",186,"PCPIPCH",2020-12-01,9.5
"2020",112,"PCPIPCH",2020-12-01,0.8
"2021",112,"PCPIPCH",2020-12-01,0.7
"2022",112,"PCPIPCH",2020-12-01,1.5
"2020",111,"PCPIPCH",2020-12-01,1.4
"2021",111,"PCPIPCH",2020-12-01,1.9
"2022",111,"PCPIPCH",2020-12-01,1.7
"2020",163,"PCPIPCH",2020-12-01,0.3
"2021",163,"PCPIPCH",2020-12-01,0.7
"2022",163,"PCPIPCH",2020-12-01,1
"2021",213,"NGDP_RPCH",2021-03-09,4.6
"2022",213,"NGDP_RPCH",2021-03-09,2.1
"2021",193,"NGDP_RPCH",2021-03-09,4.5
"2022",193,"NGDP_RPCH",2021-03-09,3.1
"2021",223,"NGDP_RPCH",2021-03-09,3.7
"2022",223,"NGDP_RPCH",2021-03-09,2.7
"2021",156,"NGDP_RPCH",2021-03-09,4.7
"2022",156,"NGDP_RPCH",2021-03-09,4
"2021",924,"NGDP_RPCH",2021-03-09,7.8
"2022",924,"NGDP_RPCH",2021-03-09,4.9
"2021",132,"NGDP_RPCH",2021-03-09,5.9
"2022",132,"NGDP_RPCH",2021-03-09,3.8
"2021",134,"NGDP_RPCH",2021-03-09,3
"2022",134,"NGDP_RPCH",2021-03-09,3.7
"2021",534,"NGDP_RPCH",2021-03-09,12.6
"2022",534,"NGDP_RPCH",2021-03-09,5.4
"2021",536,"NGDP_RPCH",2021-03-09,4.9
"2022",536,"NGDP_RPCH",2021-03-09,5.4
"2021",136,"NGDP_RPCH",2021-03-09,4.1
"2022",136,"NGDP_RPCH",2021-03-09,4
"2021",158,"NGDP_RPCH",2021-03-09,2.7
"2022",158,"NGDP_RPCH",2021-03-09,1.8
"2021",542,"NGDP_RPCH",2021-03-09,3.3
"2022",542,"NGDP_RPCH",2021-03-09,3.1
"2021",273,"NGDP_RPCH",2021-03-09,4.5
"2022",273,"NGDP_RPCH",2021-03-09,3
"2021",922,"NGDP_RPCH",2021-03-09,2.7
"2022",922,"NGDP_RPCH",2021-03-09,2.6
"2021",456,"NGDP_RPCH",2021-03-09,2.6
"2022",456,"NGDP_RPCH",2021-03-09,3.9
"2021",199,"NGDP_RPCH",2021-03-09,3
"2022",199,"NGDP_RPCH",2021-03-09,2
"2021",184,"NGDP_RPCH",2021-03-09,5.7
"2022",184,"NGDP_RPCH",2021-03-09,4.8
"2021",186,"NGDP_RPCH",2021-03-09,5.9
"2022",186,"NGDP_RPCH",2021-03-09,3
"2021",112,"NGDP_RPCH",2021-03-09,5.1
"2022",112,"NGDP_RPCH",2021-03-09,4.7
"2021",111,"NGDP_RPCH",2021-03-09,6.5
"2022",111,"NGDP_RPCH",2021-03-09,4
"2021",163,"NGDP_RPCH",2021-03-09,3.9
"2022",163,"NGDP_RPCH",2021-03-09,3.8
"2021",1,"NGDP_RPCH",2021-03-09,5.6
"2022",1,"NGDP_RPCH",2021-03-09,4
"2021",193,"LUR",2021-05-31,5.5
"2022",193,"LUR",2021-05-31,5
"2021",122,"LUR",2021-05-31,5.1
"2022",122,"LUR",2021-05-31,4.8
"2021",124,"LUR",2021-05-31,6.4
"2022",124,"LUR",2021-05-31,6.3
"2021",156,"LUR",2021-05-31,7.9
"2022",156,"LUR",2021-05-31,6.8
"2021",228,"LUR",2021-05-31,9.8
"2022",228,"LUR",2021-05-31,8.2
"2021",233,"LUR",2021-05-31,13.9
"2022",233,"LUR",2021-05-31,12.2
"2021",238,"LUR",2021-05-31,17.9
"2022",238,"LUR",2021-05-31,15.2
"2021",935,"LUR",2021-05-31,3.5
"2022",935,"LUR",2021-05-31,3.5
"2021",128,"LUR",2021-05-31,5.9
"2022",128,"LUR",2021-05-31,5.2
"2021",939,"LUR",2021-05-31,7.7
"2022",939,"LUR",2021-05-31,5.7
"2021",172,"LUR",2021-05-31,7.7
"2022",172,"LUR",2021-05-31,7
"2021",132,"LUR",2021-05-31,8.8
"2022",132,"LUR",2021-05-31,8.7
"2021",134,"LUR",2021-05-31,4.2
"2022",134,"LUR",2021-05-31,3.6
"2021",174,"LUR",2021-05-31,15.9
"2022",174,"LUR",2021-05-31,15.6
"2021",944,"LUR",2021-05-31,4
"2022",944,"LUR",2021-05-31,3.4
"2021",176,"LUR",2021-05-31,8
"2022",176,"LUR",2021-05-31,7.6
"2021",178,"LUR",2021-05-31,7.7
"2022",178,"LUR",2021-05-31,8.1
"2021",436,"LUR",2021-05-31,5.5
"2022",436,"LUR",2021-05-31,5
"2021",136,"LUR",2021-05-31,9.8
"2022",136,"LUR",2021-05-31,9.7
"2021",158,"LUR",2021-05-31,3
"2022",158,"LUR",2021-05-31,2.9
"2021",542,"LUR",2021-05-31,4
"2022",542,"LUR",2021-05-31,3.5
"2021",941,"LUR",2021-05-31,8.4
"2022",941,"LUR",2021-05-31,7.1
"2021",946,"LUR",2021-05-31,8.2
"2022",946,"LUR",2021-05-31,7.6
"2021",137,"LUR",2021-05-31,6.4
"2022",137,"LUR",2021-05-31,6.2
"2021",273,"LUR",2021-05-31,4.1
"2022",273,"LUR",2021-05-31,3.9
"2021",138,"LUR",2021-05-31,4.1
"2022",138,"LUR",2021-05-31,4.7
"2021",196,"LUR",2021-05-31,4.5
"2022",196,"LUR",2021-05-31,4.3
"2021",142,"LUR",2021-05-31,4.7
"2022",142,"LUR",2021-05-31,4
"2021",964,"LUR",2021-05-31,3.4
"2022",964,"LUR",2021-05-31,3.4
"2021",182,"LUR",2021-05-31,7.4
"2022",182,"LUR",2021-05-31,7
"2021",936,"LUR",2021-05-31,7.6
"2022",936,"LUR",2021-05-31,7.2
"2021",961,"LUR",2021-05-31,5.2
"2022",961,"LUR",2021-05-31,4.5
"2021",184,"LUR",2021-05-31,15.4
"2022",184,"LUR",2021-05-31,14.7
"2021",144,"LUR",2021-05-31,8.4
"2022",144,"LUR",2021-05-31,7.5
"2021",146,"LUR",2021-05-31,5.4
"2022",146,"LUR",2021-05-31,5.3
"2021",186,"LUR",2021-05-31,14
"2022",186,"LUR",2021-05-31,14.2
"2021",112,"LUR",2021-05-31,5.4
"2022",112,"LUR",2021-05-31,5.8
"2021",111,"LUR",2021-05-31,5.6
"2022",111,"LUR",2021-05-31,4.3
"2021",163,"LUR",2021-05-31,8.2
"2022",163,"LUR",2021-05-31,7.9
"2021",213,"NGDP_RPCH",2021-05-31,6.1
"2022",213,"NGDP_RPCH",2021-05-31,1.8
"2021",193,"NGDP_RPCH",2021-05-31,5.1
"2022",193,"NGDP_RPCH",2021-05-31,3.4
"2021",122,"NGDP_RPCH",2021-05-31,3.4
"2022",122,"NGDP_RPCH",2021-05-31,4.2
"2021",124,"NGDP_RPCH",2021-05-31,4.7
"2022",124,"NGDP_RPCH",2021-05-31,3.5
"2021",223,"NGDP_RPCH",2021-05-31,3.7
"2022",223,"NGDP_RPCH",2021-05-31,2.5
"2021",918,"NGDP_RPCH",2021-05-31,3.8
"2022",918,"NGDP_RPCH",2021-05-31,4.4
"2021",156,"NGDP_RPCH",2021-05-31,6.1
"2022",156,"NGDP_RPCH",2021-05-31,3.8
"2021",228,"NGDP_RPCH",2021-05-31,6.7
"2022",228,"NGDP_RPCH",2021-05-31,3.5
"2021",924,"NGDP_RPCH",2021-05-31,8.5
"2022",924,"NGDP_RPCH",2021-05-31,5.8
"2021",233,"NGDP_RPCH",2021-05-31,7.6
"2022",233,"NGDP_RPCH",2021-05-31,3.5
"2021",238,"NGDP_RPCH",2021-05-31,2.5
"2022",238,"NGDP_RPCH",2021-05-31,3.4
"2021",935,"NGDP_RPCH",2021-05-31,3.3
"2022",935,"NGDP_RPCH",2021-05-31,4.9
"2021",128,"NGDP_RPCH",2021-05-31,2.8
"2022",128,"NGDP_RPCH",2021-05-31,2.9
"2021",939,"NGDP_RPCH",2021-05-31,2.9
"2022",939,"NGDP_RPCH",2021-05-31,5
"2021",172,"NGDP_RPCH",2021-05-31,2.6
"2022",172,"NGDP_RPCH",2021-05-31,2.7
"2021",132,"NGDP_RPCH",2021-05-31,5.8
"2022",132,"NGDP_RPCH",2021-05-31,4
"2021",134,"NGDP_RPCH",2021-05-31,3.3
"2022",134,"NGDP_RPCH",2021-05-31,4.4
"2021",174,"NGDP_RPCH",2021-05-31,3.8
"2022",174,"NGDP_RPCH",2021-05-31,5
"2021",944,"NGDP_RPCH",2021-05-31,4.6
"2022",944,"NGDP_RPCH",2021-05-31,5
"2021",176,"NGDP_RPCH",2021-05-31,2.8
"2022",176,"NGDP_RPCH",2021-05-31,4.7
"2021",534,"NGDP_RPCH",2021-05-31,9.9
"2022",534,"NGDP_RPCH",2021-05-31,8.2
"2021",536,"NGDP_RPCH",2021-05-31,4.7
"2022",536,"NGDP_RPCH",2021-05-31,5.1
"2021",178,"NGDP_RPCH",2021-05-31,4.2
"2022",178,"NGDP_RPCH",2021-05-31,5.1
"2021",436,"NGDP_RPCH",2021-05-31,5
"2022",436,"NGDP_RPCH",2021-05-31,4.5
"2021",136,"NGDP_RPCH",2021-05-31,4.5
"2022",136,"NGDP_RPCH",2021-05-31,4.4
"2021",158,"NGDP_RPCH",2021-05-31,2.6
"2022",158,"NGDP_RPCH",2021-05-31,2
"2021",542,"NGDP_RPCH",2021-05-31,3.8
"2022",542,"NGDP_RPCH",2021-05-31,2.8
"2021",941,"NGDP_RPCH",2021-05-31,3.2
"2022",941,"NGDP_RPCH",2021-05-31,5.6
"2021",946,"NGDP_RPCH",2021-05-31,3.7
"2022",946,"NGDP_RPCH",2021-05-31,4
"2021",137,"NGDP_RPCH",2021-05-31,4.8
"2022",137,"NGDP_RPCH",2021-05-31,2.8
"2021",273,"NGDP_RPCH",2021-05-31,5
"2022",273,"NGDP_RPCH",2021-05-31,3.2
"2021",138,"NGDP_RPCH",2021-05-31,2.7
"2022",138,"NGDP_RPCH",2021-05-31,3.7
"2021",196,"NGDP_RPCH",2021-05-31,3.5
"2022",196,"NGDP_RPCH",2021-05-31,3.8
"2021",142,"NGDP_RPCH",2021-05-31,3.4
"2022",142,"NGDP_RPCH",2021-05-31,3.7
"2021",964,"NGDP_RPCH",2021-05-31,3.7
"2022",964,"NGDP_RPCH",2021-05-31,4.7
"2021",182,"NGDP_RPCH",2021-05-31,3.7
"2022",182,"NGDP_RPCH",2021-05-31,4.9
"2021",968,"NGDP_RPCH",2021-05-31,6
"2022",968,"NGDP_RPCH",2021-05-31,4.6
"2021",922,"NGDP_RPCH",2021-05-31,3.5
"2022",922,"NGDP_RPCH",2021-05-31,2.8
"2021",936,"NGDP_RPCH",2021-05-31,4.2
"2022",936,"NGDP_RPCH",2021-05-31,5.2
"2021",961,"NGDP_RPCH",2021-05-31,3.5
"2022",961,"NGDP_RPCH",2021-05-31,4.6
"2021",199,"NGDP_RPCH",2021-05-31,3.8
"2022",199,"NGDP_RPCH",2021-05-31,2.5
"2021",184,"NGDP_RPCH",2021-05-31,5.9
"2022",184,"NGDP_RPCH",2021-05-31,6.3
"2021",144,"NGDP_RPCH",2021-05-31,3.9
"2022",144,"NGDP_RPCH",2021-05-31,3.4
"2021",146,"NGDP_RPCH",2021-05-31,3.2
"2022",146,"NGDP_RPCH",2021-05-31,2.9
"2021",186,"NGDP_RPCH",2021-05-31,5.7
"2022",186,"NGDP_RPCH",2021-05-31,3.4
"2021",112,"NGDP_RPCH",2021-05-31,7.2
"2022",112,"NGDP_RPCH",2021-05-31,5.5
"2021",111,"NGDP_RPCH",2021-05-31,6.9
"2022",111,"NGDP_RPCH",2021-05-31,3.6
"2021",163,"NGDP_RPCH",2021-05-31,4.3
"2022",163,"NGDP_RPCH",2021-05-31,4.4
"2021",213,"PCPIPCH",2021-05-31,45
"2022",213,"PCPIPCH",2021-05-31,41.8
"2021",193,"PCPIPCH",2021-05-31,2
"2022",193,"PCPIPCH",2021-05-31,1.7
"2021",122,"PCPIPCH",2021-05-31,2
"2022",122,"PCPIPCH",2021-05-31,1.9
"2021",124,"PCPIPCH",2021-05-31,1.5
"2022",124,"PCPIPCH",2021-05-31,1.2
"2021",223,"PCPIPCH",2021-05-31,6.2
"2022",223,"PCPIPCH",2021-05-31,4
"2021",918,"PCPIPCH",2021-05-31,1.4
"2022",918,"PCPIPCH",2021-05-31,1.9
"2021",156,"PCPIPCH",2021-05-31,2
"2022",156,"PCPIPCH",2021-05-31,1.4
"2021",228,"PCPIPCH",2021-05-31,3.6
"2022",228,"PCPIPCH",2021-05-31,3.1
"2021",924,"PCPIPCH",2021-05-31,1.5
"2022",924,"PCPIPCH",2021-05-31,2.4
"2021",233,"PCPIPCH",2021-05-31,2.1
"2022",233,"PCPIPCH",2021-05-31,3
"2021",238,"PCPIPCH",2021-05-31,1.4
"2022",238,"PCPIPCH",2021-05-31,2.1
"2021",935,"PCPIPCH",2021-05-31,2.4
"2022",935,"PCPIPCH",2021-05-31,2.3
"2021",128,"PCPIPCH",2021-05-31,1.2
"2022",128,"PCPIPCH",2021-05-31,1.4
"2021",939,"PCPIPCH",2021-05-31,1.9
"2022",939,"PCPIPCH",2021-05-31,2.4
"2021",172,"PCPIPCH",2021-05-31,1.7
"2022",172,"PCPIPCH",2021-05-31,1.5
"2021",132,"PCPIPCH",2021-05-31,1.4
"2022",132,"PCPIPCH",2021-05-31,0.8
"2021",134,"PCPIPCH",2021-05-31,2.6
"2022",134,"PCPIPCH",2021-05-31,1.6
"2021",174,"PCPIPCH",2021-05-31,0.2
"2022",174,"PCPIPCH",2021-05-31,1.1
"2021",944,"PCPIPCH",2021-05-31,3.9
"2022",944,"PCPIPCH",2021-05-31,3.9
"2021",176,"PCPIPCH",2021-05-31,4.1
"2022",176,"PCPIPCH",2021-05-31,2.5
"2021",534,"PCPIPCH",2021-05-31,5.4
"2022",534,"PCPIPCH",2021-05-31,4.8
"2021",536,"PCPIPCH",2021-05-31,2.4
"2022",536,"PCPIPCH",2021-05-31,2.9
"2021",178,"PCPIPCH",2021-05-31,0.8
"2022",178,"PCPIPCH",2021-05-31,1.6
"2021",436,"PCPIPCH",2021-05-31,1
"2022",436,"PCPIPCH",2021-05-31,1
"2021",136,"PCPIPCH",2021-05-31,1.3
"2022",136,"PCPIPCH",2021-05-31,1
"2021",158,"PCPIPCH",2021-05-31,0.1
"2022",158,"PCPIPCH",2021-05-31,0.6
"2021",542,"PCPIPCH",2021-05-31,1.8
"2022",542,"PCPIPCH",2021-05-31,1.4
"2021",941,"PCPIPCH",2021-05-31,1.2
"2022",941,"PCPIPCH",2021-05-31,1.7
"2021",946,"PCPIPCH",2021-05-31,1.8
"2022",946,"PCPIPCH",2021-05-31,1.8
"2021",137,"PCPIPCH",2021-05-31,2.2
"2022",137,"PCPIPCH",2021-05-31,1.3
"2021",273,"PCPIPCH",2021-05-31,4.1
"2022",273,"PCPIPCH",2021-05-31,3.1
"2021",138,"PCPIPCH",2021-05-31,1.8
"2022",138,"PCPIPCH",2021-05-31,1.5
"2021",196,"PCPIPCH",2021-05-31,2.1
"2022",196,"PCPIPCH",2021-05-31,1.8
"2021",142,"PCPIPCH",2021-05-31,2.9
"2022",142,"PCPIPCH",2021-05-31,1.9
"2021",964,"PCPIPCH",2021-05-31,3.8
"2022",964,"PCPIPCH",2021-05-31,3.3
"2021",182,"PCPIPCH",2021-05-31,0.9
"2022",182,"PCPIPCH",2021-05-31,1
"2021",968,"PCPIPCH",2021-05-31,3.3
"2022",968,"PCPIPCH",2021-05-31,2.8
"2021",922,"PCPIPCH",2021-05-31,5.9
"2022",922,"PCPIPCH",2021-05-31,4.5
"2021",936,"PCPIPCH",2021-05-31,1.1
"2022",936,"PCPIPCH",2021-05-31,2.2
"2021",961,"PCPIPCH",2021-05-31,0.8
"2022",961,"PCPIPCH",2021-05-31,1.1
"2021",199,"PCPIPCH",2021-05-31,4.1
"2022",199,"PCPIPCH",2021-05-31,4.4
"2021",184,"PCPIPCH",2021-05-31,1.6
"2022",184,"PCPIPCH",2021-05-31,1.1
"2021",144,"PCPIPCH",2021-05-31,1.6
"2022",144,"PCPIPCH",2021-05-31,1.4
"2021",146,"PCPIPCH",2021-05-31,0.2
"2022",146,"PCPIPCH",2021-05-31,0.4
"2021",186,"PCPIPCH",2021-05-31,16
"2022",186,"PCPIPCH",2021-05-31,12.8
"2021",112,"PCPIPCH",2021-05-31,1.3
"2022",112,"PCPIPCH",2021-05-31,1.7
"2021",111,"PCPIPCH",2021-05-31,3.4
"2022",111,"PCPIPCH",2021-05-31,2.7
"2021",163,"PCPIPCH",2021-05-31,1.8
"2022",163,"PCPIPCH",2021-05-31,1.2
"2021",213,"NGDP_RPCH",2021-09-21,7.6
"2022",213,"NGDP_RPCH",2021-09-21,1.9
"2021",193,"NGDP_RPCH",2021-09-21,4
"2022",193,"NGDP_RPCH",2021-09-21,3.3
"2021",223,"NGDP_RPCH",2021-09-21,5.2
"2022",223,"NGDP_RPCH",2021-09-21,2.3
"2021",156,"NGDP_RPCH",2021-09-21,5.4
"2022",156,"NGDP_RPCH",2021-09-21,4.1
"2021",924,"NGDP_RPCH",2021-09-21,8.5
"2022",924,"NGDP_RPCH",2021-09-21,5.8
"2021",132,"NGDP_RPCH",2021-09-21,6.3
"2022",132,"NGDP_RPCH",2021-09-21,4
"2021",134,"NGDP_RPCH",2021-09-21,2.9
"2022",134,"NGDP_RPCH",2021-09-21,4.6
"2021",534,"NGDP_RPCH",2021-09-21,9.7
"2022",534,"NGDP_RPCH",2021-09-21,7.9
"2021",536,"NGDP_RPCH",2021-09-21,3.7
"2022",536,"NGDP_RPCH",2021-09-21,4.9
"2021",136,"NGDP_RPCH",2021-09-21,5.9
"2022",136,"NGDP_RPCH",2021-09-21,4.1
"2021",158,"NGDP_RPCH",2021-09-21,2.5
"2022",158,"NGDP_RPCH",2021-09-21,2.1
"2021",542,"NGDP_RPCH",2021-09-21,4
"2022",542,"NGDP_RPCH",2021-09-21,2.9
"2021",273,"NGDP_RPCH",2021-09-21,6.3
"2022",273,"NGDP_RPCH",2021-09-21,3.4
"2021",922,"NGDP_RPCH",2021-09-21,2.7
"2022",922,"NGDP_RPCH",2021-09-21,3.4
"2021",456,"NGDP_RPCH",2021-09-21,2.3
"2022",456,"NGDP_RPCH",2021-09-21,4.8
"2021",199,"NGDP_RPCH",2021-09-21,4.6
"2022",199,"NGDP_RPCH",2021-09-21,2.5
"2021",184,"NGDP_RPCH",2021-09-21,6.8
"2022",184,"NGDP_RPCH",2021-09-21,6.6
"2021",186,"NGDP_RPCH",2021-09-21,8.4
"2022",186,"NGDP_RPCH",2021-09-21,3.1
"2021",112,"NGDP_RPCH",2021-09-21,6.7
"2022",112,"NGDP_RPCH",2021-09-21,5.2
"2021",111,"NGDP_RPCH",2021-09-21,6
"2022",111,"NGDP_RPCH",2021-09-21,3.9
"2021",163,"NGDP_RPCH",2021-09-21,5.3
"2022",163,"NGDP_RPCH",2021-09-21,4.6
"2021",1,"NGDP_RPCH",2021-09-21,5.7
"2022",1,"NGDP_RPCH",2021-09-21,4.5
"2021",213,"PCPIPCH",2021-09-21,47
"2022",213,"PCPIPCH",2021-09-21,48.3
"2021",193,"PCPIPCH",2021-09-21,2.3
"2022",193,"PCPIPCH",2021-09-21,1.8
"2021",223,"PCPIPCH",2021-09-21,7.2
"2022",223,"PCPIPCH",2021-09-21,4.9
"2021",156,"PCPIPCH",2021-09-21,3.1
"2022",156,"PCPIPCH",2021-09-21,2.8
"2021",924,"PCPIPCH",2021-09-21,1.2
"2022",924,"PCPIPCH",2021-09-21,2.2
"2021",132,"PCPIPCH",2021-09-21,1.9
"2022",132,"PCPIPCH",2021-09-21,1.4
"2021",134,"PCPIPCH",2021-09-21,2.9
"2022",134,"PCPIPCH",2021-09-21,2.1
"2021",534,"PCPIPCH",2021-09-21,5.9
"2022",534,"PCPIPCH",2021-09-21,5.5
"2021",536,"PCPIPCH",2021-09-21,2.2
"2022",536,"PCPIPCH",2021-09-21,2.9
"2021",136,"PCPIPCH",2021-09-21,1.6
"2022",136,"PCPIPCH",2021-09-21,1.6
"2021",158,"PCPIPCH",2021-09-21,-0.4
"2022",158,"PCPIPCH",2021-09-21,0.5
"2021",542,"PCPIPCH",2021-09-21,2.2
"2022",542,"PCPIPCH",2021-09-21,1.8
"2021",273,"PCPIPCH",2021-09-21,5.4
"2022",273,"PCPIPCH",2021-09-21,3.8
"2021",922,"PCPIPCH",2021-09-21,6.1
"2022",922,"PCPIPCH",2021-09-21,5.5
"2021",199,"PCPIPCH",2021-09-21,4.2
"2022",199,"PCPIPCH",2021-09-21,4.4
"2021",184,"PCPIPCH",2021-09-21,2.4
"2022",184,"PCPIPCH",2021-09-21,1.9
"2021",186,"PCPIPCH",2021-09-21,17.8
"2022",186,"PCPIPCH",2021-09-21,15.7
"2021",112,"PCPIPCH",2021-09-21,2.3
"2022",112,"PCPIPCH",2021-09-21,3.1
"2021",163,"PCPIPCH",2021-09-21,2.1
"2022",163,"PCPIPCH",2021-09-21,1.9
"2021",193,"LUR",2021-12-01,5.1
"2022",193,"LUR",2021-12-01,4.7
"2023",193,"LUR",2021-12-01,4.3
"2021",122,"LUR",2021-12-01,5
"2022",122,"LUR",2021-12-01,4.7
"2023",122,"LUR",2021-12-01,4.5
"2021",124,"LUR",2021-12-01,6.3
"2022",124,"LUR",2021-12-01,6.6
"2023",124,"LUR",2021-12-01,6.4
"2021",156,"LUR",2021-12-01,7.6
"2022",156,"LUR",2021-12-01,6.3
"2023",156,"LUR",2021-12-01,5.8
"2021",228,"LUR",2021-12-01,8.9
"2022",228,"LUR",2021-12-01,7.5
"2023",228,"LUR",2021-12-01,6.9
"2021",233,"LUR",2021-12-01,13.8
"2022",233,"LUR",2021-12-01,11.9
"2023",233,"LUR",2021-12-01,10.8
"2021",238,"LUR",2021-12-01,16.8
"2022",238,"LUR",2021-12-01,14.3
"2023",238,"LUR",2021-12-01,13.4
"2021",935,"LUR",2021-12-01,2.9
"2022",935,"LUR",2021-12-01,2.6
"2023",935,"LUR",2021-12-01,2.5
"2021",128,"LUR",2021-12-01,4.9
"2022",128,"LUR",2021-12-01,4.2
"2023",128,"LUR",2021-12-01,4.2
"2021",939,"LUR",2021-12-01,6.2
"2022",939,"LUR",2021-12-01,5.4
"2023",939,"LUR",2021-12-01,5.3
"2021",172,"LUR",2021-12-01,7.7
"2022",172,"LUR",2021-12-01,6.6
"2023",172,"LUR",2021-12-01,6.3
"2021",132,"LUR",2021-12-01,7.8
"2022",132,"LUR",2021-12-01,7.6
"2023",132,"LUR",2021-12-01,7.5
"2021",134,"LUR",2021-12-01,3.6
"2022",134,"LUR",2021-12-01,3.2
"2023",134,"LUR",2021-12-01,3.1
"2021",174,"LUR",2021-12-01,14.6
"2022",174,"LUR",2021-12-01,12.9
"2023",174,"LUR",2021-12-01,12.7
"2021",944,"LUR",2021-12-01,4
"2022",944,"LUR",2021-12-01,3.5
"2023",944,"LUR",2021-12-01,3.6
"2021",176,"LUR",2021-12-01,5.9
"2022",176,"LUR",2021-12-01,4
"2023",176,"LUR",2021-12-01,3.6
"2021",178,"LUR",2021-12-01,6.3
"2022",178,"LUR",2021-12-01,5.7
"2023",178,"LUR",2021-12-01,5.1
"2021",436,"LUR",2021-12-01,5.2
"2022",436,"LUR",2021-12-01,5
"2023",436,"LUR",2021-12-01,4.3
"2021",136,"LUR",2021-12-01,9.6
"2022",136,"LUR",2021-12-01,8.9
"2023",136,"LUR",2021-12-01,8.4
"2021",158,"LUR",2021-12-01,2.8
"2022",158,"LUR",2021-12-01,2.6
"2023",158,"LUR",2021-12-01,2.4
"2021",542,"LUR",2021-12-01,3.6
"2022",542,"LUR",2021-12-01,3.1
"2023",542,"LUR",2021-12-01,3.1
"2021",941,"LUR",2021-12-01,7.5
"2022",941,"LUR",2021-12-01,6.6
"2023",941,"LUR",2021-12-01,6.2
"2021",946,"LUR",2021-12-01,7.1
"2022",946,"LUR",2021-12-01,6.5
"2023",946,"LUR",2021-12-01,6.1
"2021",137,"LUR",2021-12-01,5.8
"2022",137,"LUR",2021-12-01,5.3
"2023",137,"LUR",2021-12-01,5.2
"2021",273,"LUR",2021-12-01,4.1
"2022",273,"LUR",2021-12-01,3.8
"2023",273,"LUR",2021-12-01,3.6
"2021",138,"LUR",2021-12-01,3.4
"2022",138,"LUR",2021-12-01,3.5
"2023",138,"LUR",2021-12-01,3.4
"2021",196,"LUR",2021-12-01,3.9
"2022",196,"LUR",2021-12-01,3.7
"2023",196,"LUR",2021-12-01,3.7
"2021",142,"LUR",2021-12-01,4.9
"2022",142,"LUR",2021-12-01,3.9
"2023",142,"LUR",2021-12-01,3.6
"2021",964,"LUR",2021-12-01,2.6
"2022",964,"LUR",2021-12-01,3.4
"2023",964,"LUR",2021-12-01,3.4
"2021",182,"LUR",2021-12-01,6.9
"2022",182,"LUR",2021-12-01,6.7
"2023",182,"LUR",2021-12-01,6.5
"2021",936,"LUR",2021-12-01,7
"2022",936,"LUR",2021-12-01,6.4
"2023",936,"LUR",2021-12-01,5.8
"2021",961,"LUR",2021-12-01,4.6
"2022",961,"LUR",2021-12-01,4
"2023",961,"LUR",2021-12-01,3.8
"2021",184,"LUR",2021-12-01,15
"2022",184,"LUR",2021-12-01,14.2
"2023",184,"LUR",2021-12-01,13.6
"2021",144,"LUR",2021-12-01,8.8
"2022",144,"LUR",2021-12-01,7.6
"2023",144,"LUR",2021-12-01,6.8
"2021",146,"LUR",2021-12-01,5.1
"2022",146,"LUR",2021-12-01,4.6
"2023",146,"LUR",2021-12-01,4.4
"2021",186,"LUR",2021-12-01,12.2
"2022",186,"LUR",2021-12-01,12.5
"2023",186,"LUR",2021-12-01,12.6
"2021",112,"LUR",2021-12-01,4.5
"2022",112,"LUR",2021-12-01,4.3
"2023",112,"LUR",2021-12-01,4.2
"2021",111,"LUR",2021-12-01,5.4
"2022",111,"LUR",2021-12-01,3.8
"2023",111,"LUR",2021-12-01,3.4
"2021",163,"LUR",2021-12-01,7.7
"2022",163,"LUR",2021-12-01,7.2
"2023",163,"LUR",2021-12-01,7
"2021",213,"NGDP_RPCH",2021-12-01,8
"2022",213,"NGDP_RPCH",2021-12-01,2.5
"2023",213,"NGDP_RPCH",2021-12-01,2.3
"2021",193,"NGDP_RPCH",2021-12-01,3.8
"2022",193,"NGDP_RPCH",2021-12-01,4.1
"2023",193,"NGDP_RPCH",2021-12-01,3
"2021",122,"NGDP_RPCH",2021-12-01,4.1
"2022",122,"NGDP_RPCH",2021-12-01,4.6
"2023",122,"NGDP_RPCH",2021-12-01,2.5
"2021",124,"NGDP_RPCH",2021-12-01,6.1
"2022",124,"NGDP_RPCH",2021-12-01,3.2
"2023",124,"NGDP_RPCH",2021-12-01,1.4
"2021",223,"NGDP_RPCH",2021-12-01,5
"2022",223,"NGDP_RPCH",2021-12-01,1.4
"2023",223,"NGDP_RPCH",2021-12-01,2.1
"2021",918,"NGDP_RPCH",2021-12-01,3.2
"2022",918,"NGDP_RPCH",2021-12-01,4.2
"2023",918,"NGDP_RPCH",2021-12-01,4.5
"2021",156,"NGDP_RPCH",2021-12-01,4.8
"2022",156,"NGDP_RPCH",2021-12-01,3.9
"2023",156,"NGDP_RPCH",2021-12-01,2.8
"2021",228,"NGDP_RPCH",2021-12-01,12
"2022",228,"NGDP_RPCH",2021-12-01,3.5
"2023",228,"NGDP_RPCH",2021-12-01,2
"2021",924,"NGDP_RPCH",2021-12-01,8.1
"2022",924,"NGDP_RPCH",2021-12-01,5.1
"2023",924,"NGDP_RPCH",2021-12-01,5.1
"2021",233,"NGDP_RPCH",2021-12-01,9.5
"2022",233,"NGDP_RPCH",2021-12-01,5.5
"2023",233,"NGDP_RPCH",2021-12-01,3.1
"2021",238,"NGDP_RPCH",2021-12-01,5
"2022",238,"NGDP_RPCH",2021-12-01,3.9
"2023",238,"NGDP_RPCH",2021-12-01,2.9
"2021",935,"NGDP_RPCH",2021-12-01,2.5
"2022",935,"NGDP_RPCH",2021-12-01,3
"2023",935,"NGDP_RPCH",2021-12-01,3.9
"2021",128,"NGDP_RPCH",2021-12-01,4.7
"2022",128,"NGDP_RPCH",2021-12-01,2.4
"2023",128,"NGDP_RPCH",2021-12-01,1.7
"2021",939,"NGDP_RPCH",2021-12-01,9.6
"2022",939,"NGDP_RPCH",2021-12-01,4.5
"2023",939,"NGDP_RPCH",2021-12-01,3.8
"2021",172,"NGDP_RPCH",2021-12-01,3.5
"2022",172,"NGDP_RPCH",2021-12-01,2.9
"2023",172,"NGDP_RPCH",2021-12-01,1.5
"2021",132,"NGDP_RPCH",2021-12-01,6.8
"2022",132,"NGDP_RPCH",2021-12-01,4.2
"2023",132,"NGDP_RPCH",2021-12-01,2.1
"2021",134,"NGDP_RPCH",2021-12-01,2.9
"2022",134,"NGDP_RPCH",2021-12-01,4.1
"2023",134,"NGDP_RPCH",2021-12-01,2.4
"2021",174,"NGDP_RPCH",2021-12-01,6.7
"2022",174,"NGDP_RPCH",2021-12-01,4.8
"2023",174,"NGDP_RPCH",2021-12-01,2.9
"2021",944,"NGDP_RPCH",2021-12-01,6.9
"2022",944,"NGDP_RPCH",2021-12-01,5
"2023",944,"NGDP_RPCH",2021-12-01,3
"2021",176,"NGDP_RPCH",2021-12-01,5
"2022",176,"NGDP_RPCH",2021-12-01,5.2
"2023",176,"NGDP_RPCH",2021-12-01,4
"2021",534,"NGDP_RPCH",2021-12-01,9.4
"2022",534,"NGDP_RPCH",2021-12-01,8.1
"2023",534,"NGDP_RPCH",2021-12-01,5.5
"2021",536,"NGDP_RPCH",2021-12-01,3.3
"2022",536,"NGDP_RPCH",2021-12-01,5.2
"2023",536,"NGDP_RPCH",2021-12-01,5.1
"2021",178,"NGDP_RPCH",2021-12-01,15.2
"2022",178,"NGDP_RPCH",2021-12-01,5.7
"2023",178,"NGDP_RPCH",2021-12-01,3.9
"2021",436,"NGDP_RPCH",2021-12-01,6.3
"2022",436,"NGDP_RPCH",2021-12-01,4.9
"2023",436,"NGDP_RPCH",2021-12-01,4
"2021",136,"NGDP_RPCH",2021-12-01,6.3
"2022",136,"NGDP_RPCH",2021-12-01,4.6
"2023",136,"NGDP_RPCH",2021-12-01,2.6
"2021",158,"NGDP_RPCH",2021-12-01,1.8
"2022",158,"NGDP_RPCH",2021-12-01,3.4
"2023",158,"NGDP_RPCH",2021-12-01,1.1
"2021",542,"NGDP_RPCH",2021-12-01,4
"2022",542,"NGDP_RPCH",2021-12-01,3
"2023",542,"NGDP_RPCH",2021-12-01,2.7
"2021",941,"NGDP_RPCH",2021-12-01,4.3
"2022",941,"NGDP_RPCH",2021-12-01,3.6
"2023",941,"NGDP_RPCH",2021-12-01,4.8
"2021",946,"NGDP_RPCH",2021-12-01,5.1
"2022",946,"NGDP_RPCH",2021-12-01,3.8
"2023",946,"NGDP_RPCH",2021-12-01,3.5
"2021",137,"NGDP_RPCH",2021-12-01,6.5
"2022",137,"NGDP_RPCH",2021-12-01,3.7
"2023",137,"NGDP_RPCH",2021-12-01,3.1
"2021",273,"NGDP_RPCH",2021-12-01,5.9
"2022",273,"NGDP_RPCH",2021-12-01,3.3
"2023",273,"NGDP_RPCH",2021-12-01,2.5
"2021",138,"NGDP_RPCH",2021-12-01,4.3
"2022",138,"NGDP_RPCH",2021-12-01,3.2
"2023",138,"NGDP_RPCH",2021-12-01,1.8
"2021",196,"NGDP_RPCH",2021-12-01,4.7
"2022",196,"NGDP_RPCH",2021-12-01,3.9
"2023",196,"NGDP_RPCH",2021-12-01,2.5
"2021",142,"NGDP_RPCH",2021-12-01,4.1
"2022",142,"NGDP_RPCH",2021-12-01,4.6
"2023",142,"NGDP_RPCH",2021-12-01,2.4
"2021",964,"NGDP_RPCH",2021-12-01,5.3
"2022",964,"NGDP_RPCH",2021-12-01,5.2
"2023",964,"NGDP_RPCH",2021-12-01,3.3
"2021",182,"NGDP_RPCH",2021-12-01,4.8
"2022",182,"NGDP_RPCH",2021-12-01,5.8
"2023",182,"NGDP_RPCH",2021-12-01,2.8
"2021",968,"NGDP_RPCH",2021-12-01,6.3
"2022",968,"NGDP_RPCH",2021-12-01,4.5
"2023",968,"NGDP_RPCH",2021-12-01,4.5
"2021",922,"NGDP_RPCH",2021-12-01,4.3
"2022",922,"NGDP_RPCH",2021-12-01,2.7
"2023",922,"NGDP_RPCH",2021-12-01,1.3
"2021",936,"NGDP_RPCH",2021-12-01,3.2
"2022",936,"NGDP_RPCH",2021-12-01,5
"2023",936,"NGDP_RPCH",2021-12-01,4.8
"2021",961,"NGDP_RPCH",2021-12-01,5.9
"2022",961,"NGDP_RPCH",2021-12-01,5.4
"2023",961,"NGDP_RPCH",2021-12-01,3.2
"2021",199,"NGDP_RPCH",2021-12-01,5.2
"2022",199,"NGDP_RPCH",2021-12-01,1.9
"2023",199,"NGDP_RPCH",2021-12-01,1.6
"2021",184,"NGDP_RPCH",2021-12-01,4.5
"2022",184,"NGDP_RPCH",2021-12-01,5.5
"2023",184,"NGDP_RPCH",2021-12-01,3.8
"2021",144,"NGDP_RPCH",2021-12-01,4.3
"2022",144,"NGDP_RPCH",2021-12-01,3.4
"2023",144,"NGDP_RPCH",2021-12-01,1.6
"2021",146,"NGDP_RPCH",2021-12-01,2.9
"2022",146,"NGDP_RPCH",2021-12-01,3
"2023",146,"NGDP_RPCH",2021-12-01,2.1
"2021",186,"NGDP_RPCH",2021-12-01,9
"2022",186,"NGDP_RPCH",2021-12-01,3.3
"2023",186,"NGDP_RPCH",2021-12-01,3.9
"2021",112,"NGDP_RPCH",2021-12-01,6.9
"2022",112,"NGDP_RPCH",2021-12-01,4.7
"2023",112,"NGDP_RPCH",2021-12-01,2.1
"2021",111,"NGDP_RPCH",2021-12-01,5.6
"2022",111,"NGDP_RPCH",2021-12-01,3.7
"2023",111,"NGDP_RPCH",2021-12-01,2.4
"2021",163,"NGDP_RPCH",2021-12-01,5.2
"2022",163,"NGDP_RPCH",2021-12-01,4.3
"2023",163,"NGDP_RPCH",2021-12-01,2.5
"2021",213,"PCPIPCH",2021-12-01,49.1
"2022",213,"PCPIPCH",2021-12-01,44.4
"2023",213,"PCPIPCH",2021-12-01,38.3
"2021",193,"PCPIPCH",2021-12-01,2.7
"2022",193,"PCPIPCH",2021-12-01,2.7
"2023",193,"PCPIPCH",2021-12-01,2.1
"2021",122,"PCPIPCH",2021-12-01,2.8
"2022",122,"PCPIPCH",2021-12-01,3
"2023",122,"PCPIPCH",2021-12-01,2.3
"2021",124,"PCPIPCH",2021-12-01,2.9
"2022",124,"PCPIPCH",2021-12-01,3.3
"2023",124,"PCPIPCH",2021-12-01,2.1
"2021",223,"PCPIPCH",2021-12-01,7.8
"2022",223,"PCPIPCH",2021-12-01,5.1
"2023",223,"PCPIPCH",2021-12-01,3.5
"2021",918,"PCPIPCH",2021-12-01,3
"2022",918,"PCPIPCH",2021-12-01,4.8
"2023",918,"PCPIPCH",2021-12-01,2.3
"2021",156,"PCPIPCH",2021-12-01,3.3
"2022",156,"PCPIPCH",2021-12-01,3.3
"2023",156,"PCPIPCH",2021-12-01,2.1
"2021",228,"PCPIPCH",2021-12-01,4.3
"2022",228,"PCPIPCH",2021-12-01,5.4
"2023",228,"PCPIPCH",2021-12-01,3.2
"2021",924,"PCPIPCH",2021-12-01,0.8
"2022",924,"PCPIPCH",2021-12-01,1.7
"2023",924,"PCPIPCH",2021-12-01,2.4
"2021",233,"PCPIPCH",2021-12-01,3.5
"2022",233,"PCPIPCH",2021-12-01,4.6
"2023",233,"PCPIPCH",2021-12-01,3.3
"2021",238,"PCPIPCH",2021-12-01,1.6
"2022",238,"PCPIPCH",2021-12-01,2.4
"2023",238,"PCPIPCH",2021-12-01,2.6
"2021",935,"PCPIPCH",2021-12-01,3.8
"2022",935,"PCPIPCH",2021-12-01,6.1
"2023",935,"PCPIPCH",2021-12-01,2.3
"2021",128,"PCPIPCH",2021-12-01,1.8
"2022",128,"PCPIPCH",2021-12-01,2.6
"2023",128,"PCPIPCH",2021-12-01,2.3
"2021",939,"PCPIPCH",2021-12-01,4.1
"2022",939,"PCPIPCH",2021-12-01,6
"2023",939,"PCPIPCH",2021-12-01,3.2
"2021",172,"PCPIPCH",2021-12-01,1.9
"2022",172,"PCPIPCH",2021-12-01,1.9
"2023",172,"PCPIPCH",2021-12-01,1.8
"2021",132,"PCPIPCH",2021-12-01,2.1
"2022",132,"PCPIPCH",2021-12-01,2.3
"2023",132,"PCPIPCH",2021-12-01,1.4
"2021",134,"PCPIPCH",2021-12-01,3.1
"2022",134,"PCPIPCH",2021-12-01,2.8
"2023",134,"PCPIPCH",2021-12-01,2.2
"2021",174,"PCPIPCH",2021-12-01,0.4
"2022",174,"PCPIPCH",2021-12-01,3.1
"2023",174,"PCPIPCH",2021-12-01,1.5
"2021",944,"PCPIPCH",2021-12-01,5
"2022",944,"PCPIPCH",2021-12-01,6
"2023",944,"PCPIPCH",2021-12-01,4
"2021",176,"PCPIPCH",2021-12-01,4.3
"2022",176,"PCPIPCH",2021-12-01,3.5
"2023",176,"PCPIPCH",2021-12-01,2.5
"2021",534,"PCPIPCH",2021-12-01,6.4
"2022",534,"PCPIPCH",2021-12-01,4.8
"2023",534,"PCPIPCH",2021-12-01,4.2
"2021",536,"PCPIPCH",2021-12-01,1.7
"2022",536,"PCPIPCH",2021-12-01,2.8
"2023",536,"PCPIPCH",2021-12-01,3.1
"2021",178,"PCPIPCH",2021-12-01,2.1
"2022",178,"PCPIPCH",2021-12-01,2.7
"2023",178,"PCPIPCH",2021-12-01,1.7
"2021",436,"PCPIPCH",2021-12-01,1.5
"2022",436,"PCPIPCH",2021-12-01,2.1
"2023",436,"PCPIPCH",2021-12-01,1.4
"2021",136,"PCPIPCH",2021-12-01,1.8
"2022",136,"PCPIPCH",2021-12-01,2.2
"2023",136,"PCPIPCH",2021-12-01,1.6
"2021",158,"PCPIPCH",2021-12-01,-0.2
"2022",158,"PCPIPCH",2021-12-01,0.8
"2023",158,"PCPIPCH",2021-12-01,0.8
"2021",542,"PCPIPCH",2021-12-01,2.4
"2022",542,"PCPIPCH",2021-12-01,2.1
"2023",542,"PCPIPCH",2021-12-01,1.5
"2021",941,"PCPIPCH",2021-12-01,2.9
"2022",941,"PCPIPCH",2021-12-01,4.9
"2023",941,"PCPIPCH",2021-12-01,2.7
"2021",946,"PCPIPCH",2021-12-01,3.8
"2022",946,"PCPIPCH",2021-12-01,3.2
"2023",946,"PCPIPCH",2021-12-01,2.5
"2021",137,"PCPIPCH",2021-12-01,3.2
"2022",137,"PCPIPCH",2021-12-01,2.9
"2023",137,"PCPIPCH",2021-12-01,2
"2021",273,"PCPIPCH",2021-12-01,5.6
"2022",273,"PCPIPCH",2021-12-01,4.4
"2023",273,"PCPIPCH",2021-12-01,3.3
"2021",138,"PCPIPCH",2021-12-01,2.4
"2022",138,"PCPIPCH",2021-12-01,3.1
"2023",138,"PCPIPCH",2021-12-01,1.7
"2021",196,"PCPIPCH",2021-12-01,3.8
"2022",196,"PCPIPCH",2021-12-01,3.9
"2023",196,"PCPIPCH",2021-12-01,2.7
"2021",142,"PCPIPCH",2021-12-01,3.4
"2022",142,"PCPIPCH",2021-12-01,2
"2023",142,"PCPIPCH",2021-12-01,1.4
"2021",964,"PCPIPCH",2021-12-01,4.8
"2022",964,"PCPIPCH",2021-12-01,6.2
"2023",964,"PCPIPCH",2021-12-01,3.5
"2021",182,"PCPIPCH",2021-12-01,0.8
"2022",182,"PCPIPCH",2021-12-01,1.7
"2023",182,"PCPIPCH",2021-12-01,1.1
"2021",968,"PCPIPCH",2021-12-01,4.9
"2022",968,"PCPIPCH",2021-12-01,5.6
"2023",968,"PCPIPCH",2021-12-01,3.6
"2021",922,"PCPIPCH",2021-12-01,6.3
"2022",922,"PCPIPCH",2021-12-01,5.9
"2023",922,"PCPIPCH",2021-12-01,4.4
"2021",936,"PCPIPCH",2021-12-01,2.6
"2022",936,"PCPIPCH",2021-12-01,4.1
"2023",936,"PCPIPCH",2021-12-01,2.5
"2021",961,"PCPIPCH",2021-12-01,1.7
"2022",961,"PCPIPCH",2021-12-01,2.8
"2023",961,"PCPIPCH",2021-12-01,3
"2021",199,"PCPIPCH",2021-12-01,4.4
"2022",199,"PCPIPCH",2021-12-01,4.8
"2023",199,"PCPIPCH",2021-12-01,4.5
"2021",184,"PCPIPCH",2021-12-01,2.9
"2022",184,"PCPIPCH",2021-12-01,3.2
"2023",184,"PCPIPCH",2021-12-01,1.5
"2021",144,"PCPIPCH",2021-12-01,2
"2022",144,"PCPIPCH",2021-12-01,2.6
"2023",144,"PCPIPCH",2021-12-01,2.1
"2021",146,"PCPIPCH",2021-12-01,0.6
"2022",146,"PCPIPCH",2021-12-01,1
"2023",146,"PCPIPCH",2021-12-01,0.8
"2021",186,"PCPIPCH",2021-12-01,18.7
"2022",186,"PCPIPCH",2021-12-01,23.9
"2023",186,"PCPIPCH",2021-12-01,21.7
"2021",112,"PCPIPCH",2021-12-01,2.4
"2022",112,"PCPIPCH",2021-12-01,4.4
"2023",112,"PCPIPCH",2021-12-01,2.4
"2021",111,"PCPIPCH",2021-12-01,4.6
"2022",111,"PCPIPCH",2021-12-01,4.8
"2023",111,"PCPIPCH",2021-12-01,2.5
"2021",163,"PCPIPCH",2021-12-01,2.4
"2022",163,"PCPIPCH",2021-12-01,2.7
"2023",163,"PCPIPCH",2021-12-01,1.8
"2022",193,"LUR",2022-06-08,4.1
"2023",193,"LUR",2022-06-08,4
"2022",122,"LUR",2022-06-08,5.2
"2023",122,"LUR",2022-06-08,5
"2022",124,"LUR",2022-06-08,6
"2023",124,"LUR",2022-06-08,6.4
"2022",156,"LUR",2022-06-08,5.6
"2023",156,"LUR",2022-06-08,5.4
"2022",228,"LUR",2022-06-08,8.2
"2023",228,"LUR",2022-06-08,8.1
"2022",233,"LUR",2022-06-08,11.6
"2023",233,"LUR",2022-06-08,9.9
"2022",238,"LUR",2022-06-08,13.2
"2023",238,"LUR",2022-06-08,12
"2022",935,"LUR",2022-06-08,2.5
"2023",935,"LUR",2022-06-08,2.6
"2022",128,"LUR",2022-06-08,5.1
"2023",128,"LUR",2022-06-08,5.5
"2022",939,"LUR",2022-06-08,7.1
"2023",939,"LUR",2022-06-08,8.3
"2022",172,"LUR",2022-06-08,7.2
"2023",172,"LUR",2022-06-08,7.7
"2022",132,"LUR",2022-06-08,7.5
"2023",132,"LUR",2022-06-08,7.8
"2022",134,"LUR",2022-06-08,3.1
"2023",134,"LUR",2022-06-08,3.4
"2022",174,"LUR",2022-06-08,12.4
"2023",174,"LUR",2022-06-08,12.6
"2022",944,"LUR",2022-06-08,3.8
"2023",944,"LUR",2022-06-08,3.7
"2022",176,"LUR",2022-06-08,4.5
"2023",176,"LUR",2022-06-08,4.5
"2022",178,"LUR",2022-06-08,4.8
"2023",178,"LUR",2022-06-08,5
"2022",436,"LUR",2022-06-08,3.7
"2023",436,"LUR",2022-06-08,3.6
"2022",136,"LUR",2022-06-08,9
"2023",136,"LUR",2022-06-08,9.3
"2022",158,"LUR",2022-06-08,2.6
"2023",158,"LUR",2022-06-08,2.5
"2022",542,"LUR",2022-06-08,3.2
"2023",542,"LUR",2022-06-08,3.1
"2022",941,"LUR",2022-06-08,7.2
"2023",941,"LUR",2022-06-08,7.4
"2022",946,"LUR",2022-06-08,7.2
"2023",946,"LUR",2022-06-08,7.4
"2022",137,"LUR",2022-06-08,4.7
"2023",137,"LUR",2022-06-08,5
"2022",273,"LUR",2022-06-08,3.6
"2023",273,"LUR",2022-06-08,3.8
"2022",138,"LUR",2022-06-08,3.8
"2023",138,"LUR",2022-06-08,4.4
"2022",196,"LUR",2022-06-08,3.2
"2023",196,"LUR",2022-06-08,3.5
"2022",142,"LUR",2022-06-08,2.8
"2023",142,"LUR",2022-06-08,2.8
"2022",964,"LUR",2022-06-08,2.9
"2023",964,"LUR",2022-06-08,2.9
"2022",182,"LUR",2022-06-08,5.8
"2023",182,"LUR",2022-06-08,5.7
"2022",936,"LUR",2022-06-08,6.7
"2023",936,"LUR",2022-06-08,6.4
"2022",961,"LUR",2022-06-08,3.9
"2023",961,"LUR",2022-06-08,3.7
"2022",184,"LUR",2022-06-08,13.6
"2023",184,"LUR",2022-06-08,13.9
"2022",144,"LUR",2022-06-08,7.4
"2023",144,"LUR",2022-06-08,7.4
"2022",146,"LUR",2022-06-08,4.7
"2023",146,"LUR",2022-06-08,4.6
"2022",186,"LUR",2022-06-08,11.8
"2023",186,"LUR",2022-06-08,11.8
"2022",112,"LUR",2022-06-08,3.8
"2023",112,"LUR",2022-06-08,4.3
"2022",111,"LUR",2022-06-08,3.6
"2023",111,"LUR",2022-06-08,3.8
"2022",163,"LUR",2022-06-08,7.1
"2023",163,"LUR",2022-06-08,7.4
"2022",213,"NGDP_RPCH",2022-06-08,3.6
"2023",213,"NGDP_RPCH",2022-06-08,1.9
"2022",193,"NGDP_RPCH",2022-06-08,4.2
"2023",193,"NGDP_RPCH",2022-06-08,2.5
"2022",122,"NGDP_RPCH",2022-06-08,3.6
"2023",122,"NGDP_RPCH",2022-06-08,1.4
"2022",124,"NGDP_RPCH",2022-06-08,2.4
"2023",124,"NGDP_RPCH",2022-06-08,1
"2022",223,"NGDP_RPCH",2022-06-08,0.6
"2023",223,"NGDP_RPCH",2022-06-08,1.2
"2022",918,"NGDP_RPCH",2022-06-08,2.5
"2023",918,"NGDP_RPCH",2022-06-08,2.3
"2022",156,"NGDP_RPCH",2022-06-08,3.8
"2023",156,"NGDP_RPCH",2022-06-08,2.6
"2022",228,"NGDP_RPCH",2022-06-08,1.4
"2023",228,"NGDP_RPCH",2022-06-08,0.1
"2022",924,"NGDP_RPCH",2022-06-08,4.4
"2023",924,"NGDP_RPCH",2022-06-08,4.9
"2022",233,"NGDP_RPCH",2022-06-08,6.1
"2023",233,"NGDP_RPCH",2022-06-08,2.1
"2022",238,"NGDP_RPCH",2022-06-08,3.2
"2023",238,"NGDP_RPCH",2022-06-08,2.6
"2022",935,"NGDP_RPCH",2022-06-08,1.8
"2023",935,"NGDP_RPCH",2022-06-08,2
"2022",128,"NGDP_RPCH",2022-06-08,3
"2023",128,"NGDP_RPCH",2022-06-08,1.4
"2022",939,"NGDP_RPCH",2022-06-08,1.3
"2023",939,"NGDP_RPCH",2022-06-08,1.8
"2022",172,"NGDP_RPCH",2022-06-08,1.1
"2023",172,"NGDP_RPCH",2022-06-08,0.6
"2022",132,"NGDP_RPCH",2022-06-08,2.4
"2023",132,"NGDP_RPCH",2022-06-08,1.4
"2022",134,"NGDP_RPCH",2022-06-08,1.9
"2023",134,"NGDP_RPCH",2022-06-08,1.7
"2022",174,"NGDP_RPCH",2022-06-08,2.8
"2023",174,"NGDP_RPCH",2022-06-08,2.5
"2022",944,"NGDP_RPCH",2022-06-08,4
"2023",944,"NGDP_RPCH",2022-06-08,2.5
"2022",176,"NGDP_RPCH",2022-06-08,4.2
"2023",176,"NGDP_RPCH",2022-06-08,2.8
"2022",534,"NGDP_RPCH",2022-06-08,6.9
"2023",534,"NGDP_RPCH",2022-06-08,6.2
"2022",536,"NGDP_RPCH",2022-06-08,4.7
"2023",536,"NGDP_RPCH",2022-06-08,4.7
"2022",178,"NGDP_RPCH",2022-06-08,4.8
"2023",178,"NGDP_RPCH",2022-06-08,2.7
"2022",436,"NGDP_RPCH",2022-06-08,4.8
"2023",436,"NGDP_RPCH",2022-06-08,3.4
"2022",136,"NGDP_RPCH",2022-06-08,2.5
"2023",136,"NGDP_RPCH",2022-06-08,1.2
"2022",158,"NGDP_RPCH",2022-06-08,1.7
"2023",158,"NGDP_RPCH",2022-06-08,1.8
"2022",542,"NGDP_RPCH",2022-06-08,2.7
"2023",542,"NGDP_RPCH",2022-06-08,2.5
"2022",941,"NGDP_RPCH",2022-06-08,3.5
"2023",941,"NGDP_RPCH",2022-06-08,1.6
"2022",946,"NGDP_RPCH",2022-06-08,1.8
"2023",946,"NGDP_RPCH",2022-06-08,1.6
"2022",137,"NGDP_RPCH",2022-06-08,2.9
"2023",137,"NGDP_RPCH",2022-06-08,2.1
"2022",273,"NGDP_RPCH",2022-06-08,1.9
"2023",273,"NGDP_RPCH",2022-06-08,2.1
"2022",138,"NGDP_RPCH",2022-06-08,2.9
"2023",138,"NGDP_RPCH",2022-06-08,1.1
"2022",196,"NGDP_RPCH",2022-06-08,3
"2023",196,"NGDP_RPCH",2022-06-08,2
"2022",142,"NGDP_RPCH",2022-06-08,4
"2023",142,"NGDP_RPCH",2022-06-08,2.3
"2022",964,"NGDP_RPCH",2022-06-08,4.4
"2023",964,"NGDP_RPCH",2022-06-08,1.8
"2022",182,"NGDP_RPCH",2022-06-08,5.4
"2023",182,"NGDP_RPCH",2022-06-08,1.7
"2022",968,"NGDP_RPCH",2022-06-08,3.1
"2023",968,"NGDP_RPCH",2022-06-08,2.6
"2022",922,"NGDP_RPCH",2022-06-08,-10
"2023",922,"NGDP_RPCH",2022-06-08,-4.1
"2022",936,"NGDP_RPCH",2022-06-08,2.3
"2023",936,"NGDP_RPCH",2022-06-08,3.4
"2022",961,"NGDP_RPCH",2022-06-08,4.6
"2023",961,"NGDP_RPCH",2022-06-08,2.5
"2022",199,"NGDP_RPCH",2022-06-08,1.8
"2023",199,"NGDP_RPCH",2022-06-08,1.3
"2022",184,"NGDP_RPCH",2022-06-08,4.1
"2023",184,"NGDP_RPCH",2022-06-08,2.2
"2022",144,"NGDP_RPCH",2022-06-08,2.2
"2023",144,"NGDP_RPCH",2022-06-08,1
"2022",146,"NGDP_RPCH",2022-06-08,2.5
"2023",146,"NGDP_RPCH",2022-06-08,1.3
"2022",186,"NGDP_RPCH",2022-06-08,3.7
"2023",186,"NGDP_RPCH",2022-06-08,3
"2022",112,"NGDP_RPCH",2022-06-08,3.6
"2023",112,"NGDP_RPCH",2022-06-08,0
"2022",111,"NGDP_RPCH",2022-06-08,2.5
"2023",111,"NGDP_RPCH",2022-06-08,1.2
"2022",163,"NGDP_RPCH",2022-06-08,2.6
"2023",163,"NGDP_RPCH",2022-06-08,1.6
"2022",213,"PCPIPCH",2022-06-08,60.1
"2023",213,"PCPIPCH",2022-06-08,50.6
"2022",193,"PCPIPCH",2022-06-08,5.2
"2023",193,"PCPIPCH",2022-06-08,4.1
"2022",122,"PCPIPCH",2022-06-08,6.7
"2023",122,"PCPIPCH",2022-06-08,4.7
"2022",124,"PCPIPCH",2022-06-08,9
"2023",124,"PCPIPCH",2022-06-08,4.8
"2022",223,"PCPIPCH",2022-06-08,9.7
"2023",223,"PCPIPCH",2022-06-08,5.3
"2022",918,"PCPIPCH",2022-06-08,14.1
"2023",918,"PCPIPCH",2022-06-08,8.5
"2022",156,"PCPIPCH",2022-06-08,6
"2023",156,"PCPIPCH",2022-06-08,3.9
"2022",228,"PCPIPCH",2022-06-08,9
"2023",228,"PCPIPCH",2022-06-08,5.2
"2022",924,"PCPIPCH",2022-06-08,2
"2023",924,"PCPIPCH",2022-06-08,3
"2022",233,"PCPIPCH",2022-06-08,8.4
"2023",233,"PCPIPCH",2022-06-08,5.4
"2022",238,"PCPIPCH",2022-06-08,5.7
"2023",238,"PCPIPCH",2022-06-08,5.6
"2022",935,"PCPIPCH",2022-06-08,13
"2023",935,"PCPIPCH",2022-06-08,5.6
"2022",128,"PCPIPCH",2022-06-08,5.2
"2023",128,"PCPIPCH",2022-06-08,3.9
"2022",939,"PCPIPCH",2022-06-08,14.5
"2023",939,"PCPIPCH",2022-06-08,10.9
"2022",172,"PCPIPCH",2022-06-08,6.2
"2023",172,"PCPIPCH",2022-06-08,4.6
"2022",132,"PCPIPCH",2022-06-08,5.2
"2023",132,"PCPIPCH",2022-06-08,4.5
"2022",134,"PCPIPCH",2022-06-08,7.2
"2023",134,"PCPIPCH",2022-06-08,4.7
"2022",174,"PCPIPCH",2022-06-08,8.8
"2023",174,"PCPIPCH",2022-06-08,3.4
"2022",944,"PCPIPCH",2022-06-08,10.3
"2023",944,"PCPIPCH",2022-06-08,7
"2022",176,"PCPIPCH",2022-06-08,6.5
"2023",176,"PCPIPCH",2022-06-08,3.7
"2022",534,"PCPIPCH",2022-06-08,6.7
"2023",534,"PCPIPCH",2022-06-08,6.5
"2022",536,"PCPIPCH",2022-06-08,3.8
"2023",536,"PCPIPCH",2022-06-08,3.8
"2022",178,"PCPIPCH",2022-06-08,6.6
"2023",178,"PCPIPCH",2022-06-08,5
"2022",436,"PCPIPCH",2022-06-08,4
"2023",436,"PCPIPCH",2022-06-08,3.3
"2022",136,"PCPIPCH",2022-06-08,6.3
"2023",136,"PCPIPCH",2022-06-08,3.8
"2022",158,"PCPIPCH",2022-06-08,1.9
"2023",158,"PCPIPCH",2022-06-08,1.9
"2022",542,"PCPIPCH",2022-06-08,4.8
"2023",542,"PCPIPCH",2022-06-08,3.8
"2022",941,"PCPIPCH",2022-06-08,13.3
"2023",941,"PCPIPCH",2022-06-08,8.6
"2022",946,"PCPIPCH",2022-06-08,15.6
"2023",946,"PCPIPCH",2022-06-08,7.9
"2022",137,"PCPIPCH",2022-06-08,8
"2023",137,"PCPIPCH",2022-06-08,3.3
"2022",273,"PCPIPCH",2022-06-08,6.9
"2023",273,"PCPIPCH",2022-06-08,4.4
"2022",138,"PCPIPCH",2022-06-08,9.2
"2023",138,"PCPIPCH",2022-06-08,4.8
"2022",196,"PCPIPCH",2022-06-08,6.6
"2023",196,"PCPIPCH",2022-06-08,4.6
"2022",142,"PCPIPCH",2022-06-08,4.6
"2023",142,"PCPIPCH",2022-06-08,3.3
"2022",964,"PCPIPCH",2022-06-08,11.1
"2023",964,"PCPIPCH",2022-06-08,6.5
"2022",182,"PCPIPCH",2022-06-08,6.3
"2023",182,"PCPIPCH",2022-06-08,4
"2022",968,"PCPIPCH",2022-06-08,11.9
"2023",968,"PCPIPCH",2022-06-08,8.5
"2022",922,"PCPIPCH",2022-06-08,16.2
"2023",922,"PCPIPCH",2022-06-08,13.3
"2022",936,"PCPIPCH",2022-06-08,10.8
"2023",936,"PCPIPCH",2022-06-08,10.1
"2022",961,"PCPIPCH",2022-06-08,7.6
"2023",961,"PCPIPCH",2022-06-08,6
"2022",199,"PCPIPCH",2022-06-08,6
"2023",199,"PCPIPCH",2022-06-08,5.8
"2022",184,"PCPIPCH",2022-06-08,8.1
"2023",184,"PCPIPCH",2022-06-08,4.8
"2022",144,"PCPIPCH",2022-06-08,6.5
"2023",144,"PCPIPCH",2022-06-08,5.4
"2022",146,"PCPIPCH",2022-06-08,2.5
"2023",146,"PCPIPCH",2022-06-08,1.8
"2022",186,"PCPIPCH",2022-06-08,72
"2023",186,"PCPIPCH",2022-06-08,38.9
"2022",112,"PCPIPCH",2022-06-08,8.8
"2023",112,"PCPIPCH",2022-06-08,7.4
"2022",111,"PCPIPCH",2022-06-08,7
"2023",111,"PCPIPCH",2022-06-08,3.5
"2022",163,"PCPIPCH",2022-06-08,7
"2023",163,"PCPIPCH",2022-06-08,4.6
"2022",213,"NGDP_RPCH",2022-09-26,3.6
"2023",213,"NGDP_RPCH",2022-09-26,0.4
"2022",193,"NGDP_RPCH",2022-09-26,4.1
"2023",193,"NGDP_RPCH",2022-09-26,2
"2022",223,"NGDP_RPCH",2022-09-26,2.5
"2023",223,"NGDP_RPCH",2022-09-26,0.8
"2022",156,"NGDP_RPCH",2022-09-26,3.4
"2023",156,"NGDP_RPCH",2022-09-26,1.5
"2022",924,"NGDP_RPCH",2022-09-26,3.2
"2023",924,"NGDP_RPCH",2022-09-26,4.7
"2022",132,"NGDP_RPCH",2022-09-26,2.6
"2023",132,"NGDP_RPCH",2022-09-26,0.6
"2022",134,"NGDP_RPCH",2022-09-26,1.2
"2023",134,"NGDP_RPCH",2022-09-26,-0.7
"2022",534,"NGDP_RPCH",2022-09-26,6.9
"2023",534,"NGDP_RPCH",2022-09-26,5.7
"2022",536,"NGDP_RPCH",2022-09-26,5
"2023",536,"NGDP_RPCH",2022-09-26,4.8
"2022",136,"NGDP_RPCH",2022-09-26,3.4
"2023",136,"NGDP_RPCH",2022-09-26,0.4
"2022",158,"NGDP_RPCH",2022-09-26,1.6
"2023",158,"NGDP_RPCH",2022-09-26,1.4
"2022",542,"NGDP_RPCH",2022-09-26,2.8
"2023",542,"NGDP_RPCH",2022-09-26,2.2
"2022",273,"NGDP_RPCH",2022-09-26,2.1
"2023",273,"NGDP_RPCH",2022-09-26,1.5
"2022",922,"NGDP_RPCH",2022-09-26,-5.5
"2023",922,"NGDP_RPCH",2022-09-26,-4.5
"2022",456,"NGDP_RPCH",2022-09-26,9.9
"2023",456,"NGDP_RPCH",2022-09-26,6
"2022",199,"NGDP_RPCH",2022-09-26,1.7
"2023",199,"NGDP_RPCH",2022-09-26,1.1
"2022",184,"NGDP_RPCH",2022-09-26,4.4
"2023",184,"NGDP_RPCH",2022-09-26,1.5
"2022",186,"NGDP_RPCH",2022-09-26,5.4
"2023",186,"NGDP_RPCH",2022-09-26,3
"2022",112,"NGDP_RPCH",2022-09-26,3.4
"2023",112,"NGDP_RPCH",2022-09-26,0
"2022",111,"NGDP_RPCH",2022-09-26,1.5
"2023",111,"NGDP_RPCH",2022-09-26,0.5
"2022",163,"NGDP_RPCH",2022-09-26,3.1
"2023",163,"NGDP_RPCH",2022-09-26,0.3
"2022",1,"NGDP_RPCH",2022-09-26,3
"2023",1,"NGDP_RPCH",2022-09-26,2.2
"2022",213,"PCPIPCH",2022-09-26,92
"2023",213,"PCPIPCH",2022-09-26,83
"2022",193,"PCPIPCH",2022-09-26,6.1
"2023",193,"PCPIPCH",2022-09-26,4.4
"2022",223,"PCPIPCH",2022-09-26,10.8
"2023",223,"PCPIPCH",2022-09-26,6.6
"2022",156,"PCPIPCH",2022-09-26,6.9
"2023",156,"PCPIPCH",2022-09-26,4.5
"2022",924,"PCPIPCH",2022-09-26,2.2
"2023",924,"PCPIPCH",2022-09-26,3.1
"2022",132,"PCPIPCH",2022-09-26,5.9
"2023",132,"PCPIPCH",2022-09-26,5.8
"2022",134,"PCPIPCH",2022-09-26,8.4
"2023",134,"PCPIPCH",2022-09-26,7.5
"2022",534,"PCPIPCH",2022-09-26,6.7
"2023",534,"PCPIPCH",2022-09-26,5.9
"2022",536,"PCPIPCH",2022-09-26,4.1
"2023",536,"PCPIPCH",2022-09-26,3.9
"2022",136,"PCPIPCH",2022-09-26,7.8
"2023",136,"PCPIPCH",2022-09-26,4.7
"2022",158,"PCPIPCH",2022-09-26,2.2
"2023",158,"PCPIPCH",2022-09-26,2
"2022",542,"PCPIPCH",2022-09-26,5.2
"2023",542,"PCPIPCH",2022-09-26,3.9
"2022",273,"PCPIPCH",2022-09-26,7.9
"2023",273,"PCPIPCH",2022-09-26,4.9
"2022",922,"PCPIPCH",2022-09-26,13.9
"2023",922,"PCPIPCH",2022-09-26,6.8
"2022",456,"PCPIPCH",2022-09-26,2.5
"2023",456,"PCPIPCH",2022-09-26,3.2
"2022",199,"PCPIPCH",2022-09-26,6.7
"2023",199,"PCPIPCH",2022-09-26,5.9
"2022",184,"PCPIPCH",2022-09-26,9.1
"2023",184,"PCPIPCH",2022-09-26,5
"2022",186,"PCPIPCH",2022-09-26,71
"2023",186,"PCPIPCH",2022-09-26,40.8
"2022",112,"PCPIPCH",2022-09-26,8.8
"2023",112,"PCPIPCH",2022-09-26,5.9
"2022",163,"PCPIPCH",2022-09-26,8.1
"2023",163,"PCPIPCH",2022-09-26,6.2
"2022",193,"LUR",2022-11-22,3.7
"2023",193,"LUR",2022-11-22,3.5
"2024",193,"LUR",2022-11-22,4
"2022",122,"LUR",2022-11-22,4.9
"2023",122,"LUR",2022-11-22,5.1
"2024",122,"LUR",2022-11-22,5.2
"2022",124,"LUR",2022-11-22,5.8
"2023",124,"LUR",2022-11-22,6.5
"2024",124,"LUR",2022-11-22,6.2
"2022",156,"LUR",2022-11-22,5.4
"2023",156,"LUR",2022-11-22,5.7
"2024",156,"LUR",2022-11-22,6
"2022",228,"LUR",2022-11-22,7.7
"2023",228,"LUR",2022-11-22,7.9
"2024",228,"LUR",2022-11-22,7.6
"2022",233,"LUR",2022-11-22,11.1
"2023",233,"LUR",2022-11-22,11.7
"2024",233,"LUR",2022-11-22,12.6
"2022",238,"LUR",2022-11-22,12.2
"2023",238,"LUR",2022-11-22,11.4
"2024",238,"LUR",2022-11-22,11.1
"2022",935,"LUR",2022-11-22,2.3
"2023",935,"LUR",2022-11-22,2.6
"2024",935,"LUR",2022-11-22,2.8
"2022",128,"LUR",2022-11-22,4.5
"2023",128,"LUR",2022-11-22,5.7
"2024",128,"LUR",2022-11-22,5.6
"2022",939,"LUR",2022-11-22,5
"2023",939,"LUR",2022-11-22,5.3
"2024",939,"LUR",2022-11-22,6
"2022",172,"LUR",2022-11-22,7
"2023",172,"LUR",2022-11-22,7.9
"2024",172,"LUR",2022-11-22,7.8
"2022",132,"LUR",2022-11-22,7.4
"2023",132,"LUR",2022-11-22,7.7
"2024",132,"LUR",2022-11-22,8.1
"2022",134,"LUR",2022-11-22,3.1
"2023",134,"LUR",2022-11-22,3.5
"2024",134,"LUR",2022-11-22,3.5
"2022",174,"LUR",2022-11-22,12.6
"2023",174,"LUR",2022-11-22,11.8
"2024",174,"LUR",2022-11-22,11.3
"2022",944,"LUR",2022-11-22,3.5
"2023",944,"LUR",2022-11-22,4.7
"2024",944,"LUR",2022-11-22,5.2
"2022",176,"LUR",2022-11-22,4
"2023",176,"LUR",2022-11-22,4.4
"2024",176,"LUR",2022-11-22,4.5
"2022",178,"LUR",2022-11-22,4.7
"2023",178,"LUR",2022-11-22,5.3
"2024",178,"LUR",2022-11-22,5.1
"2022",436,"LUR",2022-11-22,3.6
"2023",436,"LUR",2022-11-22,3.8
"2024",436,"LUR",2022-11-22,4
"2022",136,"LUR",2022-11-22,8.1
"2023",136,"LUR",2022-11-22,8.3
"2024",136,"LUR",2022-11-22,8.5
"2022",158,"LUR",2022-11-22,2.6
"2023",158,"LUR",2022-11-22,2.5
"2024",158,"LUR",2022-11-22,2.4
"2022",542,"LUR",2022-11-22,2.8
"2023",542,"LUR",2022-11-22,3.3
"2024",542,"LUR",2022-11-22,3.2
"2022",941,"LUR",2022-11-22,6.7
"2023",941,"LUR",2022-11-22,7
"2024",941,"LUR",2022-11-22,6.8
"2022",946,"LUR",2022-11-22,5.8
"2023",946,"LUR",2022-11-22,6.5
"2024",946,"LUR",2022-11-22,6.7
"2022",137,"LUR",2022-11-22,4.8
"2023",137,"LUR",2022-11-22,5
"2024",137,"LUR",2022-11-22,5.2
"2022",273,"LUR",2022-11-22,3.3
"2023",273,"LUR",2022-11-22,3.4
"2024",273,"LUR",2022-11-22,3.3
"2022",138,"LUR",2022-11-22,3.6
"2023",138,"LUR",2022-11-22,4.1
"2024",138,"LUR",2022-11-22,4.3
"2022",196,"LUR",2022-11-22,3.3
"2023",196,"LUR",2022-11-22,4
"2024",196,"LUR",2022-11-22,4.6
"2022",142,"LUR",2022-11-22,3.3
"2023",142,"LUR",2022-11-22,3.6
"2024",142,"LUR",2022-11-22,3.7
"2022",964,"LUR",2022-11-22,2.9
"2023",964,"LUR",2022-11-22,3.5
"2024",964,"LUR",2022-11-22,3.8
"2022",182,"LUR",2022-11-22,6.1
"2023",182,"LUR",2022-11-22,6.4
"2024",182,"LUR",2022-11-22,6.2
"2022",936,"LUR",2022-11-22,6.3
"2023",936,"LUR",2022-11-22,6.7
"2024",936,"LUR",2022-11-22,6.5
"2022",961,"LUR",2022-11-22,4.3
"2023",961,"LUR",2022-11-22,4.5
"2024",961,"LUR",2022-11-22,4.9
"2022",184,"LUR",2022-11-22,12.9
"2023",184,"LUR",2022-11-22,12.9
"2024",184,"LUR",2022-11-22,12.7
"2022",144,"LUR",2022-11-22,7.5
"2023",144,"LUR",2022-11-22,8.3
"2024",144,"LUR",2022-11-22,8.5
"2022",146,"LUR",2022-11-22,4.4
"2023",146,"LUR",2022-11-22,4.6
"2024",146,"LUR",2022-11-22,4.5
"2022",186,"LUR",2022-11-22,10.7
"2023",186,"LUR",2022-11-22,10.3
"2024",186,"LUR",2022-11-22,10
"2022",112,"LUR",2022-11-22,3.7
"2023",112,"LUR",2022-11-22,4.3
"2024",112,"LUR",2022-11-22,4.8
"2022",111,"LUR",2022-11-22,3.7
"2023",111,"LUR",2022-11-22,4.2
"2024",111,"LUR",2022-11-22,4.7
"2022",163,"LUR",2022-11-22,6.8
"2023",163,"LUR",2022-11-22,7.1
"2024",163,"LUR",2022-11-22,7.1
"2022",213,"NGDP_RPCH",2022-11-22,4.4
"2023",213,"NGDP_RPCH",2022-11-22,0.5
"2024",213,"NGDP_RPCH",2022-11-22,1.8
"2022",193,"NGDP_RPCH",2022-11-22,4
"2023",193,"NGDP_RPCH",2022-11-22,1.9
"2024",193,"NGDP_RPCH",2022-11-22,1.6
"2022",122,"NGDP_RPCH",2022-11-22,4.5
"2023",122,"NGDP_RPCH",2022-11-22,0.1
"2024",122,"NGDP_RPCH",2022-11-22,1.2
"2022",124,"NGDP_RPCH",2022-11-22,2.9
"2023",124,"NGDP_RPCH",2022-11-22,0.5
"2024",124,"NGDP_RPCH",2022-11-22,1.1
"2022",223,"NGDP_RPCH",2022-11-22,2.8
"2023",223,"NGDP_RPCH",2022-11-22,1.2
"2024",223,"NGDP_RPCH",2022-11-22,1.4
"2022",918,"NGDP_RPCH",2022-11-22,2.8
"2023",918,"NGDP_RPCH",2022-11-22,1.7
"2024",918,"NGDP_RPCH",2022-11-22,3.1
"2022",156,"NGDP_RPCH",2022-11-22,3.2
"2023",156,"NGDP_RPCH",2022-11-22,1
"2024",156,"NGDP_RPCH",2022-11-22,1.3
"2022",228,"NGDP_RPCH",2022-11-22,1.9
"2023",228,"NGDP_RPCH",2022-11-22,-0.5
"2024",228,"NGDP_RPCH",2022-11-22,2.6
"2022",924,"NGDP_RPCH",2022-11-22,3.3
"2023",924,"NGDP_RPCH",2022-11-22,4.6
"2024",924,"NGDP_RPCH",2022-11-22,4.1
"2022",233,"NGDP_RPCH",2022-11-22,8.1
"2023",233,"NGDP_RPCH",2022-11-22,1.2
"2024",233,"NGDP_RPCH",2022-11-22,1.7
"2022",238,"NGDP_RPCH",2022-11-22,4.3
"2023",238,"NGDP_RPCH",2022-11-22,2.3
"2024",238,"NGDP_RPCH",2022-11-22,3.7
"2022",960,"NGDP_RPCH",2022-11-22,6.4
"2023",960,"NGDP_RPCH",2022-11-22,0.8
"2024",960,"NGDP_RPCH",2022-11-22,1.5
"2022",935,"NGDP_RPCH",2022-11-22,2.4
"2023",935,"NGDP_RPCH",2022-11-22,-0.1
"2024",935,"NGDP_RPCH",2022-11-22,2.4
"2022",128,"NGDP_RPCH",2022-11-22,3.1
"2023",128,"NGDP_RPCH",2022-11-22,0.1
"2024",128,"NGDP_RPCH",2022-11-22,1.1
"2022",939,"NGDP_RPCH",2022-11-22,0.8
"2023",939,"NGDP_RPCH",2022-11-22,0.5
"2024",939,"NGDP_RPCH",2022-11-22,3.2
"2022",172,"NGDP_RPCH",2022-11-22,2.2
"2023",172,"NGDP_RPCH",2022-11-22,-0.3
"2024",172,"NGDP_RPCH",2022-11-22,1.1
"2022",132,"NGDP_RPCH",2022-11-22,2.6
"2023",132,"NGDP_RPCH",2022-11-22,0.6
"2024",132,"NGDP_RPCH",2022-11-22,1.2
"2022",134,"NGDP_RPCH",2022-11-22,1.8
"2023",134,"NGDP_RPCH",2022-11-22,-0.3
"2024",134,"NGDP_RPCH",2022-11-22,1.5
"2022",174,"NGDP_RPCH",2022-11-22,6.7
"2023",174,"NGDP_RPCH",2022-11-22,1.6
"2024",174,"NGDP_RPCH",2022-11-22,1.6
"2022",944,"NGDP_RPCH",2022-11-22,6
"2023",944,"NGDP_RPCH",2022-11-22,1.5
"2024",944,"NGDP_RPCH",2022-11-22,2.1
"2022",176,"NGDP_RPCH",2022-11-22,6.4
"2023",176,"NGDP_RPCH",2022-11-22,2.5
"2024",176,"NGDP_RPCH",2022-11-22,2.3
"2022",534,"NGDP_RPCH",2022-11-22,6.6
"2023",534,"NGDP_RPCH",2022-11-22,5.7
"2024",534,"NGDP_RPCH",2022-11-22,6.9
"2022",536,"NGDP_RPCH",2022-11-22,5.3
"2023",536,"NGDP_RPCH",2022-11-22,4.7
"2024",536,"NGDP_RPCH",2022-11-22,5.1
"2022",178,"NGDP_RPCH",2022-11-22,10.1
"2023",178,"NGDP_RPCH",2022-11-22,3.8
"2024",178,"NGDP_RPCH",2022-11-22,3.3
"2022",436,"NGDP_RPCH",2022-11-22,6.3
"2023",436,"NGDP_RPCH",2022-11-22,2.8
"2024",436,"NGDP_RPCH",2022-11-22,3.4
"2022",136,"NGDP_RPCH",2022-11-22,3.7
"2023",136,"NGDP_RPCH",2022-11-22,0.2
"2024",136,"NGDP_RPCH",2022-11-22,1
"2022",158,"NGDP_RPCH",2022-11-22,1.6
"2023",158,"NGDP_RPCH",2022-11-22,1.8
"2024",158,"NGDP_RPCH",2022-11-22,0.9
"2022",542,"NGDP_RPCH",2022-11-22,2.7
"2023",542,"NGDP_RPCH",2022-11-22,1.8
"2024",542,"NGDP_RPCH",2022-11-22,1.9
"2022",941,"NGDP_RPCH",2022-11-22,2.3
"2023",941,"NGDP_RPCH",2022-11-22,-0.2
"2024",941,"NGDP_RPCH",2022-11-22,2.3
"2022",946,"NGDP_RPCH",2022-11-22,2.5
"2023",946,"NGDP_RPCH",2022-11-22,1.6
"2024",946,"NGDP_RPCH",2022-11-22,2
"2022",137,"NGDP_RPCH",2022-11-22,1.7
"2023",137,"NGDP_RPCH",2022-11-22,1.5
"2024",137,"NGDP_RPCH",2022-11-22,2.1
"2022",273,"NGDP_RPCH",2022-11-22,2.5
"2023",273,"NGDP_RPCH",2022-11-22,1.6
"2024",273,"NGDP_RPCH",2022-11-22,2.1
"2022",138,"NGDP_RPCH",2022-11-22,4.3
"2023",138,"NGDP_RPCH",2022-11-22,0.8
"2024",138,"NGDP_RPCH",2022-11-22,1.1
"2022",196,"NGDP_RPCH",2022-11-22,2.1
"2023",196,"NGDP_RPCH",2022-11-22,1
"2024",196,"NGDP_RPCH",2022-11-22,1.2
"2022",142,"NGDP_RPCH",2022-11-22,2.5
"2023",142,"NGDP_RPCH",2022-11-22,1.8
"2024",142,"NGDP_RPCH",2022-11-22,1.6
"2022",293,"NGDP_RPCH",2022-11-22,2.7
"2023",293,"NGDP_RPCH",2022-11-22,2.6
"2024",293,"NGDP_RPCH",2022-11-22,2.9
"2022",964,"NGDP_RPCH",2022-11-22,4.5
"2023",964,"NGDP_RPCH",2022-11-22,0.9
"2024",964,"NGDP_RPCH",2022-11-22,2.4
"2022",182,"NGDP_RPCH",2022-11-22,6.7
"2023",182,"NGDP_RPCH",2022-11-22,1
"2024",182,"NGDP_RPCH",2022-11-22,1.2
"2022",968,"NGDP_RPCH",2022-11-22,6.5
"2023",968,"NGDP_RPCH",2022-11-22,1.4
"2024",968,"NGDP_RPCH",2022-11-22,2.8
"2022",922,"NGDP_RPCH",2022-11-22,-3.9
"2023",922,"NGDP_RPCH",2022-11-22,-5.6
"2024",922,"NGDP_RPCH",2022-11-22,-0.2
"2022",936,"NGDP_RPCH",2022-11-22,1.6
"2023",936,"NGDP_RPCH",2022-11-22,0.5
"2024",936,"NGDP_RPCH",2022-11-22,2.1
"2022",961,"NGDP_RPCH",2022-11-22,5
"2023",961,"NGDP_RPCH",2022-11-22,0.5
"2024",961,"NGDP_RPCH",2022-11-22,2
"2022",199,"NGDP_RPCH",2022-11-22,1.7
"2023",199,"NGDP_RPCH",2022-11-22,1.1
"2024",199,"NGDP_RPCH",2022-11-22,1.6
"2022",184,"NGDP_RPCH",2022-11-22,4.7
"2023",184,"NGDP_RPCH",2022-11-22,1.3
"2024",184,"NGDP_RPCH",2022-11-22,1.7
"2022",144,"NGDP_RPCH",2022-11-22,2.9
"2023",144,"NGDP_RPCH",2022-11-22,-0.6
"2024",144,"NGDP_RPCH",2022-11-22,1.9
"2022",146,"NGDP_RPCH",2022-11-22,2.1
"2023",146,"NGDP_RPCH",2022-11-22,0.6
"2024",146,"NGDP_RPCH",2022-11-22,1.4
"2022",186,"NGDP_RPCH",2022-11-22,5.3
"2023",186,"NGDP_RPCH",2022-11-22,3
"2024",186,"NGDP_RPCH",2022-11-22,3.4
"2022",112,"NGDP_RPCH",2022-11-22,4.4
"2023",112,"NGDP_RPCH",2022-11-22,-0.4
"2024",112,"NGDP_RPCH",2022-11-22,0.2
"2022",111,"NGDP_RPCH",2022-11-22,1.8
"2023",111,"NGDP_RPCH",2022-11-22,0.5
"2024",111,"NGDP_RPCH",2022-11-22,1
"2022",163,"NGDP_RPCH",2022-11-22,3.3
"2023",163,"NGDP_RPCH",2022-11-22,0.5
"2024",163,"NGDP_RPCH",2022-11-22,1.4
"2022",213,"PCPIPCH",2022-11-22,92
"2023",213,"PCPIPCH",2022-11-22,83
"2024",213,"PCPIPCH",2022-11-22,60
"2022",193,"PCPIPCH",2022-11-22,6.5
"2023",193,"PCPIPCH",2022-11-22,4.5
"2024",193,"PCPIPCH",2022-11-22,2.5
"2022",122,"PCPIPCH",2022-11-22,8.5
"2023",122,"PCPIPCH",2022-11-22,6.7
"2024",122,"PCPIPCH",2022-11-22,3.6
"2022",124,"PCPIPCH",2022-11-22,9.9
"2023",124,"PCPIPCH",2022-11-22,6.6
"2024",124,"PCPIPCH",2022-11-22,4.1
"2022",223,"PCPIPCH",2022-11-22,8.9
"2023",223,"PCPIPCH",2022-11-22,4.2
"2024",223,"PCPIPCH",2022-11-22,4.5
"2022",918,"PCPIPCH",2022-11-22,14.1
"2023",918,"PCPIPCH",2022-11-22,7.5
"2024",918,"PCPIPCH",2022-11-22,4.8
"2022",156,"PCPIPCH",2022-11-22,6.8
"2023",156,"PCPIPCH",2022-11-22,4.1
"2024",156,"PCPIPCH",2022-11-22,2.4
"2022",228,"PCPIPCH",2022-11-22,11.6
"2023",228,"PCPIPCH",2022-11-22,6.9
"2024",228,"PCPIPCH",2022-11-22,3.5
"2022",924,"PCPIPCH",2022-11-22,2
"2023",924,"PCPIPCH",2022-11-22,2.2
"2024",924,"PCPIPCH",2022-11-22,2
"2022",233,"PCPIPCH",2022-11-22,10.2
"2023",233,"PCPIPCH",2022-11-22,9.5
"2024",233,"PCPIPCH",2022-11-22,4.8
"2022",238,"PCPIPCH",2022-11-22,8.8
"2023",238,"PCPIPCH",2022-11-22,6.9
"2024",238,"PCPIPCH",2022-11-22,4.2
"2022",960,"PCPIPCH",2022-11-22,10.6
"2023",960,"PCPIPCH",2022-11-22,6.3
"2024",960,"PCPIPCH",2022-11-22,3.1
"2022",935,"PCPIPCH",2022-11-22,15.2
"2023",935,"PCPIPCH",2022-11-22,9.9
"2024",935,"PCPIPCH",2022-11-22,4.1
"2022",128,"PCPIPCH",2022-11-22,7.8
"2023",128,"PCPIPCH",2022-11-22,5.5
"2024",128,"PCPIPCH",2022-11-22,2.8
"2022",939,"PCPIPCH",2022-11-22,20.2
"2023",939,"PCPIPCH",2022-11-22,10.8
"2024",939,"PCPIPCH",2022-11-22,2.8
"2022",172,"PCPIPCH",2022-11-22,7
"2023",172,"PCPIPCH",2022-11-22,5.3
"2024",172,"PCPIPCH",2022-11-22,3.1
"2022",132,"PCPIPCH",2022-11-22,5.9
"2023",132,"PCPIPCH",2022-11-22,5.7
"2024",132,"PCPIPCH",2022-11-22,2.7
"2022",134,"PCPIPCH",2022-11-22,8.5
"2023",134,"PCPIPCH",2022-11-22,8
"2024",134,"PCPIPCH",2022-11-22,3.3
"2022",174,"PCPIPCH",2022-11-22,9.7
"2023",174,"PCPIPCH",2022-11-22,4.3
"2024",174,"PCPIPCH",2022-11-22,2.3
"2022",944,"PCPIPCH",2022-11-22,13.5
"2023",944,"PCPIPCH",2022-11-22,12.7
"2024",944,"PCPIPCH",2022-11-22,5.2
"2022",176,"PCPIPCH",2022-11-22,8.3
"2023",176,"PCPIPCH",2022-11-22,5.5
"2024",176,"PCPIPCH",2022-11-22,2.9
"2022",534,"PCPIPCH",2022-11-22,6.8
"2023",534,"PCPIPCH",2022-11-22,5
"2024",534,"PCPIPCH",2022-11-22,4.3
"2022",536,"PCPIPCH",2022-11-22,4.2
"2023",536,"PCPIPCH",2022-11-22,4.1
"2024",536,"PCPIPCH",2022-11-22,2.5
"2022",178,"PCPIPCH",2022-11-22,8.4
"2023",178,"PCPIPCH",2022-11-22,7.2
"2024",178,"PCPIPCH",2022-11-22,2.9
"2022",436,"PCPIPCH",2022-11-22,4.3
"2023",436,"PCPIPCH",2022-11-22,3.3
"2024",436,"PCPIPCH",2022-11-22,2.2
"2022",136,"PCPIPCH",2022-11-22,8.1
"2023",136,"PCPIPCH",2022-11-22,6.5
"2024",136,"PCPIPCH",2022-11-22,3
"2022",158,"PCPIPCH",2022-11-22,2.3
"2023",158,"PCPIPCH",2022-11-22,2
"2024",158,"PCPIPCH",2022-11-22,1.7
"2022",542,"PCPIPCH",2022-11-22,5.2
"2023",542,"PCPIPCH",2022-11-22,3.9
"2024",542,"PCPIPCH",2022-11-22,2.3
"2022",941,"PCPIPCH",2022-11-22,17
"2023",941,"PCPIPCH",2022-11-22,10.7
"2024",941,"PCPIPCH",2022-11-22,5
"2022",946,"PCPIPCH",2022-11-22,18.8
"2023",946,"PCPIPCH",2022-11-22,11.9
"2024",946,"PCPIPCH",2022-11-22,4
"2022",137,"PCPIPCH",2022-11-22,8.2
"2023",137,"PCPIPCH",2022-11-22,4
"2024",137,"PCPIPCH",2022-11-22,3.2
"2022",273,"PCPIPCH",2022-11-22,8
"2023",273,"PCPIPCH",2022-11-22,5.7
"2024",273,"PCPIPCH",2022-11-22,3.3
"2022",138,"PCPIPCH",2022-11-22,12.2
"2023",138,"PCPIPCH",2022-11-22,8.5
"2024",138,"PCPIPCH",2022-11-22,4.2
"2022",196,"PCPIPCH",2022-11-22,7.3
"2023",196,"PCPIPCH",2022-11-22,5.2
"2024",196,"PCPIPCH",2022-11-22,3.2
"2022",142,"PCPIPCH",2022-11-22,5.7
"2023",142,"PCPIPCH",2022-11-22,4.5
"2024",142,"PCPIPCH",2022-11-22,3.2
"2022",293,"PCPIPCH",2022-11-22,7.9
"2023",293,"PCPIPCH",2022-11-22,7
"2024",293,"PCPIPCH",2022-11-22,3.2
"2022",964,"PCPIPCH",2022-11-22,14.2
"2023",964,"PCPIPCH",2022-11-22,10.8
"2024",964,"PCPIPCH",2022-11-22,6.6
"2022",182,"PCPIPCH",2022-11-22,8.3
"2023",182,"PCPIPCH",2022-11-22,6.6
"2024",182,"PCPIPCH",2022-11-22,2.4
"2022",968,"PCPIPCH",2022-11-22,13.3
"2023",968,"PCPIPCH",2022-11-22,8.3
"2024",968,"PCPIPCH",2022-11-22,4.2
"2022",922,"PCPIPCH",2022-11-22,13.9
"2023",922,"PCPIPCH",2022-11-22,6.7
"2024",922,"PCPIPCH",2022-11-22,6.1
"2022",936,"PCPIPCH",2022-11-22,12
"2023",936,"PCPIPCH",2022-11-22,15.5
"2024",936,"PCPIPCH",2022-11-22,5.1
"2022",961,"PCPIPCH",2022-11-22,9.2
"2023",961,"PCPIPCH",2022-11-22,7.5
"2024",961,"PCPIPCH",2022-11-22,4.4
"2022",199,"PCPIPCH",2022-11-22,6.6
"2023",199,"PCPIPCH",2022-11-22,5.9
"2024",199,"PCPIPCH",2022-11-22,4.9
"2022",184,"PCPIPCH",2022-11-22,8.6
"2023",184,"PCPIPCH",2022-11-22,4.8
"2024",184,"PCPIPCH",2022-11-22,4.8
"2022",144,"PCPIPCH",2022-11-22,8.3
"2023",144,"PCPIPCH",2022-11-22,7
"2024",144,"PCPIPCH",2022-11-22,2.3
"2022",146,"PCPIPCH",2022-11-22,2.9
"2023",146,"PCPIPCH",2022-11-22,2.5
"2024",146,"PCPIPCH",2022-11-22,1.5
"2022",186,"PCPIPCH",2022-11-22,73.2
"2023",186,"PCPIPCH",2022-11-22,44.6
"2024",186,"PCPIPCH",2022-11-22,42.1
"2022",112,"PCPIPCH",2022-11-22,8.9
"2023",112,"PCPIPCH",2022-11-22,6.6
"2024",112,"PCPIPCH",2022-11-22,3.3
"2022",111,"PCPIPCH",2022-11-22,8
"2023",111,"PCPIPCH",2022-11-22,3.9
"2024",111,"PCPIPCH",2022-11-22,2.6
"2022",163,"PCPIPCH",2022-11-22,8.3
"2023",163,"PCPIPCH",2022-11-22,6.8
"2024",163,"PCPIPCH",2022-11-22,3.4
"2023",213,"NGDP_RPCH",2023-03-17,0.1
"2024",213,"NGDP_RPCH",2023-03-17,1.8
"2023",193,"NGDP_RPCH",2023-03-17,1.8
"2024",193,"NGDP_RPCH",2023-03-17,1.5
"2023",223,"NGDP_RPCH",2023-03-17,1
"2024",223,"NGDP_RPCH",2023-03-17,1.1
"2023",156,"NGDP_RPCH",2023-03-17,1.1
"2024",156,"NGDP_RPCH",2023-03-17,1.4
"2023",924,"NGDP_RPCH",2023-03-17,5.3
"2024",924,"NGDP_RPCH",2023-03-17,4.9
"2023",132,"NGDP_RPCH",2023-03-17,0.7
"2024",132,"NGDP_RPCH",2023-03-17,1.3
"2023",134,"NGDP_RPCH",2023-03-17,0.3
"2024",134,"NGDP_RPCH",2023-03-17,1.7
"2023",534,"NGDP_RPCH",2023-03-17,5.9
"2024",534,"NGDP_RPCH",2023-03-17,7.1
"2023",536,"NGDP_RPCH",2023-03-17,4.7
"2024",536,"NGDP_RPCH",2023-03-17,5.1
"2023",136,"NGDP_RPCH",2023-03-17,0.6
"2024",136,"NGDP_RPCH",2023-03-17,1
"2023",158,"NGDP_RPCH",2023-03-17,1.4
"2024",158,"NGDP_RPCH",2023-03-17,1.1
"2023",542,"NGDP_RPCH",2023-03-17,1.6
"2024",542,"NGDP_RPCH",2023-03-17,2.3
"2023",273,"NGDP_RPCH",2023-03-17,1.8
"2024",273,"NGDP_RPCH",2023-03-17,2.1
"2023",922,"NGDP_RPCH",2023-03-17,-2.5
"2024",922,"NGDP_RPCH",2023-03-17,-0.5
"2023",456,"NGDP_RPCH",2023-03-17,2.6
"2024",456,"NGDP_RPCH",2023-03-17,3.7
"2023",199,"NGDP_RPCH",2023-03-17,0.6
"2024",199,"NGDP_RPCH",2023-03-17,0.9
"2023",184,"NGDP_RPCH",2023-03-17,1.7
"2024",184,"NGDP_RPCH",2023-03-17,1.7
"2023",186,"NGDP_RPCH",2023-03-17,2.8
"2024",186,"NGDP_RPCH",2023-03-17,3.8
"2023",112,"NGDP_RPCH",2023-03-17,-0.2
"2024",112,"NGDP_RPCH",2023-03-17,0.9
"2023",111,"NGDP_RPCH",2023-03-17,1.5
"2024",111,"NGDP_RPCH",2023-03-17,0.9
"2023",163,"NGDP_RPCH",2023-03-17,0.8
"2024",163,"NGDP_RPCH",2023-03-17,1.5
"2023",1,"NGDP_RPCH",2023-03-17,2.6
"2024",1,"NGDP_RPCH",2023-03-17,2.9
"2023",213,"PCPIPCH",2023-03-17,85
"2024",213,"PCPIPCH",2023-03-17,75
"2023",193,"PCPIPCH",2023-03-17,5
"2024",193,"PCPIPCH",2023-03-17,2.8
"2023",223,"PCPIPCH",2023-03-17,5.4
"2024",223,"PCPIPCH",2023-03-17,4.3
"2023",156,"PCPIPCH",2023-03-17,3.6
"2024",156,"PCPIPCH",2023-03-17,2.3
"2023",924,"PCPIPCH",2023-03-17,2.2
"2024",924,"PCPIPCH",2023-03-17,2
"2023",132,"PCPIPCH",2023-03-17,5.5
"2024",132,"PCPIPCH",2023-03-17,2.5
"2023",134,"PCPIPCH",2023-03-17,6.7
"2024",134,"PCPIPCH",2023-03-17,3.1
"2023",534,"PCPIPCH",2023-03-17,5.8
"2024",534,"PCPIPCH",2023-03-17,4.2
"2023",536,"PCPIPCH",2023-03-17,4.1
"2024",536,"PCPIPCH",2023-03-17,3.5
"2023",136,"PCPIPCH",2023-03-17,6.7
"2024",136,"PCPIPCH",2023-03-17,2.5
"2023",158,"PCPIPCH",2023-03-17,2.5
"2024",158,"PCPIPCH",2023-03-17,1.8
"2023",542,"PCPIPCH",2023-03-17,3.6
"2024",542,"PCPIPCH",2023-03-17,2.4
"2023",273,"PCPIPCH",2023-03-17,5.9
"2024",273,"PCPIPCH",2023-03-17,3.4
"2023",922,"PCPIPCH",2023-03-17,6.4
"2024",922,"PCPIPCH",2023-03-17,5.3
"2023",456,"PCPIPCH",2023-03-17,2.3
"2024",456,"PCPIPCH",2023-03-17,2.3
"2023",199,"PCPIPCH",2023-03-17,5.8
"2024",199,"PCPIPCH",2023-03-17,4.8
"2023",184,"PCPIPCH",2023-03-17,4.2
"2024",184,"PCPIPCH",2023-03-17,4
"2023",186,"PCPIPCH",2023-03-17,44.6
"2024",186,"PCPIPCH",2023-03-17,41.4
"2023",112,"PCPIPCH",2023-03-17,6.7
"2024",112,"PCPIPCH",2023-03-17,2.8
"2023",163,"PCPIPCH",2023-03-17,6.2
"2024",163,"PCPIPCH",2023-03-17,3
"2023",193,"LUR",2023-06-07,3.8
"2024",193,"LUR",2023-06-07,4.4
"2023",122,"LUR",2023-06-07,5
"2024",122,"LUR",2023-06-07,5.1
"2023",124,"LUR",2023-06-07,5.8
"2024",124,"LUR",2023-06-07,5.8
"2023",156,"LUR",2023-06-07,5.2
"2024",156,"LUR",2023-06-07,5.7
"2023",228,"LUR",2023-06-07,8.5
"2024",228,"LUR",2023-06-07,7.8
"2023",233,"LUR",2023-06-07,10.6
"2024",233,"LUR",2023-06-07,10.5
"2023",238,"LUR",2023-06-07,10.6
"2024",238,"LUR",2023-06-07,10.4
"2023",935,"LUR",2023-06-07,2.8
"2024",935,"LUR",2023-06-07,3
"2023",128,"LUR",2023-06-07,5.4
"2024",128,"LUR",2023-06-07,5.8
"2023",939,"LUR",2023-06-07,5.9
"2024",939,"LUR",2023-06-07,5.7
"2023",172,"LUR",2023-06-07,7
"2024",172,"LUR",2023-06-07,6.9
"2023",132,"LUR",2023-06-07,7.2
"2024",132,"LUR",2023-06-07,7.2
"2023",134,"LUR",2023-06-07,2.9
"2024",134,"LUR",2023-06-07,2.8
"2023",174,"LUR",2023-06-07,11.2
"2024",174,"LUR",2023-06-07,10.4
"2023",944,"LUR",2023-06-07,4.2
"2024",944,"LUR",2023-06-07,4.3
"2023",176,"LUR",2023-06-07,3.9
"2024",176,"LUR",2023-06-07,4.3
"2023",178,"LUR",2023-06-07,4.2
"2024",178,"LUR",2023-06-07,4.1
"2023",436,"LUR",2023-06-07,4.1
"2024",436,"LUR",2023-06-07,4.1
"2023",136,"LUR",2023-06-07,8.1
"2024",136,"LUR",2023-06-07,8.1
"2023",158,"LUR",2023-06-07,2.5
"2024",158,"LUR",2023-06-07,2.4
"2023",542,"LUR",2023-06-07,3
"2024",542,"LUR",2023-06-07,3.3
"2023",941,"LUR",2023-06-07,6.6
"2024",941,"LUR",2023-06-07,6.6
"2023",946,"LUR",2023-06-07,7.5
"2024",946,"LUR",2023-06-07,7.1
"2023",137,"LUR",2023-06-07,5.3
"2024",137,"LUR",2023-06-07,5.4
"2023",273,"LUR",2023-06-07,3.1
"2024",273,"LUR",2023-06-07,3.2
"2023",138,"LUR",2023-06-07,3.7
"2024",138,"LUR",2023-06-07,4
"2023",196,"LUR",2023-06-07,3.8
"2024",196,"LUR",2023-06-07,4.8
"2023",142,"LUR",2023-06-07,3.7
"2024",142,"LUR",2023-06-07,3.8
"2023",964,"LUR",2023-06-07,3.4
"2024",964,"LUR",2023-06-07,3.8
"2023",182,"LUR",2023-06-07,7.4
"2024",182,"LUR",2023-06-07,7.5
"2023",936,"LUR",2023-06-07,6.3
"2024",936,"LUR",2023-06-07,6.3
"2023",961,"LUR",2023-06-07,4.3
"2024",961,"LUR",2023-06-07,4.3
"2023",184,"LUR",2023-06-07,12.8
"2024",184,"LUR",2023-06-07,12.4
"2023",144,"LUR",2023-06-07,7.9
"2024",144,"LUR",2023-06-07,8
"2023",146,"LUR",2023-06-07,4.4
"2024",146,"LUR",2023-06-07,4.6
"2023",186,"LUR",2023-06-07,10
"2024",186,"LUR",2023-06-07,9.9
"2023",112,"LUR",2023-06-07,4.2
"2024",112,"LUR",2023-06-07,4.5
"2023",111,"LUR",2023-06-07,3.7
"2024",111,"LUR",2023-06-07,4.4
"2023",163,"LUR",2023-06-07,6.7
"2024",163,"LUR",2023-06-07,6.6
"2023",213,"NGDP_RPCH",2023-06-07,-1.6
"2024",213,"NGDP_RPCH",2023-06-07,1.1
"2023",193,"NGDP_RPCH",2023-06-07,1.8
"2024",193,"NGDP_RPCH",2023-06-07,1.4
"2023",122,"NGDP_RPCH",2023-06-07,0.2
"2024",122,"NGDP_RPCH",2023-06-07,1.6
"2023",124,"NGDP_RPCH",2023-06-07,0.9
"2024",124,"NGDP_RPCH",2023-06-07,1.4
"2023",223,"NGDP_RPCH",2023-06-07,1.7
"2024",223,"NGDP_RPCH",2023-06-07,1.2
"2023",918,"NGDP_RPCH",2023-06-07,1.9
"2024",918,"NGDP_RPCH",2023-06-07,3.2
"2023",156,"NGDP_RPCH",2023-06-07,1.4
"2024",156,"NGDP_RPCH",2023-06-07,1.4
"2023",228,"NGDP_RPCH",2023-06-07,-0.1
"2024",228,"NGDP_RPCH",2023-06-07,1.9
"2023",924,"NGDP_RPCH",2023-06-07,5.4
"2024",924,"NGDP_RPCH",2023-06-07,5.1
"2023",233,"NGDP_RPCH",2023-06-07,1.5
"2024",233,"NGDP_RPCH",2023-06-07,1.8
"2023",238,"NGDP_RPCH",2023-06-07,2.8
"2024",238,"NGDP_RPCH",2023-06-07,3
"2023",960,"NGDP_RPCH",2023-06-07,2.1
"2024",960,"NGDP_RPCH",2023-06-07,2.5
"2023",935,"NGDP_RPCH",2023-06-07,0.3
"2024",935,"NGDP_RPCH",2023-06-07,2.4
"2023",128,"NGDP_RPCH",2023-06-07,0.7
"2024",128,"NGDP_RPCH",2023-06-07,1.4
"2023",939,"NGDP_RPCH",2023-06-07,-1.3
"2024",939,"NGDP_RPCH",2023-06-07,3.2
"2023",172,"NGDP_RPCH",2023-06-07,0
"2024",172,"NGDP_RPCH",2023-06-07,1.2
"2023",132,"NGDP_RPCH",2023-06-07,0.8
"2024",132,"NGDP_RPCH",2023-06-07,1.3
"2023",134,"NGDP_RPCH",2023-06-07,0
"2024",134,"NGDP_RPCH",2023-06-07,1.3
"2023",174,"NGDP_RPCH",2023-06-07,2.2
"2024",174,"NGDP_RPCH",2023-06-07,1.9
"2023",944,"NGDP_RPCH",2023-06-07,0
"2024",944,"NGDP_RPCH",2023-06-07,2.5
"2023",176,"NGDP_RPCH",2023-06-07,4.4
"2024",176,"NGDP_RPCH",2023-06-07,2.6
"2023",534,"NGDP_RPCH",2023-06-07,6
"2024",534,"NGDP_RPCH",2023-06-07,7
"2023",536,"NGDP_RPCH",2023-06-07,4.7
"2024",536,"NGDP_RPCH",2023-06-07,5.1
"2023",178,"NGDP_RPCH",2023-06-07,4.4
"2024",178,"NGDP_RPCH",2023-06-07,3.7
"2023",436,"NGDP_RPCH",2023-06-07,2.9
"2024",436,"NGDP_RPCH",2023-06-07,3.3
"2023",136,"NGDP_RPCH",2023-06-07,1.2
"2024",136,"NGDP_RPCH",2023-06-07,1
"2023",158,"NGDP_RPCH",2023-06-07,1.3
"2024",158,"NGDP_RPCH",2023-06-07,1.1
"2023",542,"NGDP_RPCH",2023-06-07,1.5
"2024",542,"NGDP_RPCH",2023-06-07,2.1
"2023",941,"NGDP_RPCH",2023-06-07,1.1
"2024",941,"NGDP_RPCH",2023-06-07,2.4
"2023",946,"NGDP_RPCH",2023-06-07,0
"2024",946,"NGDP_RPCH",2023-06-07,2.6
"2023",137,"NGDP_RPCH",2023-06-07,0.8
"2024",137,"NGDP_RPCH",2023-06-07,2
"2023",273,"NGDP_RPCH",2023-06-07,2.6
"2024",273,"NGDP_RPCH",2023-06-07,2.1
"2023",138,"NGDP_RPCH",2023-06-07,0.9
"2024",138,"NGDP_RPCH",2023-06-07,1.4
"2023",196,"NGDP_RPCH",2023-06-07,1
"2024",196,"NGDP_RPCH",2023-06-07,1.2
"2023",142,"NGDP_RPCH",2023-06-07,1.5
"2024",142,"NGDP_RPCH",2023-06-07,1.5
"2023",293,"NGDP_RPCH",2023-06-07,1.7
"2024",293,"NGDP_RPCH",2023-06-07,2.9
"2023",964,"NGDP_RPCH",2023-06-07,0.9
"2024",964,"NGDP_RPCH",2023-06-07,2.1
"2023",182,"NGDP_RPCH",2023-06-07,2.5
"2024",182,"NGDP_RPCH",2023-06-07,1.5
"2023",968,"NGDP_RPCH",2023-06-07,2.6
"2024",968,"NGDP_RPCH",2023-06-07,3.2
"2023",922,"NGDP_RPCH",2023-06-07,-1.5
"2024",922,"NGDP_RPCH",2023-06-07,-0.4
"2023",936,"NGDP_RPCH",2023-06-07,1.3
"2024",936,"NGDP_RPCH",2023-06-07,2
"2023",961,"NGDP_RPCH",2023-06-07,1.5
"2024",961,"NGDP_RPCH",2023-06-07,2.6
"2023",199,"NGDP_RPCH",2023-06-07,0.3
"2024",199,"NGDP_RPCH",2023-06-07,1
"2023",184,"NGDP_RPCH",2023-06-07,2.1
"2024",184,"NGDP_RPCH",2023-06-07,1.9
"2023",144,"NGDP_RPCH",2023-06-07,-0.3
"2024",144,"NGDP_RPCH",2023-06-07,1.4
"2023",146,"NGDP_RPCH",2023-06-07,0.6
"2024",146,"NGDP_RPCH",2023-06-07,1.2
"2023",186,"NGDP_RPCH",2023-06-07,3.6
"2024",186,"NGDP_RPCH",2023-06-07,3.7
"2023",112,"NGDP_RPCH",2023-06-07,0.3
"2024",112,"NGDP_RPCH",2023-06-07,1
"2023",111,"NGDP_RPCH",2023-06-07,1.6
"2024",111,"NGDP_RPCH",2023-06-07,1
"2023",163,"NGDP_RPCH",2023-06-07,0.9
"2024",163,"NGDP_RPCH",2023-06-07,1.5
"2023",213,"PCPIPCH",2023-06-07,106.9
"2024",213,"PCPIPCH",2023-06-07,88.3
"2023",193,"PCPIPCH",2023-06-07,5.4
"2024",193,"PCPIPCH",2023-06-07,3.2
"2023",122,"PCPIPCH",2023-06-07,8
"2024",122,"PCPIPCH",2023-06-07,3.9
"2023",124,"PCPIPCH",2023-06-07,4
"2024",124,"PCPIPCH",2023-06-07,3.7
"2023",223,"PCPIPCH",2023-06-07,5.6
"2024",223,"PCPIPCH",2023-06-07,4.7
"2023",918,"PCPIPCH",2023-06-07,9.5
"2024",918,"PCPIPCH",2023-06-07,4.4
"2023",156,"PCPIPCH",2023-06-07,3.5
"2024",156,"PCPIPCH",2023-06-07,2.3
"2023",228,"PCPIPCH",2023-06-07,8.1
"2024",228,"PCPIPCH",2023-06-07,4.1
"2023",924,"PCPIPCH",2023-06-07,2.1
"2024",924,"PCPIPCH",2023-06-07,2
"2023",233,"PCPIPCH",2023-06-07,11.8
"2024",233,"PCPIPCH",2023-06-07,6.1
"2023",238,"PCPIPCH",2023-06-07,2.4
"2024",238,"PCPIPCH",2023-06-07,3
"2023",960,"PCPIPCH",2023-06-07,7.5
"2024",960,"PCPIPCH",2023-06-07,3.7
"2023",935,"PCPIPCH",2023-06-07,12.2
"2024",935,"PCPIPCH",2023-06-07,3.4
"2023",128,"PCPIPCH",2023-06-07,4.9
"2024",128,"PCPIPCH",2023-06-07,3.2
"2023",939,"PCPIPCH",2023-06-07,9.2
"2024",939,"PCPIPCH",2023-06-07,3.4
"2023",172,"PCPIPCH",2023-06-07,5.7
"2024",172,"PCPIPCH",2023-06-07,3
"2023",132,"PCPIPCH",2023-06-07,6.1
"2024",132,"PCPIPCH",2023-06-07,3.1
"2023",134,"PCPIPCH",2023-06-07,6.3
"2024",134,"PCPIPCH",2023-06-07,3
"2023",174,"PCPIPCH",2023-06-07,3.9
"2024",174,"PCPIPCH",2023-06-07,3.2
"2023",944,"PCPIPCH",2023-06-07,19.2
"2024",944,"PCPIPCH",2023-06-07,5.4
"2023",176,"PCPIPCH",2023-06-07,7.4
"2024",176,"PCPIPCH",2023-06-07,3.3
"2023",534,"PCPIPCH",2023-06-07,4.8
"2024",534,"PCPIPCH",2023-06-07,4.4
"2023",536,"PCPIPCH",2023-06-07,4.2
"2024",536,"PCPIPCH",2023-06-07,3.5
"2023",178,"PCPIPCH",2023-06-07,4.9
"2024",178,"PCPIPCH",2023-06-07,3
"2023",436,"PCPIPCH",2023-06-07,4.1
"2024",436,"PCPIPCH",2023-06-07,2.3
"2023",136,"PCPIPCH",2023-06-07,6.4
"2024",136,"PCPIPCH",2023-06-07,3
"2023",158,"PCPIPCH",2023-06-07,2.8
"2024",158,"PCPIPCH",2023-06-07,2
"2023",542,"PCPIPCH",2023-06-07,3.4
"2024",542,"PCPIPCH",2023-06-07,2.6
"2023",941,"PCPIPCH",2023-06-07,11.2
"2024",941,"PCPIPCH",2023-06-07,4.8
"2023",946,"PCPIPCH",2023-06-07,13.1
"2024",946,"PCPIPCH",2023-06-07,5.7
"2023",137,"PCPIPCH",2023-06-07,3.5
"2024",137,"PCPIPCH",2023-06-07,3.7
"2023",273,"PCPIPCH",2023-06-07,5.9
"2024",273,"PCPIPCH",2023-06-07,3.7
"2023",138,"PCPIPCH",2023-06-07,3.2
"2024",138,"PCPIPCH",2023-06-07,2.2
"2023",196,"PCPIPCH",2023-06-07,5.5
"2024",196,"PCPIPCH",2023-06-07,3.6
"2023",142,"PCPIPCH",2023-06-07,5.4
"2024",142,"PCPIPCH",2023-06-07,3.5
"2023",293,"PCPIPCH",2023-06-07,6.9
"2024",293,"PCPIPCH",2023-06-07,3.4
"2023",964,"PCPIPCH",2023-06-07,12.4
"2024",964,"PCPIPCH",2023-06-07,4.8
"2023",182,"PCPIPCH",2023-06-07,5.7
"2024",182,"PCPIPCH",2023-06-07,3.3
"2023",968,"PCPIPCH",2023-06-07,9.9
"2024",968,"PCPIPCH",2023-06-07,4.8
"2023",922,"PCPIPCH",2023-06-07,5.4
"2024",922,"PCPIPCH",2023-06-07,5.2
"2023",936,"PCPIPCH",2023-06-07,11
"2024",936,"PCPIPCH",2023-06-07,5.6
"2023",961,"PCPIPCH",2023-06-07,7.3
"2024",961,"PCPIPCH",2023-06-07,4.4
"2023",199,"PCPIPCH",2023-06-07,6
"2024",199,"PCPIPCH",2023-06-07,4.7
"2023",184,"PCPIPCH",2023-06-07,3.9
"2024",184,"PCPIPCH",2023-06-07,3.9
"2023",144,"PCPIPCH",2023-06-07,7.9
"2024",144,"PCPIPCH",2023-06-07,2.4
"2023",146,"PCPIPCH",2023-06-07,2.4
"2024",146,"PCPIPCH",2023-06-07,1.2
"2023",186,"PCPIPCH",2023-06-07,44.8
"2024",186,"PCPIPCH",2023-06-07,40.8
"2023",112,"PCPIPCH",2023-06-07,6.9
"2024",112,"PCPIPCH",2023-06-07,2.8
"2023",111,"PCPIPCH",2023-06-07,4.2
"2024",111,"PCPIPCH",2023-06-07,2.6
"2023",163,"PCPIPCH",2023-06-07,5.8
"2024",163,"PCPIPCH",2023-06-07,3.2
"2023",213,"NGDP_RPCH",2023-09-19,-2
"2024",213,"NGDP_RPCH",2023-09-19,-1.2
"2023",193,"NGDP_RPCH",2023-09-19,1.8
"2024",193,"NGDP_RPCH",2023-09-19,1.3
"2023",223,"NGDP_RPCH",2023-09-19,3.2
"2024",223,"NGDP_RPCH",2023-09-19,1.7
"2023",156,"NGDP_RPCH",2023-09-19,1.2
"2024",156,"NGDP_RPCH",2023-09-19,1.4
"2023",924,"NGDP_RPCH",2023-09-19,5.1
"2024",924,"NGDP_RPCH",2023-09-19,4.6
"2023",132,"NGDP_RPCH",2023-09-19,1
"2024",132,"NGDP_RPCH",2023-09-19,1.2
"2023",134,"NGDP_RPCH",2023-09-19,-0.2
"2024",134,"NGDP_RPCH",2023-09-19,0.9
"2023",534,"NGDP_RPCH",2023-09-19,6.3
"2024",534,"NGDP_RPCH",2023-09-19,6
"2023",536,"NGDP_RPCH",2023-09-19,4.9
"2024",536,"NGDP_RPCH",2023-09-19,5.2
"2023",136,"NGDP_RPCH",2023-09-19,0.8
"2024",136,"NGDP_RPCH",2023-09-19,0.8
"2023",158,"NGDP_RPCH",2023-09-19,1.8
"2024",158,"NGDP_RPCH",2023-09-19,1
"2023",542,"NGDP_RPCH",2023-09-19,1.5
"2024",542,"NGDP_RPCH",2023-09-19,2.1
"2023",273,"NGDP_RPCH",2023-09-19,3.3
"2024",273,"NGDP_RPCH",2023-09-19,2.5
"2023",922,"NGDP_RPCH",2023-09-19,0.8
"2024",922,"NGDP_RPCH",2023-09-19,0.9
"2023",456,"NGDP_RPCH",2023-09-19,1.9
"2024",456,"NGDP_RPCH",2023-09-19,3.1
"2023",199,"NGDP_RPCH",2023-09-19,0.6
"2024",199,"NGDP_RPCH",2023-09-19,1.1
"2023",184,"NGDP_RPCH",2023-09-19,2.3
"2024",184,"NGDP_RPCH",2023-09-19,1.9
"2023",186,"NGDP_RPCH",2023-09-19,4.3
"2024",186,"NGDP_RPCH",2023-09-19,2.6
"2023",112,"NGDP_RPCH",2023-09-19,0.3
"2024",112,"NGDP_RPCH",2023-09-19,0.8
"2023",111,"NGDP_RPCH",2023-09-19,2.2
"2024",111,"NGDP_RPCH",2023-09-19,1.3
"2023",163,"NGDP_RPCH",2023-09-19,0.6
"2024",163,"NGDP_RPCH",2023-09-19,1.1
"2023",1,"NGDP_RPCH",2023-09-19,3
"2024",1,"NGDP_RPCH",2023-09-19,2.7
"2023",213,"PCPIPCH",2023-09-19,118.6
"2024",213,"PCPIPCH",2023-09-19,121.3
"2023",193,"PCPIPCH",2023-09-19,5.5
"2024",193,"PCPIPCH",2023-09-19,3.2
"2023",223,"PCPIPCH",2023-09-19,4.9
"2024",223,"PCPIPCH",2023-09-19,3.6
"2023",156,"PCPIPCH",2023-09-19,3.6
"2024",156,"PCPIPCH",2023-09-19,2.4
"2023",924,"PCPIPCH",2023-09-19,0.5
"2024",924,"PCPIPCH",2023-09-19,1.3
"2023",132,"PCPIPCH",2023-09-19,5.8
"2024",132,"PCPIPCH",2023-09-19,2.9
"2023",134,"PCPIPCH",2023-09-19,6.1
"2024",134,"PCPIPCH",2023-09-19,3
"2023",534,"PCPIPCH",2023-09-19,5.3
"2024",534,"PCPIPCH",2023-09-19,4.8
"2023",536,"PCPIPCH",2023-09-19,3.7
"2024",536,"PCPIPCH",2023-09-19,2.8
"2023",136,"PCPIPCH",2023-09-19,6.1
"2024",136,"PCPIPCH",2023-09-19,2.5
"2023",158,"PCPIPCH",2023-09-19,3.1
"2024",158,"PCPIPCH",2023-09-19,2.1
"2023",542,"PCPIPCH",2023-09-19,3.4
"2024",542,"PCPIPCH",2023-09-19,2.6
"2023",273,"PCPIPCH",2023-09-19,5.4
"2024",273,"PCPIPCH",2023-09-19,3.9
"2023",922,"PCPIPCH",2023-09-19,5.2
"2024",922,"PCPIPCH",2023-09-19,5.2
"2023",456,"PCPIPCH",2023-09-19,2.5
"2024",456,"PCPIPCH",2023-09-19,2.1
"2023",199,"PCPIPCH",2023-09-19,5.8
"2024",199,"PCPIPCH",2023-09-19,4.7
"2023",184,"PCPIPCH",2023-09-19,3.5
"2024",184,"PCPIPCH",2023-09-19,3.4
"2023",186,"PCPIPCH",2023-09-19,52.1
"2024",186,"PCPIPCH",2023-09-19,39.2
"2023",112,"PCPIPCH",2023-09-19,7.2
"2024",112,"PCPIPCH",2023-09-19,2.9
"2023",163,"PCPIPCH",2023-09-19,5.5
"2024",163,"PCPIPCH",2023-09-19,3
"2023",193,"LUR",2023-11-29,3.7
"2024",193,"LUR",2023-11-29,4.1
"2025",193,"LUR",2023-11-29,4.3
"2023",122,"LUR",2023-11-29,5.1
"2024",122,"LUR",2023-11-29,5.5
"2025",122,"LUR",2023-11-29,5.4
"2023",124,"LUR",2023-11-29,5.6
"2024",124,"LUR",2023-11-29,5.7
"2025",124,"LUR",2023-11-29,5.6
"2023",156,"LUR",2023-11-29,5.4
"2024",156,"LUR",2023-11-29,6
"2025",156,"LUR",2023-11-29,5.8
"2023",228,"LUR",2023-11-29,8.5
"2024",228,"LUR",2023-11-29,7.9
"2025",228,"LUR",2023-11-29,7.4
"2023",233,"LUR",2023-11-29,10
"2024",233,"LUR",2023-11-29,10.2
"2025",233,"LUR",2023-11-29,10
"2023",238,"LUR",2023-11-29,9.1
"2024",238,"LUR",2023-11-29,7.8
"2025",238,"LUR",2023-11-29,7.6
"2023",935,"LUR",2023-11-29,2.6
"2024",935,"LUR",2023-11-29,2.7
"2025",935,"LUR",2023-11-29,2.7
"2023",128,"LUR",2023-11-29,5
"2024",128,"LUR",2023-11-29,5.8
"2025",128,"LUR",2023-11-29,5.8
"2023",939,"LUR",2023-11-29,6.6
"2024",939,"LUR",2023-11-29,7.8
"2025",939,"LUR",2023-11-29,7.7
"2023",172,"LUR",2023-11-29,7.2
"2024",172,"LUR",2023-11-29,7.4
"2025",172,"LUR",2023-11-29,7.1
"2023",132,"LUR",2023-11-29,7.2
"2024",132,"LUR",2023-11-29,7.4
"2025",132,"LUR",2023-11-29,7.5
"2023",134,"LUR",2023-11-29,3
"2024",134,"LUR",2023-11-29,3
"2025",134,"LUR",2023-11-29,2.9
"2023",174,"LUR",2023-11-29,10.9
"2024",174,"LUR",2023-11-29,10
"2025",174,"LUR",2023-11-29,9.9
"2023",944,"LUR",2023-11-29,4.1
"2024",944,"LUR",2023-11-29,4.2
"2025",944,"LUR",2023-11-29,3.9
"2023",176,"LUR",2023-11-29,3.5
"2024",176,"LUR",2023-11-29,4.2
"2025",176,"LUR",2023-11-29,4.5
"2023",178,"LUR",2023-11-29,4.4
"2024",178,"LUR",2023-11-29,4.7
"2025",178,"LUR",2023-11-29,4.6
"2023",436,"LUR",2023-11-29,3.6
"2024",436,"LUR",2023-11-29,4.4
"2025",436,"LUR",2023-11-29,4.3
"2023",136,"LUR",2023-11-29,7.6
"2024",136,"LUR",2023-11-29,7.8
"2025",136,"LUR",2023-11-29,7.6
"2023",158,"LUR",2023-11-29,2.6
"2024",158,"LUR",2023-11-29,2.5
"2025",158,"LUR",2023-11-29,2.4
"2023",542,"LUR",2023-11-29,2.7
"2024",542,"LUR",2023-11-29,2.9
"2025",542,"LUR",2023-11-29,3.1
"2023",941,"LUR",2023-11-29,6.4
"2024",941,"LUR",2023-11-29,6.5
"2025",941,"LUR",2023-11-29,6.4
"2023",946,"LUR",2023-11-29,6.8
"2024",946,"LUR",2023-11-29,5.9
"2025",946,"LUR",2023-11-29,4.6
"2023",137,"LUR",2023-11-29,5.3
"2024",137,"LUR",2023-11-29,6.1
"2025",137,"LUR",2023-11-29,6
"2023",273,"LUR",2023-11-29,2.8
"2024",273,"LUR",2023-11-29,3
"2025",273,"LUR",2023-11-29,3.1
"2023",138,"LUR",2023-11-29,3.6
"2024",138,"LUR",2023-11-29,4
"2025",138,"LUR",2023-11-29,4.4
"2023",196,"LUR",2023-11-29,3.8
"2024",196,"LUR",2023-11-29,4.9
"2025",196,"LUR",2023-11-29,4.7
"2023",142,"LUR",2023-11-29,3.6
"2024",142,"LUR",2023-11-29,3.8
"2025",142,"LUR",2023-11-29,3.8
"2023",964,"LUR",2023-11-29,2.9
"2024",964,"LUR",2023-11-29,3.3
"2025",964,"LUR",2023-11-29,3.5
"2023",182,"LUR",2023-11-29,6.5
"2024",182,"LUR",2023-11-29,6.3
"2025",182,"LUR",2023-11-29,6.3
"2023",936,"LUR",2023-11-29,6
"2024",936,"LUR",2023-11-29,6.3
"2025",936,"LUR",2023-11-29,6.1
"2023",961,"LUR",2023-11-29,3.7
"2024",961,"LUR",2023-11-29,3.6
"2025",961,"LUR",2023-11-29,3.6
"2023",184,"LUR",2023-11-29,12
"2024",184,"LUR",2023-11-29,12
"2025",184,"LUR",2023-11-29,11.8
"2023",144,"LUR",2023-11-29,7.7
"2024",144,"LUR",2023-11-29,8.3
"2025",144,"LUR",2023-11-29,8.4
"2023",146,"LUR",2023-11-29,4.1
"2024",146,"LUR",2023-11-29,4.4
"2025",146,"LUR",2023-11-29,4.4
"2023",186,"LUR",2023-11-29,9.6
"2024",186,"LUR",2023-11-29,10
"2025",186,"LUR",2023-11-29,10.2
"2023",112,"LUR",2023-11-29,4.3
"2024",112,"LUR",2023-11-29,4.7
"2025",112,"LUR",2023-11-29,4.9
"2023",111,"LUR",2023-11-29,3.6
"2024",111,"LUR",2023-11-29,4.1
"2025",111,"LUR",2023-11-29,4.2
"2023",163,"LUR",2023-11-29,6.5
"2024",163,"LUR",2023-11-29,6.6
"2025",163,"LUR",2023-11-29,6.5
"2023",213,"NGDP_RPCH",2023-11-29,-1.8
"2024",213,"NGDP_RPCH",2023-11-29,-1.3
"2025",213,"NGDP_RPCH",2023-11-29,1.9
"2023",193,"NGDP_RPCH",2023-11-29,1.9
"2024",193,"NGDP_RPCH",2023-11-29,1.4
"2025",193,"NGDP_RPCH",2023-11-29,2.1
"2023",122,"NGDP_RPCH",2023-11-29,-0.4
"2024",122,"NGDP_RPCH",2023-11-29,0.6
"2025",122,"NGDP_RPCH",2023-11-29,1.5
"2023",124,"NGDP_RPCH",2023-11-29,1.4
"2024",124,"NGDP_RPCH",2023-11-29,1.1
"2025",124,"NGDP_RPCH",2023-11-29,1.5
"2023",223,"NGDP_RPCH",2023-11-29,3
"2024",223,"NGDP_RPCH",2023-11-29,1.8
"2025",223,"NGDP_RPCH",2023-11-29,2
"2023",918,"NGDP_RPCH",2023-11-29,1.7
"2024",918,"NGDP_RPCH",2023-11-29,2.8
"2025",918,"NGDP_RPCH",2023-11-29,3
"2023",156,"NGDP_RPCH",2023-11-29,1.2
"2024",156,"NGDP_RPCH",2023-11-29,0.8
"2025",156,"NGDP_RPCH",2023-11-29,1.9
"2023",228,"NGDP_RPCH",2023-11-29,0
"2024",228,"NGDP_RPCH",2023-11-29,1.8
"2025",228,"NGDP_RPCH",2023-11-29,2.1
"2023",924,"NGDP_RPCH",2023-11-29,5.2
"2024",924,"NGDP_RPCH",2023-11-29,4.7
"2025",924,"NGDP_RPCH",2023-11-29,4.2
"2023",233,"NGDP_RPCH",2023-11-29,1.2
"2024",233,"NGDP_RPCH",2023-11-29,1.4
"2025",233,"NGDP_RPCH",2023-11-29,3
"2023",238,"NGDP_RPCH",2023-11-29,5.1
"2024",238,"NGDP_RPCH",2023-11-29,3.5
"2025",238,"NGDP_RPCH",2023-11-29,3.6
"2023",960,"NGDP_RPCH",2023-11-29,2.5
"2024",960,"NGDP_RPCH",2023-11-29,2.6
"2025",960,"NGDP_RPCH",2023-11-29,2.7
"2023",935,"NGDP_RPCH",2023-11-29,-0.3
"2024",935,"NGDP_RPCH",2023-11-29,1.6
"2025",935,"NGDP_RPCH",2023-11-29,2.1
"2023",128,"NGDP_RPCH",2023-11-29,1.3
"2024",128,"NGDP_RPCH",2023-11-29,1.2
"2025",128,"NGDP_RPCH",2023-11-29,1.5
"2023",939,"NGDP_RPCH",2023-11-29,-2.6
"2024",939,"NGDP_RPCH",2023-11-29,0.6
"2025",939,"NGDP_RPCH",2023-11-29,2.5
"2023",172,"NGDP_RPCH",2023-11-29,0
"2024",172,"NGDP_RPCH",2023-11-29,0.9
"2025",172,"NGDP_RPCH",2023-11-29,1.8
"2023",132,"NGDP_RPCH",2023-11-29,0.9
"2024",132,"NGDP_RPCH",2023-11-29,0.8
"2025",132,"NGDP_RPCH",2023-11-29,1.2
"2023",134,"NGDP_RPCH",2023-11-29,-0.1
"2024",134,"NGDP_RPCH",2023-11-29,0.6
"2025",134,"NGDP_RPCH",2023-11-29,1.2
"2023",174,"NGDP_RPCH",2023-11-29,2.4
"2024",174,"NGDP_RPCH",2023-11-29,2
"2025",174,"NGDP_RPCH",2023-11-29,2.4
"2023",944,"NGDP_RPCH",2023-11-29,-0.6
"2024",944,"NGDP_RPCH",2023-11-29,2.4
"2025",944,"NGDP_RPCH",2023-11-29,2.7
"2023",176,"NGDP_RPCH",2023-11-29,4.9
"2024",176,"NGDP_RPCH",2023-11-29,2
"2025",176,"NGDP_RPCH",2023-11-29,2.3
"2023",534,"NGDP_RPCH",2023-11-29,6.3
"2024",534,"NGDP_RPCH",2023-11-29,6.1
"2025",534,"NGDP_RPCH",2023-11-29,6.5
"2023",536,"NGDP_RPCH",2023-11-29,4.9
"2024",536,"NGDP_RPCH",2023-11-29,5.2
"2025",536,"NGDP_RPCH",2023-11-29,5.2
"2023",178,"NGDP_RPCH",2023-11-29,-0.6
"2024",178,"NGDP_RPCH",2023-11-29,2.4
"2025",178,"NGDP_RPCH",2023-11-29,2.9
"2023",436,"NGDP_RPCH",2023-11-29,2.3
"2024",436,"NGDP_RPCH",2023-11-29,1.5
"2025",436,"NGDP_RPCH",2023-11-29,4.5
"2023",136,"NGDP_RPCH",2023-11-29,0.7
"2024",136,"NGDP_RPCH",2023-11-29,0.7
"2025",136,"NGDP_RPCH",2023-11-29,1.2
"2023",158,"NGDP_RPCH",2023-11-29,1.7
"2024",158,"NGDP_RPCH",2023-11-29,1
"2025",158,"NGDP_RPCH",2023-11-29,1.2
"2023",542,"NGDP_RPCH",2023-11-29,1.4
"2024",542,"NGDP_RPCH",2023-11-29,2.3
"2025",542,"NGDP_RPCH",2023-11-29,2.1
"2023",941,"NGDP_RPCH",2023-11-29,-0.1
"2024",941,"NGDP_RPCH",2023-11-29,1.9
"2025",941,"NGDP_RPCH",2023-11-29,2.7
"2023",946,"NGDP_RPCH",2023-11-29,-0.4
"2024",946,"NGDP_RPCH",2023-11-29,1.7
"2025",946,"NGDP_RPCH",2023-11-29,3.1
"2023",137,"NGDP_RPCH",2023-11-29,-1.1
"2024",137,"NGDP_RPCH",2023-11-29,1.4
"2025",137,"NGDP_RPCH",2023-11-29,3.1
"2023",273,"NGDP_RPCH",2023-11-29,3.4
"2024",273,"NGDP_RPCH",2023-11-29,2.5
"2025",273,"NGDP_RPCH",2023-11-29,2
"2023",138,"NGDP_RPCH",2023-11-29,0.2
"2024",138,"NGDP_RPCH",2023-11-29,0.5
"2025",138,"NGDP_RPCH",2023-11-29,1.1
"2023",196,"NGDP_RPCH",2023-11-29,1.6
"2024",196,"NGDP_RPCH",2023-11-29,1.3
"2025",196,"NGDP_RPCH",2023-11-29,1.9
"2023",142,"NGDP_RPCH",2023-11-29,1.3
"2024",142,"NGDP_RPCH",2023-11-29,0.7
"2025",142,"NGDP_RPCH",2023-11-29,1.5
"2023",293,"NGDP_RPCH",2023-11-29,0
"2024",293,"NGDP_RPCH",2023-11-29,2.3
"2025",293,"NGDP_RPCH",2023-11-29,2.7
"2023",964,"NGDP_RPCH",2023-11-29,0.4
"2024",964,"NGDP_RPCH",2023-11-29,2.6
"2025",964,"NGDP_RPCH",2023-11-29,2.9
"2023",182,"NGDP_RPCH",2023-11-29,2.2
"2024",182,"NGDP_RPCH",2023-11-29,1.2
"2025",182,"NGDP_RPCH",2023-11-29,2
"2023",968,"NGDP_RPCH",2023-11-29,1.9
"2024",968,"NGDP_RPCH",2023-11-29,3
"2025",968,"NGDP_RPCH",2023-11-29,3.3
"2023",922,"NGDP_RPCH",2023-11-29,1.3
"2024",922,"NGDP_RPCH",2023-11-29,1.1
"2025",922,"NGDP_RPCH",2023-11-29,1
"2023",936,"NGDP_RPCH",2023-11-29,1.1
"2024",936,"NGDP_RPCH",2023-11-29,1.8
"2025",936,"NGDP_RPCH",2023-11-29,2.4
"2023",961,"NGDP_RPCH",2023-11-29,1.4
"2024",961,"NGDP_RPCH",2023-11-29,1.8
"2025",961,"NGDP_RPCH",2023-11-29,2.7
"2023",199,"NGDP_RPCH",2023-11-29,0.7
"2024",199,"NGDP_RPCH",2023-11-29,1
"2025",199,"NGDP_RPCH",2023-11-29,1.2
"2023",184,"NGDP_RPCH",2023-11-29,2.4
"2024",184,"NGDP_RPCH",2023-11-29,1.4
"2025",184,"NGDP_RPCH",2023-11-29,2
"2023",144,"NGDP_RPCH",2023-11-29,-0.5
"2024",144,"NGDP_RPCH",2023-11-29,0.9
"2025",144,"NGDP_RPCH",2023-11-29,2.6
"2023",146,"NGDP_RPCH",2023-11-29,0.8
"2024",146,"NGDP_RPCH",2023-11-29,0.9
"2025",146,"NGDP_RPCH",2023-11-29,1.4
"2023",186,"NGDP_RPCH",2023-11-29,4.5
"2024",186,"NGDP_RPCH",2023-11-29,2.9
"2025",186,"NGDP_RPCH",2023-11-29,3.2
"2023",112,"NGDP_RPCH",2023-11-29,0.5
"2024",112,"NGDP_RPCH",2023-11-29,0.7
"2025",112,"NGDP_RPCH",2023-11-29,1.2
"2023",111,"NGDP_RPCH",2023-11-29,2.4
"2024",111,"NGDP_RPCH",2023-11-29,1.5
"2025",111,"NGDP_RPCH",2023-11-29,1.7
"2023",163,"NGDP_RPCH",2023-11-29,0.6
"2024",163,"NGDP_RPCH",2023-11-29,0.9
"2025",163,"NGDP_RPCH",2023-11-29,1.5
"2023",213,"PCPIPCH",2023-11-29,124
"2024",213,"PCPIPCH",2023-11-29,157.1
"2025",213,"PCPIPCH",2023-11-29,62.4
"2023",193,"PCPIPCH",2023-11-29,5.6
"2024",193,"PCPIPCH",2023-11-29,3.4
"2025",193,"PCPIPCH",2023-11-29,2.8
"2023",122,"PCPIPCH",2023-11-29,7.7
"2024",122,"PCPIPCH",2023-11-29,3.9
"2025",122,"PCPIPCH",2023-11-29,2.5
"2023",124,"PCPIPCH",2023-11-29,2.4
"2024",124,"PCPIPCH",2023-11-29,3
"2025",124,"PCPIPCH",2023-11-29,2.4
"2023",223,"PCPIPCH",2023-11-29,4.6
"2024",223,"PCPIPCH",2023-11-29,3.2
"2025",223,"PCPIPCH",2023-11-29,3
"2023",918,"PCPIPCH",2023-11-29,9.5
"2024",918,"PCPIPCH",2023-11-29,4.5
"2025",918,"PCPIPCH",2023-11-29,3.1
"2023",156,"PCPIPCH",2023-11-29,4
"2024",156,"PCPIPCH",2023-11-29,3
"2025",156,"PCPIPCH",2023-11-29,1.9
"2023",228,"PCPIPCH",2023-11-29,7.6
"2024",228,"PCPIPCH",2023-11-29,3.9
"2025",228,"PCPIPCH",2023-11-29,3.4
"2023",924,"PCPIPCH",2023-11-29,0.4
"2024",924,"PCPIPCH",2023-11-29,1
"2025",924,"PCPIPCH",2023-11-29,1.5
"2023",233,"PCPIPCH",2023-11-29,11.7
"2024",233,"PCPIPCH",2023-11-29,6.3
"2025",233,"PCPIPCH",2023-11-29,4
"2023",238,"PCPIPCH",2023-11-29,0.6
"2024",238,"PCPIPCH",2023-11-29,1.9
"2025",238,"PCPIPCH",2023-11-29,3.1
"2023",960,"PCPIPCH",2023-11-29,8.6
"2024",960,"PCPIPCH",2023-11-29,4.2
"2025",960,"PCPIPCH",2023-11-29,2.6
"2023",935,"PCPIPCH",2023-11-29,10.7
"2024",935,"PCPIPCH",2023-11-29,3.1
"2025",935,"PCPIPCH",2023-11-29,2.3
"2023",128,"PCPIPCH",2023-11-29,3.6
"2024",128,"PCPIPCH",2023-11-29,2.8
"2025",128,"PCPIPCH",2023-11-29,2.5
"2023",939,"PCPIPCH",2023-11-29,9.2
"2024",939,"PCPIPCH",2023-11-29,3.4
"2025",939,"PCPIPCH",2023-11-29,2.4
"2023",172,"PCPIPCH",2023-11-29,4.5
"2024",172,"PCPIPCH",2023-11-29,2.2
"2025",172,"PCPIPCH",2023-11-29,2.3
"2023",132,"PCPIPCH",2023-11-29,5.7
"2024",132,"PCPIPCH",2023-11-29,2.7
"2025",132,"PCPIPCH",2023-11-29,2.2
"2023",134,"PCPIPCH",2023-11-29,6.2
"2024",134,"PCPIPCH",2023-11-29,2.7
"2025",134,"PCPIPCH",2023-11-29,2.1
"2023",174,"PCPIPCH",2023-11-29,4.3
"2024",174,"PCPIPCH",2023-11-29,2.8
"2025",174,"PCPIPCH",2023-11-29,2.4
"2023",944,"PCPIPCH",2023-11-29,17.5
"2024",944,"PCPIPCH",2023-11-29,4.6
"2025",944,"PCPIPCH",2023-11-29,3.3
"2023",176,"PCPIPCH",2023-11-29,8.6
"2024",176,"PCPIPCH",2023-11-29,4.2
"2025",176,"PCPIPCH",2023-11-29,2.9
"2023",534,"PCPIPCH",2023-11-29,6.1
"2024",534,"PCPIPCH",2023-11-29,5.3
"2025",534,"PCPIPCH",2023-11-29,4.2
"2023",536,"PCPIPCH",2023-11-29,3.6
"2024",536,"PCPIPCH",2023-11-29,2.4
"2025",536,"PCPIPCH",2023-11-29,2.4
"2023",178,"PCPIPCH",2023-11-29,5.3
"2024",178,"PCPIPCH",2023-11-29,3.1
"2025",178,"PCPIPCH",2023-11-29,2.6
"2023",436,"PCPIPCH",2023-11-29,4.3
"2024",436,"PCPIPCH",2023-11-29,2.7
"2025",436,"PCPIPCH",2023-11-29,1.9
"2023",136,"PCPIPCH",2023-11-29,6.1
"2024",136,"PCPIPCH",2023-11-29,2.6
"2025",136,"PCPIPCH",2023-11-29,2.3
"2023",158,"PCPIPCH",2023-11-29,3.2
"2024",158,"PCPIPCH",2023-11-29,2.6
"2025",158,"PCPIPCH",2023-11-29,2
"2023",542,"PCPIPCH",2023-11-29,3.6
"2024",542,"PCPIPCH",2023-11-29,2.7
"2025",542,"PCPIPCH",2023-11-29,2
"2023",941,"PCPIPCH",2023-11-29,9.4
"2024",941,"PCPIPCH",2023-11-29,3.1
"2025",941,"PCPIPCH",2023-11-29,3.3
"2023",946,"PCPIPCH",2023-11-29,8.8
"2024",946,"PCPIPCH",2023-11-29,2
"2025",946,"PCPIPCH",2023-11-29,2.1
"2023",137,"PCPIPCH",2023-11-29,3.1
"2024",137,"PCPIPCH",2023-11-29,3.4
"2025",137,"PCPIPCH",2023-11-29,2.3
"2023",273,"PCPIPCH",2023-11-29,5.5
"2024",273,"PCPIPCH",2023-11-29,3.9
"2025",273,"PCPIPCH",2023-11-29,3.2
"2023",138,"PCPIPCH",2023-11-29,4.4
"2024",138,"PCPIPCH",2023-11-29,3.7
"2025",138,"PCPIPCH",2023-11-29,2.4
"2023",196,"PCPIPCH",2023-11-29,5.8
"2024",196,"PCPIPCH",2023-11-29,3.5
"2025",196,"PCPIPCH",2023-11-29,2.5
"2023",142,"PCPIPCH",2023-11-29,5.5
"2024",142,"PCPIPCH",2023-11-29,3.9
"2025",142,"PCPIPCH",2023-11-29,3.2
"2023",293,"PCPIPCH",2023-11-29,6.4
"2024",293,"PCPIPCH",2023-11-29,2.7
"2025",293,"PCPIPCH",2023-11-29,2.2
"2023",964,"PCPIPCH",2023-11-29,11.8
"2024",964,"PCPIPCH",2023-11-29,4.7
"2025",964,"PCPIPCH",2023-11-29,3.7
"2023",182,"PCPIPCH",2023-11-29,5.5
"2024",182,"PCPIPCH",2023-11-29,3.3
"2025",182,"PCPIPCH",2023-11-29,2.4
"2023",968,"PCPIPCH",2023-11-29,10.4
"2024",968,"PCPIPCH",2023-11-29,5
"2025",968,"PCPIPCH",2023-11-29,3.7
"2023",922,"PCPIPCH",2023-11-29,5.8
"2024",922,"PCPIPCH",2023-11-29,7.2
"2025",922,"PCPIPCH",2023-11-29,5.3
"2023",936,"PCPIPCH",2023-11-29,11.1
"2024",936,"PCPIPCH",2023-11-29,5.2
"2025",936,"PCPIPCH",2023-11-29,3.4
"2023",961,"PCPIPCH",2023-11-29,7.5
"2024",961,"PCPIPCH",2023-11-29,4.8
"2025",961,"PCPIPCH",2023-11-29,3.2
"2023",199,"PCPIPCH",2023-11-29,5.9
"2024",199,"PCPIPCH",2023-11-29,5
"2025",199,"PCPIPCH",2023-11-29,4.6
"2023",184,"PCPIPCH",2023-11-29,3.5
"2024",184,"PCPIPCH",2023-11-29,3.7
"2025",184,"PCPIPCH",2023-11-29,2.3
"2023",144,"PCPIPCH",2023-11-29,8.6
"2024",144,"PCPIPCH",2023-11-29,3.8
"2025",144,"PCPIPCH",2023-11-29,2.2
"2023",146,"PCPIPCH",2023-11-29,2.2
"2024",146,"PCPIPCH",2023-11-29,2.1
"2025",146,"PCPIPCH",2023-11-29,1.5
"2023",186,"PCPIPCH",2023-11-29,52.8
"2024",186,"PCPIPCH",2023-11-29,47.4
"2025",186,"PCPIPCH",2023-11-29,31.6
"2023",112,"PCPIPCH",2023-11-29,7.3
"2024",112,"PCPIPCH",2023-11-29,2.9
"2025",112,"PCPIPCH",2023-11-29,2.5
"2023",111,"PCPIPCH",2023-11-29,4.2
"2024",111,"PCPIPCH",2023-11-29,2.8
"2025",111,"PCPIPCH",2023-11-29,2.2
"2023",163,"PCPIPCH",2023-11-29,5.5
"2024",163,"PCPIPCH",2023-11-29,2.9
"2025",163,"PCPIPCH",2023-11-29,2.3
"2024",213,"NGDP_RPCH",2024-02-05,-2.3
"2025",213,"NGDP_RPCH",2024-02-05,2.6
"2024",193,"NGDP_RPCH",2024-02-05,1.4
"2025",193,"NGDP_RPCH",2024-02-05,2.1
"2024",223,"NGDP_RPCH",2024-02-05,1.8
"2025",223,"NGDP_RPCH",2024-02-05,2
"2024",156,"NGDP_RPCH",2024-02-05,0.9
"2025",156,"NGDP_RPCH",2024-02-05,1.9
"2024",924,"NGDP_RPCH",2024-02-05,4.7
"2025",924,"NGDP_RPCH",2024-02-05,4.2
"2024",132,"NGDP_RPCH",2024-02-05,0.6
"2025",132,"NGDP_RPCH",2024-02-05,1.2
"2024",134,"NGDP_RPCH",2024-02-05,0.3
"2025",134,"NGDP_RPCH",2024-02-05,1.1
"2024",534,"NGDP_RPCH",2024-02-05,6.2
"2025",534,"NGDP_RPCH",2024-02-05,6.5
"2024",536,"NGDP_RPCH",2024-02-05,5.1
"2025",536,"NGDP_RPCH",2024-02-05,5.2
"2024",136,"NGDP_RPCH",2024-02-05,0.7
"2025",136,"NGDP_RPCH",2024-02-05,1.2
"2024",158,"NGDP_RPCH",2024-02-05,1
"2025",158,"NGDP_RPCH",2024-02-05,1
"2024",542,"NGDP_RPCH",2024-02-05,2.2
"2025",542,"NGDP_RPCH",2024-02-05,2.1
"2024",273,"NGDP_RPCH",2024-02-05,2.5
"2025",273,"NGDP_RPCH",2024-02-05,2
"2024",922,"NGDP_RPCH",2024-02-05,1.8
"2025",922,"NGDP_RPCH",2024-02-05,1
"2024",456,"NGDP_RPCH",2024-02-05,2.4
"2025",456,"NGDP_RPCH",2024-02-05,4.2
"2024",199,"NGDP_RPCH",2024-02-05,1
"2025",199,"NGDP_RPCH",2024-02-05,1.2
"2024",184,"NGDP_RPCH",2024-02-05,1.5
"2025",184,"NGDP_RPCH",2024-02-05,2
"2024",186,"NGDP_RPCH",2024-02-05,2.9
"2025",186,"NGDP_RPCH",2024-02-05,3.1
"2024",112,"NGDP_RPCH",2024-02-05,0.7
"2025",112,"NGDP_RPCH",2024-02-05,1.2
"2024",111,"NGDP_RPCH",2024-02-05,2.1
"2025",111,"NGDP_RPCH",2024-02-05,1.7
"2024",163,"NGDP_RPCH",2024-02-05,0.6
"2025",163,"NGDP_RPCH",2024-02-05,1.3
"2024",1,"NGDP_RPCH",2024-02-05,2.9
"2025",1,"NGDP_RPCH",2024-02-05,3
"2024",213,"PCPIPCH",2024-02-05,250.6
"2025",213,"PCPIPCH",2024-02-05,64.7
"2024",193,"PCPIPCH",2024-02-05,3.5
"2025",193,"PCPIPCH",2024-02-05,2.8
"2024",223,"PCPIPCH",2024-02-05,3.3
"2025",223,"PCPIPCH",2024-02-05,3
"2024",156,"PCPIPCH",2024-02-05,2.6
"2025",156,"PCPIPCH",2024-02-05,1.9
"2024",924,"PCPIPCH",2024-02-05,1
"2025",924,"PCPIPCH",2024-02-05,1.5
"2024",132,"PCPIPCH",2024-02-05,2.7
"2025",132,"PCPIPCH",2024-02-05,2.1
"2024",134,"PCPIPCH",2024-02-05,2.6
"2025",134,"PCPIPCH",2024-02-05,2
"2024",534,"PCPIPCH",2024-02-05,4.9
"2025",534,"PCPIPCH",2024-02-05,4.3
"2024",536,"PCPIPCH",2024-02-05,2.5
"2025",536,"PCPIPCH",2024-02-05,2.5
"2024",136,"PCPIPCH",2024-02-05,1.8
"2025",136,"PCPIPCH",2024-02-05,2.2
"2024",158,"PCPIPCH",2024-02-05,2.6
"2025",158,"PCPIPCH",2024-02-05,2
"2024",542,"PCPIPCH",2024-02-05,2.7
"2025",542,"PCPIPCH",2024-02-05,2
"2024",273,"PCPIPCH",2024-02-05,4.1
"2025",273,"PCPIPCH",2024-02-05,3.2
"2024",922,"PCPIPCH",2024-02-05,7.2
"2025",922,"PCPIPCH",2024-02-05,5.3
"2024",456,"PCPIPCH",2024-02-05,2
"2025",456,"PCPIPCH",2024-02-05,2.1
"2024",199,"PCPIPCH",2024-02-05,4.8
"2025",199,"PCPIPCH",2024-02-05,4.6
"2024",184,"PCPIPCH",2024-02-05,3.3
"2025",184,"PCPIPCH",2024-02-05,2.5
"2024",186,"PCPIPCH",2024-02-05,49.3
"2025",186,"PCPIPCH",2024-02-05,30.5
"2024",112,"PCPIPCH",2024-02-05,2.8
"2025",112,"PCPIPCH",2024-02-05,2.4
"2024",163,"PCPIPCH",2024-02-05,2.6
"2025",163,"PCPIPCH",2024-02-05,2.2
"2024",193,"LUR",2024-05-02,4.1
"2025",193,"LUR",2024-05-02,4.3
"2024",122,"LUR",2024-05-02,5.5
"2025",122,"LUR",2024-05-02,5.4
"2024",124,"LUR",2024-05-02,5.8
"2025",124,"LUR",2024-05-02,5.6
"2024",156,"LUR",2024-05-02,5.9
"2025",156,"LUR",2024-05-02,5.7
"2024",228,"LUR",2024-05-02,8.1
"2025",228,"LUR",2024-05-02,7.6
"2024",233,"LUR",2024-05-02,11.1
"2025",233,"LUR",2024-05-02,10.8
"2024",238,"LUR",2024-05-02,7.2
"2025",238,"LUR",2024-05-02,7
"2024",935,"LUR",2024-05-02,2.9
"2025",935,"LUR",2024-05-02,2.8
"2024",128,"LUR",2024-05-02,5.3
"2025",128,"LUR",2024-05-02,5.2
"2024",939,"LUR",2024-05-02,7
"2025",939,"LUR",2024-05-02,6.8
"2024",172,"LUR",2024-05-02,8
"2025",172,"LUR",2024-05-02,7.7
"2024",132,"LUR",2024-05-02,7.7
"2025",132,"LUR",2024-05-02,7.8
"2024",134,"LUR",2024-05-02,3.1
"2025",134,"LUR",2024-05-02,3
"2024",174,"LUR",2024-05-02,9.8
"2025",174,"LUR",2024-05-02,9.7
"2024",944,"LUR",2024-05-02,4.6
"2025",944,"LUR",2024-05-02,4.2
"2024",176,"LUR",2024-05-02,3.6
"2025",176,"LUR",2024-05-02,3.9
"2024",178,"LUR",2024-05-02,4.4
"2025",178,"LUR",2024-05-02,4.4
"2024",436,"LUR",2024-05-02,3.9
"2025",436,"LUR",2024-05-02,3.9
"2024",136,"LUR",2024-05-02,7.4
"2025",136,"LUR",2024-05-02,7.3
"2024",158,"LUR",2024-05-02,2.5
"2025",158,"LUR",2024-05-02,2.4
"2024",542,"LUR",2024-05-02,2.9
"2025",542,"LUR",2024-05-02,2.9
"2024",941,"LUR",2024-05-02,6.7
"2025",941,"LUR",2024-05-02,6.6
"2024",946,"LUR",2024-05-02,6.8
"2025",946,"LUR",2024-05-02,6
"2024",137,"LUR",2024-05-02,5.7
"2025",137,"LUR",2024-05-02,5.9
"2024",273,"LUR",2024-05-02,2.9
"2025",273,"LUR",2024-05-02,3
"2024",138,"LUR",2024-05-02,3.7
"2025",138,"LUR",2024-05-02,3.9
"2024",196,"LUR",2024-05-02,4.7
"2025",196,"LUR",2024-05-02,4.8
"2024",142,"LUR",2024-05-02,3.7
"2025",142,"LUR",2024-05-02,3.7
"2024",964,"LUR",2024-05-02,3.6
"2025",964,"LUR",2024-05-02,3.8
"2024",182,"LUR",2024-05-02,6.3
"2025",182,"LUR",2024-05-02,6.2
"2024",936,"LUR",2024-05-02,5.9
"2025",936,"LUR",2024-05-02,5.8
"2024",961,"LUR",2024-05-02,3.7
"2025",961,"LUR",2024-05-02,3.5
"2024",184,"LUR",2024-05-02,11.7
"2025",184,"LUR",2024-05-02,11.3
"2024",144,"LUR",2024-05-02,8.3
"2025",144,"LUR",2024-05-02,8.2
"2024",146,"LUR",2024-05-02,4.4
"2025",146,"LUR",2024-05-02,4.4
"2024",186,"LUR",2024-05-02,9.3
"2025",186,"LUR",2024-05-02,10
"2024",112,"LUR",2024-05-02,4.5
"2025",112,"LUR",2024-05-02,4.7
"2024",111,"LUR",2024-05-02,3.9
"2025",111,"LUR",2024-05-02,4
"2024",163,"LUR",2024-05-02,6.6
"2025",163,"LUR",2024-05-02,6.4
"2024",213,"NGDP_RPCH",2024-05-02,-3.3
"2025",213,"NGDP_RPCH",2024-05-02,2.7
"2024",193,"NGDP_RPCH",2024-05-02,1.5
"2025",193,"NGDP_RPCH",2024-05-02,2.2
"2024",122,"NGDP_RPCH",2024-05-02,0.2
"2025",122,"NGDP_RPCH",2024-05-02,1.5
"2024",124,"NGDP_RPCH",2024-05-02,1.3
"2025",124,"NGDP_RPCH",2024-05-02,1.4
"2024",223,"NGDP_RPCH",2024-05-02,1.9
"2025",223,"NGDP_RPCH",2024-05-02,2.1
"2024",918,"NGDP_RPCH",2024-05-02,2.5
"2025",918,"NGDP_RPCH",2024-05-02,2.9
"2024",156,"NGDP_RPCH",2024-05-02,1
"2025",156,"NGDP_RPCH",2024-05-02,1.8
"2024",228,"NGDP_RPCH",2024-05-02,2.3
"2025",228,"NGDP_RPCH",2024-05-02,2.5
"2024",924,"NGDP_RPCH",2024-05-02,4.9
"2025",924,"NGDP_RPCH",2024-05-02,4.5
"2024",233,"NGDP_RPCH",2024-05-02,1.2
"2025",233,"NGDP_RPCH",2024-05-02,3.3
"2024",238,"NGDP_RPCH",2024-05-02,3.6
"2025",238,"NGDP_RPCH",2024-05-02,3.9
"2024",960,"NGDP_RPCH",2024-05-02,3.3
"2025",960,"NGDP_RPCH",2024-05-02,2.8
"2024",935,"NGDP_RPCH",2024-05-02,1.1
"2025",935,"NGDP_RPCH",2024-05-02,2.4
"2024",128,"NGDP_RPCH",2024-05-02,2.3
"2025",128,"NGDP_RPCH",2024-05-02,1.5
"2024",939,"NGDP_RPCH",2024-05-02,-0.4
"2025",939,"NGDP_RPCH",2024-05-02,2.6
"2024",172,"NGDP_RPCH",2024-05-02,-0.4
"2025",172,"NGDP_RPCH",2024-05-02,1.9
"2024",132,"NGDP_RPCH",2024-05-02,0.7
"2025",132,"NGDP_RPCH",2024-05-02,1.3
"2024",134,"NGDP_RPCH",2024-05-02,0.2
"2025",134,"NGDP_RPCH",2024-05-02,1.1
"2024",174,"NGDP_RPCH",2024-05-02,2
"2025",174,"NGDP_RPCH",2024-05-02,2.5
"2024",944,"NGDP_RPCH",2024-05-02,2.1
"2025",944,"NGDP_RPCH",2024-05-02,2.8
"2024",176,"NGDP_RPCH",2024-05-02,1.9
"2025",176,"NGDP_RPCH",2024-05-02,2.8
"2024",534,"NGDP_RPCH",2024-05-02,6.6
"2025",534,"NGDP_RPCH",2024-05-02,6.6
"2024",536,"NGDP_RPCH",2024-05-02,5.1
"2025",536,"NGDP_RPCH",2024-05-02,5.2
"2024",178,"NGDP_RPCH",2024-05-02,0.9
"2025",178,"NGDP_RPCH",2024-05-02,2.9
"2024",436,"NGDP_RPCH",2024-05-02,1.9
"2025",436,"NGDP_RPCH",2024-05-02,4.6
"2024",136,"NGDP_RPCH",2024-05-02,0.7
"2025",136,"NGDP_RPCH",2024-05-02,1.2
"2024",158,"NGDP_RPCH",2024-05-02,0.5
"2025",158,"NGDP_RPCH",2024-05-02,1.1
"2024",542,"NGDP_RPCH",2024-05-02,2.6
"2025",542,"NGDP_RPCH",2024-05-02,2.2
"2024",941,"NGDP_RPCH",2024-05-02,1.8
"2025",941,"NGDP_RPCH",2024-05-02,2.9
"2024",946,"NGDP_RPCH",2024-05-02,1.7
"2025",946,"NGDP_RPCH",2024-05-02,3.1
"2024",137,"NGDP_RPCH",2024-05-02,1.4
"2025",137,"NGDP_RPCH",2024-05-02,2.6
"2024",273,"NGDP_RPCH",2024-05-02,2.2
"2025",273,"NGDP_RPCH",2024-05-02,2
"2024",138,"NGDP_RPCH",2024-05-02,0.7
"2025",138,"NGDP_RPCH",2024-05-02,1.3
"2024",196,"NGDP_RPCH",2024-05-02,0.8
"2025",196,"NGDP_RPCH",2024-05-02,1.9
"2024",142,"NGDP_RPCH",2024-05-02,0.8
"2025",142,"NGDP_RPCH",2024-05-02,1.8
"2024",293,"NGDP_RPCH",2024-05-02,2.3
"2025",293,"NGDP_RPCH",2024-05-02,2.8
"2024",964,"NGDP_RPCH",2024-05-02,2.9
"2025",964,"NGDP_RPCH",2024-05-02,3.4
"2024",182,"NGDP_RPCH",2024-05-02,1.6
"2025",182,"NGDP_RPCH",2024-05-02,2
"2024",968,"NGDP_RPCH",2024-05-02,2.8
"2025",968,"NGDP_RPCH",2024-05-02,3.1
"2024",922,"NGDP_RPCH",2024-05-02,2.6
"2025",922,"NGDP_RPCH",2024-05-02,1
"2024",936,"NGDP_RPCH",2024-05-02,2.1
"2025",936,"NGDP_RPCH",2024-05-02,2.7
"2024",961,"NGDP_RPCH",2024-05-02,2.3
"2025",961,"NGDP_RPCH",2024-05-02,2.7
"2024",199,"NGDP_RPCH",2024-05-02,1
"2025",199,"NGDP_RPCH",2024-05-02,1.4
"2024",184,"NGDP_RPCH",2024-05-02,1.8
"2025",184,"NGDP_RPCH",2024-05-02,2
"2024",144,"NGDP_RPCH",2024-05-02,0.6
"2025",144,"NGDP_RPCH",2024-05-02,2.6
"2024",146,"NGDP_RPCH",2024-05-02,1.1
"2025",146,"NGDP_RPCH",2024-05-02,1.4
"2024",186,"NGDP_RPCH",2024-05-02,3.4
"2025",186,"NGDP_RPCH",2024-05-02,3.2
"2024",112,"NGDP_RPCH",2024-05-02,0.4
"2025",112,"NGDP_RPCH",2024-05-02,1
"2024",111,"NGDP_RPCH",2024-05-02,2.6
"2025",111,"NGDP_RPCH",2024-05-02,1.8
"2024",213,"PCPIPCH",2024-05-02,208.1
"2025",213,"PCPIPCH",2024-05-02,71.2
"2024",193,"PCPIPCH",2024-05-02,3.4
"2025",193,"PCPIPCH",2024-05-02,2.9
"2024",122,"PCPIPCH",2024-05-02,3.7
"2025",122,"PCPIPCH",2024-05-02,2.9
"2024",124,"PCPIPCH",2024-05-02,3.6
"2025",124,"PCPIPCH",2024-05-02,1.9
"2024",223,"PCPIPCH",2024-05-02,4
"2025",223,"PCPIPCH",2024-05-02,3.3
"2024",918,"PCPIPCH",2024-05-02,3
"2025",918,"PCPIPCH",2024-05-02,2.8
"2024",156,"PCPIPCH",2024-05-02,2.4
"2025",156,"PCPIPCH",2024-05-02,2.1
"2024",228,"PCPIPCH",2024-05-02,3.9
"2025",228,"PCPIPCH",2024-05-02,3.3
"2024",924,"PCPIPCH",2024-05-02,0.3
"2025",924,"PCPIPCH",2024-05-02,1.3
"2024",233,"PCPIPCH",2024-05-02,6.5
"2025",233,"PCPIPCH",2024-05-02,4.3
"2024",238,"PCPIPCH",2024-05-02,0.4
"2025",238,"PCPIPCH",2024-05-02,2.2
"2024",960,"PCPIPCH",2024-05-02,3.5
"2025",960,"PCPIPCH",2024-05-02,2.5
"2024",935,"PCPIPCH",2024-05-02,2.4
"2025",935,"PCPIPCH",2024-05-02,2.1
"2024",128,"PCPIPCH",2024-05-02,2.1
"2025",128,"PCPIPCH",2024-05-02,2.4
"2024",939,"PCPIPCH",2024-05-02,3.9
"2025",939,"PCPIPCH",2024-05-02,2.1
"2024",172,"PCPIPCH",2024-05-02,1.1
"2025",172,"PCPIPCH",2024-05-02,1.8
"2024",132,"PCPIPCH",2024-05-02,2.3
"2025",132,"PCPIPCH",2024-05-02,2
"2024",134,"PCPIPCH",2024-05-02,2.4
"2025",134,"PCPIPCH",2024-05-02,2.2
"2024",174,"PCPIPCH",2024-05-02,3
"2025",174,"PCPIPCH",2024-05-02,2.3
"2024",944,"PCPIPCH",2024-05-02,4
"2025",944,"PCPIPCH",2024-05-02,3.9
"2024",176,"PCPIPCH",2024-05-02,5.6
"2025",176,"PCPIPCH",2024-05-02,3.3
"2024",534,"PCPIPCH",2024-05-02,4.3
"2025",534,"PCPIPCH",2024-05-02,4.2
"2024",536,"PCPIPCH",2024-05-02,2.9
"2025",536,"PCPIPCH",2024-05-02,2.9
"2024",178,"PCPIPCH",2024-05-02,2
"2025",178,"PCPIPCH",2024-05-02,2
"2024",436,"PCPIPCH",2024-05-02,2.5
"2025",436,"PCPIPCH",2024-05-02,2.5
"2024",136,"PCPIPCH",2024-05-02,1.1
"2025",136,"PCPIPCH",2024-05-02,2
"2024",158,"PCPIPCH",2024-05-02,2.1
"2025",158,"PCPIPCH",2024-05-02,2
"2024",542,"PCPIPCH",2024-05-02,2.6
"2025",542,"PCPIPCH",2024-05-02,2
"2024",941,"PCPIPCH",2024-05-02,1.7
"2025",941,"PCPIPCH",2024-05-02,2.4
"2024",946,"PCPIPCH",2024-05-02,1.8
"2025",946,"PCPIPCH",2024-05-02,2.6
"2024",137,"PCPIPCH",2024-05-02,2.3
"2025",137,"PCPIPCH",2024-05-02,3
"2024",273,"PCPIPCH",2024-05-02,4.5
"2025",273,"PCPIPCH",2024-05-02,3.1
"2024",138,"PCPIPCH",2024-05-02,2.8
"2025",138,"PCPIPCH",2024-05-02,2.3
"2024",196,"PCPIPCH",2024-05-02,3.2
"2025",196,"PCPIPCH",2024-05-02,2.4
"2024",142,"PCPIPCH",2024-05-02,3.9
"2025",142,"PCPIPCH",2024-05-02,2.8
"2024",293,"PCPIPCH",2024-05-02,2.8
"2025",293,"PCPIPCH",2024-05-02,2.1
"2024",964,"PCPIPCH",2024-05-02,3.9
"2025",964,"PCPIPCH",2024-05-02,4.5
"2024",182,"PCPIPCH",2024-05-02,2.4
"2025",182,"PCPIPCH",2024-05-02,2
"2024",968,"PCPIPCH",2024-05-02,5.8
"2025",968,"PCPIPCH",2024-05-02,3.9
"2024",922,"PCPIPCH",2024-05-02,7.4
"2025",922,"PCPIPCH",2024-05-02,4.7
"2024",936,"PCPIPCH",2024-05-02,2.9
"2025",936,"PCPIPCH",2024-05-02,3.3
"2024",961,"PCPIPCH",2024-05-02,3.3
"2025",961,"PCPIPCH",2024-05-02,3.5
"2024",199,"PCPIPCH",2024-05-02,5.3
"2025",199,"PCPIPCH",2024-05-02,4.6
"2024",184,"PCPIPCH",2024-05-02,3
"2025",184,"PCPIPCH",2024-05-02,2.3
"2024",144,"PCPIPCH",2024-05-02,3.6
"2025",144,"PCPIPCH",2024-05-02,2.1
"2024",146,"PCPIPCH",2024-05-02,1.5
"2025",146,"PCPIPCH",2024-05-02,1.4
"2024",186,"PCPIPCH",2024-05-02,55.5
"2025",186,"PCPIPCH",2024-05-02,28.9
"2024",112,"PCPIPCH",2024-05-02,2.7
"2025",112,"PCPIPCH",2024-05-02,2.3
"2024",111,"PCPIPCH",2024-05-02,3
"2025",111,"PCPIPCH",2024-05-02,2.2
"2024",213,"NGDP_RPCH",2024-09-25,-4
"2025",213,"NGDP_RPCH",2024-09-25,3.9
"2024",193,"NGDP_RPCH",2024-09-25,1.1
"2025",193,"NGDP_RPCH",2024-09-25,1.8
"2024",223,"NGDP_RPCH",2024-09-25,2.9
"2025",223,"NGDP_RPCH",2024-09-25,2.6
"2024",156,"NGDP_RPCH",2024-09-25,1.1
"2025",156,"NGDP_RPCH",2024-09-25,1.8
"2024",924,"NGDP_RPCH",2024-09-25,4.9
"2025",924,"NGDP_RPCH",2024-09-25,4.5
"2024",132,"NGDP_RPCH",2024-09-25,1.1
"2025",132,"NGDP_RPCH",2024-09-25,1.2
"2024",134,"NGDP_RPCH",2024-09-25,0.1
"2025",134,"NGDP_RPCH",2024-09-25,1
"2024",534,"NGDP_RPCH",2024-09-25,6.7
"2025",534,"NGDP_RPCH",2024-09-25,6.8
"2024",536,"NGDP_RPCH",2024-09-25,5.1
"2025",536,"NGDP_RPCH",2024-09-25,5.2
"2024",136,"NGDP_RPCH",2024-09-25,0.8
"2025",136,"NGDP_RPCH",2024-09-25,1.1
"2024",158,"NGDP_RPCH",2024-09-25,-0.1
"2025",158,"NGDP_RPCH",2024-09-25,1.4
"2024",542,"NGDP_RPCH",2024-09-25,2.5
"2025",542,"NGDP_RPCH",2024-09-25,2.2
"2024",273,"NGDP_RPCH",2024-09-25,1.4
"2025",273,"NGDP_RPCH",2024-09-25,1.2
"2024",922,"NGDP_RPCH",2024-09-25,3.7
"2025",922,"NGDP_RPCH",2024-09-25,1.1
"2024",456,"NGDP_RPCH",2024-09-25,1
"2025",456,"NGDP_RPCH",2024-09-25,3.7
"2024",199,"NGDP_RPCH",2024-09-25,1
"2025",199,"NGDP_RPCH",2024-09-25,1.4
"2024",184,"NGDP_RPCH",2024-09-25,2.8
"2025",184,"NGDP_RPCH",2024-09-25,2.2
"2024",186,"NGDP_RPCH",2024-09-25,3.2
"2025",186,"NGDP_RPCH",2024-09-25,3.1
"2024",112,"NGDP_RPCH",2024-09-25,1.1
"2025",112,"NGDP_RPCH",2024-09-25,1.2
"2024",111,"NGDP_RPCH",2024-09-25,2.6
"2025",111,"NGDP_RPCH",2024-09-25,1.6
"2024",163,"NGDP_RPCH",2024-09-25,0.7
"2025",163,"NGDP_RPCH",2024-09-25,1.3
"2024",1,"NGDP_RPCH",2024-09-25,3.2
"2025",1,"NGDP_RPCH",2024-09-25,3.2
"2024",213,"PCPIPCH",2024-09-25,147.5
"2025",213,"PCPIPCH",2024-09-25,46.7
"2024",193,"PCPIPCH",2024-09-25,3.4
"2025",193,"PCPIPCH",2024-09-25,2.4
"2024",223,"PCPIPCH",2024-09-25,4.4
"2025",223,"PCPIPCH",2024-09-25,4
"2024",156,"PCPIPCH",2024-09-25,2.5
"2025",156,"PCPIPCH",2024-09-25,2.2
"2024",924,"PCPIPCH",2024-09-25,0.3
"2025",924,"PCPIPCH",2024-09-25,1
"2024",132,"PCPIPCH",2024-09-25,2.4
"2025",132,"PCPIPCH",2024-09-25,1.9
"2024",134,"PCPIPCH",2024-09-25,2.4
"2025",134,"PCPIPCH",2024-09-25,2
"2024",534,"PCPIPCH",2024-09-25,4.5
"2025",534,"PCPIPCH",2024-09-25,4.1
"2024",536,"PCPIPCH",2024-09-25,2.6
"2025",536,"PCPIPCH",2024-09-25,2.2
"2024",136,"PCPIPCH",2024-09-25,1.3
"2025",136,"PCPIPCH",2024-09-25,2.2
"2024",158,"PCPIPCH",2024-09-25,2.5
"2025",158,"PCPIPCH",2024-09-25,2.1
"2024",542,"PCPIPCH",2024-09-25,2.4
"2025",542,"PCPIPCH",2024-09-25,2
"2024",273,"PCPIPCH",2024-09-25,4.5
"2025",273,"PCPIPCH",2024-09-25,3
"2024",922,"PCPIPCH",2024-09-25,7.8
"2025",922,"PCPIPCH",2024-09-25,5.5
"2024",456,"PCPIPCH",2024-09-25,1.7
"2025",456,"PCPIPCH",2024-09-25,2
"2024",199,"PCPIPCH",2024-09-25,4.6
"2025",199,"PCPIPCH",2024-09-25,3.7
"2024",184,"PCPIPCH",2024-09-25,3
"2025",184,"PCPIPCH",2024-09-25,2.1
"2024",186,"PCPIPCH",2024-09-25,56
"2025",186,"PCPIPCH",2024-09-25,29.1
"2024",112,"PCPIPCH",2024-09-25,2.7
"2025",112,"PCPIPCH",2024-09-25,2.4
"2024",163,"PCPIPCH",2024-09-25,2.4
"2025",163,"PCPIPCH",2024-09-25,2.1
"2024",193,"LUR",2024-12-04,4.1
"2025",193,"LUR",2024-12-04,4.4
"2026",193,"LUR",2024-12-04,4.4
"2024",122,"LUR",2024-12-04,5.1
"2025",122,"LUR",2024-12-04,5.3
"2026",122,"LUR",2024-12-04,5.2
"2024",124,"LUR",2024-12-04,5.6
"2025",124,"LUR",2024-12-04,5.9
"2026",124,"LUR",2024-12-04,5.8
"2024",156,"LUR",2024-12-04,6.3
"2025",156,"LUR",2024-12-04,6.5
"2026",156,"LUR",2024-12-04,6.2
"2024",228,"LUR",2024-12-04,8.4
"2025",228,"LUR",2024-12-04,8.3
"2026",228,"LUR",2024-12-04,8
"2024",233,"LUR",2024-12-04,10.2
"2025",233,"LUR",2024-12-04,9.6
"2026",233,"LUR",2024-12-04,9.6
"2024",238,"LUR",2024-12-04,7.4
"2025",238,"LUR",2024-12-04,6.7
"2026",238,"LUR",2024-12-04,6.7
"2024",935,"LUR",2024-12-04,2.6
"2025",935,"LUR",2024-12-04,2.7
"2026",935,"LUR",2024-12-04,2.5
"2024",128,"LUR",2024-12-04,6.2
"2025",128,"LUR",2024-12-04,6.1
"2026",128,"LUR",2024-12-04,6
"2024",939,"LUR",2024-12-04,7.4
"2025",939,"LUR",2024-12-04,7.3
"2026",939,"LUR",2024-12-04,6.7
"2024",172,"LUR",2024-12-04,8.2
"2025",172,"LUR",2024-12-04,8
"2026",172,"LUR",2024-12-04,7.7
"2024",132,"LUR",2024-12-04,7.4
"2025",132,"LUR",2024-12-04,7.7
"2026",132,"LUR",2024-12-04,7.6
"2024",134,"LUR",2024-12-04,3.5
"2025",134,"LUR",2024-12-04,3.6
"2026",134,"LUR",2024-12-04,3.5
"2024",174,"LUR",2024-12-04,10.1
"2025",174,"LUR",2024-12-04,9.4
"2026",174,"LUR",2024-12-04,8.9
"2024",944,"LUR",2024-12-04,4.6
"2025",944,"LUR",2024-12-04,4.5
"2026",944,"LUR",2024-12-04,4
"2024",176,"LUR",2024-12-04,3.5
"2025",176,"LUR",2024-12-04,3.8
"2026",176,"LUR",2024-12-04,3.9
"2024",178,"LUR",2024-12-04,4.3
"2025",178,"LUR",2024-12-04,4.2
"2026",178,"LUR",2024-12-04,4.3
"2024",436,"LUR",2024-12-04,3
"2025",436,"LUR",2024-12-04,2.5
"2026",436,"LUR",2024-12-04,2
"2024",136,"LUR",2024-12-04,6.5
"2025",136,"LUR",2024-12-04,6
"2026",136,"LUR",2024-12-04,5.8
"2024",158,"LUR",2024-12-04,2.5
"2025",158,"LUR",2024-12-04,2.4
"2026",158,"LUR",2024-12-04,2.3
"2024",542,"LUR",2024-12-04,2.7
"2025",542,"LUR",2024-12-04,2.6
"2026",542,"LUR",2024-12-04,2.7
"2024",941,"LUR",2024-12-04,6.9
"2025",941,"LUR",2024-12-04,6.7
"2026",941,"LUR",2024-12-04,6.6
"2024",946,"LUR",2024-12-04,7.4
"2025",946,"LUR",2024-12-04,6.9
"2026",946,"LUR",2024-12-04,6.3
"2024",137,"LUR",2024-12-04,5.8
"2025",137,"LUR",2024-12-04,6
"2026",137,"LUR",2024-12-04,5.9
"2024",273,"LUR",2024-12-04,2.7
"2025",273,"LUR",2024-12-04,2.8
"2026",273,"LUR",2024-12-04,2.8
"2024",138,"LUR",2024-12-04,3.7
"2025",138,"LUR",2024-12-04,3.8
"2026",138,"LUR",2024-12-04,3.9
"2024",196,"LUR",2024-12-04,4.7
"2025",196,"LUR",2024-12-04,5.3
"2026",196,"LUR",2024-12-04,4.8
"2024",142,"LUR",2024-12-04,4
"2025",142,"LUR",2024-12-04,4.1
"2026",142,"LUR",2024-12-04,4.1
"2024",964,"LUR",2024-12-04,2.9
"2025",964,"LUR",2024-12-04,3.2
"2026",964,"LUR",2024-12-04,3.3
"2024",182,"LUR",2024-12-04,6.4
"2025",182,"LUR",2024-12-04,6.3
"2026",182,"LUR",2024-12-04,6.2
"2024",936,"LUR",2024-12-04,5.4
"2025",936,"LUR",2024-12-04,5.3
"2026",936,"LUR",2024-12-04,5.3
"2024",961,"LUR",2024-12-04,3.7
"2025",961,"LUR",2024-12-04,3.7
"2026",961,"LUR",2024-12-04,3.6
"2024",184,"LUR",2024-12-04,11.5
"2025",184,"LUR",2024-12-04,10.9
"2026",184,"LUR",2024-12-04,10.5
"2024",144,"LUR",2024-12-04,8.4
"2025",144,"LUR",2024-12-04,8.3
"2026",144,"LUR",2024-12-04,8.1
"2024",146,"LUR",2024-12-04,4.1
"2025",146,"LUR",2024-12-04,4
"2026",146,"LUR",2024-12-04,4
"2024",186,"LUR",2024-12-04,8.8
"2025",186,"LUR",2024-12-04,9
"2026",186,"LUR",2024-12-04,8.6
"2024",112,"LUR",2024-12-04,4.2
"2025",112,"LUR",2024-12-04,4
"2026",112,"LUR",2024-12-04,4
"2024",111,"LUR",2024-12-04,4
"2025",111,"LUR",2024-12-04,4.1
"2026",111,"LUR",2024-12-04,4.1
"2024",163,"LUR",2024-12-04,6.4
"2025",163,"LUR",2024-12-04,6.3
"2026",163,"LUR",2024-12-04,6.2
"2024",213,"NGDP_RPCH",2024-12-04,-3.8
"2025",213,"NGDP_RPCH",2024-12-04,3.6
"2026",213,"NGDP_RPCH",2024-12-04,3.8
"2024",193,"NGDP_RPCH",2024-12-04,1.1
"2025",193,"NGDP_RPCH",2024-12-04,1.9
"2026",193,"NGDP_RPCH",2024-12-04,2.5
"2024",122,"NGDP_RPCH",2024-12-04,-0.5
"2025",122,"NGDP_RPCH",2024-12-04,1.1
"2026",122,"NGDP_RPCH",2024-12-04,1.4
"2024",124,"NGDP_RPCH",2024-12-04,0.9
"2025",124,"NGDP_RPCH",2024-12-04,1.2
"2026",124,"NGDP_RPCH",2024-12-04,1.4
"2024",223,"NGDP_RPCH",2024-12-04,3.2
"2025",223,"NGDP_RPCH",2024-12-04,2.3
"2026",223,"NGDP_RPCH",2024-12-04,1.9
"2024",918,"NGDP_RPCH",2024-12-04,2.3
"2025",918,"NGDP_RPCH",2024-12-04,2.8
"2026",918,"NGDP_RPCH",2024-12-04,2.6
"2024",156,"NGDP_RPCH",2024-12-04,1.1
"2025",156,"NGDP_RPCH",2024-12-04,2
"2026",156,"NGDP_RPCH",2024-12-04,2
"2024",228,"NGDP_RPCH",2024-12-04,2.4
"2025",228,"NGDP_RPCH",2024-12-04,2.3
"2026",228,"NGDP_RPCH",2024-12-04,2.1
"2024",924,"NGDP_RPCH",2024-12-04,4.9
"2025",924,"NGDP_RPCH",2024-12-04,4.7
"2026",924,"NGDP_RPCH",2024-12-04,4.4
"2024",233,"NGDP_RPCH",2024-12-04,1.8
"2025",233,"NGDP_RPCH",2024-12-04,2.7
"2026",233,"NGDP_RPCH",2024-12-04,2.9
"2024",238,"NGDP_RPCH",2024-12-04,4
"2025",238,"NGDP_RPCH",2024-12-04,3.5
"2026",238,"NGDP_RPCH",2024-12-04,3.6
"2024",960,"NGDP_RPCH",2024-12-04,3.7
"2025",960,"NGDP_RPCH",2024-12-04,3
"2026",960,"NGDP_RPCH",2024-12-04,2.8
"2024",935,"NGDP_RPCH",2024-12-04,1
"2025",935,"NGDP_RPCH",2024-12-04,2.4
"2026",935,"NGDP_RPCH",2024-12-04,2.6
"2024",128,"NGDP_RPCH",2024-12-04,2.8
"2025",128,"NGDP_RPCH",2024-12-04,2.5
"2026",128,"NGDP_RPCH",2024-12-04,1.7
"2024",939,"NGDP_RPCH",2024-12-04,-0.9
"2025",939,"NGDP_RPCH",2024-12-04,1.7
"2026",939,"NGDP_RPCH",2024-12-04,2.7
"2024",172,"NGDP_RPCH",2024-12-04,-0.3
"2025",172,"NGDP_RPCH",2024-12-04,1.6
"2026",172,"NGDP_RPCH",2024-12-04,1.7
"2024",132,"NGDP_RPCH",2024-12-04,1.1
"2025",132,"NGDP_RPCH",2024-12-04,0.9
"2026",132,"NGDP_RPCH",2024-12-04,1
"2024",134,"NGDP_RPCH",2024-12-04,0
"2025",134,"NGDP_RPCH",2024-12-04,0.7
"2026",134,"NGDP_RPCH",2024-12-04,1.2
"2024",174,"NGDP_RPCH",2024-12-04,2.3
"2025",174,"NGDP_RPCH",2024-12-04,2.2
"2026",174,"NGDP_RPCH",2024-12-04,2.5
"2024",944,"NGDP_RPCH",2024-12-04,0.6
"2025",944,"NGDP_RPCH",2024-12-04,2.1
"2026",944,"NGDP_RPCH",2024-12-04,2.9
"2024",176,"NGDP_RPCH",2024-12-04,0.7
"2025",176,"NGDP_RPCH",2024-12-04,2.3
"2026",176,"NGDP_RPCH",2024-12-04,2.8
"2024",534,"NGDP_RPCH",2024-12-04,6.8
"2025",534,"NGDP_RPCH",2024-12-04,6.9
"2026",534,"NGDP_RPCH",2024-12-04,6.8
"2024",536,"NGDP_RPCH",2024-12-04,5.1
"2025",536,"NGDP_RPCH",2024-12-04,5.2
"2026",536,"NGDP_RPCH",2024-12-04,5.1
"2024",178,"NGDP_RPCH",2024-12-04,-0.5
"2025",178,"NGDP_RPCH",2024-12-04,3.7
"2026",178,"NGDP_RPCH",2024-12-04,3.5
"2024",436,"NGDP_RPCH",2024-12-04,0.6
"2025",436,"NGDP_RPCH",2024-12-04,2.4
"2026",436,"NGDP_RPCH",2024-12-04,4.6
"2024",136,"NGDP_RPCH",2024-12-04,0.5
"2025",136,"NGDP_RPCH",2024-12-04,0.9
"2026",136,"NGDP_RPCH",2024-12-04,1.2
"2024",158,"NGDP_RPCH",2024-12-04,-0.3
"2025",158,"NGDP_RPCH",2024-12-04,1.5
"2026",158,"NGDP_RPCH",2024-12-04,0.6
"2024",542,"NGDP_RPCH",2024-12-04,2.3
"2025",542,"NGDP_RPCH",2024-12-04,2.1
"2026",542,"NGDP_RPCH",2024-12-04,2.1
"2024",941,"NGDP_RPCH",2024-12-04,-0.3
"2025",941,"NGDP_RPCH",2024-12-04,1.9
"2026",941,"NGDP_RPCH",2024-12-04,2.5
"2024",946,"NGDP_RPCH",2024-12-04,2.4
"2025",946,"NGDP_RPCH",2024-12-04,3.1
"2026",946,"NGDP_RPCH",2024-12-04,2.8
"2024",137,"NGDP_RPCH",2024-12-04,1.2
"2025",137,"NGDP_RPCH",2024-12-04,2.3
"2026",137,"NGDP_RPCH",2024-12-04,2.4
"2024",273,"NGDP_RPCH",2024-12-04,1.4
"2025",273,"NGDP_RPCH",2024-12-04,1.2
"2026",273,"NGDP_RPCH",2024-12-04,1.6
"2024",138,"NGDP_RPCH",2024-12-04,0.9
"2025",138,"NGDP_RPCH",2024-12-04,1.6
"2026",138,"NGDP_RPCH",2024-12-04,1.6
"2024",196,"NGDP_RPCH",2024-12-04,0.6
"2025",196,"NGDP_RPCH",2024-12-04,1.4
"2026",196,"NGDP_RPCH",2024-12-04,2.1
"2024",142,"NGDP_RPCH",2024-12-04,1.2
"2025",142,"NGDP_RPCH",2024-12-04,1.7
"2026",142,"NGDP_RPCH",2024-12-04,1
"2024",293,"NGDP_RPCH",2024-12-04,3.1
"2025",293,"NGDP_RPCH",2024-12-04,2.8
"2026",293,"NGDP_RPCH",2024-12-04,2.6
"2024",964,"NGDP_RPCH",2024-12-04,2.8
"2025",964,"NGDP_RPCH",2024-12-04,3.4
"2026",964,"NGDP_RPCH",2024-12-04,3
"2024",182,"NGDP_RPCH",2024-12-04,1.7
"2025",182,"NGDP_RPCH",2024-12-04,2
"2026",182,"NGDP_RPCH",2024-12-04,2
"2024",968,"NGDP_RPCH",2024-12-04,1.2
"2025",968,"NGDP_RPCH",2024-12-04,2.6
"2026",968,"NGDP_RPCH",2024-12-04,3.1
"2024",922,"NGDP_RPCH",2024-12-04,3.9
"2025",922,"NGDP_RPCH",2024-12-04,1.1
"2026",922,"NGDP_RPCH",2024-12-04,0.9
"2024",936,"NGDP_RPCH",2024-12-04,2.3
"2025",936,"NGDP_RPCH",2024-12-04,2.4
"2026",936,"NGDP_RPCH",2024-12-04,2.1
"2024",961,"NGDP_RPCH",2024-12-04,1.1
"2025",961,"NGDP_RPCH",2024-12-04,2.6
"2026",961,"NGDP_RPCH",2024-12-04,2.6
"2024",199,"NGDP_RPCH",2024-12-04,1
"2025",199,"NGDP_RPCH",2024-12-04,1.5
"2026",199,"NGDP_RPCH",2024-12-04,1.7
"2024",184,"NGDP_RPCH",2024-12-04,3
"2025",184,"NGDP_RPCH",2024-12-04,2.3
"2026",184,"NGDP_RPCH",2024-12-04,2
"2024",144,"NGDP_RPCH",2024-12-04,0.6
"2025",144,"NGDP_RPCH",2024-12-04,1.8
"2026",144,"NGDP_RPCH",2024-12-04,2.8
"2024",146,"NGDP_RPCH",2024-12-04,1.3
"2025",146,"NGDP_RPCH",2024-12-04,1.5
"2026",146,"NGDP_RPCH",2024-12-04,1.9
"2024",186,"NGDP_RPCH",2024-12-04,3.5
"2025",186,"NGDP_RPCH",2024-12-04,2.6
"2026",186,"NGDP_RPCH",2024-12-04,4
"2024",112,"NGDP_RPCH",2024-12-04,0.9
"2025",112,"NGDP_RPCH",2024-12-04,1.7
"2026",112,"NGDP_RPCH",2024-12-04,1.3
"2024",111,"NGDP_RPCH",2024-12-04,2.8
"2025",111,"NGDP_RPCH",2024-12-04,2.4
"2026",111,"NGDP_RPCH",2024-12-04,2.1
"2024",213,"PCPIPCH",2024-12-04,120.9
"2025",213,"PCPIPCH",2024-12-04,29.8
"2026",213,"PCPIPCH",2024-12-04,25.1
"2024",193,"PCPIPCH",2024-12-04,3.2
"2025",193,"PCPIPCH",2024-12-04,2.3
"2026",193,"PCPIPCH",2024-12-04,2.6
"2024",122,"PCPIPCH",2024-12-04,2.9
"2025",122,"PCPIPCH",2024-12-04,2.1
"2026",122,"PCPIPCH",2024-12-04,2
"2024",124,"PCPIPCH",2024-12-04,4.3
"2025",124,"PCPIPCH",2024-12-04,2.9
"2026",124,"PCPIPCH",2024-12-04,2.1
"2024",223,"PCPIPCH",2024-12-04,4.5
"2025",223,"PCPIPCH",2024-12-04,4.2
"2026",223,"PCPIPCH",2024-12-04,3.6
"2024",918,"PCPIPCH",2024-12-04,2.4
"2025",918,"PCPIPCH",2024-12-04,2.7
"2026",918,"PCPIPCH",2024-12-04,2.5
"2024",156,"PCPIPCH",2024-12-04,2.4
"2025",156,"PCPIPCH",2024-12-04,2
"2026",156,"PCPIPCH",2024-12-04,2.1
"2024",228,"PCPIPCH",2024-12-04,4.3
"2025",228,"PCPIPCH",2024-12-04,4.2
"2026",228,"PCPIPCH",2024-12-04,3.2
"2024",924,"PCPIPCH",2024-12-04,0.4
"2025",924,"PCPIPCH",2024-12-04,1.1
"2026",924,"PCPIPCH",2024-12-04,1.4
"2024",233,"PCPIPCH",2024-12-04,6.7
"2025",233,"PCPIPCH",2024-12-04,4.3
"2026",233,"PCPIPCH",2024-12-04,3.1
"2024",238,"PCPIPCH",2024-12-04,-0.4
"2025",238,"PCPIPCH",2024-12-04,1.6
"2026",238,"PCPIPCH",2024-12-04,2.6
"2024",960,"PCPIPCH",2024-12-04,3.9
"2025",960,"PCPIPCH",2024-12-04,3.3
"2026",960,"PCPIPCH",2024-12-04,2.2
"2024",935,"PCPIPCH",2024-12-04,2.4
"2025",935,"PCPIPCH",2024-12-04,2.3
"2026",935,"PCPIPCH",2024-12-04,2
"2024",128,"PCPIPCH",2024-12-04,1.4
"2025",128,"PCPIPCH",2024-12-04,2
"2026",128,"PCPIPCH",2024-12-04,2
"2024",939,"PCPIPCH",2024-12-04,3.4
"2025",939,"PCPIPCH",2024-12-04,3.8
"2026",939,"PCPIPCH",2024-12-04,2.8
"2024",172,"PCPIPCH",2024-12-04,0.9
"2025",172,"PCPIPCH",2024-12-04,1.8
"2026",172,"PCPIPCH",2024-12-04,1.8
"2024",132,"PCPIPCH",2024-12-04,2.4
"2025",132,"PCPIPCH",2024-12-04,1.6
"2026",132,"PCPIPCH",2024-12-04,1.8
"2024",134,"PCPIPCH",2024-12-04,2.4
"2025",134,"PCPIPCH",2024-12-04,2
"2026",134,"PCPIPCH",2024-12-04,1.9
"2024",174,"PCPIPCH",2024-12-04,3
"2025",174,"PCPIPCH",2024-12-04,2.7
"2026",174,"PCPIPCH",2024-12-04,2.1
"2024",944,"PCPIPCH",2024-12-04,3.8
"2025",944,"PCPIPCH",2024-12-04,3.3
"2026",944,"PCPIPCH",2024-12-04,2.9
"2024",176,"PCPIPCH",2024-12-04,6
"2025",176,"PCPIPCH",2024-12-04,4.1
"2026",176,"PCPIPCH",2024-12-04,2.6
"2024",534,"PCPIPCH",2024-12-04,4.8
"2025",534,"PCPIPCH",2024-12-04,4.2
"2026",534,"PCPIPCH",2024-12-04,4
"2024",536,"PCPIPCH",2024-12-04,2.3
"2025",536,"PCPIPCH",2024-12-04,2.2
"2026",536,"PCPIPCH",2024-12-04,2.4
"2024",178,"PCPIPCH",2024-12-04,1.5
"2025",178,"PCPIPCH",2024-12-04,1.9
"2026",178,"PCPIPCH",2024-12-04,1.8
"2024",436,"PCPIPCH",2024-12-04,3.1
"2025",436,"PCPIPCH",2024-12-04,3.6
"2026",436,"PCPIPCH",2024-12-04,2.9
"2024",136,"PCPIPCH",2024-12-04,1.2
"2025",136,"PCPIPCH",2024-12-04,2.1
"2026",136,"PCPIPCH",2024-12-04,2
"2024",158,"PCPIPCH",2024-12-04,2.6
"2025",158,"PCPIPCH",2024-12-04,1.9
"2026",158,"PCPIPCH",2024-12-04,2.1
"2024",542,"PCPIPCH",2024-12-04,2.3
"2025",542,"PCPIPCH",2024-12-04,1.8
"2026",542,"PCPIPCH",2024-12-04,2
"2024",941,"PCPIPCH",2024-12-04,1.2
"2025",941,"PCPIPCH",2024-12-04,2
"2026",941,"PCPIPCH",2024-12-04,2.1
"2024",946,"PCPIPCH",2024-12-04,0.9
"2025",946,"PCPIPCH",2024-12-04,2.3
"2026",946,"PCPIPCH",2024-12-04,2.4
"2024",137,"PCPIPCH",2024-12-04,2.3
"2025",137,"PCPIPCH",2024-12-04,2.4
"2026",137,"PCPIPCH",2024-12-04,1.9
"2024",273,"PCPIPCH",2024-12-04,4.7
"2025",273,"PCPIPCH",2024-12-04,3.3
"2026",273,"PCPIPCH",2024-12-04,3
"2024",138,"PCPIPCH",2024-12-04,3.2
"2025",138,"PCPIPCH",2024-12-04,2.7
"2026",138,"PCPIPCH",2024-12-04,2.5
"2024",196,"PCPIPCH",2024-12-04,2.9
"2025",196,"PCPIPCH",2024-12-04,2
"2026",196,"PCPIPCH",2024-12-04,2.1
"2024",142,"PCPIPCH",2024-12-04,3.2
"2025",142,"PCPIPCH",2024-12-04,2.6
"2026",142,"PCPIPCH",2024-12-04,2.3
"2024",293,"PCPIPCH",2024-12-04,2.4
"2025",293,"PCPIPCH",2024-12-04,2
"2026",293,"PCPIPCH",2024-12-04,2
"2024",964,"PCPIPCH",2024-12-04,3.8
"2025",964,"PCPIPCH",2024-12-04,5
"2026",964,"PCPIPCH",2024-12-04,3.9
"2024",182,"PCPIPCH",2024-12-04,2.7
"2025",182,"PCPIPCH",2024-12-04,2.2
"2026",182,"PCPIPCH",2024-12-04,2.1
"2024",968,"PCPIPCH",2024-12-04,5.5
"2025",968,"PCPIPCH",2024-12-04,3.9
"2026",968,"PCPIPCH",2024-12-04,3
"2024",922,"PCPIPCH",2024-12-04,8.2
"2025",922,"PCPIPCH",2024-12-04,7
"2026",922,"PCPIPCH",2024-12-04,5.2
"2024",936,"PCPIPCH",2024-12-04,3.2
"2025",936,"PCPIPCH",2024-12-04,4.4
"2026",936,"PCPIPCH",2024-12-04,2.7
"2024",961,"PCPIPCH",2024-12-04,1.9
"2025",961,"PCPIPCH",2024-12-04,2.4
"2026",961,"PCPIPCH",2024-12-04,2.6
"2024",199,"PCPIPCH",2024-12-04,4.6
"2025",199,"PCPIPCH",2024-12-04,3.9
"2026",199,"PCPIPCH",2024-12-04,4.5
"2024",184,"PCPIPCH",2024-12-04,2.8
"2025",184,"PCPIPCH",2024-12-04,2.1
"2026",184,"PCPIPCH",2024-12-04,2
"2024",144,"PCPIPCH",2024-12-04,2.8
"2025",144,"PCPIPCH",2024-12-04,0.8
"2026",144,"PCPIPCH",2024-12-04,1.9
"2024",146,"PCPIPCH",2024-12-04,1.1
"2025",146,"PCPIPCH",2024-12-04,0.9
"2026",146,"PCPIPCH",2024-12-04,1
"2024",186,"PCPIPCH",2024-12-04,58.3
"2025",186,"PCPIPCH",2024-12-04,30.7
"2026",186,"PCPIPCH",2024-12-04,17.2
"2024",112,"PCPIPCH",2024-12-04,2.6
"2025",112,"PCPIPCH",2024-12-04,2.7
"2026",112,"PCPIPCH",2024-12-04,2.3
"2024",111,"PCPIPCH",2024-12-04,2.9
"2025",111,"PCPIPCH",2024-12-04,2.4
"2026",111,"PCPIPCH",2024-12-04,2.3
"2025",213,"NGDP_RPCH",2025-03-17,5.7
"2026",213,"NGDP_RPCH",2025-03-17,4.8
"2025",193,"NGDP_RPCH",2025-03-17,1.9
"2026",193,"NGDP_RPCH",2025-03-17,1.8
"2025",223,"NGDP_RPCH",2025-03-17,2.1
"2026",223,"NGDP_RPCH",2025-03-17,1.4
"2025",156,"NGDP_RPCH",2025-03-17,0.7
"2026",156,"NGDP_RPCH",2025-03-17,0.7
"2025",924,"NGDP_RPCH",2025-03-17,4.8
"2026",924,"NGDP_RPCH",2025-03-17,4.4
"2025",132,"NGDP_RPCH",2025-03-17,0.8
"2026",132,"NGDP_RPCH",2025-03-17,1
"2025",134,"NGDP_RPCH",2025-03-17,0.4
"2026",134,"NGDP_RPCH",2025-03-17,1.1
"2025",534,"NGDP_RPCH",2025-03-17,6.4
"2026",534,"NGDP_RPCH",2025-03-17,6.6
"2025",536,"NGDP_RPCH",2025-03-17,4.9
"2026",536,"NGDP_RPCH",2025-03-17,5
"2025",136,"NGDP_RPCH",2025-03-17,0.7
"2026",136,"NGDP_RPCH",2025-03-17,0.9
"2025",158,"NGDP_RPCH",2025-03-17,1.1
"2026",158,"NGDP_RPCH",2025-03-17,0.2
"2025",542,"NGDP_RPCH",2025-03-17,1.5
"2026",542,"NGDP_RPCH",2025-03-17,2.2
"2025",273,"NGDP_RPCH",2025-03-17,-1.3
"2026",273,"NGDP_RPCH",2025-03-17,-0.6
"2025",922,"NGDP_RPCH",2025-03-17,1.3
"2026",922,"NGDP_RPCH",2025-03-17,0.9
"2025",456,"NGDP_RPCH",2025-03-17,3.8
"2026",456,"NGDP_RPCH",2025-03-17,3.6
"2025",199,"NGDP_RPCH",2025-03-17,1.6
"2026",199,"NGDP_RPCH",2025-03-17,1.7
"2025",184,"NGDP_RPCH",2025-03-17,2.6
"2026",184,"NGDP_RPCH",2025-03-17,2.1
"2025",186,"NGDP_RPCH",2025-03-17,3.1
"2026",186,"NGDP_RPCH",2025-03-17,3.9
"2025",112,"NGDP_RPCH",2025-03-17,1.4
"2026",112,"NGDP_RPCH",2025-03-17,1.2
"2025",111,"NGDP_RPCH",2025-03-17,2.2
"2026",111,"NGDP_RPCH",2025-03-17,1.6
"2025",163,"NGDP_RPCH",2025-03-17,1
"2026",163,"NGDP_RPCH",2025-03-17,1.2
"2025",1,"NGDP_RPCH",2025-03-17,3.1
"2026",1,"NGDP_RPCH",2025-03-17,3
"2025",213,"PCPIPCH",2025-03-17,28.4
"2026",213,"PCPIPCH",2025-03-17,24.8
"2025",193,"PCPIPCH",2025-03-17,2.4
"2026",193,"PCPIPCH",2025-03-17,2.2
"2025",223,"PCPIPCH",2025-03-17,5.4
"2026",223,"PCPIPCH",2025-03-17,5.3
"2025",156,"PCPIPCH",2025-03-17,3.1
"2026",156,"PCPIPCH",2025-03-17,2.9
"2025",924,"PCPIPCH",2025-03-17,0.6
"2026",924,"PCPIPCH",2025-03-17,1.4
"2025",132,"PCPIPCH",2025-03-17,1.5
"2026",132,"PCPIPCH",2025-03-17,1.8
"2025",134,"PCPIPCH",2025-03-17,2.4
"2026",134,"PCPIPCH",2025-03-17,2
"2025",534,"PCPIPCH",2025-03-17,4.5
"2026",534,"PCPIPCH",2025-03-17,4.1
"2025",536,"PCPIPCH",2025-03-17,1.8
"2026",536,"PCPIPCH",2025-03-17,2.8
"2025",136,"PCPIPCH",2025-03-17,1.7
"2026",136,"PCPIPCH",2025-03-17,1.9
"2025",158,"PCPIPCH",2025-03-17,3.2
"2026",158,"PCPIPCH",2025-03-17,2.1
"2025",542,"PCPIPCH",2025-03-17,1.9
"2026",542,"PCPIPCH",2025-03-17,2.1
"2025",273,"PCPIPCH",2025-03-17,4.4
"2026",273,"PCPIPCH",2025-03-17,3.5
"2025",922,"PCPIPCH",2025-03-17,9.9
"2026",922,"PCPIPCH",2025-03-17,6.3
"2025",456,"PCPIPCH",2025-03-17,1.9
"2026",456,"PCPIPCH",2025-03-17,2
"2025",199,"PCPIPCH",2025-03-17,4
"2026",199,"PCPIPCH",2025-03-17,4.6
"2025",184,"PCPIPCH",2025-03-17,2.5
"2026",184,"PCPIPCH",2025-03-17,2.1
"2025",186,"PCPIPCH",2025-03-17,31.4
"2026",186,"PCPIPCH",2025-03-17,17.3
"2025",112,"PCPIPCH",2025-03-17,2.7
"2026",112,"PCPIPCH",2025-03-17,2.3
"2025",163,"PCPIPCH",2025-03-17,2.2
"2026",163,"PCPIPCH",2025-03-17,2
"2025",193,"LUR",2025-06-03,4.1
"2026",193,"LUR",2025-06-03,4.3
"2025",122,"LUR",2025-06-03,5.2
"2026",122,"LUR",2025-06-03,5.2
"2025",124,"LUR",2025-06-03,5.9
"2026",124,"LUR",2025-06-03,6.1
"2025",156,"LUR",2025-06-03,7.1
"2026",156,"LUR",2025-06-03,7.3
"2025",228,"LUR",2025-06-03,8.2
"2026",228,"LUR",2025-06-03,7.4
"2025",233,"LUR",2025-06-03,9.1
"2026",233,"LUR",2025-06-03,8.9
"2025",238,"LUR",2025-06-03,7.7
"2026",238,"LUR",2025-06-03,8
"2025",935,"LUR",2025-06-03,2.7
"2026",935,"LUR",2025-06-03,2.6
"2025",128,"LUR",2025-06-03,6.8
"2026",128,"LUR",2025-06-03,6.8
"2025",939,"LUR",2025-06-03,7.8
"2026",939,"LUR",2025-06-03,7.6
"2025",172,"LUR",2025-06-03,9.1
"2026",172,"LUR",2025-06-03,8.7
"2025",132,"LUR",2025-06-03,7.8
"2026",132,"LUR",2025-06-03,7.6
"2025",134,"LUR",2025-06-03,3.6
"2026",134,"LUR",2025-06-03,3.5
"2025",174,"LUR",2025-06-03,9.4
"2026",174,"LUR",2025-06-03,9.1
"2025",944,"LUR",2025-06-03,4.3
"2026",944,"LUR",2025-06-03,3.9
"2025",176,"LUR",2025-06-03,4
"2026",176,"LUR",2025-06-03,4.3
"2025",178,"LUR",2025-06-03,4.4
"2026",178,"LUR",2025-06-03,4.6
"2025",436,"LUR",2025-06-03,2.4
"2026",436,"LUR",2025-06-03,2
"2025",136,"LUR",2025-06-03,6.1
"2026",136,"LUR",2025-06-03,6.1
"2025",158,"LUR",2025-06-03,2.5
"2026",158,"LUR",2025-06-03,2.5
"2025",542,"LUR",2025-06-03,2.9
"2026",542,"LUR",2025-06-03,2.8
"2025",941,"LUR",2025-06-03,6.8
"2026",941,"LUR",2025-06-03,6.5
"2025",946,"LUR",2025-06-03,6.3
"2026",946,"LUR",2025-06-03,5.8
"2025",137,"LUR",2025-06-03,6
"2026",137,"LUR",2025-06-03,5.9
"2025",273,"LUR",2025-06-03,2.8
"2026",273,"LUR",2025-06-03,2.8
"2025",138,"LUR",2025-06-03,3.9
"2026",138,"LUR",2025-06-03,4
"2025",196,"LUR",2025-06-03,5.3
"2026",196,"LUR",2025-06-03,5.2
"2025",142,"LUR",2025-06-03,4.1
"2026",142,"LUR",2025-06-03,4
"2025",964,"LUR",2025-06-03,2.8
"2026",964,"LUR",2025-06-03,2.7
"2025",182,"LUR",2025-06-03,6.4
"2026",182,"LUR",2025-06-03,6.4
"2025",936,"LUR",2025-06-03,5.4
"2026",936,"LUR",2025-06-03,5.4
"2025",961,"LUR",2025-06-03,3.7
"2026",961,"LUR",2025-06-03,3.7
"2025",184,"LUR",2025-06-03,10.7
"2026",184,"LUR",2025-06-03,10.1
"2025",144,"LUR",2025-06-03,8.7
"2026",144,"LUR",2025-06-03,8.3
"2025",146,"LUR",2025-06-03,4.5
"2026",146,"LUR",2025-06-03,4.5
"2025",186,"LUR",2025-06-03,8.6
"2026",186,"LUR",2025-06-03,8.5
"2025",112,"LUR",2025-06-03,4.6
"2026",112,"LUR",2025-06-03,4.6
"2025",111,"LUR",2025-06-03,4.2
"2026",111,"LUR",2025-06-03,4.3
"2025",163,"LUR",2025-06-03,6.4
"2026",163,"LUR",2025-06-03,6.2
"2025",213,"NGDP_RPCH",2025-06-03,5.2
"2026",213,"NGDP_RPCH",2025-06-03,4.3
"2025",193,"NGDP_RPCH",2025-06-03,1.8
"2026",193,"NGDP_RPCH",2025-06-03,2.2
"2025",122,"NGDP_RPCH",2025-06-03,-0.3
"2026",122,"NGDP_RPCH",2025-06-03,1
"2025",124,"NGDP_RPCH",2025-06-03,1
"2026",124,"NGDP_RPCH",2025-06-03,1
"2025",223,"NGDP_RPCH",2025-06-03,2.1
"2026",223,"NGDP_RPCH",2025-06-03,1.6
"2025",918,"NGDP_RPCH",2025-06-03,2.6
"2026",918,"NGDP_RPCH",2025-06-03,2.3
"2025",156,"NGDP_RPCH",2025-06-03,1
"2026",156,"NGDP_RPCH",2025-06-03,1.1
"2025",228,"NGDP_RPCH",2025-06-03,2.4
"2026",228,"NGDP_RPCH",2025-06-03,2.4
"2025",924,"NGDP_RPCH",2025-06-03,4.7
"2026",924,"NGDP_RPCH",2025-06-03,4.3
"2025",233,"NGDP_RPCH",2025-06-03,2.5
"2026",233,"NGDP_RPCH",2025-06-03,2.6
"2025",238,"NGDP_RPCH",2025-06-03,3.1
"2026",238,"NGDP_RPCH",2025-06-03,3.1
"2025",960,"NGDP_RPCH",2025-06-03,2.9
"2026",960,"NGDP_RPCH",2025-06-03,2.7
"2025",935,"NGDP_RPCH",2025-06-03,1.9
"2026",935,"NGDP_RPCH",2025-06-03,2.2
"2025",128,"NGDP_RPCH",2025-06-03,3
"2026",128,"NGDP_RPCH",2025-06-03,1.5
"2025",939,"NGDP_RPCH",2025-06-03,1.5
"2026",939,"NGDP_RPCH",2025-06-03,2
"2025",172,"NGDP_RPCH",2025-06-03,0.7
"2026",172,"NGDP_RPCH",2025-06-03,1.1
"2025",132,"NGDP_RPCH",2025-06-03,0.6
"2026",132,"NGDP_RPCH",2025-06-03,0.9
"2025",134,"NGDP_RPCH",2025-06-03,0.4
"2026",134,"NGDP_RPCH",2025-06-03,1.2
"2025",174,"NGDP_RPCH",2025-06-03,2
"2026",174,"NGDP_RPCH",2025-06-03,2.1
"2025",944,"NGDP_RPCH",2025-06-03,0.9
"2026",944,"NGDP_RPCH",2025-06-03,2.4
"2025",176,"NGDP_RPCH",2025-06-03,1.4
"2026",176,"NGDP_RPCH",2025-06-03,2.8
"2025",534,"NGDP_RPCH",2025-06-03,6.3
"2026",534,"NGDP_RPCH",2025-06-03,6.4
"2025",536,"NGDP_RPCH",2025-06-03,4.7
"2026",536,"NGDP_RPCH",2025-06-03,4.8
"2025",178,"NGDP_RPCH",2025-06-03,3.7
"2026",178,"NGDP_RPCH",2025-06-03,2.3
"2025",436,"NGDP_RPCH",2025-06-03,3.3
"2026",436,"NGDP_RPCH",2025-06-03,4.9
"2025",136,"NGDP_RPCH",2025-06-03,0.6
"2026",136,"NGDP_RPCH",2025-06-03,0.7
"2025",158,"NGDP_RPCH",2025-06-03,0.7
"2026",158,"NGDP_RPCH",2025-06-03,0.4
"2025",542,"NGDP_RPCH",2025-06-03,1
"2026",542,"NGDP_RPCH",2025-06-03,2.2
"2025",941,"NGDP_RPCH",2025-06-03,1.1
"2026",941,"NGDP_RPCH",2025-06-03,2.1
"2025",946,"NGDP_RPCH",2025-06-03,2.7
"2026",946,"NGDP_RPCH",2025-06-03,2.4
"2025",137,"NGDP_RPCH",2025-06-03,2.1
"2026",137,"NGDP_RPCH",2025-06-03,2.3
"2025",273,"NGDP_RPCH",2025-06-03,0.4
"2026",273,"NGDP_RPCH",2025-06-03,1.1
"2025",138,"NGDP_RPCH",2025-06-03,1.3
"2026",138,"NGDP_RPCH",2025-06-03,1.1
"2025",196,"NGDP_RPCH",2025-06-03,0.8
"2026",196,"NGDP_RPCH",2025-06-03,1.7
"2025",142,"NGDP_RPCH",2025-06-03,0.3
"2026",142,"NGDP_RPCH",2025-06-03,1.6
"2025",293,"NGDP_RPCH",2025-06-03,2.8
"2026",293,"NGDP_RPCH",2025-06-03,2.6
"2025",964,"NGDP_RPCH",2025-06-03,3.2
"2026",964,"NGDP_RPCH",2025-06-03,2.7
"2025",182,"NGDP_RPCH",2025-06-03,1.9
"2026",182,"NGDP_RPCH",2025-06-03,1.9
"2025",968,"NGDP_RPCH",2025-06-03,1.5
"2026",968,"NGDP_RPCH",2025-06-03,2.4
"2025",922,"NGDP_RPCH",2025-06-03,1
"2026",922,"NGDP_RPCH",2025-06-03,0.7
"2025",936,"NGDP_RPCH",2025-06-03,1.4
"2026",936,"NGDP_RPCH",2025-06-03,1.1
"2025",961,"NGDP_RPCH",2025-06-03,1.6
"2026",961,"NGDP_RPCH",2025-06-03,2.4
"2025",199,"NGDP_RPCH",2025-06-03,1.3
"2026",199,"NGDP_RPCH",2025-06-03,1.4
"2025",184,"NGDP_RPCH",2025-06-03,2.4
"2026",184,"NGDP_RPCH",2025-06-03,1.9
"2025",144,"NGDP_RPCH",2025-06-03,1.6
"2026",144,"NGDP_RPCH",2025-06-03,2.3
"2025",146,"NGDP_RPCH",2025-06-03,1.1
"2026",146,"NGDP_RPCH",2025-06-03,1.2
"2025",186,"NGDP_RPCH",2025-06-03,2.9
"2026",186,"NGDP_RPCH",2025-06-03,3.3
"2025",112,"NGDP_RPCH",2025-06-03,1.3
"2026",112,"NGDP_RPCH",2025-06-03,1
"2025",111,"NGDP_RPCH",2025-06-03,1.6
"2026",111,"NGDP_RPCH",2025-06-03,1.5
"2025",213,"PCPIPCH",2025-06-03,36.6
"2026",213,"PCPIPCH",2025-06-03,14.9
"2025",193,"PCPIPCH",2025-06-03,2.3
"2026",193,"PCPIPCH",2025-06-03,2.3
"2025",122,"PCPIPCH",2025-06-03,3
"2026",122,"PCPIPCH",2025-06-03,1.9
"2025",124,"PCPIPCH",2025-06-03,2.9
"2026",124,"PCPIPCH",2025-06-03,1.8
"2025",223,"PCPIPCH",2025-06-03,5.7
"2026",223,"PCPIPCH",2025-06-03,5
"2025",918,"PCPIPCH",2025-06-03,3.8
"2026",918,"PCPIPCH",2025-06-03,2.8
"2025",156,"PCPIPCH",2025-06-03,2.1
"2026",156,"PCPIPCH",2025-06-03,2.1
"2025",228,"PCPIPCH",2025-06-03,4.5
"2026",228,"PCPIPCH",2025-06-03,3.3
"2025",924,"PCPIPCH",2025-06-03,-0.1
"2026",924,"PCPIPCH",2025-06-03,1.4
"2025",233,"PCPIPCH",2025-06-03,4.7
"2026",233,"PCPIPCH",2025-06-03,4
"2025",238,"PCPIPCH",2025-06-03,1.8
"2026",238,"PCPIPCH",2025-06-03,2.5
"2025",960,"PCPIPCH",2025-06-03,4
"2026",960,"PCPIPCH",2025-06-03,2.4
"2025",935,"PCPIPCH",2025-06-03,2.4
"2026",935,"PCPIPCH",2025-06-03,2.1
"2025",128,"PCPIPCH",2025-06-03,1.9
"2026",128,"PCPIPCH",2025-06-03,1.7
"2025",939,"PCPIPCH",2025-06-03,4.2
"2026",939,"PCPIPCH",2025-06-03,2.3
"2025",172,"PCPIPCH",2025-06-03,1.8
"2026",172,"PCPIPCH",2025-06-03,1.9
"2025",132,"PCPIPCH",2025-06-03,1.2
"2026",132,"PCPIPCH",2025-06-03,1.7
"2025",134,"PCPIPCH",2025-06-03,2.4
"2026",134,"PCPIPCH",2025-06-03,2.1
"2025",174,"PCPIPCH",2025-06-03,2.5
"2026",174,"PCPIPCH",2025-06-03,2
"2025",944,"PCPIPCH",2025-06-03,4.9
"2026",944,"PCPIPCH",2025-06-03,3.6
"2025",176,"PCPIPCH",2025-06-03,3.5
"2026",176,"PCPIPCH",2025-06-03,2.7
"2025",534,"PCPIPCH",2025-06-03,4.1
"2026",534,"PCPIPCH",2025-06-03,4
"2025",536,"PCPIPCH",2025-06-03,2.3
"2026",536,"PCPIPCH",2025-06-03,3
"2025",178,"PCPIPCH",2025-06-03,2.1
"2026",178,"PCPIPCH",2025-06-03,2
"2025",436,"PCPIPCH",2025-06-03,3.2
"2026",436,"PCPIPCH",2025-06-03,2.9
"2025",136,"PCPIPCH",2025-06-03,2
"2026",136,"PCPIPCH",2025-06-03,1.9
"2025",158,"PCPIPCH",2025-06-03,2.8
"2026",158,"PCPIPCH",2025-06-03,2
"2025",542,"PCPIPCH",2025-06-03,2.1
"2026",542,"PCPIPCH",2025-06-03,2
"2025",941,"PCPIPCH",2025-06-03,3.6
"2026",941,"PCPIPCH",2025-06-03,2.4
"2025",946,"PCPIPCH",2025-06-03,4
"2026",946,"PCPIPCH",2025-06-03,2.5
"2025",137,"PCPIPCH",2025-06-03,2.1
"2026",137,"PCPIPCH",2025-06-03,1.9
"2025",273,"PCPIPCH",2025-06-03,3.4
"2026",273,"PCPIPCH",2025-06-03,3.2
"2025",138,"PCPIPCH",2025-06-03,2.9
"2026",138,"PCPIPCH",2025-06-03,2.5
"2025",196,"PCPIPCH",2025-06-03,2.4
"2026",196,"PCPIPCH",2025-06-03,2.1
"2025",142,"PCPIPCH",2025-06-03,3
"2026",142,"PCPIPCH",2025-06-03,2.3
"2025",293,"PCPIPCH",2025-06-03,1.8
"2026",293,"PCPIPCH",2025-06-03,2.1
"2025",964,"PCPIPCH",2025-06-03,4.1
"2026",964,"PCPIPCH",2025-06-03,2.6
"2025",182,"PCPIPCH",2025-06-03,2.1
"2026",182,"PCPIPCH",2025-06-03,2.1
"2025",968,"PCPIPCH",2025-06-03,4.8
"2026",968,"PCPIPCH",2025-06-03,3.4
"2025",922,"PCPIPCH",2025-06-03,9.7
"2026",922,"PCPIPCH",2025-06-03,6.1
"2025",936,"PCPIPCH",2025-06-03,3.5
"2026",936,"PCPIPCH",2025-06-03,2.5
"2025",961,"PCPIPCH",2025-06-03,2.6
"2026",961,"PCPIPCH",2025-06-03,2.3
"2025",199,"PCPIPCH",2025-06-03,3.2
"2026",199,"PCPIPCH",2025-06-03,4.2
"2025",184,"PCPIPCH",2025-06-03,2.4
"2026",184,"PCPIPCH",2025-06-03,1.9
"2025",144,"PCPIPCH",2025-06-03,1.3
"2026",144,"PCPIPCH",2025-06-03,2
"2025",146,"PCPIPCH",2025-06-03,0.3
"2026",146,"PCPIPCH",2025-06-03,0.6
"2025",186,"PCPIPCH",2025-06-03,31.4
"2026",186,"PCPIPCH",2025-06-03,18.5
"2025",112,"PCPIPCH",2025-06-03,3.1
"2026",112,"PCPIPCH",2025-06-03,2.3
"2025",111,"PCPIPCH",2025-06-03,3.6
"2026",111,"PCPIPCH",2025-06-03,3.1
"2025",213,"NGDP_RPCH",2025-09-23,4.5
"2026",213,"NGDP_RPCH",2025-09-23,4.3
"2025",193,"NGDP_RPCH",2025-09-23,1.8
"2026",193,"NGDP_RPCH",2025-09-23,2.2
"2025",223,"NGDP_RPCH",2025-09-23,2.3
"2026",223,"NGDP_RPCH",2025-09-23,1.7
"2025",156,"NGDP_RPCH",2025-09-23,1.1
"2026",156,"NGDP_RPCH",2025-09-23,1.2
"2025",924,"NGDP_RPCH",2025-09-23,4.9
"2026",924,"NGDP_RPCH",2025-09-23,4.4
"2025",132,"NGDP_RPCH",2025-09-23,0.6
"2026",132,"NGDP_RPCH",2025-09-23,0.9
"2025",134,"NGDP_RPCH",2025-09-23,0.3
"2026",134,"NGDP_RPCH",2025-09-23,1.1
"2025",534,"NGDP_RPCH",2025-09-23,6.7
"2026",534,"NGDP_RPCH",2025-09-23,6.2
"2025",536,"NGDP_RPCH",2025-09-23,4.9
"2026",536,"NGDP_RPCH",2025-09-23,4.9
"2025",136,"NGDP_RPCH",2025-09-23,0.6
"2026",136,"NGDP_RPCH",2025-09-23,0.6
"2025",158,"NGDP_RPCH",2025-09-23,1.1
"2026",158,"NGDP_RPCH",2025-09-23,0.5
"2025",542,"NGDP_RPCH",2025-09-23,1
"2026",542,"NGDP_RPCH",2025-09-23,2.2
"2025",273,"NGDP_RPCH",2025-09-23,0.8
"2026",273,"NGDP_RPCH",2025-09-23,1.3
"2025",922,"NGDP_RPCH",2025-09-23,1
"2026",922,"NGDP_RPCH",2025-09-23,0.7
"2025",456,"NGDP_RPCH",2025-09-23,3.7
"2026",456,"NGDP_RPCH",2025-09-23,3.9
"2025",199,"NGDP_RPCH",2025-09-23,1.1
"2026",199,"NGDP_RPCH",2025-09-23,1.3
"2025",184,"NGDP_RPCH",2025-09-23,2.6
"2026",184,"NGDP_RPCH",2025-09-23,2
"2025",186,"NGDP_RPCH",2025-09-23,3.2
"2026",186,"NGDP_RPCH",2025-09-23,3.2
"2025",112,"NGDP_RPCH",2025-09-23,1.4
"2026",112,"NGDP_RPCH",2025-09-23,1
"2025",111,"NGDP_RPCH",2025-09-23,1.8
"2026",111,"NGDP_RPCH",2025-09-23,1.5
"2025",163,"NGDP_RPCH",2025-09-23,1.2
"2026",163,"NGDP_RPCH",2025-09-23,1
"2025",1,"NGDP_RPCH",2025-09-23,3.2
"2026",1,"NGDP_RPCH",2025-09-23,2.9
"2025",213,"PCPIPCH",2025-09-23,39.8
"2026",213,"PCPIPCH",2025-09-23,16.5
"2025",193,"PCPIPCH",2025-09-23,2.5
"2026",193,"PCPIPCH",2025-09-23,2.4
"2025",223,"PCPIPCH",2025-09-23,5.2
"2026",223,"PCPIPCH",2025-09-23,4.4
"2025",156,"PCPIPCH",2025-09-23,2
"2026",156,"PCPIPCH",2025-09-23,2
"2025",924,"PCPIPCH",2025-09-23,-0.2
"2026",924,"PCPIPCH",2025-09-23,0.3
"2025",132,"PCPIPCH",2025-09-23,1.1
"2026",132,"PCPIPCH",2025-09-23,1.6
"2025",134,"PCPIPCH",2025-09-23,2.2
"2026",134,"PCPIPCH",2025-09-23,2.1
"2025",534,"PCPIPCH",2025-09-23,2.9
"2026",534,"PCPIPCH",2025-09-23,3.9
"2025",536,"PCPIPCH",2025-09-23,1.9
"2026",536,"PCPIPCH",2025-09-23,2.7
"2025",136,"PCPIPCH",2025-09-23,1.9
"2026",136,"PCPIPCH",2025-09-23,1.8
"2025",158,"PCPIPCH",2025-09-23,3.1
"2026",158,"PCPIPCH",2025-09-23,2.1
"2025",542,"PCPIPCH",2025-09-23,2.2
"2026",542,"PCPIPCH",2025-09-23,1.9
"2025",273,"PCPIPCH",2025-09-23,4.2
"2026",273,"PCPIPCH",2025-09-23,3.6
"2025",922,"PCPIPCH",2025-09-23,8.5
"2026",922,"PCPIPCH",2025-09-23,4.9
"2025",456,"PCPIPCH",2025-09-23,2.2
"2026",456,"PCPIPCH",2025-09-23,2
"2025",199,"PCPIPCH",2025-09-23,3.3
"2026",199,"PCPIPCH",2025-09-23,3.7
"2025",184,"PCPIPCH",2025-09-23,2.6
"2026",184,"PCPIPCH",2025-09-23,2
"2025",186,"PCPIPCH",2025-09-23,33.5
"2026",186,"PCPIPCH",2025-09-23,19.2
"2025",112,"PCPIPCH",2025-09-23,3.5
"2026",112,"PCPIPCH",2025-09-23,2.7
"2025",163,"PCPIPCH",2025-09-23,2.1
"2026",163,"PCPIPCH",2025-09-23,1.9
"2025",193,"LUR",2025-12-02,4.2
"2026",193,"LUR",2025-12-02,4.4
"2027",193,"LUR",2025-12-02,4.5
"2025",122,"LUR",2025-12-02,5.8
"2026",122,"LUR",2025-12-02,5.7
"2027",122,"LUR",2025-12-02,5.7
"2025",124,"LUR",2025-12-02,6
"2026",124,"LUR",2025-12-02,6
"2027",124,"LUR",2025-12-02,5.9
"2025",156,"LUR",2025-12-02,6.9
"2026",156,"LUR",2025-12-02,6.9
"2027",156,"LUR",2025-12-02,6.5
"2025",228,"LUR",2025-12-02,8.4
"2026",228,"LUR",2025-12-02,8.1
"2027",228,"LUR",2025-12-02,8.1
"2025",233,"LUR",2025-12-02,9
"2026",233,"LUR",2025-12-02,8.9
"2027",233,"LUR",2025-12-02,8.8
"2025",238,"LUR",2025-12-02,6.6
"2026",238,"LUR",2025-12-02,6
"2027",238,"LUR",2025-12-02,6.1
"2025",935,"LUR",2025-12-02,2.7
"2026",935,"LUR",2025-12-02,2.7
"2027",935,"LUR",2025-12-02,2.6
"2025",128,"LUR",2025-12-02,6.5
"2026",128,"LUR",2025-12-02,6.4
"2027",128,"LUR",2025-12-02,6
"2025",939,"LUR",2025-12-02,7.5
"2026",939,"LUR",2025-12-02,6.6
"2027",939,"LUR",2025-12-02,6
"2025",172,"LUR",2025-12-02,9.6
"2026",172,"LUR",2025-12-02,9.8
"2027",172,"LUR",2025-12-02,9.5
"2025",132,"LUR",2025-12-02,7.6
"2026",132,"LUR",2025-12-02,7.7
"2027",132,"LUR",2025-12-02,7.4
"2025",134,"LUR",2025-12-02,3.7
"2026",134,"LUR",2025-12-02,3.6
"2027",134,"LUR",2025-12-02,3.5
"2025",174,"LUR",2025-12-02,8.7
"2026",174,"LUR",2025-12-02,8.2
"2027",174,"LUR",2025-12-02,8.1
"2025",944,"LUR",2025-12-02,4.4
"2026",944,"LUR",2025-12-02,4.2
"2027",944,"LUR",2025-12-02,4
"2025",176,"LUR",2025-12-02,3.6
"2026",176,"LUR",2025-12-02,3.7
"2027",176,"LUR",2025-12-02,4.2
"2025",178,"LUR",2025-12-02,4.6
"2026",178,"LUR",2025-12-02,4.7
"2027",178,"LUR",2025-12-02,4.8
"2025",436,"LUR",2025-12-02,2.9
"2026",436,"LUR",2025-12-02,2.8
"2027",436,"LUR",2025-12-02,2.8
"2025",136,"LUR",2025-12-02,6.2
"2026",136,"LUR",2025-12-02,6
"2027",136,"LUR",2025-12-02,6
"2025",158,"LUR",2025-12-02,2.5
"2026",158,"LUR",2025-12-02,2.4
"2027",158,"LUR",2025-12-02,2.4
"2025",542,"LUR",2025-12-02,2.6
"2026",542,"LUR",2025-12-02,2.5
"2027",542,"LUR",2025-12-02,2.5
"2025",941,"LUR",2025-12-02,6.7
"2026",941,"LUR",2025-12-02,6.5
"2027",941,"LUR",2025-12-02,6.4
"2025",946,"LUR",2025-12-02,7.2
"2026",946,"LUR",2025-12-02,6.9
"2027",946,"LUR",2025-12-02,6.8
"2025",137,"LUR",2025-12-02,5.9
"2026",137,"LUR",2025-12-02,5.8
"2027",137,"LUR",2025-12-02,5.7
"2025",273,"LUR",2025-12-02,2.7
"2026",273,"LUR",2025-12-02,2.9
"2027",273,"LUR",2025-12-02,2.8
"2025",138,"LUR",2025-12-02,3.9
"2026",138,"LUR",2025-12-02,4
"2027",138,"LUR",2025-12-02,4.1
"2025",196,"LUR",2025-12-02,5.2
"2026",196,"LUR",2025-12-02,5
"2027",196,"LUR",2025-12-02,4.4
"2025",142,"LUR",2025-12-02,4.5
"2026",142,"LUR",2025-12-02,4.4
"2027",142,"LUR",2025-12-02,4.3
"2025",964,"LUR",2025-12-02,3
"2026",964,"LUR",2025-12-02,3.1
"2027",964,"LUR",2025-12-02,3.1
"2025",182,"LUR",2025-12-02,6.1
"2026",182,"LUR",2025-12-02,6
"2027",182,"LUR",2025-12-02,5.9
"2025",936,"LUR",2025-12-02,5.3
"2026",936,"LUR",2025-12-02,5.6
"2027",936,"LUR",2025-12-02,5.7
"2025",961,"LUR",2025-12-02,3.6
"2026",961,"LUR",2025-12-02,3.7
"2027",961,"LUR",2025-12-02,3.6
"2025",184,"LUR",2025-12-02,10.6
"2026",184,"LUR",2025-12-02,10.1
"2027",184,"LUR",2025-12-02,9.8
"2025",144,"LUR",2025-12-02,8.7
"2026",144,"LUR",2025-12-02,8.6
"2027",144,"LUR",2025-12-02,8.2
"2025",146,"LUR",2025-12-02,4.7
"2026",146,"LUR",2025-12-02,4.4
"2027",146,"LUR",2025-12-02,4.1
"2025",186,"LUR",2025-12-02,8.4
"2026",186,"LUR",2025-12-02,8.4
"2027",186,"LUR",2025-12-02,8.1
"2025",112,"LUR",2025-12-02,4.7
"2026",112,"LUR",2025-12-02,4.9
"2027",112,"LUR",2025-12-02,5
"2025",111,"LUR",2025-12-02,4.2
"2026",111,"LUR",2025-12-02,4.4
"2027",111,"LUR",2025-12-02,4.4
"2025",163,"LUR",2025-12-02,6.4
"2026",163,"LUR",2025-12-02,6.3
"2027",163,"LUR",2025-12-02,6.1
"2025",213,"NGDP_RPCH",2025-12-02,4.2
"2026",213,"NGDP_RPCH",2025-12-02,3
"2027",213,"NGDP_RPCH",2025-12-02,3.9
"2025",193,"NGDP_RPCH",2025-12-02,1.8
"2026",193,"NGDP_RPCH",2025-12-02,2.3
"2027",193,"NGDP_RPCH",2025-12-02,2.3
"2025",122,"NGDP_RPCH",2025-12-02,0.3
"2026",122,"NGDP_RPCH",2025-12-02,0.9
"2027",122,"NGDP_RPCH",2025-12-02,1.2
"2025",124,"NGDP_RPCH",2025-12-02,1.1
"2026",124,"NGDP_RPCH",2025-12-02,1.1
"2027",124,"NGDP_RPCH",2025-12-02,1.2
"2025",223,"NGDP_RPCH",2025-12-02,2.4
"2026",223,"NGDP_RPCH",2025-12-02,1.7
"2027",223,"NGDP_RPCH",2025-12-02,2.2
"2025",918,"NGDP_RPCH",2025-12-02,3
"2026",918,"NGDP_RPCH",2025-12-02,2.6
"2027",918,"NGDP_RPCH",2025-12-02,2.4
"2025",156,"NGDP_RPCH",2025-12-02,1.1
"2026",156,"NGDP_RPCH",2025-12-02,1.3
"2027",156,"NGDP_RPCH",2025-12-02,1.7
"2025",228,"NGDP_RPCH",2025-12-02,2.4
"2026",228,"NGDP_RPCH",2025-12-02,2.2
"2027",228,"NGDP_RPCH",2025-12-02,2.2
"2025",924,"NGDP_RPCH",2025-12-02,5
"2026",924,"NGDP_RPCH",2025-12-02,4.4
"2027",924,"NGDP_RPCH",2025-12-02,4.3
"2025",233,"NGDP_RPCH",2025-12-02,2.8
"2026",233,"NGDP_RPCH",2025-12-02,2.8
"2027",233,"NGDP_RPCH",2025-12-02,2.9
"2025",238,"NGDP_RPCH",2025-12-02,4.2
"2026",238,"NGDP_RPCH",2025-12-02,3.5
"2027",238,"NGDP_RPCH",2025-12-02,3.4
"2025",960,"NGDP_RPCH",2025-12-02,3.2
"2026",960,"NGDP_RPCH",2025-12-02,2.7
"2027",960,"NGDP_RPCH",2025-12-02,2.4
"2025",935,"NGDP_RPCH",2025-12-02,2.4
"2026",935,"NGDP_RPCH",2025-12-02,2
"2027",935,"NGDP_RPCH",2025-12-02,2.1
"2025",128,"NGDP_RPCH",2025-12-02,2.4
"2026",128,"NGDP_RPCH",2025-12-02,2
"2027",128,"NGDP_RPCH",2025-12-02,1.8
"2025",939,"NGDP_RPCH",2025-12-02,0.7
"2026",939,"NGDP_RPCH",2025-12-02,2.9
"2027",939,"NGDP_RPCH",2025-12-02,2.8
"2025",172,"NGDP_RPCH",2025-12-02,0
"2026",172,"NGDP_RPCH",2025-12-02,0.9
"2027",172,"NGDP_RPCH",2025-12-02,1.7
"2025",132,"NGDP_RPCH",2025-12-02,0.8
"2026",132,"NGDP_RPCH",2025-12-02,1
"2027",132,"NGDP_RPCH",2025-12-02,1
"2025",134,"NGDP_RPCH",2025-12-02,0.3
"2026",134,"NGDP_RPCH",2025-12-02,1
"2027",134,"NGDP_RPCH",2025-12-02,1.5
"2025",174,"NGDP_RPCH",2025-12-02,2.1
"2026",174,"NGDP_RPCH",2025-12-02,2.2
"2027",174,"NGDP_RPCH",2025-12-02,1.8
"2025",944,"NGDP_RPCH",2025-12-02,0.3
"2026",944,"NGDP_RPCH",2025-12-02,1.9
"2027",944,"NGDP_RPCH",2025-12-02,2.3
"2025",176,"NGDP_RPCH",2025-12-02,1.1
"2026",176,"NGDP_RPCH",2025-12-02,1.6
"2027",176,"NGDP_RPCH",2025-12-02,3.6
"2025",534,"NGDP_RPCH",2025-12-02,6.7
"2026",534,"NGDP_RPCH",2025-12-02,6.2
"2027",534,"NGDP_RPCH",2025-12-02,6.4
"2025",536,"NGDP_RPCH",2025-12-02,5
"2026",536,"NGDP_RPCH",2025-12-02,5
"2027",536,"NGDP_RPCH",2025-12-02,5.1
"2025",178,"NGDP_RPCH",2025-12-02,10.2
"2026",178,"NGDP_RPCH",2025-12-02,2.1
"2027",178,"NGDP_RPCH",2025-12-02,2.8
"2025",436,"NGDP_RPCH",2025-12-02,3.3
"2026",436,"NGDP_RPCH",2025-12-02,4.9
"2027",436,"NGDP_RPCH",2025-12-02,4.6
"2025",136,"NGDP_RPCH",2025-12-02,0.5
"2026",136,"NGDP_RPCH",2025-12-02,0.6
"2027",136,"NGDP_RPCH",2025-12-02,0.7
"2025",158,"NGDP_RPCH",2025-12-02,1.3
"2026",158,"NGDP_RPCH",2025-12-02,0.9
"2027",158,"NGDP_RPCH",2025-12-02,0.9
"2025",542,"NGDP_RPCH",2025-12-02,1
"2026",542,"NGDP_RPCH",2025-12-02,2.1
"2027",542,"NGDP_RPCH",2025-12-02,2.1
"2025",941,"NGDP_RPCH",2025-12-02,1.2
"2026",941,"NGDP_RPCH",2025-12-02,2.1
"2027",941,"NGDP_RPCH",2025-12-02,2.5
"2025",946,"NGDP_RPCH",2025-12-02,2.5
"2026",946,"NGDP_RPCH",2025-12-02,3.1
"2027",946,"NGDP_RPCH",2025-12-02,2
"2025",137,"NGDP_RPCH",2025-12-02,0.8
"2026",137,"NGDP_RPCH",2025-12-02,1.9
"2027",137,"NGDP_RPCH",2025-12-02,2
"2025",273,"NGDP_RPCH",2025-12-02,0.7
"2026",273,"NGDP_RPCH",2025-12-02,1.2
"2027",273,"NGDP_RPCH",2025-12-02,1.7
"2025",138,"NGDP_RPCH",2025-12-02,1.7
"2026",138,"NGDP_RPCH",2025-12-02,1.4
"2027",138,"NGDP_RPCH",2025-12-02,1.6
"2025",196,"NGDP_RPCH",2025-12-02,0.7
"2026",196,"NGDP_RPCH",2025-12-02,1.8
"2027",196,"NGDP_RPCH",2025-12-02,2.8
"2025",142,"NGDP_RPCH",2025-12-02,0.2
"2026",142,"NGDP_RPCH",2025-12-02,1.5
"2027",142,"NGDP_RPCH",2025-12-02,1.4
"2025",293,"NGDP_RPCH",2025-12-02,3.1
"2026",293,"NGDP_RPCH",2025-12-02,2.8
"2027",293,"NGDP_RPCH",2025-12-02,2.7
"2025",964,"NGDP_RPCH",2025-12-02,3.3
"2026",964,"NGDP_RPCH",2025-12-02,3.4
"2027",964,"NGDP_RPCH",2025-12-02,2.7
"2025",182,"NGDP_RPCH",2025-12-02,1.9
"2026",182,"NGDP_RPCH",2025-12-02,2.2
"2027",182,"NGDP_RPCH",2025-12-02,1.8
"2025",968,"NGDP_RPCH",2025-12-02,1.3
"2026",968,"NGDP_RPCH",2025-12-02,1
"2027",968,"NGDP_RPCH",2025-12-02,2.2
"2025",922,"NGDP_RPCH",2025-12-02,0.7
"2026",922,"NGDP_RPCH",2025-12-02,0.5
"2027",922,"NGDP_RPCH",2025-12-02,0.6
"2025",936,"NGDP_RPCH",2025-12-02,0.8
"2026",936,"NGDP_RPCH",2025-12-02,1.1
"2027",936,"NGDP_RPCH",2025-12-02,1.8
"2025",961,"NGDP_RPCH",2025-12-02,0.9
"2026",961,"NGDP_RPCH",2025-12-02,2.3
"2027",961,"NGDP_RPCH",2025-12-02,2.3
"2025",199,"NGDP_RPCH",2025-12-02,1.1
"2026",199,"NGDP_RPCH",2025-12-02,1.3
"2027",199,"NGDP_RPCH",2025-12-02,1.5
"2025",184,"NGDP_RPCH",2025-12-02,2.9
"2026",184,"NGDP_RPCH",2025-12-02,2.2
"2027",184,"NGDP_RPCH",2025-12-02,1.8
"2025",144,"NGDP_RPCH",2025-12-02,1.6
"2026",144,"NGDP_RPCH",2025-12-02,2.6
"2027",144,"NGDP_RPCH",2025-12-02,2.3
"2025",146,"NGDP_RPCH",2025-12-02,1.1
"2026",146,"NGDP_RPCH",2025-12-02,1.2
"2027",146,"NGDP_RPCH",2025-12-02,1.2
"2025",578,"NGDP_RPCH",2025-12-02,2
"2026",578,"NGDP_RPCH",2025-12-02,1.5
"2027",578,"NGDP_RPCH",2025-12-02,2.6
"2025",186,"NGDP_RPCH",2025-12-02,3.6
"2026",186,"NGDP_RPCH",2025-12-02,3.4
"2027",186,"NGDP_RPCH",2025-12-02,4
"2025",112,"NGDP_RPCH",2025-12-02,1.4
"2026",112,"NGDP_RPCH",2025-12-02,1.2
"2027",112,"NGDP_RPCH",2025-12-02,1.3
"2025",111,"NGDP_RPCH",2025-12-02,2
"2026",111,"NGDP_RPCH",2025-12-02,1.7
"2027",111,"NGDP_RPCH",2025-12-02,1.9
"2025",213,"PCPIPCH",2025-12-02,41.7
"2026",213,"PCPIPCH",2025-12-02,17.6
"2027",213,"PCPIPCH",2025-12-02,10
"2025",193,"PCPIPCH",2025-12-02,2.7
"2026",193,"PCPIPCH",2025-12-02,2.7
"2027",193,"PCPIPCH",2025-12-02,2.5
"2025",122,"PCPIPCH",2025-12-02,3.6
"2026",122,"PCPIPCH",2025-12-02,2.6
"2027",122,"PCPIPCH",2025-12-02,2.2
"2025",124,"PCPIPCH",2025-12-02,3
"2026",124,"PCPIPCH",2025-12-02,1.6
"2027",124,"PCPIPCH",2025-12-02,1.7
"2025",223,"PCPIPCH",2025-12-02,5.1
"2026",223,"PCPIPCH",2025-12-02,4.2
"2027",223,"PCPIPCH",2025-12-02,3.8
"2025",918,"PCPIPCH",2025-12-02,3.8
"2026",918,"PCPIPCH",2025-12-02,2.7
"2027",918,"PCPIPCH",2025-12-02,2.4
"2025",156,"PCPIPCH",2025-12-02,2
"2026",156,"PCPIPCH",2025-12-02,2.1
"2027",156,"PCPIPCH",2025-12-02,2
"2025",228,"PCPIPCH",2025-12-02,4.4
"2026",228,"PCPIPCH",2025-12-02,3.4
"2027",228,"PCPIPCH",2025-12-02,3
"2025",924,"PCPIPCH",2025-12-02,-0.2
"2026",924,"PCPIPCH",2025-12-02,0.3
"2027",924,"PCPIPCH",2025-12-02,0.8
"2025",233,"PCPIPCH",2025-12-02,5.1
"2026",233,"PCPIPCH",2025-12-02,4.6
"2027",233,"PCPIPCH",2025-12-02,3.8
"2025",238,"PCPIPCH",2025-12-02,-0.1
"2026",238,"PCPIPCH",2025-12-02,0.8
"2027",238,"PCPIPCH",2025-12-02,2.1
"2025",960,"PCPIPCH",2025-12-02,4.4
"2026",960,"PCPIPCH",2025-12-02,3.3
"2027",960,"PCPIPCH",2025-12-02,2.5
"2025",935,"PCPIPCH",2025-12-02,2.4
"2026",935,"PCPIPCH",2025-12-02,2.4
"2027",935,"PCPIPCH",2025-12-02,2.1
"2025",128,"PCPIPCH",2025-12-02,1.9
"2026",128,"PCPIPCH",2025-12-02,1.1
"2027",128,"PCPIPCH",2025-12-02,1.7
"2025",939,"PCPIPCH",2025-12-02,5
"2026",939,"PCPIPCH",2025-12-02,3.5
"2027",939,"PCPIPCH",2025-12-02,2.3
"2025",172,"PCPIPCH",2025-12-02,1.9
"2026",172,"PCPIPCH",2025-12-02,1.8
"2027",172,"PCPIPCH",2025-12-02,1.6
"2025",132,"PCPIPCH",2025-12-02,1
"2026",132,"PCPIPCH",2025-12-02,1.3
"2027",132,"PCPIPCH",2025-12-02,1.6
"2025",134,"PCPIPCH",2025-12-02,2.2
"2026",134,"PCPIPCH",2025-12-02,2.1
"2027",134,"PCPIPCH",2025-12-02,2.4
"2025",174,"PCPIPCH",2025-12-02,2.9
"2026",174,"PCPIPCH",2025-12-02,2.2
"2027",174,"PCPIPCH",2025-12-02,2.1
"2025",944,"PCPIPCH",2025-12-02,4.6
"2026",944,"PCPIPCH",2025-12-02,3.8
"2027",944,"PCPIPCH",2025-12-02,3.4
"2025",176,"PCPIPCH",2025-12-02,4.1
"2026",176,"PCPIPCH",2025-12-02,3.3
"2027",176,"PCPIPCH",2025-12-02,2.5
"2025",534,"PCPIPCH",2025-12-02,1.9
"2026",534,"PCPIPCH",2025-12-02,3.4
"2027",534,"PCPIPCH",2025-12-02,4
"2025",536,"PCPIPCH",2025-12-02,1.9
"2026",536,"PCPIPCH",2025-12-02,3.1
"2027",536,"PCPIPCH",2025-12-02,3.2
"2025",178,"PCPIPCH",2025-12-02,2
"2026",178,"PCPIPCH",2025-12-02,2.2
"2027",178,"PCPIPCH",2025-12-02,1.8
"2025",436,"PCPIPCH",2025-12-02,3.1
"2026",436,"PCPIPCH",2025-12-02,2.4
"2027",436,"PCPIPCH",2025-12-02,2
"2025",136,"PCPIPCH",2025-12-02,1.8
"2026",136,"PCPIPCH",2025-12-02,1.7
"2027",136,"PCPIPCH",2025-12-02,1.8
"2025",158,"PCPIPCH",2025-12-02,3.2
"2026",158,"PCPIPCH",2025-12-02,2.2
"2027",158,"PCPIPCH",2025-12-02,2.1
"2025",542,"PCPIPCH",2025-12-02,2
"2026",542,"PCPIPCH",2025-12-02,1.8
"2027",542,"PCPIPCH",2025-12-02,2
"2025",941,"PCPIPCH",2025-12-02,3.8
"2026",941,"PCPIPCH",2025-12-02,2.5
"2027",941,"PCPIPCH",2025-12-02,2.1
"2025",946,"PCPIPCH",2025-12-02,3.5
"2026",946,"PCPIPCH",2025-12-02,3
"2027",946,"PCPIPCH",2025-12-02,2.5
"2025",137,"PCPIPCH",2025-12-02,2.5
"2026",137,"PCPIPCH",2025-12-02,2.1
"2027",137,"PCPIPCH",2025-12-02,1.9
"2025",273,"PCPIPCH",2025-12-02,3.8
"2026",273,"PCPIPCH",2025-12-02,3.3
"2027",273,"PCPIPCH",2025-12-02,2.9
"2025",138,"PCPIPCH",2025-12-02,2.9
"2026",138,"PCPIPCH",2025-12-02,2.2
"2027",138,"PCPIPCH",2025-12-02,2.1
"2025",196,"PCPIPCH",2025-12-02,2.8
"2026",196,"PCPIPCH",2025-12-02,2.3
"2027",196,"PCPIPCH",2025-12-02,2.1
"2025",142,"PCPIPCH",2025-12-02,3
"2026",142,"PCPIPCH",2025-12-02,2.3
"2027",142,"PCPIPCH",2025-12-02,2.4
"2025",293,"PCPIPCH",2025-12-02,1.5
"2026",293,"PCPIPCH",2025-12-02,1.7
"2027",293,"PCPIPCH",2025-12-02,2
"2025",964,"PCPIPCH",2025-12-02,3.8
"2026",964,"PCPIPCH",2025-12-02,2.9
"2027",964,"PCPIPCH",2025-12-02,2.7
"2025",182,"PCPIPCH",2025-12-02,2.2
"2026",182,"PCPIPCH",2025-12-02,2.2
"2027",182,"PCPIPCH",2025-12-02,2
"2025",968,"PCPIPCH",2025-12-02,7.1
"2026",968,"PCPIPCH",2025-12-02,6
"2027",968,"PCPIPCH",2025-12-02,3
"2025",922,"PCPIPCH",2025-12-02,8.7
"2026",922,"PCPIPCH",2025-12-02,5.4
"2027",922,"PCPIPCH",2025-12-02,4.3
"2025",936,"PCPIPCH",2025-12-02,4.2
"2026",936,"PCPIPCH",2025-12-02,3.7
"2027",936,"PCPIPCH",2025-12-02,2.5
"2025",961,"PCPIPCH",2025-12-02,2.5
"2026",961,"PCPIPCH",2025-12-02,2.4
"2027",961,"PCPIPCH",2025-12-02,2.4
"2025",199,"PCPIPCH",2025-12-02,3.3
"2026",199,"PCPIPCH",2025-12-02,3.6
"2027",199,"PCPIPCH",2025-12-02,3.2
"2025",184,"PCPIPCH",2025-12-02,2.6
"2026",184,"PCPIPCH",2025-12-02,2.3
"2027",184,"PCPIPCH",2025-12-02,1.8
"2025",144,"PCPIPCH",2025-12-02,0.9
"2026",144,"PCPIPCH",2025-12-02,1
"2027",144,"PCPIPCH",2025-12-02,1.8
"2025",146,"PCPIPCH",2025-12-02,0.2
"2026",146,"PCPIPCH",2025-12-02,0.6
"2027",146,"PCPIPCH",2025-12-02,0.7
"2025",578,"PCPIPCH",2025-12-02,-0.2
"2026",578,"PCPIPCH",2025-12-02,0.9
"2027",578,"PCPIPCH",2025-12-02,1.9
"2025",186,"PCPIPCH",2025-12-02,34.5
"2026",186,"PCPIPCH",2025-12-02,20.8
"2027",186,"PCPIPCH",2025-12-02,11.7
"2025",112,"PCPIPCH",2025-12-02,3.5
"2026",112,"PCPIPCH",2025-12-02,2.5
"2027",112,"PCPIPCH",2025-12-02,2.1
"2025",111,"PCPIPCH",2025-12-02,2.8
"2026",111,"PCPIPCH",2025-12-02,3.2
"2027",111,"PCPIPCH",2025-12-02,2.5
"2026",213,"NGDP_RPCH",2026-03-26,2.8
"2027",213,"NGDP_RPCH",2026-03-26,3.5
"2026",193,"NGDP_RPCH",2026-03-26,2.3
"2027",193,"NGDP_RPCH",2026-03-26,2.4
"2026",223,"NGDP_RPCH",2026-03-26,1.5
"2027",223,"NGDP_RPCH",2026-03-26,2.1
"2026",156,"NGDP_RPCH",2026-03-26,1.2
"2027",156,"NGDP_RPCH",2026-03-26,1.7
"2026",924,"NGDP_RPCH",2026-03-26,4.4
"2027",924,"NGDP_RPCH",2026-03-26,4.3
"2026",132,"NGDP_RPCH",2026-03-26,0.8
"2027",132,"NGDP_RPCH",2026-03-26,1
"2026",134,"NGDP_RPCH",2026-03-26,0.8
"2027",134,"NGDP_RPCH",2026-03-26,1.5
"2026",534,"NGDP_RPCH",2026-03-26,6.1
"2027",534,"NGDP_RPCH",2026-03-26,6.4
"2026",536,"NGDP_RPCH",2026-03-26,4.8
"2027",536,"NGDP_RPCH",2026-03-26,5
"2026",136,"NGDP_RPCH",2026-03-26,0.4
"2027",136,"NGDP_RPCH",2026-03-26,0.6
"2026",158,"NGDP_RPCH",2026-03-26,0.9
"2027",158,"NGDP_RPCH",2026-03-26,0.9
"2026",542,"NGDP_RPCH",2026-03-26,1.7
"2027",542,"NGDP_RPCH",2026-03-26,2.1
"2026",273,"NGDP_RPCH",2026-03-26,1.3
"2027",273,"NGDP_RPCH",2026-03-26,1.7
"2026",922,"NGDP_RPCH",2026-03-26,0.6
"2027",922,"NGDP_RPCH",2026-03-26,0.8
"2026",456,"NGDP_RPCH",2026-03-26,4
"2027",456,"NGDP_RPCH",2026-03-26,3.6
"2026",199,"NGDP_RPCH",2026-03-26,1.2
"2027",199,"NGDP_RPCH",2026-03-26,1.7
"2026",184,"NGDP_RPCH",2026-03-26,2.1
"2027",184,"NGDP_RPCH",2026-03-26,1.7
"2026",186,"NGDP_RPCH",2026-03-26,3.3
"2027",186,"NGDP_RPCH",2026-03-26,3.8
"2026",112,"NGDP_RPCH",2026-03-26,0.7
"2027",112,"NGDP_RPCH",2026-03-26,1.3
"2026",111,"NGDP_RPCH",2026-03-26,2
"2027",111,"NGDP_RPCH",2026-03-26,1.7
"2026",163,"NGDP_RPCH",2026-03-26,0.8
"2027",163,"NGDP_RPCH",2026-03-26,1.2
"2026",1,"NGDP_RPCH",2026-03-26,2.9
"2027",1,"NGDP_RPCH",2026-03-26,3
"2026",213,"PCPIPCH",2026-03-26,31.3
"2027",213,"PCPIPCH",2026-03-26,14.1
"2026",193,"PCPIPCH",2026-03-26,4.1
"2027",193,"PCPIPCH",2026-03-26,2.5
"2026",223,"PCPIPCH",2026-03-26,4.1
"2027",223,"PCPIPCH",2026-03-26,3.8
"2026",156,"PCPIPCH",2026-03-26,2.4
"2027",156,"PCPIPCH",2026-03-26,2
"2026",924,"PCPIPCH",2026-03-26,1.3
"2027",924,"PCPIPCH",2026-03-26,1.1
"2026",132,"PCPIPCH",2026-03-26,1.8
"2027",132,"PCPIPCH",2026-03-26,1.5
"2026",134,"PCPIPCH",2026-03-26,2.9
"2027",134,"PCPIPCH",2026-03-26,2.6
"2026",534,"PCPIPCH",2026-03-26,5.1
"2027",534,"PCPIPCH",2026-03-26,4.1
"2026",536,"PCPIPCH",2026-03-26,3.4
"2027",536,"PCPIPCH",2026-03-26,2.6
"2026",136,"PCPIPCH",2026-03-26,2.4
"2027",136,"PCPIPCH",2026-03-26,1.8
"2026",158,"PCPIPCH",2026-03-26,2.4
"2027",158,"PCPIPCH",2026-03-26,1.9
"2026",542,"PCPIPCH",2026-03-26,2.7
"2027",542,"PCPIPCH",2026-03-26,2
"2026",273,"PCPIPCH",2026-03-26,3.8
"2027",273,"PCPIPCH",2026-03-26,3.2
"2026",922,"PCPIPCH",2026-03-26,6.4
"2027",922,"PCPIPCH",2026-03-26,4.5
"2026",456,"PCPIPCH",2026-03-26,1.9
"2027",456,"PCPIPCH",2026-03-26,2.2
"2026",199,"PCPIPCH",2026-03-26,3.9
"2027",199,"PCPIPCH",2026-03-26,3.3
"2026",184,"PCPIPCH",2026-03-26,3
"2027",184,"PCPIPCH",2026-03-26,2.2
"2026",186,"PCPIPCH",2026-03-26,26.7
"2027",186,"PCPIPCH",2026-03-26,16.9
"2026",112,"PCPIPCH",2026-03-26,4
"2027",112,"PCPIPCH",2026-03-26,2.6
"2026",163,"PCPIPCH",2026-03-26,2.6
"2027",163,"PCPIPCH",2026-03-26,2.1
"2026",193,"LUR",2026-06-03,4.5
"2027",193,"LUR",2026-06-03,4.6
"2026",122,"LUR",2026-06-03,5.8
"2027",122,"LUR",2026-06-03,5.6
"2026",124,"LUR",2026-06-03,6.4
"2027",124,"LUR",2026-06-03,6.3
"2026",156,"LUR",2026-06-03,6.6
"2027",156,"LUR",2026-06-03,6.2
"2026",228,"LUR",2026-06-03,8.8
"2027",228,"LUR",2026-06-03,9
"2026",233,"LUR",2026-06-03,8.8
"2027",233,"LUR",2026-06-03,9.2
"2026",238,"LUR",2026-06-03,7
"2027",238,"LUR",2026-06-03,6.8
"2026",935,"LUR",2026-06-03,3.2
"2027",935,"LUR",2026-06-03,3.2
"2026",128,"LUR",2026-06-03,6.8
"2027",128,"LUR",2026-06-03,6.6
"2026",939,"LUR",2026-06-03,6.8
"2027",939,"LUR",2026-06-03,6.6
"2026",172,"LUR",2026-06-03,10.5
"2027",172,"LUR",2026-06-03,10.5
"2026",132,"LUR",2026-06-03,8.3
"2027",132,"LUR",2026-06-03,8.2
"2026",134,"LUR",2026-06-03,4
"2027",134,"LUR",2026-06-03,3.8
"2026",174,"LUR",2026-06-03,8.3
"2027",174,"LUR",2026-06-03,8.1
"2026",944,"LUR",2026-06-03,4.5
"2027",944,"LUR",2026-06-03,4.1
"2026",176,"LUR",2026-06-03,6.7
"2027",176,"LUR",2026-06-03,6.7
"2026",178,"LUR",2026-06-03,4.8
"2027",178,"LUR",2026-06-03,5
"2026",436,"LUR",2026-06-03,2.9
"2027",436,"LUR",2026-06-03,2.9
"2026",136,"LUR",2026-06-03,5.4
"2027",136,"LUR",2026-06-03,5.6
"2026",158,"LUR",2026-06-03,2.7
"2027",158,"LUR",2026-06-03,2.7
"2026",542,"LUR",2026-06-03,2.8
"2027",542,"LUR",2026-06-03,2.7
"2026",941,"LUR",2026-06-03,6.8
"2027",941,"LUR",2026-06-03,6.6
"2026",946,"LUR",2026-06-03,6.6
"2027",946,"LUR",2026-06-03,6.4
"2026",137,"LUR",2026-06-03,6.3
"2027",137,"LUR",2026-06-03,6.2
"2026",273,"LUR",2026-06-03,2.7
"2027",273,"LUR",2026-06-03,2.7
"2026",138,"LUR",2026-06-03,4
"2027",138,"LUR",2026-06-03,4.1
"2026",196,"LUR",2026-06-03,5.4
"2027",196,"LUR",2026-06-03,5.1
"2026",142,"LUR",2026-06-03,4.5
"2027",142,"LUR",2026-06-03,4.5
"2026",964,"LUR",2026-06-03,3.3
"2027",964,"LUR",2026-06-03,3.4
"2026",182,"LUR",2026-06-03,5.8
"2027",182,"LUR",2026-06-03,5.8
"2026",936,"LUR",2026-06-03,5.8
"2027",936,"LUR",2026-06-03,5.9
"2026",961,"LUR",2026-06-03,4.2
"2027",961,"LUR",2026-06-03,4
"2026",184,"LUR",2026-06-03,10.2
"2027",184,"LUR",2026-06-03,9.8
"2026",144,"LUR",2026-06-03,8.3
"2027",144,"LUR",2026-06-03,7.6
"2026",146,"LUR",2026-06-03,4.9
"2027",146,"LUR",2026-06-03,4.6
"2026",186,"LUR",2026-06-03,8.4
"2027",186,"LUR",2026-06-03,8.3
"2026",112,"LUR",2026-06-03,5.5
"2027",112,"LUR",2026-06-03,5.3
"2026",111,"LUR",2026-06-03,4.4
"2027",111,"LUR",2026-06-03,4.3
"2026",163,"LUR",2026-06-03,6.4
"2027",163,"LUR",2026-06-03,6.3
"2026",213,"NGDP_RPCH",2026-06-03,2.8
"2027",213,"NGDP_RPCH",2026-06-03,3.5
"2026",193,"NGDP_RPCH",2026-06-03,1.9
"2027",193,"NGDP_RPCH",2026-06-03,1.8
"2026",122,"NGDP_RPCH",2026-06-03,0.7
"2027",122,"NGDP_RPCH",2026-06-03,1.1
"2026",124,"NGDP_RPCH",2026-06-03,0.7
"2027",124,"NGDP_RPCH",2026-06-03,1.1
"2026",223,"NGDP_RPCH",2026-06-03,1.6
"2027",223,"NGDP_RPCH",2026-06-03,2.1
"2026",918,"NGDP_RPCH",2026-06-03,2.5
"2027",918,"NGDP_RPCH",2026-06-03,2.3
"2026",156,"NGDP_RPCH",2026-06-03,1.2
"2027",156,"NGDP_RPCH",2026-06-03,1.7
"2026",228,"NGDP_RPCH",2026-06-03,1.7
"2027",228,"NGDP_RPCH",2026-06-03,2.5
"2026",924,"NGDP_RPCH",2026-06-03,4.5
"2027",924,"NGDP_RPCH",2026-06-03,4.3
"2026",233,"NGDP_RPCH",2026-06-03,2.4
"2027",233,"NGDP_RPCH",2026-06-03,2.1
"2026",238,"NGDP_RPCH",2026-06-03,3.5
"2027",238,"NGDP_RPCH",2026-06-03,3.4
"2026",960,"NGDP_RPCH",2026-06-03,2.6
"2027",960,"NGDP_RPCH",2026-06-03,2.4
"2026",935,"NGDP_RPCH",2026-06-03,1.9
"2027",935,"NGDP_RPCH",2026-06-03,2.1
"2026",128,"NGDP_RPCH",2026-06-03,2.5
"2027",128,"NGDP_RPCH",2026-06-03,1.5
"2026",939,"NGDP_RPCH",2026-06-03,1.8
"2027",939,"NGDP_RPCH",2026-06-03,2.7
"2026",172,"NGDP_RPCH",2026-06-03,0.8
"2027",172,"NGDP_RPCH",2026-06-03,1.2
"2026",132,"NGDP_RPCH",2026-06-03,0.7
"2027",132,"NGDP_RPCH",2026-06-03,0.8
"2026",134,"NGDP_RPCH",2026-06-03,0.7
"2027",134,"NGDP_RPCH",2026-06-03,1.1
"2026",174,"NGDP_RPCH",2026-06-03,1.9
"2027",174,"NGDP_RPCH",2026-06-03,2
"2026",944,"NGDP_RPCH",2026-06-03,1.6
"2027",944,"NGDP_RPCH",2026-06-03,2
"2026",176,"NGDP_RPCH",2026-06-03,1.6
"2027",176,"NGDP_RPCH",2026-06-03,2.2
"2026",534,"NGDP_RPCH",2026-06-03,6.3
"2027",534,"NGDP_RPCH",2026-06-03,6.4
"2026",536,"NGDP_RPCH",2026-06-03,4.7
"2027",536,"NGDP_RPCH",2026-06-03,5
"2026",178,"NGDP_RPCH",2026-06-03,-1
"2027",178,"NGDP_RPCH",2026-06-03,2.9
"2026",436,"NGDP_RPCH",2026-06-03,3.3
"2027",436,"NGDP_RPCH",2026-06-03,5.6
"2026",136,"NGDP_RPCH",2026-06-03,0.5
"2027",136,"NGDP_RPCH",2026-06-03,0.6
"2026",158,"NGDP_RPCH",2026-06-03,0.6
"2027",158,"NGDP_RPCH",2026-06-03,0.8
"2026",542,"NGDP_RPCH",2026-06-03,2.6
"2027",542,"NGDP_RPCH",2026-06-03,1.9
"2026",941,"NGDP_RPCH",2026-06-03,1.9
"2027",941,"NGDP_RPCH",2026-06-03,2.2
"2026",946,"NGDP_RPCH",2026-06-03,2.8
"2027",946,"NGDP_RPCH",2026-06-03,2
"2026",137,"NGDP_RPCH",2026-06-03,0.7
"2027",137,"NGDP_RPCH",2026-06-03,1.3
"2026",273,"NGDP_RPCH",2026-06-03,0.8
"2027",273,"NGDP_RPCH",2026-06-03,1.8
"2026",138,"NGDP_RPCH",2026-06-03,1
"2027",138,"NGDP_RPCH",2026-06-03,1.4
"2026",196,"NGDP_RPCH",2026-06-03,1.4
"2027",196,"NGDP_RPCH",2026-06-03,2.2
"2026",142,"NGDP_RPCH",2026-06-03,1.3
"2027",142,"NGDP_RPCH",2026-06-03,1.2
"2026",293,"NGDP_RPCH",2026-06-03,2.9
"2027",293,"NGDP_RPCH",2026-06-03,2.9
"2026",964,"NGDP_RPCH",2026-06-03,3
"2027",964,"NGDP_RPCH",2026-06-03,2.6
"2026",182,"NGDP_RPCH",2026-06-03,1.8
"2027",182,"NGDP_RPCH",2026-06-03,1.7
"2026",968,"NGDP_RPCH",2026-06-03,-0.1
"2027",968,"NGDP_RPCH",2026-06-03,2.5
"2026",922,"NGDP_RPCH",2026-06-03,0.5
"2027",922,"NGDP_RPCH",2026-06-03,0.8
"2026",456,"NGDP_RPCH",2026-06-03,3.2
"2027",456,"NGDP_RPCH",2026-06-03,4.3
"2026",936,"NGDP_RPCH",2026-06-03,0.7
"2027",936,"NGDP_RPCH",2026-06-03,1.6
"2026",961,"NGDP_RPCH",2026-06-03,1.9
"2027",961,"NGDP_RPCH",2026-06-03,2.2
"2026",199,"NGDP_RPCH",2026-06-03,1.2
"2027",199,"NGDP_RPCH",2026-06-03,1.6
"2026",184,"NGDP_RPCH",2026-06-03,2.2
"2027",184,"NGDP_RPCH",2026-06-03,1.7
"2026",144,"NGDP_RPCH",2026-06-03,1.9
"2027",144,"NGDP_RPCH",2026-06-03,2.5
"2026",146,"NGDP_RPCH",2026-06-03,1.1
"2027",146,"NGDP_RPCH",2026-06-03,1.5
"2026",578,"NGDP_RPCH",2026-06-03,1.7
"2027",578,"NGDP_RPCH",2026-06-03,2.1
"2026",186,"NGDP_RPCH",2026-06-03,3.1
"2027",186,"NGDP_RPCH",2026-06-03,3.8
"2026",112,"NGDP_RPCH",2026-06-03,0.9
"2027",112,"NGDP_RPCH",2026-06-03,1.1
"2026",111,"NGDP_RPCH",2026-06-03,2
"2027",111,"NGDP_RPCH",2026-06-03,1.8
"2026",213,"PCPIPCH",2026-06-03,30.5
"2027",213,"PCPIPCH",2026-06-03,15.6
"2026",193,"PCPIPCH",2026-06-03,4.4
"2027",193,"PCPIPCH",2026-06-03,2.6
"2026",122,"PCPIPCH",2026-06-03,2.8
"2027",122,"PCPIPCH",2026-06-03,2.4
"2026",124,"PCPIPCH",2026-06-03,3.5
"2027",124,"PCPIPCH",2026-06-03,2.6
"2026",223,"PCPIPCH",2026-06-03,4.4
"2027",223,"PCPIPCH",2026-06-03,3.6
"2026",918,"PCPIPCH",2026-06-03,4.6
"2027",918,"PCPIPCH",2026-06-03,3.2
"2026",156,"PCPIPCH",2026-06-03,2.4
"2027",156,"PCPIPCH",2026-06-03,2
"2026",228,"PCPIPCH",2026-06-03,3.8
"2027",228,"PCPIPCH",2026-06-03,3.2
"2026",924,"PCPIPCH",2026-06-03,1.5
"2027",924,"PCPIPCH",2026-06-03,1.9
"2026",233,"PCPIPCH",2026-06-03,6.1
"2027",233,"PCPIPCH",2026-06-03,5.1
"2026",238,"PCPIPCH",2026-06-03,-0.1
"2027",238,"PCPIPCH",2026-06-03,2
"2026",960,"PCPIPCH",2026-06-03,4.7
"2027",960,"PCPIPCH",2026-06-03,2.8
"2026",935,"PCPIPCH",2026-06-03,2.5
"2027",935,"PCPIPCH",2026-06-03,2.5
"2026",128,"PCPIPCH",2026-06-03,1.7
"2027",128,"PCPIPCH",2026-06-03,2
"2026",939,"PCPIPCH",2026-06-03,4.1
"2027",939,"PCPIPCH",2026-06-03,2.6
"2026",172,"PCPIPCH",2026-06-03,2.6
"2027",172,"PCPIPCH",2026-06-03,2.2
"2026",132,"PCPIPCH",2026-06-03,2.1
"2027",132,"PCPIPCH",2026-06-03,1.8
"2026",134,"PCPIPCH",2026-06-03,2.7
"2027",134,"PCPIPCH",2026-06-03,2.8
"2026",174,"PCPIPCH",2026-06-03,4.2
"2027",174,"PCPIPCH",2026-06-03,2.6
"2026",944,"PCPIPCH",2026-06-03,3.8
"2027",944,"PCPIPCH",2026-06-03,3.7
"2026",176,"PCPIPCH",2026-06-03,4.7
"2027",176,"PCPIPCH",2026-06-03,2.8
"2026",534,"PCPIPCH",2026-06-03,4.8
"2027",534,"PCPIPCH",2026-06-03,4
"2026",536,"PCPIPCH",2026-06-03,3.4
"2027",536,"PCPIPCH",2026-06-03,2.5
"2026",178,"PCPIPCH",2026-06-03,3.5
"2027",178,"PCPIPCH",2026-06-03,2.5
"2026",436,"PCPIPCH",2026-06-03,2.3
"2027",436,"PCPIPCH",2026-06-03,2.1
"2026",136,"PCPIPCH",2026-06-03,3
"2027",136,"PCPIPCH",2026-06-03,2.2
"2026",158,"PCPIPCH",2026-06-03,1.8
"2027",158,"PCPIPCH",2026-06-03,2.2
"2026",542,"PCPIPCH",2026-06-03,2.6
"2027",542,"PCPIPCH",2026-06-03,2.2
"2026",941,"PCPIPCH",2026-06-03,3.6
"2027",941,"PCPIPCH",2026-06-03,3.2
"2026",946,"PCPIPCH",2026-06-03,5.1
"2027",946,"PCPIPCH",2026-06-03,3
"2026",137,"PCPIPCH",2026-06-03,4.2
"2027",137,"PCPIPCH",2026-06-03,1.9
"2026",273,"PCPIPCH",2026-06-03,3.9
"2027",273,"PCPIPCH",2026-06-03,3.2
"2026",138,"PCPIPCH",2026-06-03,2.7
"2027",138,"PCPIPCH",2026-06-03,2.1
"2026",196,"PCPIPCH",2026-06-03,3.5
"2027",196,"PCPIPCH",2026-06-03,2.4
"2026",142,"PCPIPCH",2026-06-03,3.1
"2027",142,"PCPIPCH",2026-06-03,2.3
"2026",293,"PCPIPCH",2026-06-03,3.6
"2027",293,"PCPIPCH",2026-06-03,3.1
"2026",964,"PCPIPCH",2026-06-03,3.7
"2027",964,"PCPIPCH",2026-06-03,2.7
"2026",182,"PCPIPCH",2026-06-03,3.2
"2027",182,"PCPIPCH",2026-06-03,2.5
"2026",968,"PCPIPCH",2026-06-03,7.9
"2027",968,"PCPIPCH",2026-06-03,3.4
"2026",922,"PCPIPCH",2026-06-03,6.5
"2027",922,"PCPIPCH",2026-06-03,4.6
"2026",456,"PCPIPCH",2026-06-03,2
"2027",456,"PCPIPCH",2026-06-03,2.1
"2026",936,"PCPIPCH",2026-06-03,4.3
"2027",936,"PCPIPCH",2026-06-03,2.6
"2026",961,"PCPIPCH",2026-06-03,3.3
"2027",961,"PCPIPCH",2026-06-03,2.6
"2026",199,"PCPIPCH",2026-06-03,4.2
"2027",199,"PCPIPCH",2026-06-03,3.7
"2026",184,"PCPIPCH",2026-06-03,3.3
"2027",184,"PCPIPCH",2026-06-03,2.9
"2026",144,"PCPIPCH",2026-06-03,0.9
"2027",144,"PCPIPCH",2026-06-03,1.8
"2026",146,"PCPIPCH",2026-06-03,0.7
"2027",146,"PCPIPCH",2026-06-03,0.7
"2026",578,"PCPIPCH",2026-06-03,2.4
"2027",578,"PCPIPCH",2026-06-03,1.4
"2026",186,"PCPIPCH",2026-06-03,28.4
"2027",186,"PCPIPCH",2026-06-03,18.3
"2026",112,"PCPIPCH",2026-06-03,3.7
"2027",112,"PCPIPCH",2026-06-03,2.4
"2026",111,"PCPIPCH",2026-06-03,3.5
"2027",111,"PCPIPCH",2026-06-03,2.3
"2026",213,"NGDP_RPCH",2026-09-23,2.6
"2027",213,"NGDP_RPCH",2026-09-23,3
"2026",193,"NGDP_RPCH",2026-09-23,1.9
"2027",193,"NGDP_RPCH",2026-09-23,1.7
"2026",223,"NGDP_RPCH",2026-09-23,2
"2027",223,"NGDP_RPCH",2026-09-23,1.9
"2026",156,"NGDP_RPCH",2026-09-23,0.9
"2027",156,"NGDP_RPCH",2026-09-23,1.3
"2026",924,"NGDP_RPCH",2026-09-23,4.5
"2027",924,"NGDP_RPCH",2026-09-23,4.2
"2026",132,"NGDP_RPCH",2026-09-23,0.4
"2027",132,"NGDP_RPCH",2026-09-23,0.7
"2026",134,"NGDP_RPCH",2026-09-23,1.1
"2027",134,"NGDP_RPCH",2026-09-23,1.1
"2026",534,"NGDP_RPCH",2026-09-23,7.1
"2027",534,"NGDP_RPCH",2026-09-23,6.5
"2026",536,"NGDP_RPCH",2026-09-23,5.2
"2027",536,"NGDP_RPCH",2026-09-23,5.1
"2026",136,"NGDP_RPCH",2026-09-23,0.9
"2027",136,"NGDP_RPCH",2026-09-23,0.6
"2026",158,"NGDP_RPCH",2026-09-23,0.8
"2027",158,"NGDP_RPCH",2026-09-23,0.7
"2026",542,"NGDP_RPCH",2026-09-23,3.7
"2027",542,"NGDP_RPCH",2026-09-23,2.6
"2026",273,"NGDP_RPCH",2026-09-23,1.5
"2027",273,"NGDP_RPCH",2026-09-23,1.8
"2026",922,"NGDP_RPCH",2026-09-23,0.5
"2027",922,"NGDP_RPCH",2026-09-23,0.6
"2026",456,"NGDP_RPCH",2026-09-23,-1.8
"2027",456,"NGDP_RPCH",2026-09-23,4.1
"2026",199,"NGDP_RPCH",2026-09-23,1.2
"2027",199,"NGDP_RPCH",2026-09-23,1.3
"2026",184,"NGDP_RPCH",2026-09-23,2.6
"2027",184,"NGDP_RPCH",2026-09-23,1.8
"2026",186,"NGDP_RPCH",2026-09-23,2.7
"2027",186,"NGDP_RPCH",2026-09-23,3.6
"2026",112,"NGDP_RPCH",2026-09-23,1.1
"2027",112,"NGDP_RPCH",2026-09-23,1
"2026",111,"NGDP_RPCH",2026-09-23,2.2
"2027",111,"NGDP_RPCH",2026-09-23,2.1
"2026",163,"NGDP_RPCH",2026-09-23,1
"2027",163,"NGDP_RPCH",2026-09-23,1
"2026",1,"NGDP_RPCH",2026-09-23,2.9
"2027",1,"NGDP_RPCH",2026-09-23,3
"2026",213,"PCPIPCH",2026-09-23,30.8
"2027",213,"PCPIPCH",2026-09-23,20.5
"2026",193,"PCPIPCH",2026-09-23,4.5
"2027",193,"PCPIPCH",2026-09-23,2.8
"2026",223,"PCPIPCH",2026-09-23,5.1
"2027",223,"PCPIPCH",2026-09-23,4.3
"2026",156,"PCPIPCH",2026-09-23,2.8
"2027",156,"PCPIPCH",2026-09-23,2.5
"2026",924,"PCPIPCH",2026-09-23,1.4
"2027",924,"PCPIPCH",2026-09-23,1.9
"2026",132,"PCPIPCH",2026-09-23,2.5
"2027",132,"PCPIPCH",2026-09-23,2.1
"2026",134,"PCPIPCH",2026-09-23,2.9
"2027",134,"PCPIPCH",2026-09-23,3.3
"2026",534,"PCPIPCH",2026-09-23,4.7
"2027",534,"PCPIPCH",2026-09-23,4.2
"2026",536,"PCPIPCH",2026-09-23,3.3
"2027",536,"PCPIPCH",2026-09-23,3
"2026",136,"PCPIPCH",2026-09-23,3
"2027",136,"PCPIPCH",2026-09-23,2.6
"2026",158,"PCPIPCH",2026-09-23,1.8
"2027",158,"PCPIPCH",2026-09-23,2.6
"2026",542,"PCPIPCH",2026-09-23,3
"2027",542,"PCPIPCH",2026-09-23,2.7
"2026",273,"PCPIPCH",2026-09-23,4.1
"2027",273,"PCPIPCH",2026-09-23,3.4
"2026",922,"PCPIPCH",2026-09-23,6.5
"2027",922,"PCPIPCH",2026-09-23,6
"2026",456,"PCPIPCH",2026-09-23,1.8
"2027",456,"PCPIPCH",2026-09-23,2.1
"2026",199,"PCPIPCH",2026-09-23,4.1
"2027",199,"PCPIPCH",2026-09-23,3.8
"2026",184,"PCPIPCH",2026-09-23,3.7
"2027",184,"PCPIPCH",2026-09-23,3.4
"2026",186,"PCPIPCH",2026-09-23,31.5
"2027",186,"PCPIPCH",2026-09-23,24.7
"2026",112,"PCPIPCH",2026-09-23,3.1
"2027",112,"PCPIPCH",2026-09-23,2.6
"2026",163,"PCPIPCH",2026-09-23,3
"2027",163,"PCPIPCH",2026-09-23,2.9
