"year","variable","ctry","value","pubdate"
"2025","LUR",111,4.184,2025-10-14
"2026","LUR",111,4.119,2025-10-14
"2027","LUR",111,3.992,2025-10-14
"2028","LUR",111,3.918,2025-10-14
"2029","LUR",111,3.824,2025-10-14
"2030","LUR",111,3.727,2025-10-14
"2025","LUR",112,4.7,2025-10-14
"2026","LUR",112,4.7,2025-10-14
"2027","LUR",112,4.6,2025-10-14
"2028","LUR",112,4.5,2025-10-14
"2029","LUR",112,4.3,2025-10-14
"2030","LUR",112,4.075,2025-10-14
"2025","LUR",122,5.681,2025-10-14
"2026","LUR",122,5.554,2025-10-14
"2027","LUR",122,5.484,2025-10-14
"2028","LUR",122,5.4,2025-10-14
"2029","LUR",122,5.246,2025-10-14
"2030","LUR",122,5.26,2025-10-14
"2025","LUR",124,6.1,2025-10-14
"2026","LUR",124,6.2,2025-10-14
"2027","LUR",124,6.1,2025-10-14
"2028","LUR",124,6,2025-10-14
"2029","LUR",124,5.9,2025-10-14
"2030","LUR",124,5.8,2025-10-14
"2025","LUR",128,2.95,2025-10-14
"2026","LUR",128,2.95,2025-10-14
"2027","LUR",128,2.95,2025-10-14
"2028","LUR",128,2.95,2025-10-14
"2029","LUR",128,2.95,2025-10-14
"2030","LUR",128,2.95,2025-10-14
"2025","LUR",132,7.56,2025-10-14
"2026","LUR",132,7.522,2025-10-14
"2027","LUR",132,7.325,2025-10-14
"2028","LUR",132,7.099,2025-10-14
"2029","LUR",132,6.993,2025-10-14
"2030","LUR",132,6.993,2025-10-14
"2025","LUR",134,3.669,2025-10-14
"2026","LUR",134,3.368,2025-10-14
"2027","LUR",134,3.037,2025-10-14
"2028","LUR",134,2.949,2025-10-14
"2029","LUR",134,2.907,2025-10-14
"2030","LUR",134,2.912,2025-10-14
"2024","LUR",135,4.413,2025-10-14
"2025","LUR",135,4.443,2025-10-14
"2026","LUR",135,4.473,2025-10-14
"2027","LUR",135,4.461,2025-10-14
"2028","LUR",135,4.471,2025-10-14
"2029","LUR",135,4.471,2025-10-14
"2030","LUR",135,4.471,2025-10-14
"2025","LUR",136,6.652,2025-10-14
"2026","LUR",136,6.716,2025-10-14
"2027","LUR",136,6.799,2025-10-14
"2028","LUR",136,6.871,2025-10-14
"2029","LUR",136,6.839,2025-10-14
"2030","LUR",136,6.807,2025-10-14
"2025","LUR",137,6.128,2025-10-14
"2026","LUR",137,6.237,2025-10-14
"2027","LUR",137,6.129,2025-10-14
"2028","LUR",137,5.942,2025-10-14
"2029","LUR",137,5.834,2025-10-14
"2030","LUR",137,5.743,2025-10-14
"2025","LUR",138,3.839,2025-10-14
"2026","LUR",138,4.014,2025-10-14
"2027","LUR",138,4.188,2025-10-14
"2028","LUR",138,4.333,2025-10-14
"2029","LUR",138,4.421,2025-10-14
"2030","LUR",138,4.5,2025-10-14
"2025","LUR",142,4.3,2025-10-14
"2026","LUR",142,4.2,2025-10-14
"2027","LUR",142,4.1,2025-10-14
"2028","LUR",142,4,2025-10-14
"2029","LUR",142,3.9,2025-10-14
"2030","LUR",142,3.8,2025-10-14
"2025","LUR",144,8.992,2025-10-14
"2026","LUR",144,8.425,2025-10-14
"2027","LUR",144,8.275,2025-10-14
"2028","LUR",144,8.125,2025-10-14
"2029","LUR",144,7.975,2025-10-14
"2030","LUR",144,7.875,2025-10-14
"2025","LUR",146,2.869,2025-10-14
"2026","LUR",146,3.07,2025-10-14
"2027","LUR",146,2.85,2025-10-14
"2028","LUR",146,2.8,2025-10-14
"2029","LUR",146,2.8,2025-10-14
"2030","LUR",146,2.8,2025-10-14
"2025","LUR",156,6.855,2025-10-14
"2026","LUR",156,6.6,2025-10-14
"2027","LUR",156,6.34,2025-10-14
"2028","LUR",156,6.218,2025-10-14
"2029","LUR",156,6.119,2025-10-14
"2030","LUR",156,6.025,2025-10-14
"2025","LUR",158,2.567,2025-10-14
"2026","LUR",158,2.567,2025-10-14
"2027","LUR",158,2.567,2025-10-14
"2028","LUR",158,2.567,2025-10-14
"2029","LUR",158,2.567,2025-10-14
"2030","LUR",158,2.567,2025-10-14
"2025","LUR",163,6.443,2025-10-14
"2026","LUR",163,6.341,2025-10-14
"2027","LUR",163,6.216,2025-10-14
"2028","LUR",163,6.16,2025-10-14
"2029","LUR",163,6.118,2025-10-14
"2030","LUR",163,6.114,2025-10-14
"2025","LUR",171,1.6,2025-10-14
"2026","LUR",171,1.6,2025-10-14
"2027","LUR",171,1.6,2025-10-14
"2028","LUR",171,1.6,2025-10-14
"2029","LUR",171,1.6,2025-10-14
"2030","LUR",171,1.6,2025-10-14
"2025","LUR",172,8.95,2025-10-14
"2026","LUR",172,8.662,2025-10-14
"2027","LUR",172,8.59,2025-10-14
"2028","LUR",172,8.52,2025-10-14
"2029","LUR",172,8.35,2025-10-14
"2030","LUR",172,8.26,2025-10-14
"2025","LUR",174,8.988,2025-10-14
"2026","LUR",174,8.391,2025-10-14
"2027","LUR",174,7.86,2025-10-14
"2028","LUR",174,7.586,2025-10-14
"2029","LUR",174,7.367,2025-10-14
"2030","LUR",174,7.207,2025-10-14
"2025","LUR",176,3.926,2025-10-14
"2026","LUR",176,3.973,2025-10-14
"2027","LUR",176,3.98,2025-10-14
"2028","LUR",176,3.981,2025-10-14
"2029","LUR",176,4,2025-10-14
"2030","LUR",176,4,2025-10-14
"2025","LUR",178,4.584,2025-10-14
"2026","LUR",178,4.558,2025-10-14
"2027","LUR",178,4.597,2025-10-14
"2028","LUR",178,4.673,2025-10-14
"2029","LUR",178,4.775,2025-10-14
"2030","LUR",178,4.808,2025-10-14
"2025","LUR",181,2.5,2025-10-14
"2026","LUR",181,2.5,2025-10-14
"2027","LUR",181,2.5,2025-10-14
"2028","LUR",181,2.5,2025-10-14
"2029","LUR",181,2.5,2025-10-14
"2030","LUR",181,2.5,2025-10-14
"2025","LUR",182,6.381,2025-10-14
"2026","LUR",182,6.287,2025-10-14
"2027","LUR",182,6.194,2025-10-14
"2028","LUR",182,6.194,2025-10-14
"2029","LUR",182,6.194,2025-10-14
"2030","LUR",182,6.194,2025-10-14
"2025","LUR",184,10.841,2025-10-14
"2026","LUR",184,10.739,2025-10-14
"2027","LUR",184,10.699,2025-10-14
"2028","LUR",184,10.699,2025-10-14
"2029","LUR",184,10.699,2025-10-14
"2030","LUR",184,10.699,2025-10-14
"2025","LUR",186,8.29,2025-10-14
"2026","LUR",186,8.276,2025-10-14
"2027","LUR",186,8.665,2025-10-14
"2028","LUR",186,9.09,2025-10-14
"2029","LUR",186,9.141,2025-10-14
"2030","LUR",186,9.141,2025-10-14
"2025","LUR",193,4.236,2025-10-14
"2026","LUR",193,4.319,2025-10-14
"2027","LUR",193,4.311,2025-10-14
"2028","LUR",193,4.318,2025-10-14
"2029","LUR",193,4.303,2025-10-14
"2030","LUR",193,4.285,2025-10-14
"2025","LUR",196,5.168,2025-10-14
"2026","LUR",196,5.088,2025-10-14
"2027","LUR",196,4.481,2025-10-14
"2028","LUR",196,4.516,2025-10-14
"2029","LUR",196,4.381,2025-10-14
"2030","LUR",196,4.397,2025-10-14
"2025","LUR",199,32.705,2025-10-14
"2026","LUR",199,32.676,2025-10-14
"2027","LUR",199,32.603,2025-10-14
"2028","LUR",199,32.525,2025-10-14
"2029","LUR",199,32.442,2025-10-14
"2030","LUR",199,32.194,2025-10-14
"2025","LUR",213,7.5,2025-10-14
"2026","LUR",213,6.625,2025-10-14
"2027","LUR",213,6.5,2025-10-14
"2028","LUR",213,6.5,2025-10-14
"2029","LUR",213,6.5,2025-10-14
"2030","LUR",213,6.5,2025-10-14
"2025","LUR",218,5.05,2025-10-14
"2025","LUR",223,7.099,2025-10-14
"2026","LUR",223,7.291,2025-10-14
"2027","LUR",223,7.36,2025-10-14
"2028","LUR",223,7.409,2025-10-14
"2029","LUR",223,7.415,2025-10-14
"2030","LUR",223,7.4,2025-10-14
"2025","LUR",228,8.634,2025-10-14
"2026","LUR",228,8.323,2025-10-14
"2027","LUR",228,8.159,2025-10-14
"2028","LUR",228,7.967,2025-10-14
"2029","LUR",228,7.828,2025-10-14
"2030","LUR",228,7.854,2025-10-14
"2025","LUR",233,10,2025-10-14
"2026","LUR",233,9.8,2025-10-14
"2027","LUR",233,9.6,2025-10-14
"2028","LUR",233,9.5,2025-10-14
"2029","LUR",233,9.4,2025-10-14
"2030","LUR",233,9.4,2025-10-14
"2025","LUR",238,7.5,2025-10-14
"2026","LUR",238,8,2025-10-14
"2027","LUR",238,8.5,2025-10-14
"2028","LUR",238,8.5,2025-10-14
"2029","LUR",238,8.5,2025-10-14
"2030","LUR",238,8.5,2025-10-14
"2025","LUR",243,5.3,2025-10-14
"2026","LUR",243,5.3,2025-10-14
"2027","LUR",243,5.2,2025-10-14
"2028","LUR",243,5.2,2025-10-14
"2029","LUR",243,5.1,2025-10-14
"2030","LUR",243,5,2025-10-14
"2025","LUR",248,4,2025-10-14
"2026","LUR",248,3.8,2025-10-14
"2027","LUR",248,3.6,2025-10-14
"2028","LUR",248,3.5,2025-10-14
"2029","LUR",248,3.5,2025-10-14
"2030","LUR",248,3.5,2025-10-14
"2024","LUR",253,4.706,2025-10-14
"2025","LUR",253,4.803,2025-10-14
"2026","LUR",253,4.9,2025-10-14
"2027","LUR",253,4.997,2025-10-14
"2028","LUR",253,5,2025-10-14
"2029","LUR",253,5.003,2025-10-14
"2030","LUR",253,5.006,2025-10-14
"2025","LUR",268,8,2025-10-14
"2026","LUR",268,8,2025-10-14
"2027","LUR",268,8,2025-10-14
"2028","LUR",268,8,2025-10-14
"2029","LUR",268,8,2025-10-14
"2030","LUR",268,8,2025-10-14
"2025","LUR",273,2.946,2025-10-14
"2026","LUR",273,3.068,2025-10-14
"2027","LUR",273,2.991,2025-10-14
"2028","LUR",273,2.99,2025-10-14
"2029","LUR",273,3.004,2025-10-14
"2030","LUR",273,3.004,2025-10-14
"2025","LUR",278,3.362,2025-10-14
"2026","LUR",278,3.362,2025-10-14
"2027","LUR",278,3.362,2025-10-14
"2028","LUR",278,3.362,2025-10-14
"2029","LUR",278,3.362,2025-10-14
"2030","LUR",278,3.362,2025-10-14
"2024","LUR",283,9.526,2025-10-14
"2025","LUR",283,8,2025-10-14
"2026","LUR",283,7.7,2025-10-14
"2027","LUR",283,7.7,2025-10-14
"2028","LUR",283,7.7,2025-10-14
"2029","LUR",283,7.7,2025-10-14
"2030","LUR",283,7.7,2025-10-14
"2025","LUR",288,5.2,2025-10-14
"2026","LUR",288,5.2,2025-10-14
"2027","LUR",288,5.2,2025-10-14
"2028","LUR",288,5.2,2025-10-14
"2029","LUR",288,5.2,2025-10-14
"2030","LUR",288,5.2,2025-10-14
"2025","LUR",293,6.45,2025-10-14
"2026","LUR",293,6.5,2025-10-14
"2027","LUR",293,6.5,2025-10-14
"2028","LUR",293,6.5,2025-10-14
"2029","LUR",293,6.5,2025-10-14
"2030","LUR",293,6.5,2025-10-14
"2025","LUR",298,7.925,2025-10-14
"2026","LUR",298,8,2025-10-14
"2027","LUR",298,8,2025-10-14
"2028","LUR",298,8,2025-10-14
"2029","LUR",298,8,2025-10-14
"2030","LUR",298,8,2025-10-14
"2012","LUR",299,7.823,2025-10-14
"2013","LUR",299,7.47,2025-10-14
"2014","LUR",299,7.99,2025-10-14
"2015","LUR",299,12.491,2025-10-14
"2016","LUR",299,20.863,2025-10-14
"2017","LUR",299,27.886,2025-10-14
"2018","LUR",299,35.554,2025-10-14
"2024","LUR",313,9.429,2025-10-14
"2025","LUR",313,9.329,2025-10-14
"2026","LUR",313,9.129,2025-10-14
"2027","LUR",313,9.029,2025-10-14
"2028","LUR",313,9.029,2025-10-14
"2029","LUR",313,9.029,2025-10-14
"2030","LUR",313,9.029,2025-10-14
"2024","LUR",314,4.27,2025-10-14
"2025","LUR",314,4.373,2025-10-14
"2026","LUR",314,4.563,2025-10-14
"2027","LUR",314,4.758,2025-10-14
"2028","LUR",314,4.833,2025-10-14
"2029","LUR",314,4.833,2025-10-14
"2030","LUR",314,4.833,2025-10-14
"2024","LUR",316,7.913,2025-10-14
"2025","LUR",316,7.919,2025-10-14
"2026","LUR",316,7.817,2025-10-14
"2027","LUR",316,7.846,2025-10-14
"2028","LUR",316,7.875,2025-10-14
"2029","LUR",316,7.805,2025-10-14
"2030","LUR",316,7.834,2025-10-14
"2025","LUR",339,2.6,2025-10-14
"2026","LUR",339,2.6,2025-10-14
"2027","LUR",339,2.6,2025-10-14
"2028","LUR",339,2.6,2025-10-14
"2029","LUR",339,2.6,2025-10-14
"2030","LUR",339,2.6,2025-10-14
"2025","LUR",359,6.432,2025-10-14
"2026","LUR",359,5.982,2025-10-14
"2027","LUR",359,5.807,2025-10-14
"2028","LUR",359,5.907,2025-10-14
"2029","LUR",359,5.857,2025-10-14
"2030","LUR",359,5.857,2025-10-14
"2024","LUR",366,10.3,2025-10-14
"2025","LUR",366,9.5,2025-10-14
"2026","LUR",366,9,2025-10-14
"2027","LUR",366,8,2025-10-14
"2028","LUR",366,7.5,2025-10-14
"2029","LUR",366,7,2025-10-14
"2030","LUR",366,7,2025-10-14
"2025","LUR",369,4.008,2025-10-14
"2026","LUR",369,4.138,2025-10-14
"2027","LUR",369,4.198,2025-10-14
"2028","LUR",369,4.137,2025-10-14
"2029","LUR",369,4.057,2025-10-14
"2030","LUR",369,4.046,2025-10-14
"2025","LUR",423,4.49,2025-10-14
"2026","LUR",423,4.679,2025-10-14
"2027","LUR",423,4.679,2025-10-14
"2028","LUR",423,4.679,2025-10-14
"2029","LUR",423,4.679,2025-10-14
"2030","LUR",423,4.679,2025-10-14
"2026","LUR",429,9.2,2025-10-14
"2027","LUR",429,9,2025-10-14
"2028","LUR",429,9,2025-10-14
"2029","LUR",429,9,2025-10-14
"2030","LUR",429,9,2025-10-14
"2025","LUR",436,2.9,2025-10-14
"2026","LUR",436,3.2,2025-10-14
"2027","LUR",436,3.5,2025-10-14
"2028","LUR",436,3.733,2025-10-14
"2029","LUR",436,3.933,2025-10-14
"2030","LUR",436,3.933,2025-10-14
"2020","LUR",446,13.284,2025-10-14
"2021","LUR",446,12.669,2025-10-14
"2022","LUR",446,11.6,2025-10-14
"2023","LUR",446,11.543,2025-10-14
"2025","LUR",469,7.396,2025-10-14
"2026","LUR",469,7.302,2025-10-14
"2027","LUR",469,7.114,2025-10-14
"2028","LUR",469,6.789,2025-10-14
"2029","LUR",469,6.824,2025-10-14
"2030","LUR",469,7.656,2025-10-14
"2025","LUR",516,4.8,2025-10-14
"2026","LUR",516,4.748,2025-10-14
"2027","LUR",516,4.748,2025-10-14
"2028","LUR",516,4.748,2025-10-14
"2029","LUR",516,4.748,2025-10-14
"2030","LUR",516,4.748,2025-10-14
"2022","LUR",524,5.25,2025-10-14
"2023","LUR",524,5,2025-10-14
"2024","LUR",524,4.75,2025-10-14
"2025","LUR",528,3.39,2025-10-14
"2026","LUR",528,3.39,2025-10-14
"2027","LUR",528,3.39,2025-10-14
"2028","LUR",528,3.39,2025-10-14
"2029","LUR",528,3.39,2025-10-14
"2030","LUR",528,3.39,2025-10-14
"2025","LUR",532,3.373,2025-10-14
"2026","LUR",532,3.277,2025-10-14
"2027","LUR",532,3.18,2025-10-14
"2028","LUR",532,3.034,2025-10-14
"2029","LUR",532,2.889,2025-10-14
"2030","LUR",532,2.753,2025-10-14
"2025","LUR",534,4.939,2025-10-14
"2026","LUR",534,4.939,2025-10-14
"2027","LUR",534,4.939,2025-10-14
"2028","LUR",534,4.939,2025-10-14
"2029","LUR",534,4.939,2025-10-14
"2030","LUR",534,4.939,2025-10-14
"2025","LUR",536,5,2025-10-14
"2026","LUR",536,5,2025-10-14
"2027","LUR",536,5,2025-10-14
"2028","LUR",536,5,2025-10-14
"2029","LUR",536,5,2025-10-14
"2030","LUR",536,5,2025-10-14
"2025","LUR",542,3,2025-10-14
"2026","LUR",542,3,2025-10-14
"2027","LUR",542,2.9,2025-10-14
"2028","LUR",542,2.8,2025-10-14
"2029","LUR",542,2.8,2025-10-14
"2030","LUR",542,2.8,2025-10-14
"2025","LUR",546,1.7,2025-10-14
"2026","LUR",546,1.7,2025-10-14
"2027","LUR",546,1.65,2025-10-14
"2028","LUR",546,1.65,2025-10-14
"2029","LUR",546,1.65,2025-10-14
"2030","LUR",546,1.65,2025-10-14
"2025","LUR",548,3,2025-10-14
"2026","LUR",548,3,2025-10-14
"2027","LUR",548,3,2025-10-14
"2028","LUR",548,3,2025-10-14
"2029","LUR",548,3,2025-10-14
"2030","LUR",548,3,2025-10-14
"2022","LUR",564,6.2,2025-10-14
"2023","LUR",564,8.5,2025-10-14
"2024","LUR",564,8.25,2025-10-14
"2025","LUR",564,8,2025-10-14
"2026","LUR",564,7.5,2025-10-14
"2027","LUR",564,6.75,2025-10-14
"2028","LUR",564,6,2025-10-14
"2029","LUR",564,5,2025-10-14
"2030","LUR",564,5,2025-10-14
"2025","LUR",566,3.867,2025-10-14
"2026","LUR",566,3.867,2025-10-14
"2027","LUR",566,3.767,2025-10-14
"2028","LUR",566,3.767,2025-10-14
"2029","LUR",566,3.667,2025-10-14
"2030","LUR",566,3.667,2025-10-14
"2025","LUR",576,2.087,2025-10-14
"2026","LUR",576,2.087,2025-10-14
"2027","LUR",576,2.087,2025-10-14
"2028","LUR",576,2.1,2025-10-14
"2029","LUR",576,2.1,2025-10-14
"2030","LUR",576,2.1,2025-10-14
"2025","LUR",578,1,2025-10-14
"2026","LUR",578,1,2025-10-14
"2027","LUR",578,1,2025-10-14
"2028","LUR",578,1,2025-10-14
"2029","LUR",578,1,2025-10-14
"2030","LUR",578,1,2025-10-14
"2025","LUR",582,2.25,2025-10-14
"2026","LUR",582,2.5,2025-10-14
"2027","LUR",582,2.311,2025-10-14
"2028","LUR",582,2.279,2025-10-14
"2029","LUR",582,2.211,2025-10-14
"2030","LUR",582,2.184,2025-10-14
"2025","LUR",624,8.5,2025-10-14
"2026","LUR",624,8.5,2025-10-14
"2027","LUR",624,8.5,2025-10-14
"2028","LUR",624,8.5,2025-10-14
"2029","LUR",624,8.5,2025-10-14
"2030","LUR",624,8.5,2025-10-14
"2025","LUR",684,5.886,2025-10-14
"2026","LUR",684,5.903,2025-10-14
"2027","LUR",684,5.906,2025-10-14
"2028","LUR",684,5.907,2025-10-14
"2029","LUR",684,5.907,2025-10-14
"2030","LUR",684,5.907,2025-10-14
"2025","LUR",686,13.091,2025-10-14
"2026","LUR",686,12.695,2025-10-14
"2027","LUR",686,12.118,2025-10-14
"2028","LUR",686,11.818,2025-10-14
"2029","LUR",686,11.694,2025-10-14
"2030","LUR",686,11.608,2025-10-14
"2025","LUR",718,3,2025-10-14
"2026","LUR",718,3,2025-10-14
"2027","LUR",718,3,2025-10-14
"2028","LUR",718,3,2025-10-14
"2029","LUR",718,3,2025-10-14
"2030","LUR",718,3,2025-10-14
"2012","LUR",732,14.8,2025-10-14
"2013","LUR",732,15.2,2025-10-14
"2014","LUR",732,19.8,2025-10-14
"2015","LUR",732,21.6,2025-10-14
"2016","LUR",732,20.6,2025-10-14
"2017","LUR",732,19.6,2025-10-14
"2018","LUR",732,19.5,2025-10-14
"2019","LUR",732,22.1,2025-10-14
"2020","LUR",732,26.83,2025-10-14
"2021","LUR",732,28.328,2025-10-14
"2022","LUR",732,32.137,2025-10-14
"2023","LUR",732,47.585,2025-10-14
"2024","LUR",732,60.848,2025-10-14
"2025","LUR",732,60.61,2025-10-14
"2026","LUR",732,57.967,2025-10-14
"2027","LUR",732,52.938,2025-10-14
"2028","LUR",732,49.853,2025-10-14
"2029","LUR",732,47.935,2025-10-14
"2030","LUR",732,46.474,2025-10-14
"2021","LUR",819,9,2025-10-14
"2022","LUR",819,6.5,2025-10-14
"2023","LUR",819,6.5,2025-10-14
"2024","LUR",819,6.5,2025-10-14
"2025","LUR",819,5.5,2025-10-14
"2026","LUR",819,5,2025-10-14
"2027","LUR",819,4.5,2025-10-14
"2028","LUR",819,4.5,2025-10-14
"2029","LUR",819,4.5,2025-10-14
"2030","LUR",819,4.5,2025-10-14
"2024","LUR",911,13.9,2025-10-14
"2025","LUR",911,13.5,2025-10-14
"2026","LUR",911,13.3,2025-10-14
"2027","LUR",911,13.1,2025-10-14
"2028","LUR",911,12.9,2025-10-14
"2029","LUR",911,12.7,2025-10-14
"2030","LUR",911,12.5,2025-10-14
"2024","LUR",912,5.394,2025-10-14
"2025","LUR",912,5.334,2025-10-14
"2026","LUR",912,5.274,2025-10-14
"2027","LUR",912,5.215,2025-10-14
"2028","LUR",912,5.156,2025-10-14
"2029","LUR",912,5.098,2025-10-14
"2030","LUR",912,5.041,2025-10-14
"2025","LUR",913,2.938,2025-10-14
"2026","LUR",913,2.889,2025-10-14
"2027","LUR",913,2.889,2025-10-14
"2028","LUR",913,2.889,2025-10-14
"2029","LUR",913,2.889,2025-10-14
"2030","LUR",913,2.889,2025-10-14
"2025","LUR",914,8.7,2025-10-14
"2026","LUR",914,8.7,2025-10-14
"2027","LUR",914,8.7,2025-10-14
"2028","LUR",914,8.7,2025-10-14
"2029","LUR",914,8.7,2025-10-14
"2030","LUR",914,8.7,2025-10-14
"2025","LUR",915,13.9,2025-10-14
"2026","LUR",915,13.9,2025-10-14
"2027","LUR",915,13.9,2025-10-14
"2028","LUR",915,13.9,2025-10-14
"2029","LUR",915,13.9,2025-10-14
"2030","LUR",915,13.9,2025-10-14
"2024","LUR",916,4.65,2025-10-14
"2025","LUR",916,4.638,2025-10-14
"2026","LUR",916,4.574,2025-10-14
"2027","LUR",916,4.527,2025-10-14
"2028","LUR",916,4.487,2025-10-14
"2029","LUR",916,4.439,2025-10-14
"2030","LUR",916,4.396,2025-10-14
"2023","LUR",917,3.983,2025-10-14
"2024","LUR",917,3.983,2025-10-14
"2025","LUR",917,3.983,2025-10-14
"2026","LUR",917,3.983,2025-10-14
"2027","LUR",917,3.983,2025-10-14
"2028","LUR",917,3.983,2025-10-14
"2029","LUR",917,3.983,2025-10-14
"2030","LUR",917,3.983,2025-10-14
"2025","LUR",918,3.5,2025-10-14
"2026","LUR",918,3.4,2025-10-14
"2027","LUR",918,3.3,2025-10-14
"2028","LUR",918,3.2,2025-10-14
"2029","LUR",918,3.2,2025-10-14
"2030","LUR",918,3.2,2025-10-14
"2025","LUR",921,3.503,2025-10-14
"2026","LUR",921,3.503,2025-10-14
"2027","LUR",921,3.503,2025-10-14
"2028","LUR",921,3.503,2025-10-14
"2029","LUR",921,3.503,2025-10-14
"2030","LUR",921,3.503,2025-10-14
"2025","LUR",922,2.4,2025-10-14
"2026","LUR",922,3.125,2025-10-14
"2027","LUR",922,3.972,2025-10-14
"2028","LUR",922,4.2,2025-10-14
"2029","LUR",922,4.3,2025-10-14
"2030","LUR",922,4.4,2025-10-14
"2025","LUR",924,5.1,2025-10-14
"2026","LUR",924,5.1,2025-10-14
"2027","LUR",924,5.1,2025-10-14
"2028","LUR",924,5.1,2025-10-14
"2029","LUR",924,5.1,2025-10-14
"2030","LUR",924,5.1,2025-10-14
"2022","LUR",926,24.528,2025-10-14
"2023","LUR",926,19.072,2025-10-14
"2024","LUR",926,13.1,2025-10-14
"2025","LUR",926,11.573,2025-10-14
"2026","LUR",926,10.188,2025-10-14
"2027","LUR",926,9.376,2025-10-14
"2028","LUR",926,8.688,2025-10-14
"2029","LUR",926,8.5,2025-10-14
"2030","LUR",926,8.5,2025-10-14
"2025","LUR",927,5.04,2025-10-14
"2026","LUR",927,4.54,2025-10-14
"2027","LUR",927,4.04,2025-10-14
"2028","LUR",927,3.74,2025-10-14
"2029","LUR",927,3.44,2025-10-14
"2030","LUR",927,3.14,2025-10-14
"2025","LUR",935,2.5,2025-10-14
"2026","LUR",935,2.4,2025-10-14
"2027","LUR",935,2.4,2025-10-14
"2028","LUR",935,2.4,2025-10-14
"2029","LUR",935,2.4,2025-10-14
"2030","LUR",935,2.4,2025-10-14
"2025","LUR",936,5.501,2025-10-14
"2026","LUR",936,5.635,2025-10-14
"2027","LUR",936,5.615,2025-10-14
"2028","LUR",936,5.596,2025-10-14
"2029","LUR",936,5.596,2025-10-14
"2030","LUR",936,5.596,2025-10-14
"2025","LUR",939,7.919,2025-10-14
"2026","LUR",939,7.411,2025-10-14
"2027","LUR",939,7.074,2025-10-14
"2028","LUR",939,6.792,2025-10-14
"2029","LUR",939,6.486,2025-10-14
"2030","LUR",939,6.278,2025-10-14
"2025","LUR",941,6.701,2025-10-14
"2026","LUR",941,6.607,2025-10-14
"2027","LUR",941,6.568,2025-10-14
"2028","LUR",941,6.529,2025-10-14
"2029","LUR",941,6.49,2025-10-14
"2030","LUR",941,6.397,2025-10-14
"2025","LUR",942,8.615,2025-10-14
"2026","LUR",942,8.59,2025-10-14
"2027","LUR",942,8.519,2025-10-14
"2028","LUR",942,8.421,2025-10-14
"2029","LUR",942,8.322,2025-10-14
"2030","LUR",942,8.224,2025-10-14
"2025","LUR",944,4.3,2025-10-14
"2026","LUR",944,4.2,2025-10-14
"2027","LUR",944,3.965,2025-10-14
"2028","LUR",944,3.9,2025-10-14
"2029","LUR",944,3.8,2025-10-14
"2030","LUR",944,3.8,2025-10-14
"2025","LUR",946,6.6,2025-10-14
"2026","LUR",946,6.1,2025-10-14
"2027","LUR",946,6,2025-10-14
"2028","LUR",946,5.9,2025-10-14
"2029","LUR",946,5.9,2025-10-14
"2030","LUR",946,5.9,2025-10-14
"2025","LUR",948,5,2025-10-14
"2026","LUR",948,5,2025-10-14
"2027","LUR",948,5,2025-10-14
"2028","LUR",948,5,2025-10-14
"2029","LUR",948,5,2025-10-14
"2030","LUR",948,5,2025-10-14
"2025","LUR",960,5,2025-10-14
"2026","LUR",960,5,2025-10-14
"2027","LUR",960,5,2025-10-14
"2028","LUR",960,5,2025-10-14
"2029","LUR",960,5,2025-10-14
"2030","LUR",960,5,2025-10-14
"2025","LUR",961,3.767,2025-10-14
"2026","LUR",961,3.99,2025-10-14
"2027","LUR",961,3.992,2025-10-14
"2028","LUR",961,4.044,2025-10-14
"2029","LUR",961,4.082,2025-10-14
"2030","LUR",961,4.108,2025-10-14
"2025","LUR",962,12.841,2025-10-14
"2026","LUR",962,12.7,2025-10-14
"2027","LUR",962,12.5,2025-10-14
"2028","LUR",962,12.4,2025-10-14
"2029","LUR",962,12.2,2025-10-14
"2030","LUR",962,12.1,2025-10-14
"2025","LUR",963,12.6,2025-10-14
"2026","LUR",963,12.6,2025-10-14
"2027","LUR",963,12.6,2025-10-14
"2028","LUR",963,12.6,2025-10-14
"2029","LUR",963,12.6,2025-10-14
"2030","LUR",963,12.6,2025-10-14
"2025","LUR",964,2.884,2025-10-14
"2026","LUR",964,3.127,2025-10-14
"2027","LUR",964,3.176,2025-10-14
"2028","LUR",964,3.176,2025-10-14
"2029","LUR",964,3.176,2025-10-14
"2030","LUR",964,3.176,2025-10-14
"2025","LUR",968,5.9,2025-10-14
"2026","LUR",968,5.8,2025-10-14
"2027","LUR",968,5.6,2025-10-14
"2028","LUR",968,5.4,2025-10-14
"2029","LUR",968,5.2,2025-10-14
"2030","LUR",968,5,2025-10-14
"2025","NGDP_RPCH",111,2.017,2025-10-14
"2026","NGDP_RPCH",111,2.102,2025-10-14
"2027","NGDP_RPCH",111,2.055,2025-10-14
"2028","NGDP_RPCH",111,2.093,2025-10-14
"2029","NGDP_RPCH",111,1.881,2025-10-14
"2030","NGDP_RPCH",111,1.753,2025-10-14
"2025","NGDP_RPCH",112,1.308,2025-10-14
"2026","NGDP_RPCH",112,1.264,2025-10-14
"2027","NGDP_RPCH",112,1.54,2025-10-14
"2028","NGDP_RPCH",112,1.439,2025-10-14
"2029","NGDP_RPCH",112,1.432,2025-10-14
"2030","NGDP_RPCH",112,1.443,2025-10-14
"2025","NGDP_RPCH",122,0.27,2025-10-14
"2026","NGDP_RPCH",122,0.764,2025-10-14
"2027","NGDP_RPCH",122,1.56,2025-10-14
"2028","NGDP_RPCH",122,1.305,2025-10-14
"2029","NGDP_RPCH",122,0.991,2025-10-14
"2030","NGDP_RPCH",122,0.734,2025-10-14
"2025","NGDP_RPCH",124,1.065,2025-10-14
"2026","NGDP_RPCH",124,0.98,2025-10-14
"2027","NGDP_RPCH",124,1.261,2025-10-14
"2028","NGDP_RPCH",124,1.196,2025-10-14
"2029","NGDP_RPCH",124,1.264,2025-10-14
"2030","NGDP_RPCH",124,1.293,2025-10-14
"2025","NGDP_RPCH",128,1.84,2025-10-14
"2026","NGDP_RPCH",128,2.205,2025-10-14
"2027","NGDP_RPCH",128,1.64,2025-10-14
"2028","NGDP_RPCH",128,1.54,2025-10-14
"2029","NGDP_RPCH",128,1.54,2025-10-14
"2030","NGDP_RPCH",128,1.54,2025-10-14
"2025","NGDP_RPCH",132,0.671,2025-10-14
"2026","NGDP_RPCH",132,0.911,2025-10-14
"2027","NGDP_RPCH",132,1.185,2025-10-14
"2028","NGDP_RPCH",132,1.271,2025-10-14
"2029","NGDP_RPCH",132,1.243,2025-10-14
"2030","NGDP_RPCH",132,1.211,2025-10-14
"2025","NGDP_RPCH",134,0.191,2025-10-14
"2026","NGDP_RPCH",134,0.944,2025-10-14
"2027","NGDP_RPCH",134,1.473,2025-10-14
"2028","NGDP_RPCH",134,1.203,2025-10-14
"2029","NGDP_RPCH",134,0.98,2025-10-14
"2030","NGDP_RPCH",134,0.679,2025-10-14
"2023","NGDP_RPCH",135,0.402,2025-10-14
"2024","NGDP_RPCH",135,0.696,2025-10-14
"2025","NGDP_RPCH",135,1,2025-10-14
"2026","NGDP_RPCH",135,1.3,2025-10-14
"2027","NGDP_RPCH",135,1.184,2025-10-14
"2028","NGDP_RPCH",135,1.28,2025-10-14
"2029","NGDP_RPCH",135,1.28,2025-10-14
"2030","NGDP_RPCH",135,1.28,2025-10-14
"2025","NGDP_RPCH",136,0.546,2025-10-14
"2026","NGDP_RPCH",136,0.759,2025-10-14
"2027","NGDP_RPCH",136,0.568,2025-10-14
"2028","NGDP_RPCH",136,0.684,2025-10-14
"2029","NGDP_RPCH",136,0.719,2025-10-14
"2030","NGDP_RPCH",136,0.719,2025-10-14
"2025","NGDP_RPCH",137,1.177,2025-10-14
"2026","NGDP_RPCH",137,2.092,2025-10-14
"2027","NGDP_RPCH",137,2.276,2025-10-14
"2028","NGDP_RPCH",137,2.181,2025-10-14
"2029","NGDP_RPCH",137,2.119,2025-10-14
"2030","NGDP_RPCH",137,2.115,2025-10-14
"2025","NGDP_RPCH",138,1.433,2025-10-14
"2026","NGDP_RPCH",138,1.222,2025-10-14
"2027","NGDP_RPCH",138,1.382,2025-10-14
"2028","NGDP_RPCH",138,1.369,2025-10-14
"2029","NGDP_RPCH",138,1.3,2025-10-14
"2030","NGDP_RPCH",138,1.209,2025-10-14
"2025","NGDP_RPCH",142,1.181,2025-10-14
"2026","NGDP_RPCH",142,1.615,2025-10-14
"2027","NGDP_RPCH",142,1.555,2025-10-14
"2028","NGDP_RPCH",142,1.349,2025-10-14
"2029","NGDP_RPCH",142,1.331,2025-10-14
"2030","NGDP_RPCH",142,1.331,2025-10-14
"2025","NGDP_RPCH",144,0.75,2025-10-14
"2026","NGDP_RPCH",144,1.932,2025-10-14
"2027","NGDP_RPCH",144,1.784,2025-10-14
"2028","NGDP_RPCH",144,1.696,2025-10-14
"2029","NGDP_RPCH",144,1.671,2025-10-14
"2030","NGDP_RPCH",144,1.665,2025-10-14
"2025","NGDP_RPCH",146,0.946,2025-10-14
"2026","NGDP_RPCH",146,1.275,2025-10-14
"2027","NGDP_RPCH",146,1.1,2025-10-14
"2028","NGDP_RPCH",146,1.8,2025-10-14
"2029","NGDP_RPCH",146,1.2,2025-10-14
"2030","NGDP_RPCH",146,1.8,2025-10-14
"2025","NGDP_RPCH",156,1.153,2025-10-14
"2026","NGDP_RPCH",156,1.541,2025-10-14
"2027","NGDP_RPCH",156,1.88,2025-10-14
"2028","NGDP_RPCH",156,1.685,2025-10-14
"2029","NGDP_RPCH",156,1.731,2025-10-14
"2030","NGDP_RPCH",156,1.635,2025-10-14
"2025","NGDP_RPCH",158,1.076,2025-10-14
"2026","NGDP_RPCH",158,0.633,2025-10-14
"2027","NGDP_RPCH",158,0.634,2025-10-14
"2028","NGDP_RPCH",158,0.551,2025-10-14
"2029","NGDP_RPCH",158,0.524,2025-10-14
"2030","NGDP_RPCH",158,0.496,2025-10-14
"2025","NGDP_RPCH",163,1.197,2025-10-14
"2026","NGDP_RPCH",163,1.14,2025-10-14
"2027","NGDP_RPCH",163,1.372,2025-10-14
"2028","NGDP_RPCH",163,1.311,2025-10-14
"2029","NGDP_RPCH",163,1.227,2025-10-14
"2030","NGDP_RPCH",163,1.125,2025-10-14
"2025","NGDP_RPCH",171,2.4,2025-10-14
"2026","NGDP_RPCH",171,1.6,2025-10-14
"2027","NGDP_RPCH",171,1.5,2025-10-14
"2028","NGDP_RPCH",171,1.5,2025-10-14
"2029","NGDP_RPCH",171,1.5,2025-10-14
"2030","NGDP_RPCH",171,1.5,2025-10-14
"2025","NGDP_RPCH",172,0.507,2025-10-14
"2026","NGDP_RPCH",172,1.311,2025-10-14
"2027","NGDP_RPCH",172,1.317,2025-10-14
"2028","NGDP_RPCH",172,1.321,2025-10-14
"2029","NGDP_RPCH",172,1.24,2025-10-14
"2030","NGDP_RPCH",172,1.189,2025-10-14
"2025","NGDP_RPCH",174,1.964,2025-10-14
"2026","NGDP_RPCH",174,2.043,2025-10-14
"2027","NGDP_RPCH",174,1.474,2025-10-14
"2028","NGDP_RPCH",174,1.59,2025-10-14
"2029","NGDP_RPCH",174,1.566,2025-10-14
"2030","NGDP_RPCH",174,1.565,2025-10-14
"2025","NGDP_RPCH",176,1.427,2025-10-14
"2026","NGDP_RPCH",176,2.306,2025-10-14
"2027","NGDP_RPCH",176,2.424,2025-10-14
"2028","NGDP_RPCH",176,2.438,2025-10-14
"2029","NGDP_RPCH",176,2.433,2025-10-14
"2030","NGDP_RPCH",176,2.397,2025-10-14
"2025","NGDP_RPCH",178,9.113,2025-10-14
"2026","NGDP_RPCH",178,1.268,2025-10-14
"2027","NGDP_RPCH",178,2.536,2025-10-14
"2028","NGDP_RPCH",178,2.416,2025-10-14
"2029","NGDP_RPCH",178,2.257,2025-10-14
"2030","NGDP_RPCH",178,2.303,2025-10-14
"2025","NGDP_RPCH",181,3.9,2025-10-14
"2026","NGDP_RPCH",181,3.9,2025-10-14
"2027","NGDP_RPCH",181,4,2025-10-14
"2028","NGDP_RPCH",181,4,2025-10-14
"2029","NGDP_RPCH",181,4,2025-10-14
"2030","NGDP_RPCH",181,4,2025-10-14
"2025","NGDP_RPCH",182,1.87,2025-10-14
"2026","NGDP_RPCH",182,2.12,2025-10-14
"2027","NGDP_RPCH",182,1.465,2025-10-14
"2028","NGDP_RPCH",182,1.65,2025-10-14
"2029","NGDP_RPCH",182,1.65,2025-10-14
"2030","NGDP_RPCH",182,1.65,2025-10-14
"2025","NGDP_RPCH",184,2.908,2025-10-14
"2026","NGDP_RPCH",184,1.958,2025-10-14
"2027","NGDP_RPCH",184,1.731,2025-10-14
"2028","NGDP_RPCH",184,1.6,2025-10-14
"2029","NGDP_RPCH",184,1.598,2025-10-14
"2030","NGDP_RPCH",184,1.591,2025-10-14
"2025","NGDP_RPCH",186,3.494,2025-10-14
"2026","NGDP_RPCH",186,3.693,2025-10-14
"2027","NGDP_RPCH",186,3.725,2025-10-14
"2028","NGDP_RPCH",186,3.82,2025-10-14
"2029","NGDP_RPCH",186,3.792,2025-10-14
"2030","NGDP_RPCH",186,3.816,2025-10-14
"2025","NGDP_RPCH",193,1.809,2025-10-14
"2026","NGDP_RPCH",193,2.149,2025-10-14
"2027","NGDP_RPCH",193,2.153,2025-10-14
"2028","NGDP_RPCH",193,2.225,2025-10-14
"2029","NGDP_RPCH",193,2.248,2025-10-14
"2030","NGDP_RPCH",193,2.298,2025-10-14
"2025","NGDP_RPCH",196,0.835,2025-10-14
"2026","NGDP_RPCH",196,2.23,2025-10-14
"2027","NGDP_RPCH",196,2.398,2025-10-14
"2028","NGDP_RPCH",196,2.253,2025-10-14
"2029","NGDP_RPCH",196,2.203,2025-10-14
"2030","NGDP_RPCH",196,2.193,2025-10-14
"2025","NGDP_RPCH",199,1.149,2025-10-14
"2026","NGDP_RPCH",199,1.151,2025-10-14
"2027","NGDP_RPCH",199,1.512,2025-10-14
"2028","NGDP_RPCH",199,1.702,2025-10-14
"2029","NGDP_RPCH",199,1.835,2025-10-14
"2030","NGDP_RPCH",199,1.835,2025-10-14
"2025","NGDP_RPCH",213,4.465,2025-10-14
"2026","NGDP_RPCH",213,3.99,2025-10-14
"2027","NGDP_RPCH",213,3.97,2025-10-14
"2028","NGDP_RPCH",213,3.846,2025-10-14
"2029","NGDP_RPCH",213,3.621,2025-10-14
"2030","NGDP_RPCH",213,3.207,2025-10-14
"2025","NGDP_RPCH",218,0.6,2025-10-14
"2025","NGDP_RPCH",223,2.4,2025-10-14
"2026","NGDP_RPCH",223,1.942,2025-10-14
"2027","NGDP_RPCH",223,2.238,2025-10-14
"2028","NGDP_RPCH",223,2.305,2025-10-14
"2029","NGDP_RPCH",223,2.432,2025-10-14
"2030","NGDP_RPCH",223,2.488,2025-10-14
"2025","NGDP_RPCH",228,2.515,2025-10-14
"2026","NGDP_RPCH",228,2,2025-10-14
"2027","NGDP_RPCH",228,2.278,2025-10-14
"2028","NGDP_RPCH",228,2.327,2025-10-14
"2029","NGDP_RPCH",228,2.316,2025-10-14
"2030","NGDP_RPCH",228,2.215,2025-10-14
"2025","NGDP_RPCH",233,2.523,2025-10-14
"2026","NGDP_RPCH",233,2.272,2025-10-14
"2027","NGDP_RPCH",233,2.5,2025-10-14
"2028","NGDP_RPCH",233,2.7,2025-10-14
"2029","NGDP_RPCH",233,2.86,2025-10-14
"2030","NGDP_RPCH",233,2.76,2025-10-14
"2025","NGDP_RPCH",238,3.593,2025-10-14
"2026","NGDP_RPCH",238,3.345,2025-10-14
"2027","NGDP_RPCH",238,3.543,2025-10-14
"2028","NGDP_RPCH",238,3.539,2025-10-14
"2029","NGDP_RPCH",238,3.52,2025-10-14
"2030","NGDP_RPCH",238,3.5,2025-10-14
"2025","NGDP_RPCH",243,2.962,2025-10-14
"2026","NGDP_RPCH",243,4.534,2025-10-14
"2027","NGDP_RPCH",243,4.91,2025-10-14
"2028","NGDP_RPCH",243,5.02,2025-10-14
"2029","NGDP_RPCH",243,4.98,2025-10-14
"2030","NGDP_RPCH",243,4.979,2025-10-14
"2025","NGDP_RPCH",248,3.24,2025-10-14
"2026","NGDP_RPCH",248,2,2025-10-14
"2027","NGDP_RPCH",248,2.4,2025-10-14
"2028","NGDP_RPCH",248,2.6,2025-10-14
"2029","NGDP_RPCH",248,2.8,2025-10-14
"2030","NGDP_RPCH",248,3,2025-10-14
"2025","NGDP_RPCH",253,2.5,2025-10-14
"2026","NGDP_RPCH",253,2.5,2025-10-14
"2027","NGDP_RPCH",253,3,2025-10-14
"2028","NGDP_RPCH",253,3.1,2025-10-14
"2029","NGDP_RPCH",253,2.8,2025-10-14
"2030","NGDP_RPCH",253,2.8,2025-10-14
"2025","NGDP_RPCH",258,3.83,2025-10-14
"2026","NGDP_RPCH",258,3.6,2025-10-14
"2027","NGDP_RPCH",258,3.6,2025-10-14
"2028","NGDP_RPCH",258,3.65,2025-10-14
"2029","NGDP_RPCH",258,3.76,2025-10-14
"2030","NGDP_RPCH",258,3.855,2025-10-14
"2026","NGDP_RPCH",263,-1.2,2025-10-14
"2027","NGDP_RPCH",263,0.48,2025-10-14
"2028","NGDP_RPCH",263,1.2,2025-10-14
"2029","NGDP_RPCH",263,1.3,2025-10-14
"2030","NGDP_RPCH",263,1.5,2025-10-14
"2025","NGDP_RPCH",268,3.8,2025-10-14
"2026","NGDP_RPCH",268,3.5,2025-10-14
"2027","NGDP_RPCH",268,3.6,2025-10-14
"2028","NGDP_RPCH",268,3.8,2025-10-14
"2029","NGDP_RPCH",268,3.8,2025-10-14
"2030","NGDP_RPCH",268,3.8,2025-10-14
"2025","NGDP_RPCH",273,0.99,2025-10-14
"2026","NGDP_RPCH",273,1.544,2025-10-14
"2027","NGDP_RPCH",273,2.044,2025-10-14
"2028","NGDP_RPCH",273,2.139,2025-10-14
"2029","NGDP_RPCH",273,2.084,2025-10-14
"2030","NGDP_RPCH",273,2.091,2025-10-14
"2025","NGDP_RPCH",278,2.994,2025-10-14
"2026","NGDP_RPCH",278,2.882,2025-10-14
"2027","NGDP_RPCH",278,3.261,2025-10-14
"2028","NGDP_RPCH",278,3.4,2025-10-14
"2029","NGDP_RPCH",278,3.4,2025-10-14
"2030","NGDP_RPCH",278,3.4,2025-10-14
"2025","NGDP_RPCH",283,4,2025-10-14
"2026","NGDP_RPCH",283,4,2025-10-14
"2027","NGDP_RPCH",283,4,2025-10-14
"2028","NGDP_RPCH",283,4,2025-10-14
"2029","NGDP_RPCH",283,4,2025-10-14
"2030","NGDP_RPCH",283,4,2025-10-14
"2025","NGDP_RPCH",288,4.4,2025-10-14
"2026","NGDP_RPCH",288,3.7,2025-10-14
"2027","NGDP_RPCH",288,3.5,2025-10-14
"2028","NGDP_RPCH",288,3.5,2025-10-14
"2029","NGDP_RPCH",288,3.5,2025-10-14
"2030","NGDP_RPCH",288,3.5,2025-10-14
"2025","NGDP_RPCH",293,2.93,2025-10-14
"2026","NGDP_RPCH",293,2.699,2025-10-14
"2027","NGDP_RPCH",293,2.486,2025-10-14
"2028","NGDP_RPCH",293,2.504,2025-10-14
"2029","NGDP_RPCH",293,2.496,2025-10-14
"2030","NGDP_RPCH",293,2.502,2025-10-14
"2025","NGDP_RPCH",298,2.471,2025-10-14
"2026","NGDP_RPCH",298,2.366,2025-10-14
"2027","NGDP_RPCH",298,2.333,2025-10-14
"2028","NGDP_RPCH",298,2.282,2025-10-14
"2029","NGDP_RPCH",298,2.218,2025-10-14
"2030","NGDP_RPCH",298,2.218,2025-10-14
"2019","NGDP_RPCH",299,-27.658,2025-10-14
"2020","NGDP_RPCH",299,-29.999,2025-10-14
"2021","NGDP_RPCH",299,0.955,2025-10-14
"2022","NGDP_RPCH",299,8.001,2025-10-14
"2023","NGDP_RPCH",299,4.002,2025-10-14
"2024","NGDP_RPCH",299,5.3,2025-10-14
"2025","NGDP_RPCH",299,0.5,2025-10-14
"2026","NGDP_RPCH",299,-3,2025-10-14
"2024","NGDP_RPCH",311,3.66,2025-10-14
"2025","NGDP_RPCH",311,2.467,2025-10-14
"2026","NGDP_RPCH",311,2.474,2025-10-14
"2027","NGDP_RPCH",311,2.539,2025-10-14
"2028","NGDP_RPCH",311,2.479,2025-10-14
"2029","NGDP_RPCH",311,2.485,2025-10-14
"2030","NGDP_RPCH",311,2.491,2025-10-14
"2025","NGDP_RPCH",313,2.2,2025-10-14
"2026","NGDP_RPCH",313,2.1,2025-10-14
"2027","NGDP_RPCH",313,1.8,2025-10-14
"2028","NGDP_RPCH",313,1.8,2025-10-14
"2029","NGDP_RPCH",313,1.6,2025-10-14
"2030","NGDP_RPCH",313,1.5,2025-10-14
"2022","NGDP_RPCH",314,5.147,2025-10-14
"2023","NGDP_RPCH",314,7.712,2025-10-14
"2024","NGDP_RPCH",314,6.799,2025-10-14
"2025","NGDP_RPCH",314,2.04,2025-10-14
"2026","NGDP_RPCH",314,2.166,2025-10-14
"2027","NGDP_RPCH",314,1.997,2025-10-14
"2028","NGDP_RPCH",314,1.465,2025-10-14
"2029","NGDP_RPCH",314,1.421,2025-10-14
"2030","NGDP_RPCH",314,1.336,2025-10-14
"2025","NGDP_RPCH",316,2.7,2025-10-14
"2026","NGDP_RPCH",316,2.1,2025-10-14
"2027","NGDP_RPCH",316,2,2025-10-14
"2028","NGDP_RPCH",316,2,2025-10-14
"2029","NGDP_RPCH",316,2,2025-10-14
"2030","NGDP_RPCH",316,2,2025-10-14
"2024","NGDP_RPCH",321,3.539,2025-10-14
"2025","NGDP_RPCH",321,4.226,2025-10-14
"2026","NGDP_RPCH",321,3.285,2025-10-14
"2027","NGDP_RPCH",321,2.891,2025-10-14
"2028","NGDP_RPCH",321,2.732,2025-10-14
"2029","NGDP_RPCH",321,2.426,2025-10-14
"2030","NGDP_RPCH",321,2.53,2025-10-14
"2023","NGDP_RPCH",328,4.527,2025-10-14
"2024","NGDP_RPCH",328,3.295,2025-10-14
"2025","NGDP_RPCH",328,3.276,2025-10-14
"2026","NGDP_RPCH",328,3.441,2025-10-14
"2027","NGDP_RPCH",328,3.262,2025-10-14
"2028","NGDP_RPCH",328,2.927,2025-10-14
"2029","NGDP_RPCH",328,2.735,2025-10-14
"2030","NGDP_RPCH",328,2.735,2025-10-14
"2025","NGDP_RPCH",336,10.316,2025-10-14
"2026","NGDP_RPCH",336,22.95,2025-10-14
"2027","NGDP_RPCH",336,20.992,2025-10-14
"2028","NGDP_RPCH",336,13.251,2025-10-14
"2029","NGDP_RPCH",336,11.75,2025-10-14
"2030","NGDP_RPCH",336,1.067,2025-10-14
"2025","NGDP_RPCH",339,1.489,2025-10-14
"2026","NGDP_RPCH",339,2.444,2025-10-14
"2027","NGDP_RPCH",339,2.165,2025-10-14
"2028","NGDP_RPCH",339,2.083,2025-10-14
"2029","NGDP_RPCH",339,1.999,2025-10-14
"2030","NGDP_RPCH",339,2,2025-10-14
"2025","NGDP_RPCH",343,2.1,2025-10-14
"2026","NGDP_RPCH",343,1.549,2025-10-14
"2027","NGDP_RPCH",343,1.549,2025-10-14
"2028","NGDP_RPCH",343,1.549,2025-10-14
"2029","NGDP_RPCH",343,1.549,2025-10-14
"2030","NGDP_RPCH",343,1.549,2025-10-14
"2025","NGDP_RPCH",359,-0.8,2025-10-14
"2026","NGDP_RPCH",359,-0.1,2025-10-14
"2027","NGDP_RPCH",359,1,2025-10-14
"2028","NGDP_RPCH",359,0.6,2025-10-14
"2029","NGDP_RPCH",359,0.8,2025-10-14
"2030","NGDP_RPCH",359,0.8,2025-10-14
"2024","NGDP_RPCH",361,1.961,2025-10-14
"2025","NGDP_RPCH",361,1.722,2025-10-14
"2026","NGDP_RPCH",361,2.161,2025-10-14
"2027","NGDP_RPCH",361,2.56,2025-10-14
"2028","NGDP_RPCH",361,2.63,2025-10-14
"2029","NGDP_RPCH",361,2.73,2025-10-14
"2030","NGDP_RPCH",361,2.57,2025-10-14
"2025","NGDP_RPCH",362,2.378,2025-10-14
"2026","NGDP_RPCH",362,2.144,2025-10-14
"2027","NGDP_RPCH",362,1.973,2025-10-14
"2028","NGDP_RPCH",362,1.884,2025-10-14
"2029","NGDP_RPCH",362,1.691,2025-10-14
"2030","NGDP_RPCH",362,1.5,2025-10-14
"2023","NGDP_RPCH",364,5.5,2025-10-14
"2024","NGDP_RPCH",364,5.168,2025-10-14
"2025","NGDP_RPCH",364,4.4,2025-10-14
"2026","NGDP_RPCH",364,2.7,2025-10-14
"2027","NGDP_RPCH",364,2.7,2025-10-14
"2028","NGDP_RPCH",364,2.7,2025-10-14
"2029","NGDP_RPCH",364,2.7,2025-10-14
"2030","NGDP_RPCH",364,2.7,2025-10-14
"2025","NGDP_RPCH",366,2.734,2025-10-14
"2026","NGDP_RPCH",366,3.747,2025-10-14
"2027","NGDP_RPCH",366,4.281,2025-10-14
"2028","NGDP_RPCH",366,29.423,2025-10-14
"2029","NGDP_RPCH",366,45.534,2025-10-14
"2030","NGDP_RPCH",366,3.011,2025-10-14
"2025","NGDP_RPCH",369,1.021,2025-10-14
"2026","NGDP_RPCH",369,1.201,2025-10-14
"2027","NGDP_RPCH",369,2.527,2025-10-14
"2028","NGDP_RPCH",369,3.148,2025-10-14
"2029","NGDP_RPCH",369,2.874,2025-10-14
"2030","NGDP_RPCH",369,1.808,2025-10-14
"2025","NGDP_RPCH",419,2.867,2025-10-14
"2026","NGDP_RPCH",419,3.346,2025-10-14
"2027","NGDP_RPCH",419,3.284,2025-10-14
"2028","NGDP_RPCH",419,3.078,2025-10-14
"2029","NGDP_RPCH",419,3.176,2025-10-14
"2030","NGDP_RPCH",419,3.222,2025-10-14
"2025","NGDP_RPCH",423,2.946,2025-10-14
"2026","NGDP_RPCH",423,2.841,2025-10-14
"2027","NGDP_RPCH",423,2.842,2025-10-14
"2028","NGDP_RPCH",423,3.011,2025-10-14
"2029","NGDP_RPCH",423,3.047,2025-10-14
"2030","NGDP_RPCH",423,2.97,2025-10-14
"2026","NGDP_RPCH",429,1.112,2025-10-14
"2027","NGDP_RPCH",429,1.612,2025-10-14
"2028","NGDP_RPCH",429,2.013,2025-10-14
"2029","NGDP_RPCH",429,2.025,2025-10-14
"2030","NGDP_RPCH",429,1.999,2025-10-14
"2025","NGDP_RPCH",433,0.452,2025-10-14
"2026","NGDP_RPCH",433,3.639,2025-10-14
"2027","NGDP_RPCH",433,3.565,2025-10-14
"2028","NGDP_RPCH",433,3.882,2025-10-14
"2029","NGDP_RPCH",433,4.117,2025-10-14
"2030","NGDP_RPCH",433,4.127,2025-10-14
"2025","NGDP_RPCH",436,2.495,2025-10-14
"2026","NGDP_RPCH",436,3.926,2025-10-14
"2027","NGDP_RPCH",436,3.281,2025-10-14
"2028","NGDP_RPCH",436,3.311,2025-10-14
"2029","NGDP_RPCH",436,3.352,2025-10-14
"2030","NGDP_RPCH",436,3.368,2025-10-14
"2025","NGDP_RPCH",439,2.7,2025-10-14
"2026","NGDP_RPCH",439,2.9,2025-10-14
"2027","NGDP_RPCH",439,3,2025-10-14
"2028","NGDP_RPCH",439,3,2025-10-14
"2029","NGDP_RPCH",439,3,2025-10-14
"2030","NGDP_RPCH",439,3,2025-10-14
"2025","NGDP_RPCH",443,2.574,2025-10-14
"2026","NGDP_RPCH",443,3.927,2025-10-14
"2027","NGDP_RPCH",443,2.306,2025-10-14
"2028","NGDP_RPCH",443,2.266,2025-10-14
"2029","NGDP_RPCH",443,2.238,2025-10-14
"2030","NGDP_RPCH",443,2.279,2025-10-14
"2022","NGDP_RPCH",446,1,2025-10-14
"2023","NGDP_RPCH",446,-0.7,2025-10-14
"2024","NGDP_RPCH",446,-7.5,2025-10-14
"2025","NGDP_RPCH",449,2.885,2025-10-14
"2026","NGDP_RPCH",449,3.997,2025-10-14
"2027","NGDP_RPCH",449,3.744,2025-10-14
"2028","NGDP_RPCH",449,4.073,2025-10-14
"2029","NGDP_RPCH",449,3.831,2025-10-14
"2030","NGDP_RPCH",449,3.567,2025-10-14
"2024","NGDP_RPCH",453,2.367,2025-10-14
"2025","NGDP_RPCH",453,2.882,2025-10-14
"2026","NGDP_RPCH",453,6.087,2025-10-14
"2027","NGDP_RPCH",453,7.774,2025-10-14
"2028","NGDP_RPCH",453,3.505,2025-10-14
"2029","NGDP_RPCH",453,1.627,2025-10-14
"2030","NGDP_RPCH",453,3.377,2025-10-14
"2025","NGDP_RPCH",456,4.021,2025-10-14
"2026","NGDP_RPCH",456,3.978,2025-10-14
"2027","NGDP_RPCH",456,3.25,2025-10-14
"2028","NGDP_RPCH",456,3.334,2025-10-14
"2029","NGDP_RPCH",456,3.3,2025-10-14
"2030","NGDP_RPCH",456,3.287,2025-10-14
"2024","NGDP_RPCH",466,3.992,2025-10-14
"2025","NGDP_RPCH",466,4.765,2025-10-14
"2026","NGDP_RPCH",466,5.008,2025-10-14
"2027","NGDP_RPCH",466,4.736,2025-10-14
"2028","NGDP_RPCH",466,4.435,2025-10-14
"2029","NGDP_RPCH",466,4.255,2025-10-14
"2030","NGDP_RPCH",466,3.851,2025-10-14
"2025","NGDP_RPCH",469,4.27,2025-10-14
"2026","NGDP_RPCH",469,4.49,2025-10-14
"2027","NGDP_RPCH",469,4.668,2025-10-14
"2028","NGDP_RPCH",469,4.928,2025-10-14
"2029","NGDP_RPCH",469,5.106,2025-10-14
"2030","NGDP_RPCH",469,5.295,2025-10-14
"2023","NGDP_RPCH",474,-2,2025-10-14
"2024","NGDP_RPCH",474,-1.5,2025-10-14
"2025","NGDP_RPCH",474,-1.5,2025-10-14
"2027","NGDP_RPCH",474,6,2025-10-14
"2028","NGDP_RPCH",474,5.5,2025-10-14
"2029","NGDP_RPCH",474,5,2025-10-14
"2030","NGDP_RPCH",474,5,2025-10-14
"2026","NGDP_RPCH",513,4.89,2025-10-14
"2027","NGDP_RPCH",513,5.69,2025-10-14
"2028","NGDP_RPCH",513,5.81,2025-10-14
"2029","NGDP_RPCH",513,6.68,2025-10-14
"2030","NGDP_RPCH",513,6.52,2025-10-14
"2025","NGDP_RPCH",514,6.79,2025-10-14
"2026","NGDP_RPCH",514,7.429,2025-10-14
"2027","NGDP_RPCH",514,5.537,2025-10-14
"2028","NGDP_RPCH",514,5.599,2025-10-14
"2029","NGDP_RPCH",514,7.008,2025-10-14
"2030","NGDP_RPCH",514,6.462,2025-10-14
"2025","NGDP_RPCH",516,1.797,2025-10-14
"2026","NGDP_RPCH",516,2.427,2025-10-14
"2027","NGDP_RPCH",516,2.618,2025-10-14
"2028","NGDP_RPCH",516,2.87,2025-10-14
"2029","NGDP_RPCH",516,3.129,2025-10-14
"2030","NGDP_RPCH",516,2.911,2025-10-14
"2023","NGDP_RPCH",518,0.997,2025-10-14
"2024","NGDP_RPCH",518,-1.122,2025-10-14
"2025","NGDP_RPCH",518,-2.677,2025-10-14
"2026","NGDP_RPCH",518,2.981,2025-10-14
"2027","NGDP_RPCH",518,2.983,2025-10-14
"2028","NGDP_RPCH",518,2.513,2025-10-14
"2029","NGDP_RPCH",518,2.162,2025-10-14
"2030","NGDP_RPCH",518,1.808,2025-10-14
"2025","NGDP_RPCH",522,4.774,2025-10-14
"2026","NGDP_RPCH",522,3.995,2025-10-14
"2027","NGDP_RPCH",522,4.536,2025-10-14
"2028","NGDP_RPCH",522,5.013,2025-10-14
"2029","NGDP_RPCH",522,5.271,2025-10-14
"2030","NGDP_RPCH",522,5.506,2025-10-14
"2025","NGDP_RPCH",528,3.674,2025-10-14
"2026","NGDP_RPCH",528,2.113,2025-10-14
"2027","NGDP_RPCH",528,2.521,2025-10-14
"2028","NGDP_RPCH",528,2.413,2025-10-14
"2029","NGDP_RPCH",528,2.38,2025-10-14
"2030","NGDP_RPCH",528,2.193,2025-10-14
"2025","NGDP_RPCH",532,2.438,2025-10-14
"2026","NGDP_RPCH",532,2.122,2025-10-14
"2027","NGDP_RPCH",532,2.028,2025-10-14
"2028","NGDP_RPCH",532,2.159,2025-10-14
"2029","NGDP_RPCH",532,2.348,2025-10-14
"2030","NGDP_RPCH",532,2.311,2025-10-14
"2026","NGDP_RPCH",534,6.159,2025-10-14
"2027","NGDP_RPCH",534,6.409,2025-10-14
"2028","NGDP_RPCH",534,6.481,2025-10-14
"2029","NGDP_RPCH",534,6.495,2025-10-14
"2030","NGDP_RPCH",534,6.504,2025-10-14
"2025","NGDP_RPCH",536,4.861,2025-10-14
"2026","NGDP_RPCH",536,4.942,2025-10-14
"2027","NGDP_RPCH",536,4.961,2025-10-14
"2028","NGDP_RPCH",536,4.956,2025-10-14
"2029","NGDP_RPCH",536,5.111,2025-10-14
"2030","NGDP_RPCH",536,5.138,2025-10-14
"2025","NGDP_RPCH",537,3.9,2025-10-14
"2026","NGDP_RPCH",537,3.3,2025-10-14
"2027","NGDP_RPCH",537,3.2,2025-10-14
"2028","NGDP_RPCH",537,3.2,2025-10-14
"2029","NGDP_RPCH",537,3.2,2025-10-14
"2030","NGDP_RPCH",537,3.2,2025-10-14
"2025","NGDP_RPCH",542,0.896,2025-10-14
"2026","NGDP_RPCH",542,1.83,2025-10-14
"2027","NGDP_RPCH",542,2.152,2025-10-14
"2028","NGDP_RPCH",542,2.19,2025-10-14
"2029","NGDP_RPCH",542,1.967,2025-10-14
"2030","NGDP_RPCH",542,1.938,2025-10-14
"2025","NGDP_RPCH",544,3.487,2025-10-14
"2026","NGDP_RPCH",544,2.504,2025-10-14
"2027","NGDP_RPCH",544,2.497,2025-10-14
"2028","NGDP_RPCH",544,2.473,2025-10-14
"2029","NGDP_RPCH",544,2.459,2025-10-14
"2030","NGDP_RPCH",544,2.458,2025-10-14
"2025","NGDP_RPCH",546,2.593,2025-10-14
"2026","NGDP_RPCH",546,2.798,2025-10-14
"2027","NGDP_RPCH",546,3.156,2025-10-14
"2028","NGDP_RPCH",546,3.087,2025-10-14
"2029","NGDP_RPCH",546,3.092,2025-10-14
"2030","NGDP_RPCH",546,3.02,2025-10-14
"2025","NGDP_RPCH",548,4.5,2025-10-14
"2026","NGDP_RPCH",548,4,2025-10-14
"2027","NGDP_RPCH",548,4,2025-10-14
"2028","NGDP_RPCH",548,4,2025-10-14
"2029","NGDP_RPCH",548,4,2025-10-14
"2030","NGDP_RPCH",548,4,2025-10-14
"2025","NGDP_RPCH",556,4.786,2025-10-14
"2026","NGDP_RPCH",556,4.5,2025-10-14
"2027","NGDP_RPCH",556,4.087,2025-10-14
"2028","NGDP_RPCH",556,4.01,2025-10-14
"2029","NGDP_RPCH",556,4.008,2025-10-14
"2030","NGDP_RPCH",556,4.047,2025-10-14
"2026","NGDP_RPCH",558,5.162,2025-10-14
"2027","NGDP_RPCH",558,5.038,2025-10-14
"2028","NGDP_RPCH",558,4.99,2025-10-14
"2029","NGDP_RPCH",558,4.993,2025-10-14
"2030","NGDP_RPCH",558,5.005,2025-10-14
"2026","NGDP_RPCH",564,3.578,2025-10-14
"2027","NGDP_RPCH",564,4.099,2025-10-14
"2028","NGDP_RPCH",564,4.5,2025-10-14
"2029","NGDP_RPCH",564,4.5,2025-10-14
"2030","NGDP_RPCH",564,4.5,2025-10-14
"2025","NGDP_RPCH",565,4.492,2025-10-14
"2026","NGDP_RPCH",565,3.273,2025-10-14
"2027","NGDP_RPCH",565,2.71,2025-10-14
"2028","NGDP_RPCH",565,2.644,2025-10-14
"2029","NGDP_RPCH",565,2.199,2025-10-14
"2030","NGDP_RPCH",565,2.186,2025-10-14
"2025","NGDP_RPCH",566,5.435,2025-10-14
"2026","NGDP_RPCH",566,5.731,2025-10-14
"2027","NGDP_RPCH",566,5.993,2025-10-14
"2028","NGDP_RPCH",566,6.003,2025-10-14
"2029","NGDP_RPCH",566,6.013,2025-10-14
"2030","NGDP_RPCH",566,6.022,2025-10-14
"2025","NGDP_RPCH",576,2.226,2025-10-14
"2026","NGDP_RPCH",576,1.823,2025-10-14
"2027","NGDP_RPCH",576,2.488,2025-10-14
"2028","NGDP_RPCH",576,2.526,2025-10-14
"2029","NGDP_RPCH",576,2.485,2025-10-14
"2030","NGDP_RPCH",576,2.507,2025-10-14
"2025","NGDP_RPCH",578,2,2025-10-14
"2026","NGDP_RPCH",578,1.6,2025-10-14
"2027","NGDP_RPCH",578,2.19,2025-10-14
"2028","NGDP_RPCH",578,2.307,2025-10-14
"2029","NGDP_RPCH",578,2.454,2025-10-14
"2030","NGDP_RPCH",578,2.485,2025-10-14
"2025","NGDP_RPCH",582,6.457,2025-10-14
"2026","NGDP_RPCH",582,5.595,2025-10-14
"2027","NGDP_RPCH",582,5.76,2025-10-14
"2028","NGDP_RPCH",582,5.6,2025-10-14
"2029","NGDP_RPCH",582,5.3,2025-10-14
"2030","NGDP_RPCH",582,5.3,2025-10-14
"2024","NGDP_RPCH",611,6.513,2025-10-14
"2025","NGDP_RPCH",611,6.008,2025-10-14
"2026","NGDP_RPCH",611,6,2025-10-14
"2027","NGDP_RPCH",611,6,2025-10-14
"2028","NGDP_RPCH",611,5.5,2025-10-14
"2029","NGDP_RPCH",611,5.5,2025-10-14
"2030","NGDP_RPCH",611,5.5,2025-10-14
"2025","NGDP_RPCH",612,3.357,2025-10-14
"2026","NGDP_RPCH",612,2.861,2025-10-14
"2027","NGDP_RPCH",612,2.749,2025-10-14
"2028","NGDP_RPCH",612,2.738,2025-10-14
"2029","NGDP_RPCH",612,2.495,2025-10-14
"2030","NGDP_RPCH",612,2.484,2025-10-14
"2025","NGDP_RPCH",614,2.09,2025-10-14
"2026","NGDP_RPCH",614,2.078,2025-10-14
"2027","NGDP_RPCH",614,2.506,2025-10-14
"2028","NGDP_RPCH",614,2.86,2025-10-14
"2029","NGDP_RPCH",614,2.971,2025-10-14
"2030","NGDP_RPCH",614,3.084,2025-10-14
"2025","NGDP_RPCH",616,-0.877,2025-10-14
"2026","NGDP_RPCH",616,2.288,2025-10-14
"2027","NGDP_RPCH",616,4.593,2025-10-14
"2028","NGDP_RPCH",616,4.999,2025-10-14
"2029","NGDP_RPCH",616,4.894,2025-10-14
"2030","NGDP_RPCH",616,4.945,2025-10-14
"2025","NGDP_RPCH",618,4.398,2025-10-14
"2026","NGDP_RPCH",618,4.05,2025-10-14
"2027","NGDP_RPCH",618,4.178,2025-10-14
"2028","NGDP_RPCH",618,4.236,2025-10-14
"2029","NGDP_RPCH",618,4.436,2025-10-14
"2030","NGDP_RPCH",618,4.512,2025-10-14
"2025","NGDP_RPCH",622,3.796,2025-10-14
"2026","NGDP_RPCH",622,4.075,2025-10-14
"2027","NGDP_RPCH",622,4.33,2025-10-14
"2028","NGDP_RPCH",622,4.52,2025-10-14
"2029","NGDP_RPCH",622,4.546,2025-10-14
"2030","NGDP_RPCH",622,4.617,2025-10-14
"2025","NGDP_RPCH",624,5.186,2025-10-14
"2026","NGDP_RPCH",624,4.836,2025-10-14
"2027","NGDP_RPCH",624,4.85,2025-10-14
"2028","NGDP_RPCH",624,4.71,2025-10-14
"2029","NGDP_RPCH",624,4.705,2025-10-14
"2030","NGDP_RPCH",624,4.461,2025-10-14
"2020","NGDP_RPCH",626,1.031,2025-10-14
"2021","NGDP_RPCH",626,-0.284,2025-10-14
"2022","NGDP_RPCH",626,0.814,2025-10-14
"2023","NGDP_RPCH",626,-0.091,2025-10-14
"2024","NGDP_RPCH",626,1.921,2025-10-14
"2025","NGDP_RPCH",626,2.998,2025-10-14
"2026","NGDP_RPCH",626,3.272,2025-10-14
"2027","NGDP_RPCH",626,3.621,2025-10-14
"2028","NGDP_RPCH",626,3.809,2025-10-14
"2029","NGDP_RPCH",626,3.74,2025-10-14
"2030","NGDP_RPCH",626,3.929,2025-10-14
"2024","NGDP_RPCH",628,3.501,2025-10-14
"2025","NGDP_RPCH",628,3.341,2025-10-14
"2026","NGDP_RPCH",628,3.566,2025-10-14
"2027","NGDP_RPCH",628,3.35,2025-10-14
"2028","NGDP_RPCH",628,3.749,2025-10-14
"2029","NGDP_RPCH",628,3.989,2025-10-14
"2030","NGDP_RPCH",628,4.06,2025-10-14
"2025","NGDP_RPCH",632,3.777,2025-10-14
"2026","NGDP_RPCH",632,4.022,2025-10-14
"2027","NGDP_RPCH",632,4.262,2025-10-14
"2028","NGDP_RPCH",632,4.304,2025-10-14
"2029","NGDP_RPCH",632,3.809,2025-10-14
"2030","NGDP_RPCH",632,3.811,2025-10-14
"2022","NGDP_RPCH",634,1.799,2025-10-14
"2023","NGDP_RPCH",634,1.977,2025-10-14
"2024","NGDP_RPCH",634,2.112,2025-10-14
"2025","NGDP_RPCH",634,2.654,2025-10-14
"2026","NGDP_RPCH",634,2.834,2025-10-14
"2027","NGDP_RPCH",634,3.23,2025-10-14
"2028","NGDP_RPCH",634,3.718,2025-10-14
"2029","NGDP_RPCH",634,3.668,2025-10-14
"2030","NGDP_RPCH",634,3.564,2025-10-14
"2021","NGDP_RPCH",636,1.726,2025-10-14
"2022","NGDP_RPCH",636,9.22,2025-10-14
"2023","NGDP_RPCH",636,8.483,2025-10-14
"2024","NGDP_RPCH",636,6.462,2025-10-14
"2025","NGDP_RPCH",636,5.28,2025-10-14
"2026","NGDP_RPCH",636,5.284,2025-10-14
"2027","NGDP_RPCH",636,5.396,2025-10-14
"2028","NGDP_RPCH",636,5.439,2025-10-14
"2029","NGDP_RPCH",636,5.433,2025-10-14
"2030","NGDP_RPCH",636,5.437,2025-10-14
"2025","NGDP_RPCH",638,7.041,2025-10-14
"2026","NGDP_RPCH",638,6.722,2025-10-14
"2027","NGDP_RPCH",638,6.593,2025-10-14
"2028","NGDP_RPCH",638,6.488,2025-10-14
"2029","NGDP_RPCH",638,6.001,2025-10-14
"2030","NGDP_RPCH",638,5.972,2025-10-14
"2025","NGDP_RPCH",642,-1.625,2025-10-14
"2026","NGDP_RPCH",642,0.461,2025-10-14
"2027","NGDP_RPCH",642,1.097,2025-10-14
"2028","NGDP_RPCH",642,1.375,2025-10-14
"2029","NGDP_RPCH",642,2.034,2025-10-14
"2030","NGDP_RPCH",642,2.12,2025-10-14
"2025","NGDP_RPCH",644,7.224,2025-10-14
"2026","NGDP_RPCH",644,7.113,2025-10-14
"2027","NGDP_RPCH",644,7.729,2025-10-14
"2028","NGDP_RPCH",644,8.011,2025-10-14
"2029","NGDP_RPCH",644,7.76,2025-10-14
"2030","NGDP_RPCH",644,7.496,2025-10-14
"2025","NGDP_RPCH",646,1.874,2025-10-14
"2026","NGDP_RPCH",646,2.574,2025-10-14
"2027","NGDP_RPCH",646,2.788,2025-10-14
"2028","NGDP_RPCH",646,2.832,2025-10-14
"2029","NGDP_RPCH",646,2.846,2025-10-14
"2030","NGDP_RPCH",646,2.843,2025-10-14
"2024","NGDP_RPCH",648,5.334,2025-10-14
"2025","NGDP_RPCH",648,6.012,2025-10-14
"2026","NGDP_RPCH",648,5.096,2025-10-14
"2027","NGDP_RPCH",648,5.016,2025-10-14
"2028","NGDP_RPCH",648,5.036,2025-10-14
"2029","NGDP_RPCH",648,5.036,2025-10-14
"2030","NGDP_RPCH",648,5.036,2025-10-14
"2024","NGDP_RPCH",652,5.685,2025-10-14
"2025","NGDP_RPCH",652,4.026,2025-10-14
"2026","NGDP_RPCH",652,4.793,2025-10-14
"2027","NGDP_RPCH",652,4.947,2025-10-14
"2028","NGDP_RPCH",652,4.995,2025-10-14
"2029","NGDP_RPCH",652,5,2025-10-14
"2030","NGDP_RPCH",652,5,2025-10-14
"2024","NGDP_RPCH",654,4.8,2025-10-14
"2025","NGDP_RPCH",654,5.1,2025-10-14
"2026","NGDP_RPCH",654,5,2025-10-14
"2027","NGDP_RPCH",654,5,2025-10-14
"2028","NGDP_RPCH",654,4.5,2025-10-14
"2029","NGDP_RPCH",654,4.5,2025-10-14
"2030","NGDP_RPCH",654,4.204,2025-10-14
"2022","NGDP_RPCH",656,3.972,2025-10-14
"2023","NGDP_RPCH",656,6.242,2025-10-14
"2024","NGDP_RPCH",656,6.073,2025-10-14
"2025","NGDP_RPCH",656,7.207,2025-10-14
"2026","NGDP_RPCH",656,10.479,2025-10-14
"2027","NGDP_RPCH",656,10.716,2025-10-14
"2028","NGDP_RPCH",656,10.812,2025-10-14
"2029","NGDP_RPCH",656,11.281,2025-10-14
"2030","NGDP_RPCH",656,7.767,2025-10-14
"2024","NGDP_RPCH",662,6,2025-10-14
"2025","NGDP_RPCH",662,6.4,2025-10-14
"2026","NGDP_RPCH",662,6.4,2025-10-14
"2027","NGDP_RPCH",662,6.5,2025-10-14
"2028","NGDP_RPCH",662,6.6,2025-10-14
"2029","NGDP_RPCH",662,7,2025-10-14
"2030","NGDP_RPCH",662,6.8,2025-10-14
"2025","NGDP_RPCH",664,4.815,2025-10-14
"2026","NGDP_RPCH",664,4.856,2025-10-14
"2027","NGDP_RPCH",664,5.021,2025-10-14
"2028","NGDP_RPCH",664,5.029,2025-10-14
"2029","NGDP_RPCH",664,5.001,2025-10-14
"2030","NGDP_RPCH",664,4.97,2025-10-14
"2025","NGDP_RPCH",666,1.43,2025-10-14
"2026","NGDP_RPCH",666,1.132,2025-10-14
"2027","NGDP_RPCH",666,0.834,2025-10-14
"2028","NGDP_RPCH",666,1.428,2025-10-14
"2029","NGDP_RPCH",666,1.532,2025-10-14
"2030","NGDP_RPCH",666,1.539,2025-10-14
"2025","NGDP_RPCH",668,4.569,2025-10-14
"2026","NGDP_RPCH",668,5.441,2025-10-14
"2027","NGDP_RPCH",668,5.618,2025-10-14
"2028","NGDP_RPCH",668,5.865,2025-10-14
"2029","NGDP_RPCH",668,5.496,2025-10-14
"2030","NGDP_RPCH",668,5.543,2025-10-14
"2020","NGDP_RPCH",672,-29.456,2025-10-14
"2021","NGDP_RPCH",672,28.335,2025-10-14
"2022","NGDP_RPCH",672,-8.252,2025-10-14
"2023","NGDP_RPCH",672,10.156,2025-10-14
"2024","NGDP_RPCH",672,1.92,2025-10-14
"2025","NGDP_RPCH",672,15.562,2025-10-14
"2026","NGDP_RPCH",672,4.23,2025-10-14
"2027","NGDP_RPCH",672,2.286,2025-10-14
"2028","NGDP_RPCH",672,1.75,2025-10-14
"2029","NGDP_RPCH",672,1.932,2025-10-14
"2030","NGDP_RPCH",672,2.208,2025-10-14
"2023","NGDP_RPCH",674,4.203,2025-10-14
"2024","NGDP_RPCH",674,4.2,2025-10-14
"2025","NGDP_RPCH",674,3.849,2025-10-14
"2026","NGDP_RPCH",674,4.323,2025-10-14
"2027","NGDP_RPCH",674,4.914,2025-10-14
"2028","NGDP_RPCH",674,4.912,2025-10-14
"2029","NGDP_RPCH",674,5,2025-10-14
"2030","NGDP_RPCH",674,5.013,2025-10-14
"2025","NGDP_RPCH",676,2.397,2025-10-14
"2026","NGDP_RPCH",676,2.737,2025-10-14
"2027","NGDP_RPCH",676,3.116,2025-10-14
"2028","NGDP_RPCH",676,3.278,2025-10-14
"2029","NGDP_RPCH",676,3.387,2025-10-14
"2030","NGDP_RPCH",676,3.387,2025-10-14
"2024","NGDP_RPCH",678,4.7,2025-10-14
"2025","NGDP_RPCH",678,5,2025-10-14
"2026","NGDP_RPCH",678,5.4,2025-10-14
"2027","NGDP_RPCH",678,5.2,2025-10-14
"2028","NGDP_RPCH",678,5.1,2025-10-14
"2029","NGDP_RPCH",678,5.1,2025-10-14
"2030","NGDP_RPCH",678,5.1,2025-10-14
"2024","NGDP_RPCH",682,6.308,2025-10-14
"2025","NGDP_RPCH",682,3.953,2025-10-14
"2026","NGDP_RPCH",682,4.271,2025-10-14
"2027","NGDP_RPCH",682,4.39,2025-10-14
"2028","NGDP_RPCH",682,5.645,2025-10-14
"2029","NGDP_RPCH",682,4.645,2025-10-14
"2030","NGDP_RPCH",682,2.987,2025-10-14
"2024","NGDP_RPCH",684,4.925,2025-10-14
"2025","NGDP_RPCH",684,3.2,2025-10-14
"2026","NGDP_RPCH",684,3.4,2025-10-14
"2027","NGDP_RPCH",684,3.4,2025-10-14
"2028","NGDP_RPCH",684,3.4,2025-10-14
"2029","NGDP_RPCH",684,3.4,2025-10-14
"2030","NGDP_RPCH",684,3.4,2025-10-14
"2025","NGDP_RPCH",686,4.394,2025-10-14
"2026","NGDP_RPCH",686,4.202,2025-10-14
"2027","NGDP_RPCH",686,4.004,2025-10-14
"2028","NGDP_RPCH",686,4,2025-10-14
"2029","NGDP_RPCH",686,3.902,2025-10-14
"2030","NGDP_RPCH",686,3.798,2025-10-14
"2024","NGDP_RPCH",688,2.149,2025-10-14
"2025","NGDP_RPCH",688,2.48,2025-10-14
"2026","NGDP_RPCH",688,3.491,2025-10-14
"2027","NGDP_RPCH",688,4.277,2025-10-14
"2028","NGDP_RPCH",688,3.978,2025-10-14
"2029","NGDP_RPCH",688,9.199,2025-10-14
"2030","NGDP_RPCH",688,11.333,2025-10-14
"2023","NGDP_RPCH",692,2.375,2025-10-14
"2024","NGDP_RPCH",692,10.3,2025-10-14
"2025","NGDP_RPCH",692,6.649,2025-10-14
"2026","NGDP_RPCH",692,6.728,2025-10-14
"2027","NGDP_RPCH",692,6.549,2025-10-14
"2028","NGDP_RPCH",692,6.001,2025-10-14
"2029","NGDP_RPCH",692,6.001,2025-10-14
"2030","NGDP_RPCH",692,6.023,2025-10-14
"2025","NGDP_RPCH",694,3.931,2025-10-14
"2026","NGDP_RPCH",694,4.24,2025-10-14
"2027","NGDP_RPCH",694,3.988,2025-10-14
"2028","NGDP_RPCH",694,3.953,2025-10-14
"2029","NGDP_RPCH",694,3.975,2025-10-14
"2030","NGDP_RPCH",694,3.989,2025-10-14
"2024","NGDP_RPCH",698,1.742,2025-10-14
"2025","NGDP_RPCH",698,6.041,2025-10-14
"2026","NGDP_RPCH",698,4.558,2025-10-14
"2027","NGDP_RPCH",698,3.648,2025-10-14
"2028","NGDP_RPCH",698,3.495,2025-10-14
"2029","NGDP_RPCH",698,3.46,2025-10-14
"2030","NGDP_RPCH",698,3.528,2025-10-14
"2025","NGDP_RPCH",714,7.109,2025-10-14
"2026","NGDP_RPCH",714,7.476,2025-10-14
"2027","NGDP_RPCH",714,7.401,2025-10-14
"2028","NGDP_RPCH",714,7.015,2025-10-14
"2029","NGDP_RPCH",714,6.962,2025-10-14
"2030","NGDP_RPCH",714,6.975,2025-10-14
"2024","NGDP_RPCH",716,1.11,2025-10-14
"2025","NGDP_RPCH",716,2.9,2025-10-14
"2026","NGDP_RPCH",716,4.7,2025-10-14
"2027","NGDP_RPCH",716,3.9,2025-10-14
"2028","NGDP_RPCH",716,3.5,2025-10-14
"2029","NGDP_RPCH",716,3.5,2025-10-14
"2030","NGDP_RPCH",716,3.5,2025-10-14
"2024","NGDP_RPCH",718,2.948,2025-10-14
"2025","NGDP_RPCH",718,3.903,2025-10-14
"2026","NGDP_RPCH",718,3.2,2025-10-14
"2027","NGDP_RPCH",718,3.37,2025-10-14
"2028","NGDP_RPCH",718,3.43,2025-10-14
"2029","NGDP_RPCH",718,3.46,2025-10-14
"2030","NGDP_RPCH",718,3.48,2025-10-14
"2025","NGDP_RPCH",722,5.955,2025-10-14
"2026","NGDP_RPCH",722,2.99,2025-10-14
"2027","NGDP_RPCH",722,3.272,2025-10-14
"2028","NGDP_RPCH",722,3.779,2025-10-14
"2029","NGDP_RPCH",722,4.066,2025-10-14
"2030","NGDP_RPCH",722,4.613,2025-10-14
"2025","NGDP_RPCH",724,4.388,2025-10-14
"2026","NGDP_RPCH",724,4.873,2025-10-14
"2027","NGDP_RPCH",724,4.726,2025-10-14
"2028","NGDP_RPCH",724,4.548,2025-10-14
"2029","NGDP_RPCH",724,4.572,2025-10-14
"2030","NGDP_RPCH",724,4.585,2025-10-14
"2023","NGDP_RPCH",726,4.216,2025-10-14
"2024","NGDP_RPCH",726,4.1,2025-10-14
"2025","NGDP_RPCH",726,3,2025-10-14
"2026","NGDP_RPCH",726,3.3,2025-10-14
"2027","NGDP_RPCH",726,3.6,2025-10-14
"2028","NGDP_RPCH",726,3.8,2025-10-14
"2029","NGDP_RPCH",726,4,2025-10-14
"2030","NGDP_RPCH",726,4.1,2025-10-14
"2025","NGDP_RPCH",728,3.596,2025-10-14
"2026","NGDP_RPCH",728,3.843,2025-10-14
"2027","NGDP_RPCH",728,2.919,2025-10-14
"2028","NGDP_RPCH",728,3.036,2025-10-14
"2029","NGDP_RPCH",728,3.042,2025-10-14
"2030","NGDP_RPCH",728,3.018,2025-10-14
"2020","NGDP_RPCH",732,-3.63,2025-10-14
"2021","NGDP_RPCH",732,0.5,2025-10-14
"2022","NGDP_RPCH",732,-2.5,2025-10-14
"2023","NGDP_RPCH",732,-20.755,2025-10-14
"2024","NGDP_RPCH",732,-23.363,2025-10-14
"2025","NGDP_RPCH",732,3.225,2025-10-14
"2026","NGDP_RPCH",732,9.485,2025-10-14
"2027","NGDP_RPCH",732,14.875,2025-10-14
"2028","NGDP_RPCH",732,9.326,2025-10-14
"2029","NGDP_RPCH",732,6.523,2025-10-14
"2030","NGDP_RPCH",732,5.48,2025-10-14
"2025","NGDP_RPCH",733,24.336,2025-10-14
"2026","NGDP_RPCH",733,22.352,2025-10-14
"2027","NGDP_RPCH",733,3.33,2025-10-14
"2028","NGDP_RPCH",733,3.637,2025-10-14
"2029","NGDP_RPCH",733,3.48,2025-10-14
"2030","NGDP_RPCH",733,3.788,2025-10-14
"2024","NGDP_RPCH",734,2.793,2025-10-14
"2025","NGDP_RPCH",734,4.34,2025-10-14
"2026","NGDP_RPCH",734,4.602,2025-10-14
"2027","NGDP_RPCH",734,3.585,2025-10-14
"2028","NGDP_RPCH",734,3.118,2025-10-14
"2029","NGDP_RPCH",734,2.853,2025-10-14
"2030","NGDP_RPCH",734,2.785,2025-10-14
"2024","NGDP_RPCH",738,5.463,2025-10-14
"2025","NGDP_RPCH",738,5.998,2025-10-14
"2026","NGDP_RPCH",738,6.338,2025-10-14
"2027","NGDP_RPCH",738,6.539,2025-10-14
"2028","NGDP_RPCH",738,6.507,2025-10-14
"2029","NGDP_RPCH",738,6.445,2025-10-14
"2030","NGDP_RPCH",738,6.247,2025-10-14
"2023","NGDP_RPCH",742,5.6,2025-10-14
"2024","NGDP_RPCH",742,5.3,2025-10-14
"2025","NGDP_RPCH",742,5.2,2025-10-14
"2026","NGDP_RPCH",742,5.5,2025-10-14
"2027","NGDP_RPCH",742,5.5,2025-10-14
"2028","NGDP_RPCH",742,5.5,2025-10-14
"2029","NGDP_RPCH",742,5.5,2025-10-14
"2030","NGDP_RPCH",742,5.5,2025-10-14
"2025","NGDP_RPCH",744,2.464,2025-10-14
"2026","NGDP_RPCH",744,2.082,2025-10-14
"2027","NGDP_RPCH",744,1.604,2025-10-14
"2028","NGDP_RPCH",744,1.368,2025-10-14
"2029","NGDP_RPCH",744,1.378,2025-10-14
"2030","NGDP_RPCH",744,1.363,2025-10-14
"2025","NGDP_RPCH",746,6.406,2025-10-14
"2026","NGDP_RPCH",746,7.589,2025-10-14
"2027","NGDP_RPCH",746,8.389,2025-10-14
"2028","NGDP_RPCH",746,6.896,2025-10-14
"2029","NGDP_RPCH",746,6.354,2025-10-14
"2030","NGDP_RPCH",746,6.101,2025-10-14
"2025","NGDP_RPCH",748,3.988,2025-10-14
"2026","NGDP_RPCH",748,4.761,2025-10-14
"2027","NGDP_RPCH",748,4.701,2025-10-14
"2028","NGDP_RPCH",748,4.692,2025-10-14
"2029","NGDP_RPCH",748,4.717,2025-10-14
"2030","NGDP_RPCH",748,4.743,2025-10-14
"2025","NGDP_RPCH",754,5.846,2025-10-14
"2026","NGDP_RPCH",754,6.372,2025-10-14
"2027","NGDP_RPCH",754,6.542,2025-10-14
"2028","NGDP_RPCH",754,5.14,2025-10-14
"2029","NGDP_RPCH",754,4.838,2025-10-14
"2030","NGDP_RPCH",754,4.765,2025-10-14
"2023","NGDP_RPCH",813,2.66,2025-10-14
"2024","NGDP_RPCH",813,2.535,2025-10-14
"2025","NGDP_RPCH",813,2.715,2025-10-14
"2026","NGDP_RPCH",813,2.828,2025-10-14
"2027","NGDP_RPCH",813,2.946,2025-10-14
"2028","NGDP_RPCH",813,2.983,2025-10-14
"2029","NGDP_RPCH",813,2.998,2025-10-14
"2030","NGDP_RPCH",813,2.955,2025-10-14
"2025","NGDP_RPCH",819,3.191,2025-10-14
"2026","NGDP_RPCH",819,3.099,2025-10-14
"2027","NGDP_RPCH",819,3.15,2025-10-14
"2028","NGDP_RPCH",819,3.187,2025-10-14
"2029","NGDP_RPCH",819,3.157,2025-10-14
"2030","NGDP_RPCH",819,3.194,2025-10-14
"2024","NGDP_RPCH",826,5.267,2025-10-14
"2025","NGDP_RPCH",826,3.9,2025-10-14
"2026","NGDP_RPCH",826,3.222,2025-10-14
"2027","NGDP_RPCH",826,2.523,2025-10-14
"2028","NGDP_RPCH",826,2.154,2025-10-14
"2029","NGDP_RPCH",826,2.143,2025-10-14
"2030","NGDP_RPCH",826,2.086,2025-10-14
"2022","NGDP_RPCH",836,2.952,2025-10-14
"2023","NGDP_RPCH",836,0.646,2025-10-14
"2024","NGDP_RPCH",836,1.595,2025-10-14
"2025","NGDP_RPCH",836,2.138,2025-10-14
"2026","NGDP_RPCH",836,1.943,2025-10-14
"2027","NGDP_RPCH",836,1.856,2025-10-14
"2028","NGDP_RPCH",836,1.772,2025-10-14
"2029","NGDP_RPCH",836,1.777,2025-10-14
"2030","NGDP_RPCH",836,1.788,2025-10-14
"2023","NGDP_RPCH",846,2.094,2025-10-14
"2024","NGDP_RPCH",846,0.942,2025-10-14
"2025","NGDP_RPCH",846,1.667,2025-10-14
"2026","NGDP_RPCH",846,2.822,2025-10-14
"2027","NGDP_RPCH",846,2.719,2025-10-14
"2028","NGDP_RPCH",846,2.329,2025-10-14
"2029","NGDP_RPCH",846,2.329,2025-10-14
"2030","NGDP_RPCH",846,2.329,2025-10-14
"2024","NGDP_RPCH",853,3.771,2025-10-14
"2025","NGDP_RPCH",853,4.74,2025-10-14
"2026","NGDP_RPCH",853,3.5,2025-10-14
"2027","NGDP_RPCH",853,3.1,2025-10-14
"2028","NGDP_RPCH",853,3.13,2025-10-14
"2029","NGDP_RPCH",853,3.1,2025-10-14
"2030","NGDP_RPCH",853,3.1,2025-10-14
"2025","NGDP_RPCH",862,2.708,2025-10-14
"2026","NGDP_RPCH",862,3.231,2025-10-14
"2027","NGDP_RPCH",862,2.559,2025-10-14
"2028","NGDP_RPCH",862,2.138,2025-10-14
"2029","NGDP_RPCH",862,1.99,2025-10-14
"2030","NGDP_RPCH",862,1.99,2025-10-14
"2024","NGDP_RPCH",866,2.073,2025-10-14
"2025","NGDP_RPCH",866,2.725,2025-10-14
"2026","NGDP_RPCH",866,2.341,2025-10-14
"2027","NGDP_RPCH",866,1.825,2025-10-14
"2028","NGDP_RPCH",866,1.55,2025-10-14
"2029","NGDP_RPCH",866,1.21,2025-10-14
"2030","NGDP_RPCH",866,1.211,2025-10-14
"2024","NGDP_RPCH",867,3,2025-10-14
"2025","NGDP_RPCH",867,2.527,2025-10-14
"2026","NGDP_RPCH",867,4.07,2025-10-14
"2027","NGDP_RPCH",867,2.365,2025-10-14
"2028","NGDP_RPCH",867,1.916,2025-10-14
"2029","NGDP_RPCH",867,1.79,2025-10-14
"2030","NGDP_RPCH",867,1.605,2025-10-14
"2024","NGDP_RPCH",868,0.719,2025-10-14
"2025","NGDP_RPCH",868,0.988,2025-10-14
"2026","NGDP_RPCH",868,1.38,2025-10-14
"2027","NGDP_RPCH",868,0.761,2025-10-14
"2028","NGDP_RPCH",868,0.693,2025-10-14
"2029","NGDP_RPCH",868,0.661,2025-10-14
"2030","NGDP_RPCH",868,0.662,2025-10-14
"2025","NGDP_RPCH",869,3.016,2025-10-14
"2026","NGDP_RPCH",869,2.602,2025-10-14
"2027","NGDP_RPCH",869,2.701,2025-10-14
"2028","NGDP_RPCH",869,2.32,2025-10-14
"2029","NGDP_RPCH",869,2.007,2025-10-14
"2030","NGDP_RPCH",869,1.791,2025-10-14
"2025","NGDP_RPCH",911,4.8,2025-10-14
"2026","NGDP_RPCH",911,4.9,2025-10-14
"2027","NGDP_RPCH",911,5.5,2025-10-14
"2028","NGDP_RPCH",911,4.8,2025-10-14
"2029","NGDP_RPCH",911,4.5,2025-10-14
"2030","NGDP_RPCH",911,4.5,2025-10-14
"2025","NGDP_RPCH",912,3.015,2025-10-14
"2026","NGDP_RPCH",912,2.495,2025-10-14
"2027","NGDP_RPCH",912,2.451,2025-10-14
"2028","NGDP_RPCH",912,2.451,2025-10-14
"2029","NGDP_RPCH",912,2.462,2025-10-14
"2030","NGDP_RPCH",912,2.478,2025-10-14
"2025","NGDP_RPCH",913,2.096,2025-10-14
"2026","NGDP_RPCH",913,1.382,2025-10-14
"2027","NGDP_RPCH",913,1.648,2025-10-14
"2028","NGDP_RPCH",913,1.232,2025-10-14
"2029","NGDP_RPCH",913,0.819,2025-10-14
"2030","NGDP_RPCH",913,0.753,2025-10-14
"2025","NGDP_RPCH",914,3.358,2025-10-14
"2026","NGDP_RPCH",914,3.572,2025-10-14
"2027","NGDP_RPCH",914,3.546,2025-10-14
"2028","NGDP_RPCH",914,3.481,2025-10-14
"2029","NGDP_RPCH",914,3.513,2025-10-14
"2030","NGDP_RPCH",914,3.497,2025-10-14
"2025","NGDP_RPCH",915,7.228,2025-10-14
"2026","NGDP_RPCH",915,5.256,2025-10-14
"2027","NGDP_RPCH",915,5.039,2025-10-14
"2028","NGDP_RPCH",915,4.95,2025-10-14
"2029","NGDP_RPCH",915,5.033,2025-10-14
"2030","NGDP_RPCH",915,5,2025-10-14
"2024","NGDP_RPCH",916,4.8,2025-10-14
"2025","NGDP_RPCH",916,5.852,2025-10-14
"2026","NGDP_RPCH",916,4.775,2025-10-14
"2027","NGDP_RPCH",916,4.169,2025-10-14
"2028","NGDP_RPCH",916,3.02,2025-10-14
"2029","NGDP_RPCH",916,3.388,2025-10-14
"2030","NGDP_RPCH",916,3.429,2025-10-14
"2025","NGDP_RPCH",917,7.996,2025-10-14
"2026","NGDP_RPCH",917,5.266,2025-10-14
"2027","NGDP_RPCH",917,5.779,2025-10-14
"2028","NGDP_RPCH",917,5.265,2025-10-14
"2029","NGDP_RPCH",917,5.328,2025-10-14
"2030","NGDP_RPCH",917,5.294,2025-10-14
"2025","NGDP_RPCH",918,3.05,2025-10-14
"2026","NGDP_RPCH",918,3.089,2025-10-14
"2027","NGDP_RPCH",918,2.812,2025-10-14
"2028","NGDP_RPCH",918,2.745,2025-10-14
"2029","NGDP_RPCH",918,2.639,2025-10-14
"2030","NGDP_RPCH",918,2.644,2025-10-14
"2025","NGDP_RPCH",921,1.7,2025-10-14
"2026","NGDP_RPCH",921,2.15,2025-10-14
"2027","NGDP_RPCH",921,3.5,2025-10-14
"2028","NGDP_RPCH",921,3.7,2025-10-14
"2029","NGDP_RPCH",921,3.7,2025-10-14
"2030","NGDP_RPCH",921,3.5,2025-10-14
"2025","NGDP_RPCH",922,0.609,2025-10-14
"2026","NGDP_RPCH",922,0.953,2025-10-14
"2027","NGDP_RPCH",922,1.1,2025-10-14
"2028","NGDP_RPCH",922,1.14,2025-10-14
"2029","NGDP_RPCH",922,1.1,2025-10-14
"2030","NGDP_RPCH",922,1.1,2025-10-14
"2024","NGDP_RPCH",923,8.357,2025-10-14
"2025","NGDP_RPCH",923,7.5,2025-10-14
"2026","NGDP_RPCH",923,5.5,2025-10-14
"2027","NGDP_RPCH",923,4.8,2025-10-14
"2028","NGDP_RPCH",923,4.5,2025-10-14
"2029","NGDP_RPCH",923,4.5,2025-10-14
"2030","NGDP_RPCH",923,4.5,2025-10-14
"2025","NGDP_RPCH",924,4.796,2025-10-14
"2026","NGDP_RPCH",924,4.163,2025-10-14
"2027","NGDP_RPCH",924,4.186,2025-10-14
"2028","NGDP_RPCH",924,3.965,2025-10-14
"2029","NGDP_RPCH",924,3.7,2025-10-14
"2030","NGDP_RPCH",924,3.362,2025-10-14
"2025","NGDP_RPCH",925,2.32,2025-10-14
"2026","NGDP_RPCH",925,2.332,2025-10-14
"2027","NGDP_RPCH",925,2.328,2025-10-14
"2028","NGDP_RPCH",925,2.309,2025-10-14
"2029","NGDP_RPCH",925,2.286,2025-10-14
"2030","NGDP_RPCH",925,2.309,2025-10-14
"2025","NGDP_RPCH",926,2,2025-10-14
"2026","NGDP_RPCH",926,4.5,2025-10-14
"2027","NGDP_RPCH",926,4.8,2025-10-14
"2028","NGDP_RPCH",926,4.3,2025-10-14
"2029","NGDP_RPCH",926,4.2,2025-10-14
"2030","NGDP_RPCH",926,4.1,2025-10-14
"2025","NGDP_RPCH",927,6.799,2025-10-14
"2026","NGDP_RPCH",927,6.021,2025-10-14
"2027","NGDP_RPCH",927,5.705,2025-10-14
"2028","NGDP_RPCH",927,5.712,2025-10-14
"2029","NGDP_RPCH",927,5.711,2025-10-14
"2030","NGDP_RPCH",927,5.715,2025-10-14
"2025","NGDP_RPCH",935,2.298,2025-10-14
"2026","NGDP_RPCH",935,2.012,2025-10-14
"2027","NGDP_RPCH",935,2.001,2025-10-14
"2028","NGDP_RPCH",935,1.997,2025-10-14
"2029","NGDP_RPCH",935,1.998,2025-10-14
"2030","NGDP_RPCH",935,2.016,2025-10-14
"2025","NGDP_RPCH",936,0.91,2025-10-14
"2026","NGDP_RPCH",936,1.656,2025-10-14
"2027","NGDP_RPCH",936,2.497,2025-10-14
"2028","NGDP_RPCH",936,2.539,2025-10-14
"2029","NGDP_RPCH",936,2.161,2025-10-14
"2030","NGDP_RPCH",936,2.06,2025-10-14
"2025","NGDP_RPCH",939,0.475,2025-10-14
"2026","NGDP_RPCH",939,1.459,2025-10-14
"2027","NGDP_RPCH",939,1.841,2025-10-14
"2028","NGDP_RPCH",939,1.808,2025-10-14
"2029","NGDP_RPCH",939,1.773,2025-10-14
"2030","NGDP_RPCH",939,1.749,2025-10-14
"2025","NGDP_RPCH",941,1.028,2025-10-14
"2026","NGDP_RPCH",941,2.164,2025-10-14
"2027","NGDP_RPCH",941,2.354,2025-10-14
"2028","NGDP_RPCH",941,2.359,2025-10-14
"2029","NGDP_RPCH",941,2.424,2025-10-14
"2030","NGDP_RPCH",941,2.43,2025-10-14
"2025","NGDP_RPCH",942,2.376,2025-10-14
"2026","NGDP_RPCH",942,3.637,2025-10-14
"2027","NGDP_RPCH",942,4.63,2025-10-14
"2028","NGDP_RPCH",942,3.829,2025-10-14
"2029","NGDP_RPCH",942,3.987,2025-10-14
"2030","NGDP_RPCH",942,4,2025-10-14
"2025","NGDP_RPCH",943,3.2,2025-10-14
"2026","NGDP_RPCH",943,3.2,2025-10-14
"2027","NGDP_RPCH",943,3,2025-10-14
"2028","NGDP_RPCH",943,3,2025-10-14
"2029","NGDP_RPCH",943,3,2025-10-14
"2030","NGDP_RPCH",943,3,2025-10-14
"2025","NGDP_RPCH",944,0.595,2025-10-14
"2026","NGDP_RPCH",944,2.1,2025-10-14
"2027","NGDP_RPCH",944,2.25,2025-10-14
"2028","NGDP_RPCH",944,2.356,2025-10-14
"2029","NGDP_RPCH",944,2.503,2025-10-14
"2030","NGDP_RPCH",944,2.548,2025-10-14
"2025","NGDP_RPCH",946,2.733,2025-10-14
"2026","NGDP_RPCH",946,2.933,2025-10-14
"2027","NGDP_RPCH",946,2.129,2025-10-14
"2028","NGDP_RPCH",946,2.457,2025-10-14
"2029","NGDP_RPCH",946,2.528,2025-10-14
"2030","NGDP_RPCH",946,2.459,2025-10-14
"2025","NGDP_RPCH",948,5.497,2025-10-14
"2026","NGDP_RPCH",948,5.501,2025-10-14
"2027","NGDP_RPCH",948,5.471,2025-10-14
"2028","NGDP_RPCH",948,5.28,2025-10-14
"2029","NGDP_RPCH",948,5.008,2025-10-14
"2030","NGDP_RPCH",948,5.015,2025-10-14
"2025","NGDP_RPCH",960,3.1,2025-10-14
"2026","NGDP_RPCH",960,2.737,2025-10-14
"2027","NGDP_RPCH",960,2.638,2025-10-14
"2028","NGDP_RPCH",960,2.6,2025-10-14
"2029","NGDP_RPCH",960,2.5,2025-10-14
"2030","NGDP_RPCH",960,2.5,2025-10-14
"2025","NGDP_RPCH",961,1.1,2025-10-14
"2026","NGDP_RPCH",961,2.3,2025-10-14
"2027","NGDP_RPCH",961,2.5,2025-10-14
"2028","NGDP_RPCH",961,2.4,2025-10-14
"2029","NGDP_RPCH",961,2.3,2025-10-14
"2030","NGDP_RPCH",961,2.3,2025-10-14
"2025","NGDP_RPCH",962,3.4,2025-10-14
"2026","NGDP_RPCH",962,3.2,2025-10-14
"2027","NGDP_RPCH",962,3.2,2025-10-14
"2028","NGDP_RPCH",962,3.1,2025-10-14
"2029","NGDP_RPCH",962,3.1,2025-10-14
"2030","NGDP_RPCH",962,3,2025-10-14
"2025","NGDP_RPCH",963,2.4,2025-10-14
"2026","NGDP_RPCH",963,2.7,2025-10-14
"2027","NGDP_RPCH",963,3,2025-10-14
"2028","NGDP_RPCH",963,3,2025-10-14
"2029","NGDP_RPCH",963,3,2025-10-14
"2030","NGDP_RPCH",963,3,2025-10-14
"2025","NGDP_RPCH",964,3.243,2025-10-14
"2026","NGDP_RPCH",964,3.136,2025-10-14
"2027","NGDP_RPCH",964,2.861,2025-10-14
"2028","NGDP_RPCH",964,2.802,2025-10-14
"2029","NGDP_RPCH",964,2.666,2025-10-14
"2030","NGDP_RPCH",964,2.555,2025-10-14
"2025","NGDP_RPCH",967,3.95,2025-10-14
"2026","NGDP_RPCH",967,3.95,2025-10-14
"2027","NGDP_RPCH",967,3.94,2025-10-14
"2028","NGDP_RPCH",967,3.85,2025-10-14
"2029","NGDP_RPCH",967,3.94,2025-10-14
"2030","NGDP_RPCH",967,3.95,2025-10-14
"2025","NGDP_RPCH",968,0.96,2025-10-14
"2026","NGDP_RPCH",968,1.379,2025-10-14
"2027","NGDP_RPCH",968,2.736,2025-10-14
"2028","NGDP_RPCH",968,2.918,2025-10-14
"2029","NGDP_RPCH",968,3.142,2025-10-14
"2030","NGDP_RPCH",968,3.264,2025-10-14
"2025","PCPIPCH",111,2.715,2025-10-14
"2026","PCPIPCH",111,2.435,2025-10-14
"2027","PCPIPCH",111,2.185,2025-10-14
"2028","PCPIPCH",111,2.206,2025-10-14
"2029","PCPIPCH",111,2.203,2025-10-14
"2030","PCPIPCH",111,2.191,2025-10-14
"2025","PCPIPCH",112,3.402,2025-10-14
"2026","PCPIPCH",112,2.546,2025-10-14
"2027","PCPIPCH",112,2,2025-10-14
"2028","PCPIPCH",112,2,2025-10-14
"2029","PCPIPCH",112,2,2025-10-14
"2030","PCPIPCH",112,2,2025-10-14
"2025","PCPIPCH",122,3.562,2025-10-14
"2026","PCPIPCH",122,2.328,2025-10-14
"2027","PCPIPCH",122,2.169,2025-10-14
"2028","PCPIPCH",122,2.067,2025-10-14
"2029","PCPIPCH",122,2.067,2025-10-14
"2030","PCPIPCH",122,2.067,2025-10-14
"2025","PCPIPCH",124,2.571,2025-10-14
"2026","PCPIPCH",124,1.266,2025-10-14
"2027","PCPIPCH",124,1.881,2025-10-14
"2028","PCPIPCH",124,1.999,2025-10-14
"2029","PCPIPCH",124,1.91,2025-10-14
"2030","PCPIPCH",124,1.884,2025-10-14
"2025","PCPIPCH",128,1.925,2025-10-14
"2026","PCPIPCH",128,2.055,2025-10-14
"2027","PCPIPCH",128,2,2025-10-14
"2028","PCPIPCH",128,2,2025-10-14
"2029","PCPIPCH",128,2,2025-10-14
"2030","PCPIPCH",128,2,2025-10-14
"2025","PCPIPCH",132,1.143,2025-10-14
"2026","PCPIPCH",132,1.526,2025-10-14
"2027","PCPIPCH",132,1.928,2025-10-14
"2028","PCPIPCH",132,1.866,2025-10-14
"2029","PCPIPCH",132,1.927,2025-10-14
"2030","PCPIPCH",132,1.943,2025-10-14
"2025","PCPIPCH",134,2.114,2025-10-14
"2026","PCPIPCH",134,1.756,2025-10-14
"2027","PCPIPCH",134,2.011,2025-10-14
"2028","PCPIPCH",134,2.094,2025-10-14
"2029","PCPIPCH",134,2.17,2025-10-14
"2030","PCPIPCH",134,2.177,2025-10-14
"2024","PCPIPCH",135,1.244,2025-10-14
"2025","PCPIPCH",135,2.039,2025-10-14
"2026","PCPIPCH",135,1.953,2025-10-14
"2027","PCPIPCH",135,2,2025-10-14
"2028","PCPIPCH",135,2,2025-10-14
"2029","PCPIPCH",135,2,2025-10-14
"2030","PCPIPCH",135,2,2025-10-14
"2025","PCPIPCH",136,1.657,2025-10-14
"2026","PCPIPCH",136,2.014,2025-10-14
"2027","PCPIPCH",136,2,2025-10-14
"2028","PCPIPCH",136,2,2025-10-14
"2029","PCPIPCH",136,2,2025-10-14
"2030","PCPIPCH",136,2,2025-10-14
"2025","PCPIPCH",137,2.258,2025-10-14
"2026","PCPIPCH",137,2.159,2025-10-14
"2027","PCPIPCH",137,2.01,2025-10-14
"2028","PCPIPCH",137,2.017,2025-10-14
"2029","PCPIPCH",137,2.012,2025-10-14
"2030","PCPIPCH",137,2.001,2025-10-14
"2025","PCPIPCH",138,2.876,2025-10-14
"2026","PCPIPCH",138,2.449,2025-10-14
"2027","PCPIPCH",138,2.362,2025-10-14
"2028","PCPIPCH",138,2,2025-10-14
"2029","PCPIPCH",138,2,2025-10-14
"2030","PCPIPCH",138,2,2025-10-14
"2025","PCPIPCH",142,2.4,2025-10-14
"2026","PCPIPCH",142,2.4,2025-10-14
"2027","PCPIPCH",142,2,2025-10-14
"2028","PCPIPCH",142,2,2025-10-14
"2029","PCPIPCH",142,2,2025-10-14
"2030","PCPIPCH",142,2,2025-10-14
"2025","PCPIPCH",144,2.306,2025-10-14
"2026","PCPIPCH",144,1.6,2025-10-14
"2027","PCPIPCH",144,1.9,2025-10-14
"2028","PCPIPCH",144,2,2025-10-14
"2029","PCPIPCH",144,2,2025-10-14
"2030","PCPIPCH",144,2,2025-10-14
"2025","PCPIPCH",146,0.142,2025-10-14
"2026","PCPIPCH",146,0.555,2025-10-14
"2027","PCPIPCH",146,0.656,2025-10-14
"2028","PCPIPCH",146,0.706,2025-10-14
"2029","PCPIPCH",146,0.711,2025-10-14
"2030","PCPIPCH",146,0.709,2025-10-14
"2025","PCPIPCH",156,1.963,2025-10-14
"2026","PCPIPCH",156,2.03,2025-10-14
"2027","PCPIPCH",156,2.09,2025-10-14
"2028","PCPIPCH",156,1.966,2025-10-14
"2029","PCPIPCH",156,1.945,2025-10-14
"2030","PCPIPCH",156,1.944,2025-10-14
"2025","PCPIPCH",158,3.287,2025-10-14
"2026","PCPIPCH",158,2.144,2025-10-14
"2027","PCPIPCH",158,2.012,2025-10-14
"2028","PCPIPCH",158,2.006,2025-10-14
"2029","PCPIPCH",158,2.006,2025-10-14
"2030","PCPIPCH",158,1.999,2025-10-14
"2025","PCPIPCH",163,2.067,2025-10-14
"2026","PCPIPCH",163,1.897,2025-10-14
"2027","PCPIPCH",163,2.103,2025-10-14
"2028","PCPIPCH",163,2.015,2025-10-14
"2029","PCPIPCH",163,2.041,2025-10-14
"2030","PCPIPCH",163,2.045,2025-10-14
"2025","PCPIPCH",171,2.182,2025-10-14
"2026","PCPIPCH",171,1.775,2025-10-14
"2027","PCPIPCH",171,1.7,2025-10-14
"2028","PCPIPCH",171,1.7,2025-10-14
"2029","PCPIPCH",171,1.7,2025-10-14
"2030","PCPIPCH",171,1.7,2025-10-14
"2025","PCPIPCH",172,1.839,2025-10-14
"2026","PCPIPCH",172,1.936,2025-10-14
"2027","PCPIPCH",172,2,2025-10-14
"2028","PCPIPCH",172,2,2025-10-14
"2029","PCPIPCH",172,2,2025-10-14
"2030","PCPIPCH",172,2,2025-10-14
"2025","PCPIPCH",174,3.105,2025-10-14
"2026","PCPIPCH",174,2.462,2025-10-14
"2027","PCPIPCH",174,2.609,2025-10-14
"2028","PCPIPCH",174,2.132,2025-10-14
"2029","PCPIPCH",174,2,2025-10-14
"2030","PCPIPCH",174,2,2025-10-14
"2025","PCPIPCH",176,4.221,2025-10-14
"2026","PCPIPCH",176,3.063,2025-10-14
"2027","PCPIPCH",176,2.508,2025-10-14
"2028","PCPIPCH",176,2.545,2025-10-14
"2029","PCPIPCH",176,2.5,2025-10-14
"2030","PCPIPCH",176,2.5,2025-10-14
"2025","PCPIPCH",178,1.67,2025-10-14
"2026","PCPIPCH",178,1.658,2025-10-14
"2027","PCPIPCH",178,1.831,2025-10-14
"2028","PCPIPCH",178,1.952,2025-10-14
"2029","PCPIPCH",178,2.03,2025-10-14
"2030","PCPIPCH",178,2.03,2025-10-14
"2025","PCPIPCH",181,2.394,2025-10-14
"2026","PCPIPCH",181,2.009,2025-10-14
"2027","PCPIPCH",181,2.041,2025-10-14
"2028","PCPIPCH",181,1.996,2025-10-14
"2029","PCPIPCH",181,2.001,2025-10-14
"2030","PCPIPCH",181,1.993,2025-10-14
"2025","PCPIPCH",182,2.163,2025-10-14
"2026","PCPIPCH",182,2.125,2025-10-14
"2027","PCPIPCH",182,2.23,2025-10-14
"2028","PCPIPCH",182,2.026,2025-10-14
"2029","PCPIPCH",182,2.003,2025-10-14
"2030","PCPIPCH",182,2.025,2025-10-14
"2025","PCPIPCH",184,2.359,2025-10-14
"2026","PCPIPCH",184,2.024,2025-10-14
"2027","PCPIPCH",184,2.5,2025-10-14
"2028","PCPIPCH",184,2,2025-10-14
"2029","PCPIPCH",184,2,2025-10-14
"2030","PCPIPCH",184,2,2025-10-14
"2025","PCPIPCH",186,34.89,2025-10-14
"2026","PCPIPCH",186,24.744,2025-10-14
"2027","PCPIPCH",186,19.47,2025-10-14
"2028","PCPIPCH",186,16.218,2025-10-14
"2029","PCPIPCH",186,15.004,2025-10-14
"2030","PCPIPCH",186,15.004,2025-10-14
"2025","PCPIPCH",193,2.576,2025-10-14
"2026","PCPIPCH",193,3.024,2025-10-14
"2027","PCPIPCH",193,2.612,2025-10-14
"2028","PCPIPCH",193,2.544,2025-10-14
"2029","PCPIPCH",193,2.526,2025-10-14
"2030","PCPIPCH",193,2.498,2025-10-14
"2025","PCPIPCH",196,2.738,2025-10-14
"2026","PCPIPCH",196,2.099,2025-10-14
"2027","PCPIPCH",196,1.965,2025-10-14
"2028","PCPIPCH",196,2.015,2025-10-14
"2029","PCPIPCH",196,2.015,2025-10-14
"2030","PCPIPCH",196,2.015,2025-10-14
"2025","PCPIPCH",199,3.359,2025-10-14
"2026","PCPIPCH",199,3.664,2025-10-14
"2027","PCPIPCH",199,3.232,2025-10-14
"2028","PCPIPCH",199,3,2025-10-14
"2029","PCPIPCH",199,3,2025-10-14
"2030","PCPIPCH",199,3,2025-10-14
"2025","PCPIPCH",213,41.263,2025-10-14
"2026","PCPIPCH",213,16.378,2025-10-14
"2027","PCPIPCH",213,8.547,2025-10-14
"2028","PCPIPCH",213,7.473,2025-10-14
"2029","PCPIPCH",213,7.5,2025-10-14
"2030","PCPIPCH",213,7.5,2025-10-14
"2025","PCPIPCH",218,20.819,2025-10-14
"2025","PCPIPCH",223,5.187,2025-10-14
"2026","PCPIPCH",223,3.972,2025-10-14
"2027","PCPIPCH",223,3.273,2025-10-14
"2028","PCPIPCH",223,2.929,2025-10-14
"2029","PCPIPCH",223,2.932,2025-10-14
"2030","PCPIPCH",223,2.932,2025-10-14
"2025","PCPIPCH",228,4.27,2025-10-14
"2026","PCPIPCH",228,3.123,2025-10-14
"2027","PCPIPCH",228,3,2025-10-14
"2028","PCPIPCH",228,3,2025-10-14
"2029","PCPIPCH",228,3,2025-10-14
"2030","PCPIPCH",228,3,2025-10-14
"2025","PCPIPCH",233,4.913,2025-10-14
"2026","PCPIPCH",233,3.471,2025-10-14
"2027","PCPIPCH",233,3.037,2025-10-14
"2028","PCPIPCH",233,3.028,2025-10-14
"2029","PCPIPCH",233,3.011,2025-10-14
"2030","PCPIPCH",233,2.986,2025-10-14
"2025","PCPIPCH",238,0.414,2025-10-14
"2026","PCPIPCH",238,1.956,2025-10-14
"2027","PCPIPCH",238,3,2025-10-14
"2028","PCPIPCH",238,3,2025-10-14
"2029","PCPIPCH",238,3,2025-10-14
"2030","PCPIPCH",238,3,2025-10-14
"2025","PCPIPCH",243,3.726,2025-10-14
"2026","PCPIPCH",243,4.169,2025-10-14
"2027","PCPIPCH",243,4.012,2025-10-14
"2028","PCPIPCH",243,3.974,2025-10-14
"2029","PCPIPCH",243,3.961,2025-10-14
"2030","PCPIPCH",243,3.961,2025-10-14
"2025","PCPIPCH",248,1.056,2025-10-14
"2026","PCPIPCH",248,2.844,2025-10-14
"2027","PCPIPCH",248,1.472,2025-10-14
"2028","PCPIPCH",248,1.5,2025-10-14
"2029","PCPIPCH",248,1.5,2025-10-14
"2030","PCPIPCH",248,1.5,2025-10-14
"2025","PCPIPCH",253,0.3,2025-10-14
"2026","PCPIPCH",253,1,2025-10-14
"2027","PCPIPCH",253,1.8,2025-10-14
"2028","PCPIPCH",253,1.8,2025-10-14
"2029","PCPIPCH",253,1.8,2025-10-14
"2030","PCPIPCH",253,1.8,2025-10-14
"2025","PCPIPCH",258,1.691,2025-10-14
"2026","PCPIPCH",258,3.337,2025-10-14
"2027","PCPIPCH",258,4.033,2025-10-14
"2028","PCPIPCH",258,4,2025-10-14
"2029","PCPIPCH",258,4.041,2025-10-14
"2030","PCPIPCH",258,4.041,2025-10-14
"2026","PCPIPCH",263,26.169,2025-10-14
"2027","PCPIPCH",263,18.848,2025-10-14
"2028","PCPIPCH",263,14.456,2025-10-14
"2029","PCPIPCH",263,9.437,2025-10-14
"2030","PCPIPCH",263,7.982,2025-10-14
"2025","PCPIPCH",268,4.59,2025-10-14
"2026","PCPIPCH",268,4.24,2025-10-14
"2027","PCPIPCH",268,3.99,2025-10-14
"2028","PCPIPCH",268,4,2025-10-14
"2029","PCPIPCH",268,4,2025-10-14
"2030","PCPIPCH",268,4,2025-10-14
"2025","PCPIPCH",273,3.916,2025-10-14
"2026","PCPIPCH",273,3.349,2025-10-14
"2027","PCPIPCH",273,3,2025-10-14
"2028","PCPIPCH",273,3,2025-10-14
"2029","PCPIPCH",273,3,2025-10-14
"2030","PCPIPCH",273,3,2025-10-14
"2025","PCPIPCH",278,2,2025-10-14
"2026","PCPIPCH",278,2.7,2025-10-14
"2027","PCPIPCH",278,2.7,2025-10-14
"2028","PCPIPCH",278,2.7,2025-10-14
"2029","PCPIPCH",278,2.7,2025-10-14
"2030","PCPIPCH",278,2.7,2025-10-14
"2025","PCPIPCH",283,-0.051,2025-10-14
"2026","PCPIPCH",283,2,2025-10-14
"2027","PCPIPCH",283,2,2025-10-14
"2028","PCPIPCH",283,2,2025-10-14
"2029","PCPIPCH",283,2,2025-10-14
"2030","PCPIPCH",283,2,2025-10-14
"2025","PCPIPCH",288,3.888,2025-10-14
"2026","PCPIPCH",288,3.725,2025-10-14
"2027","PCPIPCH",288,3.475,2025-10-14
"2028","PCPIPCH",288,3.5,2025-10-14
"2029","PCPIPCH",288,3.5,2025-10-14
"2030","PCPIPCH",288,3.5,2025-10-14
"2025","PCPIPCH",293,1.727,2025-10-14
"2026","PCPIPCH",293,1.868,2025-10-14
"2027","PCPIPCH",293,2.018,2025-10-14
"2028","PCPIPCH",293,2.018,2025-10-14
"2029","PCPIPCH",293,2.018,2025-10-14
"2030","PCPIPCH",293,2,2025-10-14
"2025","PCPIPCH",298,4.679,2025-10-14
"2026","PCPIPCH",298,4.513,2025-10-14
"2027","PCPIPCH",298,4.518,2025-10-14
"2028","PCPIPCH",298,4.516,2025-10-14
"2029","PCPIPCH",298,4.498,2025-10-14
"2030","PCPIPCH",298,4.478,2025-10-14
"2024","PCPIPCH",299,48.983,2025-10-14
"2025","PCPIPCH",299,269.929,2025-10-14
"2026","PCPIPCH",299,682.082,2025-10-14
"2025","PCPIPCH",311,3.45,2025-10-14
"2026","PCPIPCH",311,2.417,2025-10-14
"2027","PCPIPCH",311,1.964,2025-10-14
"2028","PCPIPCH",311,1.964,2025-10-14
"2029","PCPIPCH",311,1.964,2025-10-14
"2030","PCPIPCH",311,1.964,2025-10-14
"2025","PCPIPCH",313,0.454,2025-10-14
"2026","PCPIPCH",313,1.041,2025-10-14
"2027","PCPIPCH",313,1.664,2025-10-14
"2028","PCPIPCH",313,1.784,2025-10-14
"2029","PCPIPCH",313,1.95,2025-10-14
"2030","PCPIPCH",313,1.997,2025-10-14
"2025","PCPIPCH",314,0.771,2025-10-14
"2026","PCPIPCH",314,2.114,2025-10-14
"2027","PCPIPCH",314,2.145,2025-10-14
"2028","PCPIPCH",314,2.254,2025-10-14
"2029","PCPIPCH",314,2.286,2025-10-14
"2030","PCPIPCH",314,2.289,2025-10-14
"2025","PCPIPCH",316,2.257,2025-10-14
"2026","PCPIPCH",316,2.537,2025-10-14
"2027","PCPIPCH",316,2.364,2025-10-14
"2028","PCPIPCH",316,2.392,2025-10-14
"2029","PCPIPCH",316,2.423,2025-10-14
"2030","PCPIPCH",316,2.402,2025-10-14
"2024","PCPIPCH",321,3.081,2025-10-14
"2025","PCPIPCH",321,2.821,2025-10-14
"2026","PCPIPCH",321,2.34,2025-10-14
"2027","PCPIPCH",321,2.2,2025-10-14
"2028","PCPIPCH",321,2.2,2025-10-14
"2029","PCPIPCH",321,2.2,2025-10-14
"2030","PCPIPCH",321,2.2,2025-10-14
"2024","PCPIPCH",328,1.086,2025-10-14
"2025","PCPIPCH",328,1.193,2025-10-14
"2026","PCPIPCH",328,1.054,2025-10-14
"2027","PCPIPCH",328,1.98,2025-10-14
"2028","PCPIPCH",328,1.98,2025-10-14
"2029","PCPIPCH",328,1.98,2025-10-14
"2030","PCPIPCH",328,1.98,2025-10-14
"2025","PCPIPCH",336,3.615,2025-10-14
"2026","PCPIPCH",336,4.42,2025-10-14
"2027","PCPIPCH",336,5.001,2025-10-14
"2028","PCPIPCH",336,5.504,2025-10-14
"2029","PCPIPCH",336,5.504,2025-10-14
"2030","PCPIPCH",336,5.496,2025-10-14
"2025","PCPIPCH",339,1.401,2025-10-14
"2026","PCPIPCH",339,1.906,2025-10-14
"2027","PCPIPCH",339,1.26,2025-10-14
"2028","PCPIPCH",339,1.26,2025-10-14
"2029","PCPIPCH",339,1.26,2025-10-14
"2030","PCPIPCH",339,1.26,2025-10-14
"2025","PCPIPCH",343,4.2,2025-10-14
"2026","PCPIPCH",343,5.022,2025-10-14
"2027","PCPIPCH",343,5.02,2025-10-14
"2028","PCPIPCH",343,5,2025-10-14
"2029","PCPIPCH",343,5,2025-10-14
"2030","PCPIPCH",343,5,2025-10-14
"2025","PCPIPCH",359,1.371,2025-10-14
"2026","PCPIPCH",359,2.193,2025-10-14
"2027","PCPIPCH",359,2.503,2025-10-14
"2028","PCPIPCH",359,2.371,2025-10-14
"2029","PCPIPCH",359,2.136,2025-10-14
"2030","PCPIPCH",359,2.064,2025-10-14
"2024","PCPIPCH",361,1.037,2025-10-14
"2025","PCPIPCH",361,1.701,2025-10-14
"2026","PCPIPCH",361,2.102,2025-10-14
"2027","PCPIPCH",361,2.044,2025-10-14
"2028","PCPIPCH",361,2.044,2025-10-14
"2029","PCPIPCH",361,2.044,2025-10-14
"2030","PCPIPCH",361,2.044,2025-10-14
"2025","PCPIPCH",362,0.394,2025-10-14
"2026","PCPIPCH",362,1.485,2025-10-14
"2027","PCPIPCH",362,1.914,2025-10-14
"2028","PCPIPCH",362,2.003,2025-10-14
"2029","PCPIPCH",362,2,2025-10-14
"2030","PCPIPCH",362,2,2025-10-14
"2025","PCPIPCH",364,2.076,2025-10-14
"2026","PCPIPCH",364,2.145,2025-10-14
"2027","PCPIPCH",364,2.003,2025-10-14
"2028","PCPIPCH",364,2.003,2025-10-14
"2029","PCPIPCH",364,2.003,2025-10-14
"2030","PCPIPCH",364,2.003,2025-10-14
"2024","PCPIPCH",366,16.222,2025-10-14
"2025","PCPIPCH",366,8.96,2025-10-14
"2026","PCPIPCH",366,9.609,2025-10-14
"2027","PCPIPCH",366,6.414,2025-10-14
"2028","PCPIPCH",366,5.017,2025-10-14
"2029","PCPIPCH",366,5,2025-10-14
"2030","PCPIPCH",366,5,2025-10-14
"2025","PCPIPCH",369,1.455,2025-10-14
"2026","PCPIPCH",369,2.232,2025-10-14
"2027","PCPIPCH",369,2.229,2025-10-14
"2028","PCPIPCH",369,2.092,2025-10-14
"2029","PCPIPCH",369,2.002,2025-10-14
"2030","PCPIPCH",369,1.995,2025-10-14
"2025","PCPIPCH",419,0.3,2025-10-14
"2026","PCPIPCH",419,0.8,2025-10-14
"2027","PCPIPCH",419,1.3,2025-10-14
"2028","PCPIPCH",419,1.8,2025-10-14
"2029","PCPIPCH",419,2,2025-10-14
"2030","PCPIPCH",419,2,2025-10-14
"2025","PCPIPCH",423,0.718,2025-10-14
"2026","PCPIPCH",423,1.323,2025-10-14
"2027","PCPIPCH",423,2,2025-10-14
"2028","PCPIPCH",423,2,2025-10-14
"2029","PCPIPCH",423,2,2025-10-14
"2030","PCPIPCH",423,2,2025-10-14
"2026","PCPIPCH",429,41.588,2025-10-14
"2027","PCPIPCH",429,33.75,2025-10-14
"2028","PCPIPCH",429,28.75,2025-10-14
"2029","PCPIPCH",429,25,2025-10-14
"2030","PCPIPCH",429,25,2025-10-14
"2025","PCPIPCH",433,1.532,2025-10-14
"2026","PCPIPCH",433,2.5,2025-10-14
"2027","PCPIPCH",433,3.383,2025-10-14
"2028","PCPIPCH",433,3.434,2025-10-14
"2029","PCPIPCH",433,3.476,2025-10-14
"2030","PCPIPCH",433,3.576,2025-10-14
"2025","PCPIPCH",436,3.155,2025-10-14
"2026","PCPIPCH",436,2.217,2025-10-14
"2027","PCPIPCH",436,2.185,2025-10-14
"2028","PCPIPCH",436,2.112,2025-10-14
"2029","PCPIPCH",436,2.06,2025-10-14
"2030","PCPIPCH",436,2.057,2025-10-14
"2025","PCPIPCH",439,2.193,2025-10-14
"2026","PCPIPCH",439,2.585,2025-10-14
"2027","PCPIPCH",439,2.314,2025-10-14
"2028","PCPIPCH",439,2.182,2025-10-14
"2029","PCPIPCH",439,2.314,2025-10-14
"2030","PCPIPCH",439,2.314,2025-10-14
"2025","PCPIPCH",443,2.184,2025-10-14
"2026","PCPIPCH",443,2.23,2025-10-14
"2027","PCPIPCH",443,2.143,2025-10-14
"2028","PCPIPCH",443,1.943,2025-10-14
"2029","PCPIPCH",443,1.803,2025-10-14
"2030","PCPIPCH",443,1.704,2025-10-14
"2025","PCPIPCH",449,0.9,2025-10-14
"2026","PCPIPCH",449,1.5,2025-10-14
"2027","PCPIPCH",449,2,2025-10-14
"2028","PCPIPCH",449,2,2025-10-14
"2029","PCPIPCH",449,2,2025-10-14
"2030","PCPIPCH",449,2,2025-10-14
"2024","PCPIPCH",453,1.216,2025-10-14
"2025","PCPIPCH",453,0.136,2025-10-14
"2026","PCPIPCH",453,2.621,2025-10-14
"2027","PCPIPCH",453,2.303,2025-10-14
"2028","PCPIPCH",453,1.986,2025-10-14
"2029","PCPIPCH",453,1.983,2025-10-14
"2030","PCPIPCH",453,2.033,2025-10-14
"2025","PCPIPCH",456,2.1,2025-10-14
"2026","PCPIPCH",456,2,2025-10-14
"2027","PCPIPCH",456,2,2025-10-14
"2028","PCPIPCH",456,2,2025-10-14
"2029","PCPIPCH",456,2,2025-10-14
"2030","PCPIPCH",456,2,2025-10-14
"2025","PCPIPCH",466,1.616,2025-10-14
"2026","PCPIPCH",466,2,2025-10-14
"2027","PCPIPCH",466,2,2025-10-14
"2028","PCPIPCH",466,2,2025-10-14
"2029","PCPIPCH",466,2,2025-10-14
"2030","PCPIPCH",466,2,2025-10-14
"2026","PCPIPCH",469,11.794,2025-10-14
"2027","PCPIPCH",469,9.595,2025-10-14
"2028","PCPIPCH",469,6.715,2025-10-14
"2029","PCPIPCH",469,5.467,2025-10-14
"2030","PCPIPCH",469,5.259,2025-10-14
"2023","PCPIPCH",474,0.858,2025-10-14
"2024","PCPIPCH",474,33.918,2025-10-14
"2025","PCPIPCH",474,20.44,2025-10-14
"2026","PCPIPCH",474,18.524,2025-10-14
"2027","PCPIPCH",474,11.347,2025-10-14
"2028","PCPIPCH",474,12.171,2025-10-14
"2029","PCPIPCH",474,10.474,2025-10-14
"2030","PCPIPCH",474,10,2025-10-14
"2026","PCPIPCH",513,8.75,2025-10-14
"2027","PCPIPCH",513,5.48,2025-10-14
"2028","PCPIPCH",513,5.242,2025-10-14
"2029","PCPIPCH",513,5.472,2025-10-14
"2030","PCPIPCH",513,5.51,2025-10-14
"2026","PCPIPCH",514,3.4,2025-10-14
"2027","PCPIPCH",514,3.85,2025-10-14
"2028","PCPIPCH",514,4,2025-10-14
"2029","PCPIPCH",514,4,2025-10-14
"2030","PCPIPCH",514,4,2025-10-14
"2025","PCPIPCH",516,0.4,2025-10-14
"2026","PCPIPCH",516,0.6,2025-10-14
"2027","PCPIPCH",516,0.9,2025-10-14
"2028","PCPIPCH",516,1,2025-10-14
"2029","PCPIPCH",516,1,2025-10-14
"2030","PCPIPCH",516,1,2025-10-14
"2023","PCPIPCH",518,25.488,2025-10-14
"2024","PCPIPCH",518,26.5,2025-10-14
"2025","PCPIPCH",518,31,2025-10-14
"2026","PCPIPCH",518,28,2025-10-14
"2027","PCPIPCH",518,16,2025-10-14
"2028","PCPIPCH",518,10,2025-10-14
"2029","PCPIPCH",518,7.8,2025-10-14
"2030","PCPIPCH",518,7.8,2025-10-14
"2025","PCPIPCH",522,1.634,2025-10-14
"2026","PCPIPCH",522,1.815,2025-10-14
"2027","PCPIPCH",522,3,2025-10-14
"2028","PCPIPCH",522,3,2025-10-14
"2029","PCPIPCH",522,3,2025-10-14
"2030","PCPIPCH",522,3,2025-10-14
"2025","PCPIPCH",528,1.73,2025-10-14
"2026","PCPIPCH",528,1.56,2025-10-14
"2027","PCPIPCH",528,1.544,2025-10-14
"2028","PCPIPCH",528,1.508,2025-10-14
"2029","PCPIPCH",528,1.593,2025-10-14
"2030","PCPIPCH",528,1.547,2025-10-14
"2025","PCPIPCH",532,1.75,2025-10-14
"2026","PCPIPCH",532,2.1,2025-10-14
"2027","PCPIPCH",532,2.25,2025-10-14
"2028","PCPIPCH",532,2.44,2025-10-14
"2029","PCPIPCH",532,2.5,2025-10-14
"2030","PCPIPCH",532,2.48,2025-10-14
"2026","PCPIPCH",534,4.046,2025-10-14
"2027","PCPIPCH",534,4,2025-10-14
"2028","PCPIPCH",534,4,2025-10-14
"2029","PCPIPCH",534,4,2025-10-14
"2030","PCPIPCH",534,4,2025-10-14
"2025","PCPIPCH",536,1.839,2025-10-14
"2026","PCPIPCH",536,2.905,2025-10-14
"2027","PCPIPCH",536,2.522,2025-10-14
"2028","PCPIPCH",536,2.517,2025-10-14
"2029","PCPIPCH",536,2.517,2025-10-14
"2030","PCPIPCH",536,2.517,2025-10-14
"2025","PCPIPCH",537,0.886,2025-10-14
"2026","PCPIPCH",537,1.798,2025-10-14
"2027","PCPIPCH",537,2,2025-10-14
"2028","PCPIPCH",537,2,2025-10-14
"2029","PCPIPCH",537,2,2025-10-14
"2030","PCPIPCH",537,2,2025-10-14
"2025","PCPIPCH",542,1.992,2025-10-14
"2026","PCPIPCH",542,1.846,2025-10-14
"2027","PCPIPCH",542,1.972,2025-10-14
"2028","PCPIPCH",542,2,2025-10-14
"2029","PCPIPCH",542,2,2025-10-14
"2030","PCPIPCH",542,2,2025-10-14
"2025","PCPIPCH",544,7.842,2025-10-14
"2026","PCPIPCH",544,5.501,2025-10-14
"2027","PCPIPCH",544,6.369,2025-10-14
"2028","PCPIPCH",544,7.031,2025-10-14
"2029","PCPIPCH",544,8.284,2025-10-14
"2030","PCPIPCH",544,9.922,2025-10-14
"2025","PCPIPCH",546,0.5,2025-10-14
"2026","PCPIPCH",546,1.248,2025-10-14
"2027","PCPIPCH",546,1.757,2025-10-14
"2028","PCPIPCH",546,2.045,2025-10-14
"2029","PCPIPCH",546,2.127,2025-10-14
"2030","PCPIPCH",546,2.185,2025-10-14
"2025","PCPIPCH",548,1.587,2025-10-14
"2026","PCPIPCH",548,2.201,2025-10-14
"2027","PCPIPCH",548,2,2025-10-14
"2028","PCPIPCH",548,2,2025-10-14
"2029","PCPIPCH",548,2,2025-10-14
"2030","PCPIPCH",548,2,2025-10-14
"2025","PCPIPCH",556,3.872,2025-10-14
"2026","PCPIPCH",556,2.498,2025-10-14
"2027","PCPIPCH",556,2,2025-10-14
"2028","PCPIPCH",556,2,2025-10-14
"2029","PCPIPCH",556,2,2025-10-14
"2030","PCPIPCH",556,2,2025-10-14
"2026","PCPIPCH",558,4.153,2025-10-14
"2027","PCPIPCH",558,5.035,2025-10-14
"2028","PCPIPCH",558,5,2025-10-14
"2029","PCPIPCH",558,5,2025-10-14
"2030","PCPIPCH",558,5,2025-10-14
"2026","PCPIPCH",564,6.043,2025-10-14
"2027","PCPIPCH",564,6.485,2025-10-14
"2028","PCPIPCH",564,6.494,2025-10-14
"2029","PCPIPCH",564,6.494,2025-10-14
"2030","PCPIPCH",564,6.494,2025-10-14
"2025","PCPIPCH",565,1.828,2025-10-14
"2026","PCPIPCH",565,2.902,2025-10-14
"2027","PCPIPCH",565,2.657,2025-10-14
"2028","PCPIPCH",565,2.486,2025-10-14
"2029","PCPIPCH",565,2.276,2025-10-14
"2030","PCPIPCH",565,2.21,2025-10-14
"2025","PCPIPCH",566,1.608,2025-10-14
"2026","PCPIPCH",566,2.55,2025-10-14
"2027","PCPIPCH",566,2.842,2025-10-14
"2028","PCPIPCH",566,3,2025-10-14
"2029","PCPIPCH",566,3.267,2025-10-14
"2030","PCPIPCH",566,3.2,2025-10-14
"2025","PCPIPCH",576,0.928,2025-10-14
"2026","PCPIPCH",576,1.3,2025-10-14
"2027","PCPIPCH",576,1.871,2025-10-14
"2028","PCPIPCH",576,1.971,2025-10-14
"2029","PCPIPCH",576,1.971,2025-10-14
"2030","PCPIPCH",576,1.971,2025-10-14
"2025","PCPIPCH",578,0.153,2025-10-14
"2026","PCPIPCH",578,0.706,2025-10-14
"2027","PCPIPCH",578,1.15,2025-10-14
"2028","PCPIPCH",578,1.6,2025-10-14
"2029","PCPIPCH",578,1.7,2025-10-14
"2030","PCPIPCH",578,1.75,2025-10-14
"2025","PCPIPCH",582,3.402,2025-10-14
"2026","PCPIPCH",582,3.161,2025-10-14
"2027","PCPIPCH",582,3.3,2025-10-14
"2028","PCPIPCH",582,3.3,2025-10-14
"2029","PCPIPCH",582,3.3,2025-10-14
"2030","PCPIPCH",582,3.3,2025-10-14
"2025","PCPIPCH",611,1.545,2025-10-14
"2026","PCPIPCH",611,1.426,2025-10-14
"2027","PCPIPCH",611,1.312,2025-10-14
"2028","PCPIPCH",611,1.295,2025-10-14
"2029","PCPIPCH",611,1.279,2025-10-14
"2030","PCPIPCH",611,1.262,2025-10-14
"2025","PCPIPCH",612,3.48,2025-10-14
"2026","PCPIPCH",612,3.907,2025-10-14
"2027","PCPIPCH",612,3.75,2025-10-14
"2028","PCPIPCH",612,3.425,2025-10-14
"2029","PCPIPCH",612,3.253,2025-10-14
"2030","PCPIPCH",612,3.299,2025-10-14
"2025","PCPIPCH",614,21.635,2025-10-14
"2026","PCPIPCH",614,16.302,2025-10-14
"2027","PCPIPCH",614,11.513,2025-10-14
"2028","PCPIPCH",614,10.034,2025-10-14
"2029","PCPIPCH",614,10.034,2025-10-14
"2030","PCPIPCH",614,9.816,2025-10-14
"2025","PCPIPCH",616,3.361,2025-10-14
"2026","PCPIPCH",616,4.75,2025-10-14
"2027","PCPIPCH",616,4.5,2025-10-14
"2028","PCPIPCH",616,4.5,2025-10-14
"2029","PCPIPCH",616,4.5,2025-10-14
"2030","PCPIPCH",616,4.5,2025-10-14
"2025","PCPIPCH",618,37.333,2025-10-14
"2026","PCPIPCH",618,26.288,2025-10-14
"2027","PCPIPCH",618,22.813,2025-10-14
"2028","PCPIPCH",618,20.138,2025-10-14
"2029","PCPIPCH",618,17.375,2025-10-14
"2030","PCPIPCH",618,13.367,2025-10-14
"2025","PCPIPCH",622,3.683,2025-10-14
"2026","PCPIPCH",622,3.3,2025-10-14
"2027","PCPIPCH",622,3.013,2025-10-14
"2028","PCPIPCH",622,3.013,2025-10-14
"2029","PCPIPCH",622,3.013,2025-10-14
"2030","PCPIPCH",622,3.013,2025-10-14
"2025","PCPIPCH",624,1.5,2025-10-14
"2026","PCPIPCH",624,2,2025-10-14
"2027","PCPIPCH",624,2,2025-10-14
"2028","PCPIPCH",624,2,2025-10-14
"2029","PCPIPCH",624,2,2025-10-14
"2030","PCPIPCH",624,2,2025-10-14
"2025","PCPIPCH",626,4.569,2025-10-14
"2026","PCPIPCH",626,3.282,2025-10-14
"2027","PCPIPCH",626,2.879,2025-10-14
"2028","PCPIPCH",626,2.885,2025-10-14
"2029","PCPIPCH",626,3.145,2025-10-14
"2030","PCPIPCH",626,3.295,2025-10-14
"2025","PCPIPCH",628,3.992,2025-10-14
"2026","PCPIPCH",628,3.558,2025-10-14
"2027","PCPIPCH",628,3.145,2025-10-14
"2028","PCPIPCH",628,2.995,2025-10-14
"2029","PCPIPCH",628,3.031,2025-10-14
"2030","PCPIPCH",628,2.964,2025-10-14
"2025","PCPIPCH",632,3.3,2025-10-14
"2026","PCPIPCH",632,1.862,2025-10-14
"2027","PCPIPCH",632,2.14,2025-10-14
"2028","PCPIPCH",632,2.14,2025-10-14
"2029","PCPIPCH",632,2.14,2025-10-14
"2030","PCPIPCH",632,2.14,2025-10-14
"2024","PCPIPCH",634,3.073,2025-10-14
"2025","PCPIPCH",634,3.6,2025-10-14
"2026","PCPIPCH",634,3.2,2025-10-14
"2027","PCPIPCH",634,3,2025-10-14
"2028","PCPIPCH",634,3,2025-10-14
"2029","PCPIPCH",634,3,2025-10-14
"2030","PCPIPCH",634,3,2025-10-14
"2025","PCPIPCH",636,8.809,2025-10-14
"2026","PCPIPCH",636,7.142,2025-10-14
"2027","PCPIPCH",636,6.952,2025-10-14
"2028","PCPIPCH",636,6.952,2025-10-14
"2029","PCPIPCH",636,6.952,2025-10-14
"2030","PCPIPCH",636,6.952,2025-10-14
"2025","PCPIPCH",638,2.1,2025-10-14
"2026","PCPIPCH",638,2,2025-10-14
"2027","PCPIPCH",638,2,2025-10-14
"2028","PCPIPCH",638,2,2025-10-14
"2029","PCPIPCH",638,2,2025-10-14
"2030","PCPIPCH",638,2,2025-10-14
"2025","PCPIPCH",642,2.915,2025-10-14
"2026","PCPIPCH",642,2.885,2025-10-14
"2027","PCPIPCH",642,2.906,2025-10-14
"2028","PCPIPCH",642,2.571,2025-10-14
"2029","PCPIPCH",642,2.462,2025-10-14
"2030","PCPIPCH",642,2.462,2025-10-14
"2025","PCPIPCH",644,13.046,2025-10-14
"2026","PCPIPCH",644,9.436,2025-10-14
"2027","PCPIPCH",644,9.436,2025-10-14
"2028","PCPIPCH",644,9.436,2025-10-14
"2029","PCPIPCH",644,9.436,2025-10-14
"2030","PCPIPCH",644,9.436,2025-10-14
"2025","PCPIPCH",646,1.366,2025-10-14
"2026","PCPIPCH",646,2.465,2025-10-14
"2027","PCPIPCH",646,2.15,2025-10-14
"2028","PCPIPCH",646,1.986,2025-10-14
"2029","PCPIPCH",646,1.987,2025-10-14
"2030","PCPIPCH",646,1.989,2025-10-14
"2025","PCPIPCH",648,7.488,2025-10-14
"2026","PCPIPCH",648,4.9,2025-10-14
"2027","PCPIPCH",648,5,2025-10-14
"2028","PCPIPCH",648,5,2025-10-14
"2029","PCPIPCH",648,5,2025-10-14
"2030","PCPIPCH",648,5,2025-10-14
"2025","PCPIPCH",652,16.645,2025-10-14
"2026","PCPIPCH",652,9.876,2025-10-14
"2027","PCPIPCH",652,8,2025-10-14
"2028","PCPIPCH",652,8,2025-10-14
"2029","PCPIPCH",652,8,2025-10-14
"2030","PCPIPCH",652,8,2025-10-14
"2025","PCPIPCH",654,2,2025-10-14
"2026","PCPIPCH",654,2,2025-10-14
"2027","PCPIPCH",654,2,2025-10-14
"2028","PCPIPCH",654,2,2025-10-14
"2029","PCPIPCH",654,2,2025-10-14
"2030","PCPIPCH",654,2,2025-10-14
"2025","PCPIPCH",656,3.1,2025-10-14
"2026","PCPIPCH",656,3,2025-10-14
"2027","PCPIPCH",656,3.05,2025-10-14
"2028","PCPIPCH",656,2.995,2025-10-14
"2029","PCPIPCH",656,2.923,2025-10-14
"2030","PCPIPCH",656,2.959,2025-10-14
"2025","PCPIPCH",662,1,2025-10-14
"2026","PCPIPCH",662,1.5,2025-10-14
"2027","PCPIPCH",662,2,2025-10-14
"2028","PCPIPCH",662,2,2025-10-14
"2029","PCPIPCH",662,2,2025-10-14
"2030","PCPIPCH",662,2,2025-10-14
"2025","PCPIPCH",664,3.997,2025-10-14
"2026","PCPIPCH",664,5.243,2025-10-14
"2027","PCPIPCH",664,4.887,2025-10-14
"2028","PCPIPCH",664,5.024,2025-10-14
"2029","PCPIPCH",664,5.009,2025-10-14
"2030","PCPIPCH",664,4.99,2025-10-14
"2025","PCPIPCH",666,4.539,2025-10-14
"2026","PCPIPCH",666,4.849,2025-10-14
"2027","PCPIPCH",666,5.011,2025-10-14
"2028","PCPIPCH",666,4.944,2025-10-14
"2029","PCPIPCH",666,4.8,2025-10-14
"2030","PCPIPCH",666,4.8,2025-10-14
"2025","PCPIPCH",668,9.824,2025-10-14
"2026","PCPIPCH",668,7.69,2025-10-14
"2027","PCPIPCH",668,6.636,2025-10-14
"2028","PCPIPCH",668,5.752,2025-10-14
"2029","PCPIPCH",668,5.258,2025-10-14
"2030","PCPIPCH",668,5.061,2025-10-14
"2025","PCPIPCH",672,1.819,2025-10-14
"2026","PCPIPCH",672,1.568,2025-10-14
"2027","PCPIPCH",672,1.568,2025-10-14
"2028","PCPIPCH",672,1.568,2025-10-14
"2029","PCPIPCH",672,1.568,2025-10-14
"2030","PCPIPCH",672,1.568,2025-10-14
"2024","PCPIPCH",674,7.64,2025-10-14
"2025","PCPIPCH",674,8.43,2025-10-14
"2026","PCPIPCH",674,7.22,2025-10-14
"2027","PCPIPCH",674,6.41,2025-10-14
"2028","PCPIPCH",674,6,2025-10-14
"2029","PCPIPCH",674,6,2025-10-14
"2030","PCPIPCH",674,6,2025-10-14
"2025","PCPIPCH",676,28.159,2025-10-14
"2026","PCPIPCH",676,24.096,2025-10-14
"2027","PCPIPCH",676,21.682,2025-10-14
"2028","PCPIPCH",676,17.445,2025-10-14
"2029","PCPIPCH",676,15.156,2025-10-14
"2030","PCPIPCH",676,14.564,2025-10-14
"2024","PCPIPCH",678,3.176,2025-10-14
"2025","PCPIPCH",678,3.5,2025-10-14
"2026","PCPIPCH",678,2,2025-10-14
"2027","PCPIPCH",678,2,2025-10-14
"2028","PCPIPCH",678,2,2025-10-14
"2029","PCPIPCH",678,2,2025-10-14
"2030","PCPIPCH",678,2,2025-10-14
"2024","PCPIPCH",682,2.493,2025-10-14
"2025","PCPIPCH",682,2.5,2025-10-14
"2026","PCPIPCH",682,3.55,2025-10-14
"2027","PCPIPCH",682,3.8,2025-10-14
"2028","PCPIPCH",682,4,2025-10-14
"2029","PCPIPCH",682,4,2025-10-14
"2030","PCPIPCH",682,4,2025-10-14
"2025","PCPIPCH",684,3.906,2025-10-14
"2026","PCPIPCH",684,3.6,2025-10-14
"2027","PCPIPCH",684,3.5,2025-10-14
"2028","PCPIPCH",684,3.5,2025-10-14
"2029","PCPIPCH",684,3.5,2025-10-14
"2030","PCPIPCH",684,3.5,2025-10-14
"2025","PCPIPCH",686,1.192,2025-10-14
"2026","PCPIPCH",686,1.84,2025-10-14
"2027","PCPIPCH",686,1.996,2025-10-14
"2028","PCPIPCH",686,1.967,2025-10-14
"2029","PCPIPCH",686,2.022,2025-10-14
"2030","PCPIPCH",686,2.011,2025-10-14
"2025","PCPIPCH",688,4.9,2025-10-14
"2026","PCPIPCH",688,5.4,2025-10-14
"2027","PCPIPCH",688,5.5,2025-10-14
"2028","PCPIPCH",688,5.5,2025-10-14
"2029","PCPIPCH",688,5.5,2025-10-14
"2030","PCPIPCH",688,5.5,2025-10-14
"2025","PCPIPCH",692,4.2,2025-10-14
"2026","PCPIPCH",692,3.2,2025-10-14
"2027","PCPIPCH",692,2,2025-10-14
"2028","PCPIPCH",692,2,2025-10-14
"2029","PCPIPCH",692,2,2025-10-14
"2030","PCPIPCH",692,2,2025-10-14
"2025","PCPIPCH",694,23.049,2025-10-14
"2026","PCPIPCH",694,22,2025-10-14
"2027","PCPIPCH",694,16.976,2025-10-14
"2028","PCPIPCH",694,15,2025-10-14
"2029","PCPIPCH",694,12,2025-10-14
"2030","PCPIPCH",694,10,2025-10-14
"2025","PCPIPCH",698,89.049,2025-10-14
"2026","PCPIPCH",698,18.232,2025-10-14
"2027","PCPIPCH",698,10.104,2025-10-14
"2028","PCPIPCH",698,8.021,2025-10-14
"2029","PCPIPCH",698,8.021,2025-10-14
"2030","PCPIPCH",698,8.021,2025-10-14
"2025","PCPIPCH",714,7,2025-10-14
"2026","PCPIPCH",714,4.675,2025-10-14
"2027","PCPIPCH",714,5,2025-10-14
"2028","PCPIPCH",714,5,2025-10-14
"2029","PCPIPCH",714,5,2025-10-14
"2030","PCPIPCH",714,5,2025-10-14
"2025","PCPIPCH",716,9.684,2025-10-14
"2026","PCPIPCH",716,6.95,2025-10-14
"2027","PCPIPCH",716,5.55,2025-10-14
"2028","PCPIPCH",716,5,2025-10-14
"2029","PCPIPCH",716,5,2025-10-14
"2030","PCPIPCH",716,5,2025-10-14
"2025","PCPIPCH",718,0.435,2025-10-14
"2026","PCPIPCH",718,1.091,2025-10-14
"2027","PCPIPCH",718,2.05,2025-10-14
"2028","PCPIPCH",718,2.461,2025-10-14
"2029","PCPIPCH",718,3.034,2025-10-14
"2030","PCPIPCH",718,3,2025-10-14
"2025","PCPIPCH",722,2.036,2025-10-14
"2026","PCPIPCH",722,2.023,2025-10-14
"2027","PCPIPCH",722,2.022,2025-10-14
"2028","PCPIPCH",722,2.021,2025-10-14
"2029","PCPIPCH",722,2.02,2025-10-14
"2030","PCPIPCH",722,2.019,2025-10-14
"2025","PCPIPCH",724,9.432,2025-10-14
"2026","PCPIPCH",724,10.499,2025-10-14
"2027","PCPIPCH",724,9,2025-10-14
"2028","PCPIPCH",724,9,2025-10-14
"2029","PCPIPCH",724,9,2025-10-14
"2030","PCPIPCH",724,9,2025-10-14
"2024","PCPIPCH",726,5.529,2025-10-14
"2025","PCPIPCH",726,3.6,2025-10-14
"2026","PCPIPCH",726,3.5,2025-10-14
"2027","PCPIPCH",726,3.4,2025-10-14
"2028","PCPIPCH",726,3.2,2025-10-14
"2029","PCPIPCH",726,3,2025-10-14
"2030","PCPIPCH",726,3,2025-10-14
"2025","PCPIPCH",728,3.704,2025-10-14
"2026","PCPIPCH",728,3.565,2025-10-14
"2027","PCPIPCH",728,3.141,2025-10-14
"2028","PCPIPCH",728,3,2025-10-14
"2029","PCPIPCH",728,3,2025-10-14
"2030","PCPIPCH",728,3,2025-10-14
"2025","PCPIPCH",732,87.212,2025-10-14
"2026","PCPIPCH",732,54.575,2025-10-14
"2027","PCPIPCH",732,39.877,2025-10-14
"2028","PCPIPCH",732,27.418,2025-10-14
"2029","PCPIPCH",732,19.545,2025-10-14
"2030","PCPIPCH",732,16.144,2025-10-14
"2025","PCPIPCH",733,97.474,2025-10-14
"2026","PCPIPCH",733,15.842,2025-10-14
"2027","PCPIPCH",733,8.775,2025-10-14
"2028","PCPIPCH",733,6.876,2025-10-14
"2029","PCPIPCH",733,5.818,2025-10-14
"2030","PCPIPCH",733,5.202,2025-10-14
"2025","PCPIPCH",734,3.453,2025-10-14
"2026","PCPIPCH",734,4,2025-10-14
"2027","PCPIPCH",734,3.8,2025-10-14
"2028","PCPIPCH",734,3.4,2025-10-14
"2029","PCPIPCH",734,3.2,2025-10-14
"2030","PCPIPCH",734,3,2025-10-14
"2024","PCPIPCH",738,3.057,2025-10-14
"2025","PCPIPCH",738,3.303,2025-10-14
"2026","PCPIPCH",738,3.543,2025-10-14
"2027","PCPIPCH",738,4.092,2025-10-14
"2028","PCPIPCH",738,4,2025-10-14
"2029","PCPIPCH",738,4.001,2025-10-14
"2030","PCPIPCH",738,4.001,2025-10-14
"2025","PCPIPCH",742,2.428,2025-10-14
"2026","PCPIPCH",742,4.512,2025-10-14
"2027","PCPIPCH",742,0.72,2025-10-14
"2028","PCPIPCH",742,2.276,2025-10-14
"2029","PCPIPCH",742,2.357,2025-10-14
"2030","PCPIPCH",742,2.25,2025-10-14
"2025","PCPIPCH",744,5.905,2025-10-14
"2026","PCPIPCH",744,6.097,2025-10-14
"2027","PCPIPCH",744,6.69,2025-10-14
"2028","PCPIPCH",744,7.094,2025-10-14
"2029","PCPIPCH",744,7.779,2025-10-14
"2030","PCPIPCH",744,8.756,2025-10-14
"2025","PCPIPCH",746,3.794,2025-10-14
"2026","PCPIPCH",746,4.265,2025-10-14
"2027","PCPIPCH",746,4.796,2025-10-14
"2028","PCPIPCH",746,5,2025-10-14
"2029","PCPIPCH",746,5,2025-10-14
"2030","PCPIPCH",746,5,2025-10-14
"2025","PCPIPCH",748,1.299,2025-10-14
"2026","PCPIPCH",748,2.403,2025-10-14
"2027","PCPIPCH",748,2.061,2025-10-14
"2028","PCPIPCH",748,2.031,2025-10-14
"2029","PCPIPCH",748,2,2025-10-14
"2030","PCPIPCH",748,2,2025-10-14
"2025","PCPIPCH",754,14.196,2025-10-14
"2026","PCPIPCH",754,9.156,2025-10-14
"2027","PCPIPCH",754,7.44,2025-10-14
"2028","PCPIPCH",754,7,2025-10-14
"2029","PCPIPCH",754,7,2025-10-14
"2030","PCPIPCH",754,7,2025-10-14
"2025","PCPIPCH",813,3.444,2025-10-14
"2026","PCPIPCH",813,3.687,2025-10-14
"2027","PCPIPCH",813,3.339,2025-10-14
"2028","PCPIPCH",813,3.317,2025-10-14
"2029","PCPIPCH",813,3.317,2025-10-14
"2030","PCPIPCH",813,3.317,2025-10-14
"2025","PCPIPCH",819,0.1,2025-10-14
"2026","PCPIPCH",819,1.1,2025-10-14
"2027","PCPIPCH",819,3.2,2025-10-14
"2028","PCPIPCH",819,3.3,2025-10-14
"2029","PCPIPCH",819,3.4,2025-10-14
"2030","PCPIPCH",819,3.5,2025-10-14
"2024","PCPIPCH",826,2.488,2025-10-14
"2025","PCPIPCH",826,7.794,2025-10-14
"2026","PCPIPCH",826,3.5,2025-10-14
"2027","PCPIPCH",826,3,2025-10-14
"2028","PCPIPCH",826,2.5,2025-10-14
"2029","PCPIPCH",826,2,2025-10-14
"2030","PCPIPCH",826,2,2025-10-14
"2025","PCPIPCH",836,6.126,2025-10-14
"2026","PCPIPCH",836,4.46,2025-10-14
"2027","PCPIPCH",836,3.357,2025-10-14
"2028","PCPIPCH",836,3.04,2025-10-14
"2029","PCPIPCH",836,2.707,2025-10-14
"2030","PCPIPCH",836,2.459,2025-10-14
"2025","PCPIPCH",846,1.736,2025-10-14
"2026","PCPIPCH",846,2.247,2025-10-14
"2027","PCPIPCH",846,2.235,2025-10-14
"2028","PCPIPCH",846,2.213,2025-10-14
"2029","PCPIPCH",846,2.213,2025-10-14
"2030","PCPIPCH",846,2.213,2025-10-14
"2025","PCPIPCH",853,4.792,2025-10-14
"2026","PCPIPCH",853,4.6,2025-10-14
"2027","PCPIPCH",853,4.6,2025-10-14
"2028","PCPIPCH",853,4.6,2025-10-14
"2029","PCPIPCH",853,4.5,2025-10-14
"2030","PCPIPCH",853,4.5,2025-10-14
"2025","PCPIPCH",862,1.834,2025-10-14
"2026","PCPIPCH",862,3.249,2025-10-14
"2027","PCPIPCH",862,2.994,2025-10-14
"2028","PCPIPCH",862,2.994,2025-10-14
"2029","PCPIPCH",862,2.994,2025-10-14
"2030","PCPIPCH",862,2.994,2025-10-14
"2026","PCPIPCH",866,2.242,2025-10-14
"2027","PCPIPCH",866,3.182,2025-10-14
"2028","PCPIPCH",866,3.247,2025-10-14
"2029","PCPIPCH",866,3.247,2025-10-14
"2030","PCPIPCH",866,3.244,2025-10-14
"2024","PCPIPCH",867,5.2,2025-10-14
"2025","PCPIPCH",867,5.181,2025-10-14
"2026","PCPIPCH",867,5.863,2025-10-14
"2027","PCPIPCH",867,5.222,2025-10-14
"2028","PCPIPCH",867,3.31,2025-10-14
"2029","PCPIPCH",867,2.422,2025-10-14
"2030","PCPIPCH",867,2.422,2025-10-14
"2025","PCPIPCH",868,4.077,2025-10-14
"2026","PCPIPCH",868,3.367,2025-10-14
"2027","PCPIPCH",868,2.351,2025-10-14
"2028","PCPIPCH",868,2.23,2025-10-14
"2029","PCPIPCH",868,2.236,2025-10-14
"2030","PCPIPCH",868,2.216,2025-10-14
"2025","PCPIPCH",869,1.96,2025-10-14
"2026","PCPIPCH",869,2.271,2025-10-14
"2027","PCPIPCH",869,2.485,2025-10-14
"2028","PCPIPCH",869,2.544,2025-10-14
"2029","PCPIPCH",869,2.48,2025-10-14
"2030","PCPIPCH",869,2.459,2025-10-14
"2025","PCPIPCH",911,3.33,2025-10-14
"2026","PCPIPCH",911,2.788,2025-10-14
"2027","PCPIPCH",911,2.904,2025-10-14
"2028","PCPIPCH",911,3.163,2025-10-14
"2029","PCPIPCH",911,2.923,2025-10-14
"2030","PCPIPCH",911,3.016,2025-10-14
"2025","PCPIPCH",912,5.7,2025-10-14
"2026","PCPIPCH",912,4.5,2025-10-14
"2027","PCPIPCH",912,4,2025-10-14
"2028","PCPIPCH",912,4,2025-10-14
"2029","PCPIPCH",912,4,2025-10-14
"2030","PCPIPCH",912,4,2025-10-14
"2025","PCPIPCH",913,7.012,2025-10-14
"2026","PCPIPCH",913,7.542,2025-10-14
"2027","PCPIPCH",913,6.409,2025-10-14
"2028","PCPIPCH",913,5.833,2025-10-14
"2029","PCPIPCH",913,5.489,2025-10-14
"2030","PCPIPCH",913,5.203,2025-10-14
"2025","PCPIPCH",914,2.273,2025-10-14
"2026","PCPIPCH",914,2.811,2025-10-14
"2027","PCPIPCH",914,2.987,2025-10-14
"2028","PCPIPCH",914,2.974,2025-10-14
"2029","PCPIPCH",914,2.999,2025-10-14
"2030","PCPIPCH",914,2.999,2025-10-14
"2025","PCPIPCH",915,3.92,2025-10-14
"2026","PCPIPCH",915,3.398,2025-10-14
"2027","PCPIPCH",915,3,2025-10-14
"2028","PCPIPCH",915,3,2025-10-14
"2029","PCPIPCH",915,3,2025-10-14
"2030","PCPIPCH",915,3,2025-10-14
"2024","PCPIPCH",916,8.676,2025-10-14
"2025","PCPIPCH",916,11.376,2025-10-14
"2026","PCPIPCH",916,11.209,2025-10-14
"2027","PCPIPCH",916,10.495,2025-10-14
"2028","PCPIPCH",916,9.116,2025-10-14
"2029","PCPIPCH",916,7.699,2025-10-14
"2030","PCPIPCH",916,5.896,2025-10-14
"2025","PCPIPCH",917,8.02,2025-10-14
"2026","PCPIPCH",917,6.904,2025-10-14
"2027","PCPIPCH",917,5.489,2025-10-14
"2028","PCPIPCH",917,5.032,2025-10-14
"2029","PCPIPCH",917,5.032,2025-10-14
"2030","PCPIPCH",917,5.032,2025-10-14
"2025","PCPIPCH",918,3.635,2025-10-14
"2026","PCPIPCH",918,3.394,2025-10-14
"2027","PCPIPCH",918,2.829,2025-10-14
"2028","PCPIPCH",918,2.646,2025-10-14
"2029","PCPIPCH",918,2.546,2025-10-14
"2030","PCPIPCH",918,2.407,2025-10-14
"2025","PCPIPCH",921,7.675,2025-10-14
"2026","PCPIPCH",921,5.474,2025-10-14
"2027","PCPIPCH",921,5,2025-10-14
"2028","PCPIPCH",921,5,2025-10-14
"2029","PCPIPCH",921,5,2025-10-14
"2030","PCPIPCH",921,5,2025-10-14
"2025","PCPIPCH",922,9.002,2025-10-14
"2026","PCPIPCH",922,5.176,2025-10-14
"2027","PCPIPCH",922,4,2025-10-14
"2028","PCPIPCH",922,4,2025-10-14
"2029","PCPIPCH",922,4,2025-10-14
"2030","PCPIPCH",922,4,2025-10-14
"2024","PCPIPCH",923,3.505,2025-10-14
"2025","PCPIPCH",923,3.836,2025-10-14
"2026","PCPIPCH",923,4.5,2025-10-14
"2027","PCPIPCH",923,5,2025-10-14
"2028","PCPIPCH",923,5,2025-10-14
"2029","PCPIPCH",923,5,2025-10-14
"2030","PCPIPCH",923,5,2025-10-14
"2025","PCPIPCH",924,0.013,2025-10-14
"2026","PCPIPCH",924,0.677,2025-10-14
"2027","PCPIPCH",924,1.418,2025-10-14
"2028","PCPIPCH",924,1.809,2025-10-14
"2029","PCPIPCH",924,1.878,2025-10-14
"2030","PCPIPCH",924,1.974,2025-10-14
"2025","PCPIPCH",925,3.894,2025-10-14
"2026","PCPIPCH",925,5,2025-10-14
"2027","PCPIPCH",925,7,2025-10-14
"2028","PCPIPCH",925,8,2025-10-14
"2029","PCPIPCH",925,8,2025-10-14
"2030","PCPIPCH",925,8,2025-10-14
"2025","PCPIPCH",926,12.64,2025-10-14
"2026","PCPIPCH",926,7.625,2025-10-14
"2027","PCPIPCH",926,5.29,2025-10-14
"2028","PCPIPCH",926,5,2025-10-14
"2029","PCPIPCH",926,5,2025-10-14
"2030","PCPIPCH",926,5,2025-10-14
"2025","PCPIPCH",927,9.129,2025-10-14
"2026","PCPIPCH",927,7.273,2025-10-14
"2027","PCPIPCH",927,6.298,2025-10-14
"2028","PCPIPCH",927,5.007,2025-10-14
"2029","PCPIPCH",927,4.985,2025-10-14
"2030","PCPIPCH",927,4.983,2025-10-14
"2025","PCPIPCH",935,2.495,2025-10-14
"2026","PCPIPCH",935,2.297,2025-10-14
"2027","PCPIPCH",935,2.3,2025-10-14
"2028","PCPIPCH",935,2.2,2025-10-14
"2029","PCPIPCH",935,2,2025-10-14
"2030","PCPIPCH",935,2,2025-10-14
"2025","PCPIPCH",936,4.214,2025-10-14
"2026","PCPIPCH",936,3.321,2025-10-14
"2027","PCPIPCH",936,2.244,2025-10-14
"2028","PCPIPCH",936,1.993,2025-10-14
"2029","PCPIPCH",936,2.014,2025-10-14
"2030","PCPIPCH",936,1.986,2025-10-14
"2025","PCPIPCH",939,5.074,2025-10-14
"2026","PCPIPCH",939,4.293,2025-10-14
"2027","PCPIPCH",939,3.28,2025-10-14
"2028","PCPIPCH",939,2.626,2025-10-14
"2029","PCPIPCH",939,2.434,2025-10-14
"2030","PCPIPCH",939,2.31,2025-10-14
"2025","PCPIPCH",941,3.761,2025-10-14
"2026","PCPIPCH",941,2.595,2025-10-14
"2027","PCPIPCH",941,2.81,2025-10-14
"2028","PCPIPCH",941,2.243,2025-10-14
"2029","PCPIPCH",941,2.169,2025-10-14
"2030","PCPIPCH",941,2.15,2025-10-14
"2025","PCPIPCH",942,4.551,2025-10-14
"2026","PCPIPCH",942,4.001,2025-10-14
"2027","PCPIPCH",942,3.566,2025-10-14
"2028","PCPIPCH",942,3.016,2025-10-14
"2029","PCPIPCH",942,3,2025-10-14
"2030","PCPIPCH",942,3,2025-10-14
"2025","PCPIPCH",943,4.063,2025-10-14
"2026","PCPIPCH",943,2.287,2025-10-14
"2027","PCPIPCH",943,2.341,2025-10-14
"2028","PCPIPCH",943,2.015,2025-10-14
"2029","PCPIPCH",943,1.998,2025-10-14
"2030","PCPIPCH",943,2.04,2025-10-14
"2025","PCPIPCH",944,4.456,2025-10-14
"2026","PCPIPCH",944,3.466,2025-10-14
"2027","PCPIPCH",944,3.028,2025-10-14
"2028","PCPIPCH",944,3,2025-10-14
"2029","PCPIPCH",944,3,2025-10-14
"2030","PCPIPCH",944,3,2025-10-14
"2025","PCPIPCH",946,3.576,2025-10-14
"2026","PCPIPCH",946,3.059,2025-10-14
"2027","PCPIPCH",946,2.514,2025-10-14
"2028","PCPIPCH",946,2.508,2025-10-14
"2029","PCPIPCH",946,2.495,2025-10-14
"2030","PCPIPCH",946,2.495,2025-10-14
"2025","PCPIPCH",948,8.267,2025-10-14
"2026","PCPIPCH",948,8.1,2025-10-14
"2027","PCPIPCH",948,7.9,2025-10-14
"2028","PCPIPCH",948,7.35,2025-10-14
"2029","PCPIPCH",948,6.8,2025-10-14
"2030","PCPIPCH",948,6.6,2025-10-14
"2025","PCPIPCH",960,4.407,2025-10-14
"2026","PCPIPCH",960,2.832,2025-10-14
"2027","PCPIPCH",960,2.417,2025-10-14
"2028","PCPIPCH",960,2.412,2025-10-14
"2029","PCPIPCH",960,2.369,2025-10-14
"2030","PCPIPCH",960,2.392,2025-10-14
"2025","PCPIPCH",961,2.478,2025-10-14
"2026","PCPIPCH",961,2.447,2025-10-14
"2027","PCPIPCH",961,2.16,2025-10-14
"2028","PCPIPCH",961,2.134,2025-10-14
"2029","PCPIPCH",961,2.096,2025-10-14
"2030","PCPIPCH",961,2.096,2025-10-14
"2025","PCPIPCH",962,3.9,2025-10-14
"2026","PCPIPCH",962,3,2025-10-14
"2027","PCPIPCH",962,2.2,2025-10-14
"2028","PCPIPCH",962,2,2025-10-14
"2029","PCPIPCH",962,2,2025-10-14
"2030","PCPIPCH",962,2,2025-10-14
"2025","PCPIPCH",963,3.995,2025-10-14
"2026","PCPIPCH",963,2.561,2025-10-14
"2027","PCPIPCH",963,2.042,2025-10-14
"2028","PCPIPCH",963,1.977,2025-10-14
"2029","PCPIPCH",963,2.046,2025-10-14
"2030","PCPIPCH",963,2.028,2025-10-14
"2025","PCPIPCH",964,3.803,2025-10-14
"2026","PCPIPCH",964,2.776,2025-10-14
"2027","PCPIPCH",964,2.717,2025-10-14
"2028","PCPIPCH",964,2.6,2025-10-14
"2029","PCPIPCH",964,2.5,2025-10-14
"2030","PCPIPCH",964,2.5,2025-10-14
"2025","PCPIPCH",967,3.545,2025-10-14
"2026","PCPIPCH",967,2.733,2025-10-14
"2027","PCPIPCH",967,2.063,2025-10-14
"2028","PCPIPCH",967,2,2025-10-14
"2029","PCPIPCH",967,2,2025-10-14
"2030","PCPIPCH",967,2,2025-10-14
"2025","PCPIPCH",968,7.299,2025-10-14
"2026","PCPIPCH",968,6.663,2025-10-14
"2027","PCPIPCH",968,4.291,2025-10-14
"2028","PCPIPCH",968,3.063,2025-10-14
"2029","PCPIPCH",968,2.841,2025-10-14
"2030","PCPIPCH",968,2.602,2025-10-14
