"year","ctry","variable","pubdate","value"
"2008",134,"NGDP_RPCH",2008-02-21,1.6
"2008",184,"NGDP_RPCH",2008-02-21,2.7
"2008",132,"NGDP_RPCH",2008-02-21,1.7
"2008",136,"NGDP_RPCH",2008-02-21,0.7
"2008",138,"NGDP_RPCH",2008-02-21,2.9
"2008",163,"NGDP_RPCH",2008-02-21,1.8
"2008",964,"NGDP_RPCH",2008-02-21,5.3
"2008",112,"NGDP_RPCH",2008-02-21,1.7
"2008",998,"NGDP_RPCH",2008-02-21,2
"2008",134,"PCPIPCH",2008-02-21,2.3
"2008",184,"PCPIPCH",2008-02-21,3.7
"2008",132,"PCPIPCH",2008-02-21,2.4
"2008",136,"PCPIPCH",2008-02-21,2.7
"2008",138,"PCPIPCH",2008-02-21,2.3
"2008",163,"PCPIPCH",2008-02-21,2.6
"2008",964,"PCPIPCH",2008-02-21,3.8
"2008",112,"PCPIPCH",2008-02-21,2.5
"2008",998,"PCPIPCH",2008-02-21,2.9
"2008",124,"LUR",2008-04-28,7.3
"2009",124,"LUR",2008-04-28,7.5
"2008",134,"LUR",2008-04-28,7.3
"2009",134,"LUR",2008-04-28,7.1
"2008",178,"LUR",2008-04-28,5.6
"2009",178,"LUR",2008-04-28,5.8
"2008",174,"LUR",2008-04-28,8.3
"2009",174,"LUR",2008-04-28,8
"2008",184,"LUR",2008-04-28,9.3
"2009",184,"LUR",2008-04-28,10.6
"2008",132,"LUR",2008-04-28,8
"2009",132,"LUR",2008-04-28,8.1
"2008",136,"LUR",2008-04-28,6
"2009",136,"LUR",2008-04-28,5.9
"2008",423,"LUR",2008-04-28,3.7
"2009",423,"LUR",2008-04-28,3.5
"2008",137,"LUR",2008-04-28,4.5
"2009",137,"LUR",2008-04-28,4.4
"2008",181,"LUR",2008-04-28,6.3
"2009",181,"LUR",2008-04-28,6.2
"2008",138,"LUR",2008-04-28,2.9
"2009",138,"LUR",2008-04-28,2.8
"2008",122,"LUR",2008-04-28,4.2
"2009",122,"LUR",2008-04-28,4.3
"2008",182,"LUR",2008-04-28,7.9
"2009",182,"LUR",2008-04-28,7.9
"2008",961,"LUR",2008-04-28,4.7
"2009",961,"LUR",2008-04-28,4.7
"2008",172,"LUR",2008-04-28,6.3
"2009",172,"LUR",2008-04-28,6.1
"2008",163,"LUR",2008-04-28,7.2
"2009",163,"LUR",2008-04-28,7.3
"2008",918,"LUR",2008-04-28,6
"2009",918,"LUR",2008-04-28,5.4
"2008",935,"LUR",2008-04-28,4.5
"2009",935,"LUR",2008-04-28,4.4
"2008",128,"LUR",2008-04-28,3.1
"2009",128,"LUR",2008-04-28,3.2
"2008",939,"LUR",2008-04-28,6
"2009",939,"LUR",2008-04-28,6
"2008",941,"LUR",2008-04-28,6.4
"2009",941,"LUR",2008-04-28,6.9
"2008",946,"LUR",2008-04-28,4.5
"2009",946,"LUR",2008-04-28,4.8
"2008",944,"LUR",2008-04-28,8.3
"2009",944,"LUR",2008-04-28,7.8
"2008",964,"LUR",2008-04-28,7.1
"2009",964,"LUR",2008-04-28,6.1
"2008",968,"LUR",2008-04-28,6.1
"2009",968,"LUR",2008-04-28,5.9
"2008",936,"LUR",2008-04-28,9.8
"2009",936,"LUR",2008-04-28,9.3
"2008",144,"LUR",2008-04-28,6.2
"2009",144,"LUR",2008-04-28,6.5
"2008",112,"LUR",2008-04-28,5.4
"2009",112,"LUR",2008-04-28,5.7
"2008",998,"LUR",2008-04-28,6.8
"2009",998,"LUR",2008-04-28,6.8
"2008",111,"LUR",2008-04-28,5.4
"2009",111,"LUR",2008-04-28,6.2
"2008",158,"LUR",2008-04-28,4
"2009",158,"LUR",2008-04-28,4.2
"2008",124,"NGDP_RPCH",2008-04-28,1.7
"2009",124,"NGDP_RPCH",2008-04-28,1.5
"2008",134,"NGDP_RPCH",2008-04-28,1.8
"2009",134,"NGDP_RPCH",2008-04-28,1.5
"2008",178,"NGDP_RPCH",2008-04-28,2.3
"2009",178,"NGDP_RPCH",2008-04-28,3.2
"2008",174,"NGDP_RPCH",2008-04-28,3.4
"2009",174,"NGDP_RPCH",2008-04-28,3.3
"2008",184,"NGDP_RPCH",2008-04-28,2.2
"2009",184,"NGDP_RPCH",2008-04-28,1.8
"2008",132,"NGDP_RPCH",2008-04-28,1.6
"2009",132,"NGDP_RPCH",2008-04-28,1.4
"2008",136,"NGDP_RPCH",2008-04-28,0.5
"2009",136,"NGDP_RPCH",2008-04-28,0.8
"2008",423,"NGDP_RPCH",2008-04-28,3.7
"2009",423,"NGDP_RPCH",2008-04-28,3.7
"2008",137,"NGDP_RPCH",2008-04-28,3.6
"2009",137,"NGDP_RPCH",2008-04-28,3.5
"2008",181,"NGDP_RPCH",2008-04-28,2.6
"2009",181,"NGDP_RPCH",2008-04-28,2.5
"2008",138,"NGDP_RPCH",2008-04-28,2.6
"2009",138,"NGDP_RPCH",2008-04-28,1.8
"2008",122,"NGDP_RPCH",2008-04-28,2.2
"2009",122,"NGDP_RPCH",2008-04-28,1.8
"2008",182,"NGDP_RPCH",2008-04-28,1.7
"2009",182,"NGDP_RPCH",2008-04-28,1.6
"2008",961,"NGDP_RPCH",2008-04-28,4.2
"2009",961,"NGDP_RPCH",2008-04-28,3.8
"2008",172,"NGDP_RPCH",2008-04-28,2.8
"2009",172,"NGDP_RPCH",2008-04-28,2.6
"2008",163,"NGDP_RPCH",2008-04-28,1.7
"2009",163,"NGDP_RPCH",2008-04-28,1.5
"2008",918,"NGDP_RPCH",2008-04-28,5.8
"2009",918,"NGDP_RPCH",2008-04-28,5.6
"2008",935,"NGDP_RPCH",2008-04-28,4.7
"2009",935,"NGDP_RPCH",2008-04-28,5
"2008",128,"NGDP_RPCH",2008-04-28,1.3
"2009",128,"NGDP_RPCH",2008-04-28,1.1
"2008",939,"NGDP_RPCH",2008-04-28,2.7
"2009",939,"NGDP_RPCH",2008-04-28,4.3
"2008",941,"NGDP_RPCH",2008-04-28,3.8
"2009",941,"NGDP_RPCH",2008-04-28,2.5
"2008",946,"NGDP_RPCH",2008-04-28,6.1
"2009",946,"NGDP_RPCH",2008-04-28,3.7
"2008",944,"NGDP_RPCH",2008-04-28,1.9
"2009",944,"NGDP_RPCH",2008-04-28,3.2
"2008",964,"NGDP_RPCH",2008-04-28,5.3
"2009",964,"NGDP_RPCH",2008-04-28,5
"2008",968,"NGDP_RPCH",2008-04-28,6.2
"2009",968,"NGDP_RPCH",2008-04-28,5.1
"2008",936,"NGDP_RPCH",2008-04-28,7
"2009",936,"NGDP_RPCH",2008-04-28,6.2
"2008",144,"NGDP_RPCH",2008-04-28,2.2
"2009",144,"NGDP_RPCH",2008-04-28,1.8
"2008",112,"NGDP_RPCH",2008-04-28,1.7
"2009",112,"NGDP_RPCH",2008-04-28,1.6
"2008",998,"NGDP_RPCH",2008-04-28,2
"2009",998,"NGDP_RPCH",2008-04-28,1.8
"2008",111,"NGDP_RPCH",2008-04-28,0.9
"2009",111,"NGDP_RPCH",2008-04-28,0.7
"2008",158,"NGDP_RPCH",2008-04-28,1.2
"2009",158,"NGDP_RPCH",2008-04-28,1.1
"2008",124,"PCPIPCH",2008-04-28,3.6
"2009",124,"PCPIPCH",2008-04-28,2.3
"2008",134,"PCPIPCH",2008-04-28,2.9
"2009",134,"PCPIPCH",2008-04-28,1.8
"2008",178,"PCPIPCH",2008-04-28,3.3
"2009",178,"PCPIPCH",2008-04-28,2.4
"2008",174,"PCPIPCH",2008-04-28,3.7
"2009",174,"PCPIPCH",2008-04-28,3.6
"2008",184,"PCPIPCH",2008-04-28,3.8
"2009",184,"PCPIPCH",2008-04-28,2.6
"2008",132,"PCPIPCH",2008-04-28,3
"2009",132,"PCPIPCH",2008-04-28,2
"2008",136,"PCPIPCH",2008-04-28,3
"2009",136,"PCPIPCH",2008-04-28,2.2
"2008",423,"PCPIPCH",2008-04-28,3.8
"2009",423,"PCPIPCH",2008-04-28,2.5
"2008",137,"PCPIPCH",2008-04-28,4.2
"2009",137,"PCPIPCH",2008-04-28,2.5
"2008",181,"PCPIPCH",2008-04-28,3.4
"2009",181,"PCPIPCH",2008-04-28,2.2
"2008",138,"PCPIPCH",2008-04-28,2.7
"2009",138,"PCPIPCH",2008-04-28,2.9
"2008",122,"PCPIPCH",2008-04-28,3
"2009",122,"PCPIPCH",2008-04-28,1.9
"2008",182,"PCPIPCH",2008-04-28,2.8
"2009",182,"PCPIPCH",2008-04-28,2.3
"2008",961,"PCPIPCH",2008-04-28,5.4
"2009",961,"PCPIPCH",2008-04-28,3.3
"2008",172,"PCPIPCH",2008-04-28,3.4
"2009",172,"PCPIPCH",2008-04-28,2.3
"2008",163,"PCPIPCH",2008-04-28,3.2
"2009",163,"PCPIPCH",2008-04-28,2.2
"2008",918,"PCPIPCH",2008-04-28,9.9
"2009",918,"PCPIPCH",2008-04-28,5.9
"2008",935,"PCPIPCH",2008-04-28,6.2
"2009",935,"PCPIPCH",2008-04-28,2.7
"2008",128,"PCPIPCH",2008-04-28,3.3
"2009",128,"PCPIPCH",2008-04-28,2.3
"2008",939,"PCPIPCH",2008-04-28,9.5
"2009",939,"PCPIPCH",2008-04-28,5.1
"2008",941,"PCPIPCH",2008-04-28,15.8
"2009",941,"PCPIPCH",2008-04-28,8.5
"2008",946,"PCPIPCH",2008-04-28,10.1
"2009",946,"PCPIPCH",2008-04-28,7.2
"2008",944,"PCPIPCH",2008-04-28,6.3
"2009",944,"PCPIPCH",2008-04-28,3.7
"2008",964,"PCPIPCH",2008-04-28,4.3
"2009",964,"PCPIPCH",2008-04-28,3.4
"2008",968,"PCPIPCH",2008-04-28,7.6
"2009",968,"PCPIPCH",2008-04-28,4.8
"2008",936,"PCPIPCH",2008-04-28,3.8
"2009",936,"PCPIPCH",2008-04-28,3.2
"2008",144,"PCPIPCH",2008-04-28,2.4
"2009",144,"PCPIPCH",2008-04-28,1.9
"2008",112,"PCPIPCH",2008-04-28,2.8
"2009",112,"PCPIPCH",2008-04-28,2.2
"2008",998,"PCPIPCH",2008-04-28,3.6
"2009",998,"PCPIPCH",2008-04-28,2.4
"2008",111,"PCPIPCH",2008-04-28,3.6
"2009",111,"PCPIPCH",2008-04-28,1.6
"2008",158,"PCPIPCH",2008-04-28,0.7
"2009",158,"PCPIPCH",2008-04-28,0.6
"2008",134,"NGDP_RPCH",2008-09-10,1.8
"2008",184,"NGDP_RPCH",2008-09-10,1.4
"2008",132,"NGDP_RPCH",2008-09-10,1
"2008",136,"NGDP_RPCH",2008-09-10,0.1
"2008",138,"NGDP_RPCH",2008-09-10,2.2
"2008",163,"NGDP_RPCH",2008-09-10,1.3
"2008",964,"NGDP_RPCH",2008-09-10,5.4
"2008",112,"NGDP_RPCH",2008-09-10,1.1
"2008",998,"NGDP_RPCH",2008-09-10,1.4
"2008",134,"PCPIPCH",2008-09-10,3
"2008",184,"PCPIPCH",2008-09-10,4.5
"2008",132,"PCPIPCH",2008-09-10,3.5
"2008",136,"PCPIPCH",2008-09-10,3.7
"2008",138,"PCPIPCH",2008-09-10,2.8
"2008",163,"PCPIPCH",2008-09-10,3.6
"2008",964,"PCPIPCH",2008-09-10,4.5
"2008",112,"PCPIPCH",2008-09-10,3.6
"2008",998,"PCPIPCH",2008-09-10,3.8
"2008",124,"LUR",2008-11-03,7.1
"2009",124,"LUR",2008-11-03,8
"2010",124,"LUR",2008-11-03,8.7
"2008",134,"LUR",2008-11-03,7.3
"2009",134,"LUR",2008-11-03,7.5
"2010",134,"LUR",2008-11-03,7.4
"2008",178,"LUR",2008-11-03,6.1
"2009",178,"LUR",2008-11-03,7.6
"2010",178,"LUR",2008-11-03,7.4
"2008",174,"LUR",2008-11-03,9
"2009",174,"LUR",2008-11-03,9.2
"2010",174,"LUR",2008-11-03,9.3
"2008",184,"LUR",2008-11-03,10.8
"2009",184,"LUR",2008-11-03,13.8
"2010",184,"LUR",2008-11-03,15.5
"2008",132,"LUR",2008-11-03,8
"2009",132,"LUR",2008-11-03,9
"2010",132,"LUR",2008-11-03,9.3
"2008",136,"LUR",2008-11-03,6.8
"2009",136,"LUR",2008-11-03,7.1
"2010",136,"LUR",2008-11-03,7.3
"2008",423,"LUR",2008-11-03,3.9
"2009",423,"LUR",2008-11-03,3.8
"2010",423,"LUR",2008-11-03,3.7
"2008",137,"LUR",2008-11-03,4
"2009",137,"LUR",2008-11-03,4.3
"2010",137,"LUR",2008-11-03,4.7
"2008",181,"LUR",2008-11-03,5.9
"2009",181,"LUR",2008-11-03,6.2
"2010",181,"LUR",2008-11-03,6.4
"2008",138,"LUR",2008-11-03,3
"2009",138,"LUR",2008-11-03,3.4
"2010",138,"LUR",2008-11-03,3.7
"2008",122,"LUR",2008-11-03,3.9
"2009",122,"LUR",2008-11-03,4.2
"2010",122,"LUR",2008-11-03,4.5
"2008",182,"LUR",2008-11-03,7.7
"2009",182,"LUR",2008-11-03,7.9
"2010",182,"LUR",2008-11-03,7.9
"2008",961,"LUR",2008-11-03,4.5
"2009",961,"LUR",2008-11-03,4.8
"2010",961,"LUR",2008-11-03,4.7
"2008",936,"LUR",2008-11-03,9.9
"2009",936,"LUR",2008-11-03,9.8
"2010",936,"LUR",2008-11-03,9.6
"2008",172,"LUR",2008-11-03,6.3
"2009",172,"LUR",2008-11-03,6.5
"2010",172,"LUR",2008-11-03,6.4
"2008",163,"LUR",2008-11-03,7.6
"2009",163,"LUR",2008-11-03,8.4
"2010",163,"LUR",2008-11-03,8.7
"2008",918,"LUR",2008-11-03,6
"2009",918,"LUR",2008-11-03,5.8
"2010",918,"LUR",2008-11-03,5.7
"2008",935,"LUR",2008-11-03,5
"2009",935,"LUR",2008-11-03,5
"2010",935,"LUR",2008-11-03,5.2
"2008",128,"LUR",2008-11-03,3.1
"2009",128,"LUR",2008-11-03,3.5
"2010",128,"LUR",2008-11-03,4.3
"2008",939,"LUR",2008-11-03,5
"2009",939,"LUR",2008-11-03,6.7
"2010",939,"LUR",2008-11-03,7.7
"2008",941,"LUR",2008-11-03,6.5
"2009",941,"LUR",2008-11-03,9.2
"2010",941,"LUR",2008-11-03,9.6
"2008",946,"LUR",2008-11-03,4.9
"2009",946,"LUR",2008-11-03,7.1
"2010",946,"LUR",2008-11-03,8.4
"2008",944,"LUR",2008-11-03,8.1
"2009",944,"LUR",2008-11-03,8.6
"2010",944,"LUR",2008-11-03,8.5
"2008",964,"LUR",2008-11-03,7.3
"2009",964,"LUR",2008-11-03,7.3
"2010",964,"LUR",2008-11-03,7.8
"2008",968,"LUR",2008-11-03,6.1
"2009",968,"LUR",2008-11-03,6.4
"2010",968,"LUR",2008-11-03,6.1
"2008",144,"LUR",2008-11-03,6
"2009",144,"LUR",2008-11-03,6.8
"2010",144,"LUR",2008-11-03,7.3
"2008",112,"LUR",2008-11-03,5.7
"2009",112,"LUR",2008-11-03,7.1
"2010",112,"LUR",2008-11-03,6.9
"2008",998,"LUR",2008-11-03,7
"2009",998,"LUR",2008-11-03,7.8
"2010",998,"LUR",2008-11-03,8.1
"2008",111,"LUR",2008-11-03,5.7
"2009",111,"LUR",2008-11-03,7.5
"2010",111,"LUR",2008-11-03,8.1
"2008",158,"LUR",2008-11-03,4.1
"2009",158,"LUR",2008-11-03,4.7
"2010",158,"LUR",2008-11-03,4.6
"2008",124,"NGDP_RPCH",2008-11-03,1.4
"2009",124,"NGDP_RPCH",2008-11-03,0.1
"2010",124,"NGDP_RPCH",2008-11-03,0.9
"2008",134,"NGDP_RPCH",2008-11-03,1.7
"2009",134,"NGDP_RPCH",2008-11-03,0
"2010",134,"NGDP_RPCH",2008-11-03,1
"2008",178,"NGDP_RPCH",2008-11-03,-1.6
"2009",178,"NGDP_RPCH",2008-11-03,-0.9
"2010",178,"NGDP_RPCH",2008-11-03,2.4
"2008",174,"NGDP_RPCH",2008-11-03,3.1
"2009",174,"NGDP_RPCH",2008-11-03,2.5
"2010",174,"NGDP_RPCH",2008-11-03,2.6
"2008",184,"NGDP_RPCH",2008-11-03,1.3
"2009",184,"NGDP_RPCH",2008-11-03,-0.2
"2010",184,"NGDP_RPCH",2008-11-03,0.5
"2008",132,"NGDP_RPCH",2008-11-03,0.9
"2009",132,"NGDP_RPCH",2008-11-03,0
"2010",132,"NGDP_RPCH",2008-11-03,0.8
"2008",136,"NGDP_RPCH",2008-11-03,0
"2009",136,"NGDP_RPCH",2008-11-03,0
"2010",136,"NGDP_RPCH",2008-11-03,0.6
"2008",423,"NGDP_RPCH",2008-11-03,3.7
"2009",423,"NGDP_RPCH",2008-11-03,2.9
"2010",423,"NGDP_RPCH",2008-11-03,3.2
"2008",137,"NGDP_RPCH",2008-11-03,2.5
"2009",137,"NGDP_RPCH",2008-11-03,1.2
"2010",137,"NGDP_RPCH",2008-11-03,2.3
"2008",181,"NGDP_RPCH",2008-11-03,2.4
"2009",181,"NGDP_RPCH",2008-11-03,2
"2010",181,"NGDP_RPCH",2008-11-03,2.2
"2008",138,"NGDP_RPCH",2008-11-03,2.3
"2009",138,"NGDP_RPCH",2008-11-03,0.4
"2010",138,"NGDP_RPCH",2008-11-03,0.9
"2008",122,"NGDP_RPCH",2008-11-03,1.9
"2009",122,"NGDP_RPCH",2008-11-03,0.6
"2010",122,"NGDP_RPCH",2008-11-03,1.3
"2008",182,"NGDP_RPCH",2008-11-03,0.5
"2009",182,"NGDP_RPCH",2008-11-03,0.1
"2010",182,"NGDP_RPCH",2008-11-03,0.7
"2008",961,"NGDP_RPCH",2008-11-03,4.4
"2009",961,"NGDP_RPCH",2008-11-03,2.9
"2010",961,"NGDP_RPCH",2008-11-03,3.7
"2008",936,"NGDP_RPCH",2008-11-03,7
"2009",936,"NGDP_RPCH",2008-11-03,4.9
"2010",936,"NGDP_RPCH",2008-11-03,5.5
"2008",172,"NGDP_RPCH",2008-11-03,2.4
"2009",172,"NGDP_RPCH",2008-11-03,1.3
"2010",172,"NGDP_RPCH",2008-11-03,2
"2008",163,"NGDP_RPCH",2008-11-03,1.2
"2009",163,"NGDP_RPCH",2008-11-03,0.1
"2010",163,"NGDP_RPCH",2008-11-03,0.9
"2008",918,"NGDP_RPCH",2008-11-03,6.5
"2009",918,"NGDP_RPCH",2008-11-03,4.5
"2010",918,"NGDP_RPCH",2008-11-03,4.7
"2008",935,"NGDP_RPCH",2008-11-03,4.4
"2009",935,"NGDP_RPCH",2008-11-03,3.6
"2010",935,"NGDP_RPCH",2008-11-03,3.9
"2008",128,"NGDP_RPCH",2008-11-03,0.7
"2009",128,"NGDP_RPCH",2008-11-03,0.1
"2010",128,"NGDP_RPCH",2008-11-03,0.9
"2008",939,"NGDP_RPCH",2008-11-03,-1.3
"2009",939,"NGDP_RPCH",2008-11-03,-1.2
"2010",939,"NGDP_RPCH",2008-11-03,2
"2008",941,"NGDP_RPCH",2008-11-03,-0.8
"2009",941,"NGDP_RPCH",2008-11-03,-2.7
"2010",941,"NGDP_RPCH",2008-11-03,1
"2008",946,"NGDP_RPCH",2008-11-03,3.8
"2009",946,"NGDP_RPCH",2008-11-03,0
"2010",946,"NGDP_RPCH",2008-11-03,-1.1
"2008",944,"NGDP_RPCH",2008-11-03,1.7
"2009",944,"NGDP_RPCH",2008-11-03,0.7
"2010",944,"NGDP_RPCH",2008-11-03,1.8
"2008",964,"NGDP_RPCH",2008-11-03,5.4
"2009",964,"NGDP_RPCH",2008-11-03,3.8
"2010",964,"NGDP_RPCH",2008-11-03,4.2
"2008",968,"NGDP_RPCH",2008-11-03,8.5
"2009",968,"NGDP_RPCH",2008-11-03,4.7
"2010",968,"NGDP_RPCH",2008-11-03,5
"2008",144,"NGDP_RPCH",2008-11-03,1
"2009",144,"NGDP_RPCH",2008-11-03,-0.2
"2010",144,"NGDP_RPCH",2008-11-03,1.6
"2008",112,"NGDP_RPCH",2008-11-03,0.9
"2009",112,"NGDP_RPCH",2008-11-03,-1
"2010",112,"NGDP_RPCH",2008-11-03,0.4
"2008",998,"NGDP_RPCH",2008-11-03,1.4
"2009",998,"NGDP_RPCH",2008-11-03,0.2
"2010",998,"NGDP_RPCH",2008-11-03,1.1
"2008",111,"NGDP_RPCH",2008-11-03,1.5
"2009",111,"NGDP_RPCH",2008-11-03,-0.5
"2010",111,"NGDP_RPCH",2008-11-03,1
"2008",158,"NGDP_RPCH",2008-11-03,0.4
"2009",158,"NGDP_RPCH",2008-11-03,-0.4
"2010",158,"NGDP_RPCH",2008-11-03,0.6
"2008",124,"PCPIPCH",2008-11-03,4.7
"2009",124,"PCPIPCH",2008-11-03,2.5
"2010",124,"PCPIPCH",2008-11-03,2
"2008",134,"PCPIPCH",2008-11-03,3
"2009",134,"PCPIPCH",2008-11-03,2.1
"2010",134,"PCPIPCH",2008-11-03,1.9
"2008",178,"PCPIPCH",2008-11-03,3.3
"2009",178,"PCPIPCH",2008-11-03,2.1
"2010",178,"PCPIPCH",2008-11-03,1.8
"2008",174,"PCPIPCH",2008-11-03,4.4
"2009",174,"PCPIPCH",2008-11-03,3.5
"2010",174,"PCPIPCH",2008-11-03,3.3
"2008",184,"PCPIPCH",2008-11-03,4.2
"2009",184,"PCPIPCH",2008-11-03,2.1
"2010",184,"PCPIPCH",2008-11-03,2.8
"2008",132,"PCPIPCH",2008-11-03,3.3
"2009",132,"PCPIPCH",2008-11-03,1.8
"2010",132,"PCPIPCH",2008-11-03,1.7
"2008",136,"PCPIPCH",2008-11-03,3.6
"2009",136,"PCPIPCH",2008-11-03,2
"2010",136,"PCPIPCH",2008-11-03,2.1
"2008",423,"PCPIPCH",2008-11-03,4.5
"2009",423,"PCPIPCH",2008-11-03,2.9
"2010",423,"PCPIPCH",2008-11-03,3.2
"2008",137,"PCPIPCH",2008-11-03,4.4
"2009",137,"PCPIPCH",2008-11-03,2.2
"2010",137,"PCPIPCH",2008-11-03,2.7
"2008",181,"PCPIPCH",2008-11-03,4.4
"2009",181,"PCPIPCH",2008-11-03,3
"2010",181,"PCPIPCH",2008-11-03,2.2
"2008",138,"PCPIPCH",2008-11-03,2.5
"2009",138,"PCPIPCH",2008-11-03,3
"2010",138,"PCPIPCH",2008-11-03,2.3
"2008",122,"PCPIPCH",2008-11-03,3.4
"2009",122,"PCPIPCH",2008-11-03,2.1
"2010",122,"PCPIPCH",2008-11-03,1.9
"2008",182,"PCPIPCH",2008-11-03,2.9
"2009",182,"PCPIPCH",2008-11-03,2.3
"2010",182,"PCPIPCH",2008-11-03,2.1
"2008",961,"PCPIPCH",2008-11-03,6.2
"2009",961,"PCPIPCH",2008-11-03,3.7
"2010",961,"PCPIPCH",2008-11-03,3.1
"2008",936,"PCPIPCH",2008-11-03,4
"2009",936,"PCPIPCH",2008-11-03,3.5
"2010",936,"PCPIPCH",2008-11-03,3.3
"2008",172,"PCPIPCH",2008-11-03,4.2
"2009",172,"PCPIPCH",2008-11-03,2.6
"2010",172,"PCPIPCH",2008-11-03,1.8
"2008",163,"PCPIPCH",2008-11-03,3.5
"2009",163,"PCPIPCH",2008-11-03,2.2
"2010",163,"PCPIPCH",2008-11-03,2.1
"2008",918,"PCPIPCH",2008-11-03,12.4
"2009",918,"PCPIPCH",2008-11-03,7.9
"2010",918,"PCPIPCH",2008-11-03,6.8
"2008",935,"PCPIPCH",2008-11-03,6.6
"2009",935,"PCPIPCH",2008-11-03,3.1
"2010",935,"PCPIPCH",2008-11-03,2.7
"2008",128,"PCPIPCH",2008-11-03,3.8
"2009",128,"PCPIPCH",2008-11-03,2.3
"2010",128,"PCPIPCH",2008-11-03,2
"2008",939,"PCPIPCH",2008-11-03,10.6
"2009",939,"PCPIPCH",2008-11-03,4.9
"2010",939,"PCPIPCH",2008-11-03,3.3
"2008",941,"PCPIPCH",2008-11-03,15.7
"2009",941,"PCPIPCH",2008-11-03,8.2
"2010",941,"PCPIPCH",2008-11-03,4.7
"2008",946,"PCPIPCH",2008-11-03,11.9
"2009",946,"PCPIPCH",2008-11-03,7.1
"2010",946,"PCPIPCH",2008-11-03,7.5
"2008",944,"PCPIPCH",2008-11-03,6.3
"2009",944,"PCPIPCH",2008-11-03,3.9
"2010",944,"PCPIPCH",2008-11-03,2.9
"2008",964,"PCPIPCH",2008-11-03,4.3
"2009",964,"PCPIPCH",2008-11-03,3.5
"2010",964,"PCPIPCH",2008-11-03,2.6
"2008",968,"PCPIPCH",2008-11-03,7.8
"2009",968,"PCPIPCH",2008-11-03,5.7
"2010",968,"PCPIPCH",2008-11-03,4
"2008",144,"PCPIPCH",2008-11-03,3
"2009",144,"PCPIPCH",2008-11-03,1.7
"2010",144,"PCPIPCH",2008-11-03,1.9
"2008",112,"PCPIPCH",2008-11-03,3.7
"2009",112,"PCPIPCH",2008-11-03,1.9
"2010",112,"PCPIPCH",2008-11-03,1.2
"2008",998,"PCPIPCH",2008-11-03,3.9
"2009",998,"PCPIPCH",2008-11-03,2.4
"2010",998,"PCPIPCH",2008-11-03,2.2
"2008",111,"PCPIPCH",2008-11-03,4.4
"2009",111,"PCPIPCH",2008-11-03,1.5
"2010",111,"PCPIPCH",2008-11-03,0.8
"2008",158,"PCPIPCH",2008-11-03,1.6
"2009",158,"PCPIPCH",2008-11-03,0.8
"2010",158,"PCPIPCH",2008-11-03,0.7
"2009",124,"NGDP_RPCH",2009-01-19,-1.9
"2010",124,"NGDP_RPCH",2009-01-19,0.3
"2009",134,"NGDP_RPCH",2009-01-19,-2.3
"2010",134,"NGDP_RPCH",2009-01-19,0.7
"2009",178,"NGDP_RPCH",2009-01-19,-5
"2010",178,"NGDP_RPCH",2009-01-19,0
"2009",174,"NGDP_RPCH",2009-01-19,0.2
"2010",174,"NGDP_RPCH",2009-01-19,0.7
"2009",184,"NGDP_RPCH",2009-01-19,-2
"2010",184,"NGDP_RPCH",2009-01-19,-0.2
"2009",132,"NGDP_RPCH",2009-01-19,-1.8
"2010",132,"NGDP_RPCH",2009-01-19,0.4
"2009",136,"NGDP_RPCH",2009-01-19,-2
"2010",136,"NGDP_RPCH",2009-01-19,0.3
"2009",423,"NGDP_RPCH",2009-01-19,1.1
"2010",423,"NGDP_RPCH",2009-01-19,2
"2009",137,"NGDP_RPCH",2009-01-19,-0.9
"2010",137,"NGDP_RPCH",2009-01-19,1.4
"2009",181,"NGDP_RPCH",2009-01-19,0.7
"2010",181,"NGDP_RPCH",2009-01-19,1.3
"2009",138,"NGDP_RPCH",2009-01-19,-2
"2010",138,"NGDP_RPCH",2009-01-19,0.2
"2009",122,"NGDP_RPCH",2009-01-19,-1.2
"2010",122,"NGDP_RPCH",2009-01-19,0.6
"2009",182,"NGDP_RPCH",2009-01-19,-1.6
"2010",182,"NGDP_RPCH",2009-01-19,-0.2
"2009",961,"NGDP_RPCH",2009-01-19,0.6
"2010",961,"NGDP_RPCH",2009-01-19,2.3
"2009",936,"NGDP_RPCH",2009-01-19,2.7
"2010",936,"NGDP_RPCH",2009-01-19,3.1
"2009",172,"NGDP_RPCH",2009-01-19,-1.2
"2010",172,"NGDP_RPCH",2009-01-19,1.2
"2009",163,"NGDP_RPCH",2009-01-19,-1.9
"2010",163,"NGDP_RPCH",2009-01-19,0.4
"2009",918,"NGDP_RPCH",2009-01-19,1.8
"2010",918,"NGDP_RPCH",2009-01-19,2.5
"2009",935,"NGDP_RPCH",2009-01-19,1.7
"2010",935,"NGDP_RPCH",2009-01-19,2.3
"2009",128,"NGDP_RPCH",2009-01-19,-1
"2010",128,"NGDP_RPCH",2009-01-19,0.6
"2009",939,"NGDP_RPCH",2009-01-19,-4.7
"2010",939,"NGDP_RPCH",2009-01-19,1.2
"2009",941,"NGDP_RPCH",2009-01-19,-6.9
"2010",941,"NGDP_RPCH",2009-01-19,-2.4
"2009",946,"NGDP_RPCH",2009-01-19,-4
"2010",946,"NGDP_RPCH",2009-01-19,-2.6
"2009",944,"NGDP_RPCH",2009-01-19,-1.6
"2010",944,"NGDP_RPCH",2009-01-19,1
"2009",964,"NGDP_RPCH",2009-01-19,2
"2010",964,"NGDP_RPCH",2009-01-19,2.4
"2009",968,"NGDP_RPCH",2009-01-19,1.8
"2010",968,"NGDP_RPCH",2009-01-19,2.5
"2009",144,"NGDP_RPCH",2009-01-19,-1.4
"2010",144,"NGDP_RPCH",2009-01-19,1.2
"2009",112,"NGDP_RPCH",2009-01-19,-2.8
"2010",112,"NGDP_RPCH",2009-01-19,0.2
"2009",998,"NGDP_RPCH",2009-01-19,-1.8
"2010",998,"NGDP_RPCH",2009-01-19,0.5
"2009",124,"PCPIPCH",2009-01-19,1.1
"2010",124,"PCPIPCH",2009-01-19,2
"2009",134,"PCPIPCH",2009-01-19,0.8
"2010",134,"PCPIPCH",2009-01-19,1.4
"2009",178,"PCPIPCH",2009-01-19,0.7
"2010",178,"PCPIPCH",2009-01-19,1.8
"2009",174,"PCPIPCH",2009-01-19,2.5
"2010",174,"PCPIPCH",2009-01-19,2.7
"2009",184,"PCPIPCH",2009-01-19,0.6
"2010",184,"PCPIPCH",2009-01-19,2.4
"2009",132,"PCPIPCH",2009-01-19,0.8
"2010",132,"PCPIPCH",2009-01-19,1.5
"2009",136,"PCPIPCH",2009-01-19,1.2
"2010",136,"PCPIPCH",2009-01-19,2.2
"2009",423,"PCPIPCH",2009-01-19,2
"2010",423,"PCPIPCH",2009-01-19,2.3
"2009",137,"PCPIPCH",2009-01-19,0.6
"2010",137,"PCPIPCH",2009-01-19,2.5
"2009",181,"PCPIPCH",2009-01-19,1.9
"2010",181,"PCPIPCH",2009-01-19,2.2
"2009",138,"PCPIPCH",2009-01-19,1.9
"2010",138,"PCPIPCH",2009-01-19,1.8
"2009",122,"PCPIPCH",2009-01-19,1.2
"2010",122,"PCPIPCH",2009-01-19,1.6
"2009",182,"PCPIPCH",2009-01-19,1
"2010",182,"PCPIPCH",2009-01-19,2
"2009",961,"PCPIPCH",2009-01-19,0.9
"2010",961,"PCPIPCH",2009-01-19,2.8
"2009",936,"PCPIPCH",2009-01-19,2.9
"2010",936,"PCPIPCH",2009-01-19,3.5
"2009",172,"PCPIPCH",2009-01-19,1.8
"2010",172,"PCPIPCH",2009-01-19,1.8
"2009",163,"PCPIPCH",2009-01-19,1
"2010",163,"PCPIPCH",2009-01-19,1.8
"2009",918,"PCPIPCH",2009-01-19,5.4
"2010",918,"PCPIPCH",2009-01-19,4.8
"2009",935,"PCPIPCH",2009-01-19,2.6
"2010",935,"PCPIPCH",2009-01-19,2.3
"2009",128,"PCPIPCH",2009-01-19,1.6
"2010",128,"PCPIPCH",2009-01-19,1.9
"2009",939,"PCPIPCH",2009-01-19,3.2
"2010",939,"PCPIPCH",2009-01-19,2.7
"2009",941,"PCPIPCH",2009-01-19,6.8
"2010",941,"PCPIPCH",2009-01-19,2.4
"2009",946,"PCPIPCH",2009-01-19,5.6
"2010",946,"PCPIPCH",2009-01-19,4.8
"2009",944,"PCPIPCH",2009-01-19,2.8
"2010",944,"PCPIPCH",2009-01-19,2.2
"2009",964,"PCPIPCH",2009-01-19,2.9
"2010",964,"PCPIPCH",2009-01-19,2.5
"2009",968,"PCPIPCH",2009-01-19,5.7
"2010",968,"PCPIPCH",2009-01-19,4
"2009",144,"PCPIPCH",2009-01-19,0.7
"2010",144,"PCPIPCH",2009-01-19,1
"2009",112,"PCPIPCH",2009-01-19,0.1
"2010",112,"PCPIPCH",2009-01-19,1.1
"2009",998,"PCPIPCH",2009-01-19,1.2
"2010",998,"PCPIPCH",2009-01-19,1.9
"2009",124,"LUR",2009-05-04,8.5
"2010",124,"LUR",2009-05-04,10.3
"2009",134,"LUR",2009-05-04,8.6
"2010",134,"LUR",2009-05-04,10.4
"2009",178,"LUR",2009-05-04,13.3
"2010",178,"LUR",2009-05-04,16
"2009",174,"LUR",2009-05-04,9.1
"2010",174,"LUR",2009-05-04,9.7
"2009",184,"LUR",2009-05-04,17.3
"2010",184,"LUR",2009-05-04,20.5
"2009",132,"LUR",2009-05-04,9.6
"2010",132,"LUR",2009-05-04,10.7
"2009",136,"LUR",2009-05-04,8.8
"2010",136,"LUR",2009-05-04,9.4
"2009",423,"LUR",2009-05-04,4.7
"2010",423,"LUR",2009-05-04,6
"2009",137,"LUR",2009-05-04,5.9
"2010",137,"LUR",2009-05-04,7
"2009",181,"LUR",2009-05-04,7.1
"2010",181,"LUR",2009-05-04,7.6
"2009",138,"LUR",2009-05-04,3.9
"2010",138,"LUR",2009-05-04,6.2
"2009",122,"LUR",2009-05-04,6
"2010",122,"LUR",2009-05-04,7.1
"2009",182,"LUR",2009-05-04,9.1
"2010",182,"LUR",2009-05-04,9.8
"2009",961,"LUR",2009-05-04,6.6
"2010",961,"LUR",2009-05-04,7.4
"2009",936,"LUR",2009-05-04,12
"2010",936,"LUR",2009-05-04,12.1
"2009",172,"LUR",2009-05-04,8.9
"2010",172,"LUR",2009-05-04,9.3
"2009",163,"LUR",2009-05-04,9.9
"2010",163,"LUR",2009-05-04,11.5
"2009",918,"LUR",2009-05-04,7.3
"2010",918,"LUR",2009-05-04,7.8
"2009",935,"LUR",2009-05-04,6.1
"2010",935,"LUR",2009-05-04,7.4
"2009",128,"LUR",2009-05-04,5.2
"2010",128,"LUR",2009-05-04,6.6
"2009",939,"LUR",2009-05-04,11.3
"2010",939,"LUR",2009-05-04,14.1
"2009",941,"LUR",2009-05-04,15.7
"2010",941,"LUR",2009-05-04,16
"2009",946,"LUR",2009-05-04,13.8
"2010",946,"LUR",2009-05-04,15.9
"2009",944,"LUR",2009-05-04,9.5
"2010",944,"LUR",2009-05-04,11.2
"2009",964,"LUR",2009-05-04,9.9
"2010",964,"LUR",2009-05-04,12.1
"2009",968,"LUR",2009-05-04,8
"2010",968,"LUR",2009-05-04,7.7
"2009",144,"LUR",2009-05-04,8.4
"2010",144,"LUR",2009-05-04,10.4
"2009",112,"LUR",2009-05-04,8.2
"2010",112,"LUR",2009-05-04,9.4
"2009",998,"LUR",2009-05-04,9.4
"2010",998,"LUR",2009-05-04,10.9
"2009",111,"LUR",2009-05-04,8.9
"2010",111,"LUR",2009-05-04,10.2
"2009",158,"LUR",2009-05-04,5.8
"2010",158,"LUR",2009-05-04,6.3
"2009",124,"NGDP_RPCH",2009-05-04,-3.5
"2010",124,"NGDP_RPCH",2009-05-04,-0.2
"2009",134,"NGDP_RPCH",2009-05-04,-5.4
"2010",134,"NGDP_RPCH",2009-05-04,0.3
"2009",178,"NGDP_RPCH",2009-05-04,-9
"2010",178,"NGDP_RPCH",2009-05-04,-2.6
"2009",174,"NGDP_RPCH",2009-05-04,-0.9
"2010",174,"NGDP_RPCH",2009-05-04,0.1
"2009",184,"NGDP_RPCH",2009-05-04,-3.2
"2010",184,"NGDP_RPCH",2009-05-04,-1
"2009",132,"NGDP_RPCH",2009-05-04,-3
"2010",132,"NGDP_RPCH",2009-05-04,-0.2
"2009",136,"NGDP_RPCH",2009-05-04,-4.4
"2010",136,"NGDP_RPCH",2009-05-04,0.1
"2009",423,"NGDP_RPCH",2009-05-04,0.3
"2010",423,"NGDP_RPCH",2009-05-04,0.7
"2009",137,"NGDP_RPCH",2009-05-04,-3
"2010",137,"NGDP_RPCH",2009-05-04,0.1
"2009",181,"NGDP_RPCH",2009-05-04,-0.9
"2010",181,"NGDP_RPCH",2009-05-04,0.2
"2009",138,"NGDP_RPCH",2009-05-04,-3.5
"2010",138,"NGDP_RPCH",2009-05-04,-0.4
"2009",122,"NGDP_RPCH",2009-05-04,-4
"2010",122,"NGDP_RPCH",2009-05-04,-0.1
"2009",182,"NGDP_RPCH",2009-05-04,-3.7
"2010",182,"NGDP_RPCH",2009-05-04,-0.8
"2009",961,"NGDP_RPCH",2009-05-04,-3.4
"2010",961,"NGDP_RPCH",2009-05-04,0.7
"2009",936,"NGDP_RPCH",2009-05-04,-2.6
"2010",936,"NGDP_RPCH",2009-05-04,0.7
"2009",172,"NGDP_RPCH",2009-05-04,-4.7
"2010",172,"NGDP_RPCH",2009-05-04,0.2
"2009",163,"NGDP_RPCH",2009-05-04,-4
"2010",163,"NGDP_RPCH",2009-05-04,-0.1
"2009",918,"NGDP_RPCH",2009-05-04,-1.6
"2010",918,"NGDP_RPCH",2009-05-04,-0.1
"2009",935,"NGDP_RPCH",2009-05-04,-2.7
"2010",935,"NGDP_RPCH",2009-05-04,0.3
"2009",128,"NGDP_RPCH",2009-05-04,-3.3
"2010",128,"NGDP_RPCH",2009-05-04,0.3
"2009",939,"NGDP_RPCH",2009-05-04,-10.3
"2010",939,"NGDP_RPCH",2009-05-04,-0.8
"2009",941,"NGDP_RPCH",2009-05-04,-13.1
"2010",941,"NGDP_RPCH",2009-05-04,-3.2
"2009",946,"NGDP_RPCH",2009-05-04,-11
"2010",946,"NGDP_RPCH",2009-05-04,-4.7
"2009",944,"NGDP_RPCH",2009-05-04,-6.3
"2010",944,"NGDP_RPCH",2009-05-04,-0.3
"2009",964,"NGDP_RPCH",2009-05-04,-1.4
"2010",964,"NGDP_RPCH",2009-05-04,0.8
"2009",968,"NGDP_RPCH",2009-05-04,-4
"2010",968,"NGDP_RPCH",2009-05-04,0
"2009",144,"NGDP_RPCH",2009-05-04,-4
"2010",144,"NGDP_RPCH",2009-05-04,0.8
"2009",112,"NGDP_RPCH",2009-05-04,-3.8
"2010",112,"NGDP_RPCH",2009-05-04,0.1
"2009",998,"NGDP_RPCH",2009-05-04,-4
"2010",998,"NGDP_RPCH",2009-05-04,-0.1
"2009",111,"NGDP_RPCH",2009-05-04,-2.9
"2010",111,"NGDP_RPCH",2009-05-04,0.9
"2009",158,"NGDP_RPCH",2009-05-04,-5.3
"2010",158,"NGDP_RPCH",2009-05-04,0.1
"2009",124,"PCPIPCH",2009-05-04,0.3
"2010",124,"PCPIPCH",2009-05-04,1.2
"2009",134,"PCPIPCH",2009-05-04,0.3
"2010",134,"PCPIPCH",2009-05-04,0.7
"2009",178,"PCPIPCH",2009-05-04,-1.3
"2010",178,"PCPIPCH",2009-05-04,0.4
"2009",174,"PCPIPCH",2009-05-04,1.8
"2010",174,"PCPIPCH",2009-05-04,2.3
"2009",184,"PCPIPCH",2009-05-04,-0.1
"2010",184,"PCPIPCH",2009-05-04,1.4
"2009",132,"PCPIPCH",2009-05-04,0.2
"2010",132,"PCPIPCH",2009-05-04,0.9
"2009",136,"PCPIPCH",2009-05-04,0.8
"2010",136,"PCPIPCH",2009-05-04,1.8
"2009",423,"PCPIPCH",2009-05-04,1.1
"2010",423,"PCPIPCH",2009-05-04,2
"2009",137,"PCPIPCH",2009-05-04,-0.6
"2010",137,"PCPIPCH",2009-05-04,2
"2009",181,"PCPIPCH",2009-05-04,1
"2010",181,"PCPIPCH",2009-05-04,1.8
"2009",138,"PCPIPCH",2009-05-04,1.4
"2010",138,"PCPIPCH",2009-05-04,0.9
"2009",122,"PCPIPCH",2009-05-04,0.5
"2010",122,"PCPIPCH",2009-05-04,1.1
"2009",182,"PCPIPCH",2009-05-04,-0.3
"2010",182,"PCPIPCH",2009-05-04,1.7
"2009",961,"PCPIPCH",2009-05-04,0.7
"2010",961,"PCPIPCH",2009-05-04,2
"2009",936,"PCPIPCH",2009-05-04,2
"2010",936,"PCPIPCH",2009-05-04,2.4
"2009",172,"PCPIPCH",2009-05-04,1.3
"2010",172,"PCPIPCH",2009-05-04,1.1
"2009",163,"PCPIPCH",2009-05-04,0.4
"2010",163,"PCPIPCH",2009-05-04,1.2
"2009",918,"PCPIPCH",2009-05-04,3.9
"2010",918,"PCPIPCH",2009-05-04,3.6
"2009",935,"PCPIPCH",2009-05-04,1.1
"2010",935,"PCPIPCH",2009-05-04,1.6
"2009",128,"PCPIPCH",2009-05-04,0.9
"2010",128,"PCPIPCH",2009-05-04,1.4
"2009",939,"PCPIPCH",2009-05-04,0.6
"2010",939,"PCPIPCH",2009-05-04,0.5
"2009",941,"PCPIPCH",2009-05-04,4.6
"2010",941,"PCPIPCH",2009-05-04,-0.7
"2009",946,"PCPIPCH",2009-05-04,3.6
"2010",946,"PCPIPCH",2009-05-04,-0.4
"2009",944,"PCPIPCH",2009-05-04,4.4
"2010",944,"PCPIPCH",2009-05-04,4.1
"2009",964,"PCPIPCH",2009-05-04,2.6
"2010",964,"PCPIPCH",2009-05-04,1.9
"2009",968,"PCPIPCH",2009-05-04,5.8
"2010",968,"PCPIPCH",2009-05-04,3.5
"2009",144,"PCPIPCH",2009-05-04,1.6
"2010",144,"PCPIPCH",2009-05-04,0.7
"2009",112,"PCPIPCH",2009-05-04,1
"2010",112,"PCPIPCH",2009-05-04,1.3
"2009",998,"PCPIPCH",2009-05-04,0.9
"2010",998,"PCPIPCH",2009-05-04,1.3
"2009",111,"PCPIPCH",2009-05-04,-0.7
"2010",111,"PCPIPCH",2009-05-04,0.3
"2009",158,"PCPIPCH",2009-05-04,-1
"2010",158,"PCPIPCH",2009-05-04,-0.5
"2009",134,"NGDP_RPCH",2009-09-14,-5.1
"2009",184,"NGDP_RPCH",2009-09-14,-3.7
"2009",132,"NGDP_RPCH",2009-09-14,-2.1
"2009",136,"NGDP_RPCH",2009-09-14,-5
"2009",138,"NGDP_RPCH",2009-09-14,-4.5
"2009",163,"NGDP_RPCH",2009-09-14,-4
"2009",964,"NGDP_RPCH",2009-09-14,1
"2009",112,"NGDP_RPCH",2009-09-14,-4.3
"2009",998,"NGDP_RPCH",2009-09-14,-4
"2009",134,"PCPIPCH",2009-09-14,0.3
"2009",184,"PCPIPCH",2009-09-14,0
"2009",132,"PCPIPCH",2009-09-14,0
"2009",136,"PCPIPCH",2009-09-14,0.9
"2009",138,"PCPIPCH",2009-09-14,1.1
"2009",163,"PCPIPCH",2009-09-14,0.4
"2009",964,"PCPIPCH",2009-09-14,3.8
"2009",112,"PCPIPCH",2009-09-14,1.9
"2009",998,"PCPIPCH",2009-09-14,0.9
"2009",124,"LUR",2009-11-03,8.2
"2010",124,"LUR",2009-11-03,9.9
"2011",124,"LUR",2009-11-03,10.3
"2009",134,"LUR",2009-11-03,7.7
"2010",134,"LUR",2009-11-03,9.2
"2011",134,"LUR",2009-11-03,9.3
"2009",178,"LUR",2009-11-03,11.7
"2010",178,"LUR",2009-11-03,14
"2011",178,"LUR",2009-11-03,13.2
"2009",174,"LUR",2009-11-03,9
"2010",174,"LUR",2009-11-03,10.2
"2011",174,"LUR",2009-11-03,11
"2009",184,"LUR",2009-11-03,17.9
"2010",184,"LUR",2009-11-03,20
"2011",184,"LUR",2009-11-03,20.5
"2009",132,"LUR",2009-11-03,9.5
"2010",132,"LUR",2009-11-03,10.2
"2011",132,"LUR",2009-11-03,10
"2009",136,"LUR",2009-11-03,7.8
"2010",136,"LUR",2009-11-03,8.7
"2011",136,"LUR",2009-11-03,8.7
"2009",423,"LUR",2009-11-03,5.6
"2010",423,"LUR",2009-11-03,6.6
"2011",423,"LUR",2009-11-03,6.7
"2009",137,"LUR",2009-11-03,6.2
"2010",137,"LUR",2009-11-03,7.3
"2011",137,"LUR",2009-11-03,7.7
"2009",181,"LUR",2009-11-03,7.1
"2010",181,"LUR",2009-11-03,7.4
"2011",181,"LUR",2009-11-03,7.3
"2009",138,"LUR",2009-11-03,3.4
"2010",138,"LUR",2009-11-03,5.4
"2011",138,"LUR",2009-11-03,6
"2009",122,"LUR",2009-11-03,5.5
"2010",122,"LUR",2009-11-03,6
"2011",122,"LUR",2009-11-03,5.7
"2009",182,"LUR",2009-11-03,9
"2010",182,"LUR",2009-11-03,9
"2011",182,"LUR",2009-11-03,8.9
"2009",961,"LUR",2009-11-03,6.7
"2010",961,"LUR",2009-11-03,8.3
"2011",961,"LUR",2009-11-03,8.5
"2009",936,"LUR",2009-11-03,12.3
"2010",936,"LUR",2009-11-03,12.8
"2011",936,"LUR",2009-11-03,12.6
"2009",172,"LUR",2009-11-03,8.5
"2010",172,"LUR",2009-11-03,10.2
"2011",172,"LUR",2009-11-03,9.9
"2009",163,"LUR",2009-11-03,9.5
"2010",163,"LUR",2009-11-03,10.7
"2011",163,"LUR",2009-11-03,10.9
"2009",918,"LUR",2009-11-03,7
"2010",918,"LUR",2009-11-03,8
"2011",918,"LUR",2009-11-03,7.2
"2009",935,"LUR",2009-11-03,6.9
"2010",935,"LUR",2009-11-03,7.9
"2011",935,"LUR",2009-11-03,7.4
"2009",128,"LUR",2009-11-03,4.5
"2010",128,"LUR",2009-11-03,5.8
"2011",128,"LUR",2009-11-03,5.6
"2009",939,"LUR",2009-11-03,13.6
"2010",939,"LUR",2009-11-03,15.2
"2011",939,"LUR",2009-11-03,14.2
"2009",941,"LUR",2009-11-03,16.9
"2010",941,"LUR",2009-11-03,19.9
"2011",941,"LUR",2009-11-03,18.7
"2009",946,"LUR",2009-11-03,14.5
"2010",946,"LUR",2009-11-03,17.6
"2011",946,"LUR",2009-11-03,18.2
"2009",944,"LUR",2009-11-03,10.5
"2010",944,"LUR",2009-11-03,11.3
"2011",944,"LUR",2009-11-03,10.5
"2009",964,"LUR",2009-11-03,8.4
"2010",964,"LUR",2009-11-03,9.9
"2011",964,"LUR",2009-11-03,10
"2009",968,"LUR",2009-11-03,9
"2010",968,"LUR",2009-11-03,8.7
"2011",968,"LUR",2009-11-03,8.5
"2009",144,"LUR",2009-11-03,8.5
"2010",144,"LUR",2009-11-03,10.2
"2011",144,"LUR",2009-11-03,10.1
"2009",112,"LUR",2009-11-03,7.8
"2010",112,"LUR",2009-11-03,8.7
"2011",112,"LUR",2009-11-03,8
"2009",998,"LUR",2009-11-03,9.1
"2010",998,"LUR",2009-11-03,10.3
"2011",998,"LUR",2009-11-03,10.2
"2009",111,"LUR",2009-11-03,9.2
"2010",111,"LUR",2009-11-03,10.1
"2011",111,"LUR",2009-11-03,10.2
"2009",158,"LUR",2009-11-03,5.8
"2010",158,"LUR",2009-11-03,6.3
"2011",158,"LUR",2009-11-03,7
"2009",124,"NGDP_RPCH",2009-11-03,-2.9
"2010",124,"NGDP_RPCH",2009-11-03,0.6
"2011",124,"NGDP_RPCH",2009-11-03,1.5
"2009",134,"NGDP_RPCH",2009-11-03,-5
"2010",134,"NGDP_RPCH",2009-11-03,1.2
"2011",134,"NGDP_RPCH",2009-11-03,1.7
"2009",178,"NGDP_RPCH",2009-11-03,-7.5
"2010",178,"NGDP_RPCH",2009-11-03,-1.4
"2011",178,"NGDP_RPCH",2009-11-03,2.6
"2009",174,"NGDP_RPCH",2009-11-03,-1.1
"2010",174,"NGDP_RPCH",2009-11-03,-0.3
"2011",174,"NGDP_RPCH",2009-11-03,0.7
"2009",184,"NGDP_RPCH",2009-11-03,-3.7
"2010",184,"NGDP_RPCH",2009-11-03,-0.8
"2011",184,"NGDP_RPCH",2009-11-03,1
"2009",132,"NGDP_RPCH",2009-11-03,-2.2
"2010",132,"NGDP_RPCH",2009-11-03,1.2
"2011",132,"NGDP_RPCH",2009-11-03,1.5
"2009",136,"NGDP_RPCH",2009-11-03,-4.7
"2010",136,"NGDP_RPCH",2009-11-03,0.7
"2011",136,"NGDP_RPCH",2009-11-03,1.4
"2009",423,"NGDP_RPCH",2009-11-03,-0.7
"2010",423,"NGDP_RPCH",2009-11-03,0.1
"2011",423,"NGDP_RPCH",2009-11-03,1.3
"2009",137,"NGDP_RPCH",2009-11-03,-3.6
"2010",137,"NGDP_RPCH",2009-11-03,1.1
"2011",137,"NGDP_RPCH",2009-11-03,1.8
"2009",181,"NGDP_RPCH",2009-11-03,-2.2
"2010",181,"NGDP_RPCH",2009-11-03,0.7
"2011",181,"NGDP_RPCH",2009-11-03,1.6
"2009",138,"NGDP_RPCH",2009-11-03,-4.5
"2010",138,"NGDP_RPCH",2009-11-03,0.3
"2011",138,"NGDP_RPCH",2009-11-03,1.6
"2009",122,"NGDP_RPCH",2009-11-03,-3.7
"2010",122,"NGDP_RPCH",2009-11-03,1.1
"2011",122,"NGDP_RPCH",2009-11-03,1.5
"2009",182,"NGDP_RPCH",2009-11-03,-2.9
"2010",182,"NGDP_RPCH",2009-11-03,0.3
"2011",182,"NGDP_RPCH",2009-11-03,1
"2009",961,"NGDP_RPCH",2009-11-03,-7.4
"2010",961,"NGDP_RPCH",2009-11-03,1.3
"2011",961,"NGDP_RPCH",2009-11-03,2
"2009",936,"NGDP_RPCH",2009-11-03,-5.8
"2010",936,"NGDP_RPCH",2009-11-03,1.9
"2011",936,"NGDP_RPCH",2009-11-03,2.6
"2009",172,"NGDP_RPCH",2009-11-03,-6.9
"2010",172,"NGDP_RPCH",2009-11-03,0.9
"2011",172,"NGDP_RPCH",2009-11-03,1.6
"2009",163,"NGDP_RPCH",2009-11-03,-4
"2010",163,"NGDP_RPCH",2009-11-03,0.7
"2011",163,"NGDP_RPCH",2009-11-03,1.5
"2009",918,"NGDP_RPCH",2009-11-03,-5.9
"2010",918,"NGDP_RPCH",2009-11-03,-1.1
"2011",918,"NGDP_RPCH",2009-11-03,3.1
"2009",935,"NGDP_RPCH",2009-11-03,-4.8
"2010",935,"NGDP_RPCH",2009-11-03,0.8
"2011",935,"NGDP_RPCH",2009-11-03,2.3
"2009",128,"NGDP_RPCH",2009-11-03,-4.5
"2010",128,"NGDP_RPCH",2009-11-03,1.5
"2011",128,"NGDP_RPCH",2009-11-03,1.8
"2009",939,"NGDP_RPCH",2009-11-03,-13.7
"2010",939,"NGDP_RPCH",2009-11-03,-0.1
"2011",939,"NGDP_RPCH",2009-11-03,4.2
"2009",941,"NGDP_RPCH",2009-11-03,-18
"2010",941,"NGDP_RPCH",2009-11-03,-4
"2011",941,"NGDP_RPCH",2009-11-03,2
"2009",946,"NGDP_RPCH",2009-11-03,-18.1
"2010",946,"NGDP_RPCH",2009-11-03,-3.9
"2011",946,"NGDP_RPCH",2009-11-03,2.5
"2009",944,"NGDP_RPCH",2009-11-03,-6.5
"2010",944,"NGDP_RPCH",2009-11-03,-0.5
"2011",944,"NGDP_RPCH",2009-11-03,3.1
"2009",964,"NGDP_RPCH",2009-11-03,1.2
"2010",964,"NGDP_RPCH",2009-11-03,1.8
"2011",964,"NGDP_RPCH",2009-11-03,3.2
"2009",968,"NGDP_RPCH",2009-11-03,-8
"2010",968,"NGDP_RPCH",2009-11-03,0.5
"2011",968,"NGDP_RPCH",2009-11-03,2.6
"2009",144,"NGDP_RPCH",2009-11-03,-4.6
"2010",144,"NGDP_RPCH",2009-11-03,1.4
"2011",144,"NGDP_RPCH",2009-11-03,2.1
"2009",112,"NGDP_RPCH",2009-11-03,-4.6
"2010",112,"NGDP_RPCH",2009-11-03,0.9
"2011",112,"NGDP_RPCH",2009-11-03,1.9
"2009",998,"NGDP_RPCH",2009-11-03,-4.1
"2010",998,"NGDP_RPCH",2009-11-03,0.7
"2011",998,"NGDP_RPCH",2009-11-03,1.6
"2009",111,"NGDP_RPCH",2009-11-03,-2.5
"2010",111,"NGDP_RPCH",2009-11-03,2.2
"2011",111,"NGDP_RPCH",2009-11-03,2
"2009",158,"NGDP_RPCH",2009-11-03,-5.9
"2010",158,"NGDP_RPCH",2009-11-03,1.1
"2011",158,"NGDP_RPCH",2009-11-03,0.4
"2009",124,"PCPIPCH",2009-11-03,0
"2010",124,"PCPIPCH",2009-11-03,1.3
"2011",124,"PCPIPCH",2009-11-03,1.5
"2009",134,"PCPIPCH",2009-11-03,0.3
"2010",134,"PCPIPCH",2009-11-03,0.8
"2011",134,"PCPIPCH",2009-11-03,1
"2009",178,"PCPIPCH",2009-11-03,-1.5
"2010",178,"PCPIPCH",2009-11-03,-0.6
"2011",178,"PCPIPCH",2009-11-03,1
"2009",174,"PCPIPCH",2009-11-03,1.2
"2010",174,"PCPIPCH",2009-11-03,1.4
"2011",174,"PCPIPCH",2009-11-03,2.1
"2009",184,"PCPIPCH",2009-11-03,-0.4
"2010",184,"PCPIPCH",2009-11-03,0.8
"2011",184,"PCPIPCH",2009-11-03,2
"2009",132,"PCPIPCH",2009-11-03,0.1
"2010",132,"PCPIPCH",2009-11-03,1.1
"2011",132,"PCPIPCH",2009-11-03,1.4
"2009",136,"PCPIPCH",2009-11-03,0.8
"2010",136,"PCPIPCH",2009-11-03,1.8
"2011",136,"PCPIPCH",2009-11-03,2
"2009",423,"PCPIPCH",2009-11-03,0.8
"2010",423,"PCPIPCH",2009-11-03,3.1
"2011",423,"PCPIPCH",2009-11-03,2.5
"2009",137,"PCPIPCH",2009-11-03,0
"2010",137,"PCPIPCH",2009-11-03,1.8
"2011",137,"PCPIPCH",2009-11-03,1.7
"2009",181,"PCPIPCH",2009-11-03,2
"2010",181,"PCPIPCH",2009-11-03,2
"2011",181,"PCPIPCH",2009-11-03,2.2
"2009",138,"PCPIPCH",2009-11-03,1.1
"2010",138,"PCPIPCH",2009-11-03,0.9
"2011",138,"PCPIPCH",2009-11-03,1.2
"2009",122,"PCPIPCH",2009-11-03,0.5
"2010",122,"PCPIPCH",2009-11-03,1.3
"2011",122,"PCPIPCH",2009-11-03,1.6
"2009",182,"PCPIPCH",2009-11-03,-1
"2010",182,"PCPIPCH",2009-11-03,1.3
"2011",182,"PCPIPCH",2009-11-03,1.4
"2009",961,"PCPIPCH",2009-11-03,0.9
"2010",961,"PCPIPCH",2009-11-03,1.7
"2011",961,"PCPIPCH",2009-11-03,2
"2009",936,"PCPIPCH",2009-11-03,1.1
"2010",936,"PCPIPCH",2009-11-03,1.9
"2011",936,"PCPIPCH",2009-11-03,2.5
"2009",172,"PCPIPCH",2009-11-03,1.8
"2010",172,"PCPIPCH",2009-11-03,1.6
"2011",172,"PCPIPCH",2009-11-03,1.5
"2009",163,"PCPIPCH",2009-11-03,0.3
"2010",163,"PCPIPCH",2009-11-03,1.1
"2011",163,"PCPIPCH",2009-11-03,1.5
"2009",918,"PCPIPCH",2009-11-03,2.4
"2010",918,"PCPIPCH",2009-11-03,2.3
"2011",918,"PCPIPCH",2009-11-03,2.9
"2009",935,"PCPIPCH",2009-11-03,0.6
"2010",935,"PCPIPCH",2009-11-03,1.5
"2011",935,"PCPIPCH",2009-11-03,1.8
"2009",128,"PCPIPCH",2009-11-03,1.1
"2010",128,"PCPIPCH",2009-11-03,1.5
"2011",128,"PCPIPCH",2009-11-03,1.8
"2009",939,"PCPIPCH",2009-11-03,0.2
"2010",939,"PCPIPCH",2009-11-03,0.5
"2011",939,"PCPIPCH",2009-11-03,2.1
"2009",941,"PCPIPCH",2009-11-03,3.5
"2010",941,"PCPIPCH",2009-11-03,-3.7
"2011",941,"PCPIPCH",2009-11-03,-1.2
"2009",946,"PCPIPCH",2009-11-03,3.9
"2010",946,"PCPIPCH",2009-11-03,-0.7
"2011",946,"PCPIPCH",2009-11-03,1
"2009",944,"PCPIPCH",2009-11-03,4.3
"2010",944,"PCPIPCH",2009-11-03,4
"2011",944,"PCPIPCH",2009-11-03,2.5
"2009",964,"PCPIPCH",2009-11-03,3.9
"2010",964,"PCPIPCH",2009-11-03,1.9
"2011",964,"PCPIPCH",2009-11-03,2
"2009",968,"PCPIPCH",2009-11-03,5.7
"2010",968,"PCPIPCH",2009-11-03,3.5
"2011",968,"PCPIPCH",2009-11-03,3.4
"2009",144,"PCPIPCH",2009-11-03,1.9
"2010",144,"PCPIPCH",2009-11-03,1.7
"2011",144,"PCPIPCH",2009-11-03,1.7
"2009",112,"PCPIPCH",2009-11-03,2
"2010",112,"PCPIPCH",2009-11-03,1.4
"2011",112,"PCPIPCH",2009-11-03,1.6
"2009",998,"PCPIPCH",2009-11-03,1
"2010",998,"PCPIPCH",2009-11-03,1.3
"2011",998,"PCPIPCH",2009-11-03,1.6
"2009",111,"PCPIPCH",2009-11-03,-0.5
"2010",111,"PCPIPCH",2009-11-03,0.8
"2011",111,"PCPIPCH",2009-11-03,0.1
"2009",158,"PCPIPCH",2009-11-03,-1.2
"2010",158,"PCPIPCH",2009-11-03,-0.4
"2011",158,"PCPIPCH",2009-11-03,0.3
"2010",134,"NGDP_RPCH",2010-02-25,1.2
"2010",184,"NGDP_RPCH",2010-02-25,-0.6
"2010",132,"NGDP_RPCH",2010-02-25,1.2
"2010",136,"NGDP_RPCH",2010-02-25,0.7
"2010",138,"NGDP_RPCH",2010-02-25,0.9
"2010",163,"NGDP_RPCH",2010-02-25,0.7
"2010",964,"NGDP_RPCH",2010-02-25,2.6
"2010",112,"NGDP_RPCH",2010-02-25,0.6
"2010",998,"NGDP_RPCH",2010-02-25,0.7
"2010",134,"PCPIPCH",2010-02-25,0.7
"2010",184,"PCPIPCH",2010-02-25,1.1
"2010",132,"PCPIPCH",2010-02-25,1.2
"2010",136,"PCPIPCH",2010-02-25,1.7
"2010",138,"PCPIPCH",2010-02-25,0.8
"2010",163,"PCPIPCH",2010-02-25,1.1
"2010",964,"PCPIPCH",2010-02-25,2.3
"2010",112,"PCPIPCH",2010-02-25,2.4
"2010",998,"PCPIPCH",2010-02-25,1.4
"2010",124,"LUR",2010-05-05,8.8
"2011",124,"LUR",2010-05-05,9
"2010",134,"LUR",2010-05-05,7.8
"2011",134,"LUR",2010-05-05,7.8
"2010",178,"LUR",2010-05-05,13.8
"2011",178,"LUR",2010-05-05,13.4
"2010",174,"LUR",2010-05-05,11.8
"2011",174,"LUR",2010-05-05,13.2
"2010",184,"LUR",2010-05-05,19.7
"2011",184,"LUR",2010-05-05,19.8
"2010",132,"LUR",2010-05-05,10.2
"2011",132,"LUR",2010-05-05,10.1
"2010",136,"LUR",2010-05-05,8.8
"2011",136,"LUR",2010-05-05,8.8
"2010",423,"LUR",2010-05-05,6.7
"2011",423,"LUR",2010-05-05,7
"2010",137,"LUR",2010-05-05,6.1
"2011",137,"LUR",2010-05-05,6.4
"2010",181,"LUR",2010-05-05,7.3
"2011",181,"LUR",2010-05-05,7.2
"2010",138,"LUR",2010-05-05,4.9
"2011",138,"LUR",2010-05-05,5.2
"2010",122,"LUR",2010-05-05,5.1
"2011",122,"LUR",2010-05-05,5.4
"2010",182,"LUR",2010-05-05,9.9
"2011",182,"LUR",2010-05-05,9.9
"2010",961,"LUR",2010-05-05,7
"2011",961,"LUR",2010-05-05,7.3
"2010",936,"LUR",2010-05-05,14.1
"2011",936,"LUR",2010-05-05,13.3
"2010",172,"LUR",2010-05-05,9.5
"2011",172,"LUR",2010-05-05,9.2
"2010",163,"LUR",2010-05-05,10.3
"2011",163,"LUR",2010-05-05,10.4
"2010",918,"LUR",2010-05-05,7.9
"2011",918,"LUR",2010-05-05,7.3
"2010",935,"LUR",2010-05-05,8.3
"2011",935,"LUR",2010-05-05,8
"2010",128,"LUR",2010-05-05,6.9
"2011",128,"LUR",2010-05-05,6.5
"2010",939,"LUR",2010-05-05,15.8
"2011",939,"LUR",2010-05-05,14.6
"2010",941,"LUR",2010-05-05,20.6
"2011",941,"LUR",2010-05-05,18.8
"2010",946,"LUR",2010-05-05,16.7
"2011",946,"LUR",2010-05-05,16.3
"2010",944,"LUR",2010-05-05,10.8
"2011",944,"LUR",2010-05-05,10.1
"2010",964,"LUR",2010-05-05,9.2
"2011",964,"LUR",2010-05-05,9.4
"2010",968,"LUR",2010-05-05,8.5
"2011",968,"LUR",2010-05-05,7.9
"2010",144,"LUR",2010-05-05,9.2
"2011",144,"LUR",2010-05-05,8.8
"2010",112,"LUR",2010-05-05,7.8
"2011",112,"LUR",2010-05-05,7.4
"2010",998,"LUR",2010-05-05,9.8
"2011",998,"LUR",2010-05-05,9.7
"2010",111,"LUR",2010-05-05,9.7
"2011",111,"LUR",2010-05-05,9.8
"2010",158,"LUR",2010-05-05,5.3
"2011",158,"LUR",2010-05-05,5.3
"2010",124,"NGDP_RPCH",2010-05-05,1.3
"2011",124,"NGDP_RPCH",2010-05-05,1.6
"2010",134,"NGDP_RPCH",2010-05-05,1.2
"2011",134,"NGDP_RPCH",2010-05-05,1.6
"2010",178,"NGDP_RPCH",2010-05-05,-0.9
"2011",178,"NGDP_RPCH",2010-05-05,3
"2010",174,"NGDP_RPCH",2010-05-05,-3
"2011",174,"NGDP_RPCH",2010-05-05,-0.5
"2010",184,"NGDP_RPCH",2010-05-05,-0.4
"2011",184,"NGDP_RPCH",2010-05-05,0.8
"2010",132,"NGDP_RPCH",2010-05-05,1.3
"2011",132,"NGDP_RPCH",2010-05-05,1.5
"2010",136,"NGDP_RPCH",2010-05-05,0.8
"2011",136,"NGDP_RPCH",2010-05-05,1.4
"2010",423,"NGDP_RPCH",2010-05-05,-0.4
"2011",423,"NGDP_RPCH",2010-05-05,1.3
"2010",137,"NGDP_RPCH",2010-05-05,2
"2011",137,"NGDP_RPCH",2010-05-05,2.4
"2010",181,"NGDP_RPCH",2010-05-05,1.1
"2011",181,"NGDP_RPCH",2010-05-05,1.7
"2010",138,"NGDP_RPCH",2010-05-05,1.3
"2011",138,"NGDP_RPCH",2010-05-05,1.8
"2010",122,"NGDP_RPCH",2010-05-05,1.3
"2011",122,"NGDP_RPCH",2010-05-05,1.6
"2010",182,"NGDP_RPCH",2010-05-05,0.5
"2011",182,"NGDP_RPCH",2010-05-05,0.7
"2010",961,"NGDP_RPCH",2010-05-05,1.1
"2011",961,"NGDP_RPCH",2010-05-05,1.8
"2010",936,"NGDP_RPCH",2010-05-05,2.7
"2011",936,"NGDP_RPCH",2010-05-05,3.6
"2010",172,"NGDP_RPCH",2010-05-05,1.4
"2011",172,"NGDP_RPCH",2010-05-05,2.1
"2010",163,"NGDP_RPCH",2010-05-05,0.9
"2011",163,"NGDP_RPCH",2010-05-05,1.5
"2010",918,"NGDP_RPCH",2010-05-05,0
"2011",918,"NGDP_RPCH",2010-05-05,2.7
"2010",935,"NGDP_RPCH",2010-05-05,1.6
"2011",935,"NGDP_RPCH",2010-05-05,2.4
"2010",128,"NGDP_RPCH",2010-05-05,1.6
"2011",128,"NGDP_RPCH",2010-05-05,1.8
"2010",939,"NGDP_RPCH",2010-05-05,0.9
"2011",939,"NGDP_RPCH",2010-05-05,3.8
"2010",941,"NGDP_RPCH",2010-05-05,-3.5
"2011",941,"NGDP_RPCH",2010-05-05,3.3
"2010",946,"NGDP_RPCH",2010-05-05,-0.6
"2011",946,"NGDP_RPCH",2010-05-05,3.2
"2010",944,"NGDP_RPCH",2010-05-05,0
"2011",944,"NGDP_RPCH",2010-05-05,2.8
"2010",964,"NGDP_RPCH",2010-05-05,2.7
"2011",964,"NGDP_RPCH",2010-05-05,3.3
"2010",968,"NGDP_RPCH",2010-05-05,0.8
"2011",968,"NGDP_RPCH",2010-05-05,3.5
"2010",144,"NGDP_RPCH",2010-05-05,1.8
"2011",144,"NGDP_RPCH",2010-05-05,2.5
"2010",112,"NGDP_RPCH",2010-05-05,1.2
"2011",112,"NGDP_RPCH",2010-05-05,2.1
"2010",998,"NGDP_RPCH",2010-05-05,1
"2011",998,"NGDP_RPCH",2010-05-05,1.7
"2010",111,"NGDP_RPCH",2010-05-05,2.8
"2011",111,"NGDP_RPCH",2010-05-05,2.5
"2010",158,"NGDP_RPCH",2010-05-05,2.1
"2011",158,"NGDP_RPCH",2010-05-05,1.5
"2010",124,"PCPIPCH",2010-05-05,1.6
"2011",124,"PCPIPCH",2010-05-05,1.6
"2010",134,"PCPIPCH",2010-05-05,1.3
"2011",134,"PCPIPCH",2010-05-05,1.5
"2010",178,"PCPIPCH",2010-05-05,-1.3
"2011",178,"PCPIPCH",2010-05-05,0.8
"2010",174,"PCPIPCH",2010-05-05,3.1
"2011",174,"PCPIPCH",2010-05-05,2.1
"2010",184,"PCPIPCH",2010-05-05,1.6
"2011",184,"PCPIPCH",2010-05-05,1.6
"2010",132,"PCPIPCH",2010-05-05,1.4
"2011",132,"PCPIPCH",2010-05-05,1.6
"2010",136,"PCPIPCH",2010-05-05,1.8
"2011",136,"PCPIPCH",2010-05-05,2
"2010",423,"PCPIPCH",2010-05-05,2.7
"2011",423,"PCPIPCH",2010-05-05,2.5
"2010",137,"PCPIPCH",2010-05-05,2.6
"2011",137,"PCPIPCH",2010-05-05,2
"2010",181,"PCPIPCH",2010-05-05,2
"2011",181,"PCPIPCH",2010-05-05,2.1
"2010",138,"PCPIPCH",2010-05-05,1.3
"2011",138,"PCPIPCH",2010-05-05,1.5
"2010",122,"PCPIPCH",2010-05-05,1.3
"2011",122,"PCPIPCH",2010-05-05,1.5
"2010",182,"PCPIPCH",2010-05-05,1
"2011",182,"PCPIPCH",2010-05-05,1.4
"2010",961,"PCPIPCH",2010-05-05,1.8
"2011",961,"PCPIPCH",2010-05-05,2
"2010",936,"PCPIPCH",2010-05-05,1.3
"2011",936,"PCPIPCH",2010-05-05,2.8
"2010",172,"PCPIPCH",2010-05-05,1.7
"2011",172,"PCPIPCH",2010-05-05,1.9
"2010",163,"PCPIPCH",2010-05-05,1.5
"2011",163,"PCPIPCH",2010-05-05,1.7
"2010",918,"PCPIPCH",2010-05-05,2.3
"2011",918,"PCPIPCH",2010-05-05,2.7
"2010",935,"PCPIPCH",2010-05-05,1
"2011",935,"PCPIPCH",2010-05-05,1.3
"2010",128,"PCPIPCH",2010-05-05,2.3
"2011",128,"PCPIPCH",2010-05-05,1.5
"2010",939,"PCPIPCH",2010-05-05,1.3
"2011",939,"PCPIPCH",2010-05-05,2
"2010",941,"PCPIPCH",2010-05-05,-3.2
"2011",941,"PCPIPCH",2010-05-05,-0.7
"2010",946,"PCPIPCH",2010-05-05,-0.1
"2011",946,"PCPIPCH",2010-05-05,1.4
"2010",944,"PCPIPCH",2010-05-05,4.6
"2011",944,"PCPIPCH",2010-05-05,2.8
"2010",964,"PCPIPCH",2010-05-05,2.4
"2011",964,"PCPIPCH",2010-05-05,2.6
"2010",968,"PCPIPCH",2010-05-05,4.3
"2011",968,"PCPIPCH",2010-05-05,3
"2010",144,"PCPIPCH",2010-05-05,1.7
"2011",144,"PCPIPCH",2010-05-05,1.6
"2010",112,"PCPIPCH",2010-05-05,2.4
"2011",112,"PCPIPCH",2010-05-05,1.4
"2010",998,"PCPIPCH",2010-05-05,1.8
"2011",998,"PCPIPCH",2010-05-05,1.7
"2010",111,"PCPIPCH",2010-05-05,1.7
"2011",111,"PCPIPCH",2010-05-05,0.3
"2010",158,"PCPIPCH",2010-05-05,-0.5
"2011",158,"PCPIPCH",2010-05-05,-0.4
"2010",134,"NGDP_RPCH",2010-09-13,3.4
"2010",184,"NGDP_RPCH",2010-09-13,-0.3
"2010",132,"NGDP_RPCH",2010-09-13,1.6
"2010",136,"NGDP_RPCH",2010-09-13,1.1
"2010",138,"NGDP_RPCH",2010-09-13,1.9
"2010",163,"NGDP_RPCH",2010-09-13,1.7
"2010",964,"NGDP_RPCH",2010-09-13,3.4
"2010",112,"NGDP_RPCH",2010-09-13,1.7
"2010",998,"NGDP_RPCH",2010-09-13,1.8
"2010",134,"PCPIPCH",2010-09-13,1.1
"2010",184,"PCPIPCH",2010-09-13,1.6
"2010",132,"PCPIPCH",2010-09-13,1.6
"2010",136,"PCPIPCH",2010-09-13,1.6
"2010",138,"PCPIPCH",2010-09-13,1.1
"2010",163,"PCPIPCH",2010-09-13,1.4
"2010",964,"PCPIPCH",2010-09-13,2.6
"2010",112,"PCPIPCH",2010-09-13,3
"2010",998,"PCPIPCH",2010-09-13,1.8
"2010",124,"LUR",2010-11-29,8.6
"2011",124,"LUR",2010-11-29,8.8
"2012",124,"LUR",2010-11-29,8.7
"2010",134,"LUR",2010-11-29,7.3
"2011",134,"LUR",2010-11-29,6.7
"2012",134,"LUR",2010-11-29,6.3
"2010",939,"LUR",2010-11-29,17.5
"2011",939,"LUR",2010-11-29,15.1
"2012",939,"LUR",2010-11-29,13.6
"2010",178,"LUR",2010-11-29,13.7
"2011",178,"LUR",2010-11-29,13.5
"2012",178,"LUR",2010-11-29,12.7
"2010",174,"LUR",2010-11-29,12.5
"2011",174,"LUR",2010-11-29,15
"2012",174,"LUR",2010-11-29,15.2
"2010",184,"LUR",2010-11-29,20.1
"2011",184,"LUR",2010-11-29,20.2
"2012",184,"LUR",2010-11-29,19.2
"2010",132,"LUR",2010-11-29,9.6
"2011",132,"LUR",2010-11-29,9.5
"2012",132,"LUR",2010-11-29,9.2
"2010",136,"LUR",2010-11-29,8.4
"2011",136,"LUR",2010-11-29,8.3
"2012",136,"LUR",2010-11-29,8.2
"2010",423,"LUR",2010-11-29,6.8
"2011",423,"LUR",2010-11-29,6.6
"2012",423,"LUR",2010-11-29,5.9
"2010",137,"LUR",2010-11-29,5.5
"2011",137,"LUR",2010-11-29,5.6
"2012",137,"LUR",2010-11-29,5.6
"2010",181,"LUR",2010-11-29,6.6
"2011",181,"LUR",2010-11-29,6.6
"2012",181,"LUR",2010-11-29,6.5
"2010",138,"LUR",2010-11-29,4.5
"2011",138,"LUR",2010-11-29,4.4
"2012",138,"LUR",2010-11-29,4.3
"2010",122,"LUR",2010-11-29,4.4
"2011",122,"LUR",2010-11-29,4.2
"2012",122,"LUR",2010-11-29,4
"2010",182,"LUR",2010-11-29,10.5
"2011",182,"LUR",2010-11-29,11.1
"2012",182,"LUR",2010-11-29,11.2
"2010",961,"LUR",2010-11-29,7.2
"2011",961,"LUR",2010-11-29,7.2
"2012",961,"LUR",2010-11-29,6.6
"2010",936,"LUR",2010-11-29,14.5
"2011",936,"LUR",2010-11-29,14.2
"2012",936,"LUR",2010-11-29,13.4
"2010",172,"LUR",2010-11-29,8.3
"2011",172,"LUR",2010-11-29,7.8
"2012",172,"LUR",2010-11-29,7.2
"2010",163,"LUR",2010-11-29,10.1
"2011",163,"LUR",2010-11-29,10
"2012",163,"LUR",2010-11-29,9.6
"2010",918,"LUR",2010-11-29,9.8
"2011",918,"LUR",2010-11-29,9.1
"2012",918,"LUR",2010-11-29,8
"2010",935,"LUR",2010-11-29,7.3
"2011",935,"LUR",2010-11-29,7
"2012",935,"LUR",2010-11-29,6.7
"2010",128,"LUR",2010-11-29,6.9
"2011",128,"LUR",2010-11-29,6.3
"2012",128,"LUR",2010-11-29,5.8
"2010",941,"LUR",2010-11-29,19.3
"2011",941,"LUR",2010-11-29,17.7
"2012",941,"LUR",2010-11-29,16.2
"2010",946,"LUR",2010-11-29,17.8
"2011",946,"LUR",2010-11-29,16.9
"2012",946,"LUR",2010-11-29,15.1
"2010",944,"LUR",2010-11-29,11.1
"2011",944,"LUR",2010-11-29,11
"2012",944,"LUR",2010-11-29,10.3
"2010",964,"LUR",2010-11-29,9.5
"2011",964,"LUR",2010-11-29,9.2
"2012",964,"LUR",2010-11-29,8.5
"2010",968,"LUR",2010-11-29,7.5
"2011",968,"LUR",2010-11-29,7.4
"2012",968,"LUR",2010-11-29,7
"2010",144,"LUR",2010-11-29,8.3
"2011",144,"LUR",2010-11-29,8
"2012",144,"LUR",2010-11-29,7.5
"2010",112,"LUR",2010-11-29,7.8
"2011",112,"LUR",2010-11-29,7.9
"2012",112,"LUR",2010-11-29,7.8
"2010",998,"LUR",2010-11-29,9.6
"2011",998,"LUR",2010-11-29,9.5
"2012",998,"LUR",2010-11-29,9.1
"2010",111,"LUR",2010-11-29,9.6
"2011",111,"LUR",2010-11-29,9.4
"2012",111,"LUR",2010-11-29,9
"2010",158,"LUR",2010-11-29,5.1
"2011",158,"LUR",2010-11-29,4.9
"2012",158,"LUR",2010-11-29,4.8
"2010",124,"NGDP_RPCH",2010-11-29,2
"2011",124,"NGDP_RPCH",2010-11-29,1.8
"2012",124,"NGDP_RPCH",2010-11-29,2
"2010",134,"NGDP_RPCH",2010-11-29,3.7
"2011",134,"NGDP_RPCH",2010-11-29,2.2
"2012",134,"NGDP_RPCH",2010-11-29,2
"2010",939,"NGDP_RPCH",2010-11-29,2.4
"2011",939,"NGDP_RPCH",2010-11-29,4.4
"2012",939,"NGDP_RPCH",2010-11-29,3.5
"2010",178,"NGDP_RPCH",2010-11-29,-0.2
"2011",178,"NGDP_RPCH",2010-11-29,0.9
"2012",178,"NGDP_RPCH",2010-11-29,1.9
"2010",174,"NGDP_RPCH",2010-11-29,-4.2
"2011",174,"NGDP_RPCH",2010-11-29,-3
"2012",174,"NGDP_RPCH",2010-11-29,1.1
"2010",184,"NGDP_RPCH",2010-11-29,-0.2
"2011",184,"NGDP_RPCH",2010-11-29,0.7
"2012",184,"NGDP_RPCH",2010-11-29,1.7
"2010",132,"NGDP_RPCH",2010-11-29,1.6
"2011",132,"NGDP_RPCH",2010-11-29,1.6
"2012",132,"NGDP_RPCH",2010-11-29,1.8
"2010",136,"NGDP_RPCH",2010-11-29,1.1
"2011",136,"NGDP_RPCH",2010-11-29,1.1
"2012",136,"NGDP_RPCH",2010-11-29,1.4
"2010",423,"NGDP_RPCH",2010-11-29,0.5
"2011",423,"NGDP_RPCH",2010-11-29,1.5
"2012",423,"NGDP_RPCH",2010-11-29,2.2
"2010",137,"NGDP_RPCH",2010-11-29,3.2
"2011",137,"NGDP_RPCH",2010-11-29,2.8
"2012",137,"NGDP_RPCH",2010-11-29,3.2
"2010",181,"NGDP_RPCH",2010-11-29,3.1
"2011",181,"NGDP_RPCH",2010-11-29,2
"2012",181,"NGDP_RPCH",2010-11-29,2.2
"2010",138,"NGDP_RPCH",2010-11-29,1.7
"2011",138,"NGDP_RPCH",2010-11-29,1.5
"2012",138,"NGDP_RPCH",2010-11-29,1.7
"2010",122,"NGDP_RPCH",2010-11-29,2
"2011",122,"NGDP_RPCH",2010-11-29,1.7
"2012",122,"NGDP_RPCH",2010-11-29,2.1
"2010",182,"NGDP_RPCH",2010-11-29,1.3
"2011",182,"NGDP_RPCH",2010-11-29,-1
"2012",182,"NGDP_RPCH",2010-11-29,0.8
"2010",961,"NGDP_RPCH",2010-11-29,1.1
"2011",961,"NGDP_RPCH",2010-11-29,1.9
"2012",961,"NGDP_RPCH",2010-11-29,2.6
"2010",936,"NGDP_RPCH",2010-11-29,4.1
"2011",936,"NGDP_RPCH",2010-11-29,3
"2012",936,"NGDP_RPCH",2010-11-29,3.9
"2010",172,"NGDP_RPCH",2010-11-29,2.9
"2011",172,"NGDP_RPCH",2010-11-29,2.9
"2012",172,"NGDP_RPCH",2010-11-29,2.3
"2010",163,"NGDP_RPCH",2010-11-29,1.7
"2011",163,"NGDP_RPCH",2010-11-29,1.5
"2012",163,"NGDP_RPCH",2010-11-29,1.8
"2010",918,"NGDP_RPCH",2010-11-29,-0.1
"2011",918,"NGDP_RPCH",2010-11-29,2.6
"2012",918,"NGDP_RPCH",2010-11-29,3.8
"2010",935,"NGDP_RPCH",2010-11-29,2.4
"2011",935,"NGDP_RPCH",2010-11-29,2.3
"2012",935,"NGDP_RPCH",2010-11-29,3.1
"2010",128,"NGDP_RPCH",2010-11-29,2.3
"2011",128,"NGDP_RPCH",2010-11-29,1.9
"2012",128,"NGDP_RPCH",2010-11-29,1.8
"2010",941,"NGDP_RPCH",2010-11-29,-0.4
"2011",941,"NGDP_RPCH",2010-11-29,3.3
"2012",941,"NGDP_RPCH",2010-11-29,4
"2010",946,"NGDP_RPCH",2010-11-29,0.4
"2011",946,"NGDP_RPCH",2010-11-29,2.8
"2012",946,"NGDP_RPCH",2010-11-29,3.2
"2010",944,"NGDP_RPCH",2010-11-29,1.1
"2011",944,"NGDP_RPCH",2010-11-29,2.8
"2012",944,"NGDP_RPCH",2010-11-29,3.2
"2010",964,"NGDP_RPCH",2010-11-29,3.5
"2011",964,"NGDP_RPCH",2010-11-29,3.9
"2012",964,"NGDP_RPCH",2010-11-29,4.2
"2010",968,"NGDP_RPCH",2010-11-29,-1.9
"2011",968,"NGDP_RPCH",2010-11-29,1.5
"2012",968,"NGDP_RPCH",2010-11-29,3.8
"2010",144,"NGDP_RPCH",2010-11-29,4.8
"2011",144,"NGDP_RPCH",2010-11-29,3.3
"2012",144,"NGDP_RPCH",2010-11-29,2.3
"2010",112,"NGDP_RPCH",2010-11-29,1.8
"2011",112,"NGDP_RPCH",2010-11-29,2.2
"2012",112,"NGDP_RPCH",2010-11-29,2.5
"2010",998,"NGDP_RPCH",2010-11-29,1.8
"2011",998,"NGDP_RPCH",2010-11-29,1.7
"2012",998,"NGDP_RPCH",2010-11-29,2
"2010",111,"NGDP_RPCH",2010-11-29,2.7
"2011",111,"NGDP_RPCH",2010-11-29,2.1
"2012",111,"NGDP_RPCH",2010-11-29,2.5
"2010",158,"NGDP_RPCH",2010-11-29,3.5
"2011",158,"NGDP_RPCH",2010-11-29,1.3
"2012",158,"NGDP_RPCH",2010-11-29,1.7
"2010",124,"PCPIPCH",2010-11-29,2.3
"2011",124,"PCPIPCH",2010-11-29,1.9
"2012",124,"PCPIPCH",2010-11-29,1.9
"2010",134,"PCPIPCH",2010-11-29,1.1
"2011",134,"PCPIPCH",2010-11-29,1.8
"2012",134,"PCPIPCH",2010-11-29,2
"2010",939,"PCPIPCH",2010-11-29,2.7
"2011",939,"PCPIPCH",2010-11-29,3.6
"2012",939,"PCPIPCH",2010-11-29,2.3
"2010",178,"PCPIPCH",2010-11-29,-1.5
"2011",178,"PCPIPCH",2010-11-29,0.4
"2012",178,"PCPIPCH",2010-11-29,0.6
"2010",174,"PCPIPCH",2010-11-29,4.6
"2011",174,"PCPIPCH",2010-11-29,2.2
"2012",174,"PCPIPCH",2010-11-29,0.5
"2010",184,"PCPIPCH",2010-11-29,1.7
"2011",184,"PCPIPCH",2010-11-29,1.5
"2012",184,"PCPIPCH",2010-11-29,1.4
"2010",132,"PCPIPCH",2010-11-29,1.7
"2011",132,"PCPIPCH",2010-11-29,1.6
"2012",132,"PCPIPCH",2010-11-29,1.6
"2010",136,"PCPIPCH",2010-11-29,1.6
"2011",136,"PCPIPCH",2010-11-29,1.8
"2012",136,"PCPIPCH",2010-11-29,1.9
"2010",423,"PCPIPCH",2010-11-29,2.8
"2011",423,"PCPIPCH",2010-11-29,3.3
"2012",423,"PCPIPCH",2010-11-29,2.5
"2010",137,"PCPIPCH",2010-11-29,2.8
"2011",137,"PCPIPCH",2010-11-29,2.1
"2012",137,"PCPIPCH",2010-11-29,1.6
"2010",181,"PCPIPCH",2010-11-29,1.9
"2011",181,"PCPIPCH",2010-11-29,2
"2012",181,"PCPIPCH",2010-11-29,2.3
"2010",138,"PCPIPCH",2010-11-29,1
"2011",138,"PCPIPCH",2010-11-29,1.5
"2012",138,"PCPIPCH",2010-11-29,1.6
"2010",122,"PCPIPCH",2010-11-29,1.7
"2011",122,"PCPIPCH",2010-11-29,2.1
"2012",122,"PCPIPCH",2010-11-29,1.8
"2010",182,"PCPIPCH",2010-11-29,1.4
"2011",182,"PCPIPCH",2010-11-29,2.3
"2012",182,"PCPIPCH",2010-11-29,1.3
"2010",961,"PCPIPCH",2010-11-29,2.1
"2011",961,"PCPIPCH",2010-11-29,2
"2012",961,"PCPIPCH",2010-11-29,2.2
"2010",936,"PCPIPCH",2010-11-29,0.7
"2011",936,"PCPIPCH",2010-11-29,3.2
"2012",936,"PCPIPCH",2010-11-29,2.8
"2010",172,"PCPIPCH",2010-11-29,1.6
"2011",172,"PCPIPCH",2010-11-29,2.1
"2012",172,"PCPIPCH",2010-11-29,1.8
"2010",163,"PCPIPCH",2010-11-29,1.5
"2011",163,"PCPIPCH",2010-11-29,1.8
"2012",163,"PCPIPCH",2010-11-29,1.7
"2010",918,"PCPIPCH",2010-11-29,2.9
"2011",918,"PCPIPCH",2010-11-29,3.2
"2012",918,"PCPIPCH",2010-11-29,3.1
"2010",935,"PCPIPCH",2010-11-29,1.2
"2011",935,"PCPIPCH",2010-11-29,2.1
"2012",935,"PCPIPCH",2010-11-29,2.2
"2010",128,"PCPIPCH",2010-11-29,2.2
"2011",128,"PCPIPCH",2010-11-29,2.1
"2012",128,"PCPIPCH",2010-11-29,2
"2010",941,"PCPIPCH",2010-11-29,-1.3
"2011",941,"PCPIPCH",2010-11-29,1.1
"2012",941,"PCPIPCH",2010-11-29,1.8
"2010",946,"PCPIPCH",2010-11-29,1.2
"2011",946,"PCPIPCH",2010-11-29,2.3
"2012",946,"PCPIPCH",2010-11-29,2.8
"2010",944,"PCPIPCH",2010-11-29,4.7
"2011",944,"PCPIPCH",2010-11-29,3.9
"2012",944,"PCPIPCH",2010-11-29,3.7
"2010",964,"PCPIPCH",2010-11-29,2.6
"2011",964,"PCPIPCH",2010-11-29,2.9
"2012",964,"PCPIPCH",2010-11-29,3
"2010",968,"PCPIPCH",2010-11-29,6.1
"2011",968,"PCPIPCH",2010-11-29,5.5
"2012",968,"PCPIPCH",2010-11-29,3.2
"2010",144,"PCPIPCH",2010-11-29,1.8
"2011",144,"PCPIPCH",2010-11-29,1.4
"2012",144,"PCPIPCH",2010-11-29,1.9
"2010",112,"PCPIPCH",2010-11-29,3.2
"2011",112,"PCPIPCH",2010-11-29,2.6
"2012",112,"PCPIPCH",2010-11-29,1.4
"2010",998,"PCPIPCH",2010-11-29,2
"2011",998,"PCPIPCH",2010-11-29,2.1
"2012",998,"PCPIPCH",2010-11-29,1.8
"2010",111,"PCPIPCH",2010-11-29,1.6
"2011",111,"PCPIPCH",2010-11-29,1.1
"2012",111,"PCPIPCH",2010-11-29,1.5
"2010",158,"PCPIPCH",2010-11-29,-0.9
"2011",158,"PCPIPCH",2010-11-29,-0.7
"2012",158,"PCPIPCH",2010-11-29,0
"2011",134,"NGDP_RPCH",2011-03-01,2.4
"2011",184,"NGDP_RPCH",2011-03-01,0.8
"2011",132,"NGDP_RPCH",2011-03-01,1.7
"2011",136,"NGDP_RPCH",2011-03-01,1.1
"2011",138,"NGDP_RPCH",2011-03-01,1.7
"2011",163,"NGDP_RPCH",2011-03-01,1.6
"2011",964,"NGDP_RPCH",2011-03-01,4.1
"2011",112,"NGDP_RPCH",2011-03-01,2
"2011",998,"NGDP_RPCH",2011-03-01,1.8
"2011",134,"PCPIPCH",2011-03-01,2.2
"2011",184,"PCPIPCH",2011-03-01,2.4
"2011",132,"PCPIPCH",2011-03-01,2
"2011",136,"PCPIPCH",2011-03-01,2.2
"2011",138,"PCPIPCH",2011-03-01,1.7
"2011",163,"PCPIPCH",2011-03-01,2.2
"2011",964,"PCPIPCH",2011-03-01,3.3
"2011",112,"PCPIPCH",2011-03-01,3.4
"2011",998,"PCPIPCH",2011-03-01,2.5
"2011",124,"LUR",2011-05-13,7.9
"2012",124,"LUR",2011-05-13,7.8
"2011",134,"LUR",2011-05-13,6.4
"2012",134,"LUR",2011-05-13,6
"2011",939,"LUR",2011-05-13,13
"2012",939,"LUR",2011-05-13,11.5
"2011",178,"LUR",2011-05-13,14.6
"2012",178,"LUR",2011-05-13,14
"2011",174,"LUR",2011-05-13,15.2
"2012",174,"LUR",2011-05-13,15.3
"2011",184,"LUR",2011-05-13,20.6
"2012",184,"LUR",2011-05-13,20.2
"2011",132,"LUR",2011-05-13,9.5
"2012",132,"LUR",2011-05-13,9.2
"2011",136,"LUR",2011-05-13,8.4
"2012",136,"LUR",2011-05-13,8.2
"2011",423,"LUR",2011-05-13,6.3
"2012",423,"LUR",2011-05-13,5.6
"2011",137,"LUR",2011-05-13,4.4
"2012",137,"LUR",2011-05-13,4.2
"2011",181,"LUR",2011-05-13,6.8
"2012",181,"LUR",2011-05-13,6.7
"2011",138,"LUR",2011-05-13,4.2
"2012",138,"LUR",2011-05-13,4
"2011",122,"LUR",2011-05-13,4.3
"2012",122,"LUR",2011-05-13,4.2
"2011",182,"LUR",2011-05-13,12.3
"2012",182,"LUR",2011-05-13,13
"2011",961,"LUR",2011-05-13,8.2
"2012",961,"LUR",2011-05-13,8
"2011",936,"LUR",2011-05-13,14
"2012",936,"LUR",2011-05-13,13.3
"2011",172,"LUR",2011-05-13,7.9
"2012",172,"LUR",2011-05-13,7.4
"2011",163,"LUR",2011-05-13,10
"2012",163,"LUR",2011-05-13,9.7
"2011",918,"LUR",2011-05-13,9.4
"2012",918,"LUR",2011-05-13,8.5
"2011",935,"LUR",2011-05-13,6.8
"2012",935,"LUR",2011-05-13,6.4
"2011",128,"LUR",2011-05-13,7.1
"2012",128,"LUR",2011-05-13,6.7
"2011",941,"LUR",2011-05-13,17.2
"2012",941,"LUR",2011-05-13,15.8
"2011",946,"LUR",2011-05-13,15.5
"2012",946,"LUR",2011-05-13,12.7
"2011",944,"LUR",2011-05-13,11
"2012",944,"LUR",2011-05-13,9.3
"2011",964,"LUR",2011-05-13,9.3
"2012",964,"LUR",2011-05-13,8.8
"2011",968,"LUR",2011-05-13,7.2
"2012",968,"LUR",2011-05-13,6.8
"2011",144,"LUR",2011-05-13,7.6
"2012",144,"LUR",2011-05-13,7.2
"2011",112,"LUR",2011-05-13,8
"2012",112,"LUR",2011-05-13,7.8
"2011",998,"LUR",2011-05-13,9.5
"2012",998,"LUR",2011-05-13,9.1
"2011",111,"LUR",2011-05-13,8.7
"2012",111,"LUR",2011-05-13,8.1
"2011",158,"LUR",2011-05-13,4.9
"2012",158,"LUR",2011-05-13,4.8
"2011",124,"NGDP_RPCH",2011-05-13,2.4
"2012",124,"NGDP_RPCH",2011-05-13,2.2
"2011",134,"NGDP_RPCH",2011-05-13,2.6
"2012",134,"NGDP_RPCH",2011-05-13,1.9
"2011",939,"NGDP_RPCH",2011-05-13,4.9
"2012",939,"NGDP_RPCH",2011-05-13,4
"2011",178,"NGDP_RPCH",2011-05-13,0.6
"2012",178,"NGDP_RPCH",2011-05-13,1.9
"2011",174,"NGDP_RPCH",2011-05-13,-3.5
"2012",174,"NGDP_RPCH",2011-05-13,1.1
"2011",184,"NGDP_RPCH",2011-05-13,0.8
"2012",184,"NGDP_RPCH",2011-05-13,1.5
"2011",132,"NGDP_RPCH",2011-05-13,1.8
"2012",132,"NGDP_RPCH",2011-05-13,2
"2011",136,"NGDP_RPCH",2011-05-13,1
"2012",136,"NGDP_RPCH",2011-05-13,1.3
"2011",423,"NGDP_RPCH",2011-05-13,1.5
"2012",423,"NGDP_RPCH",2011-05-13,2.4
"2011",137,"NGDP_RPCH",2011-05-13,3.4
"2012",137,"NGDP_RPCH",2011-05-13,3.8
"2011",181,"NGDP_RPCH",2011-05-13,2
"2012",181,"NGDP_RPCH",2011-05-13,2.2
"2011",138,"NGDP_RPCH",2011-05-13,1.9
"2012",138,"NGDP_RPCH",2011-05-13,1.7
"2011",122,"NGDP_RPCH",2011-05-13,2.4
"2012",122,"NGDP_RPCH",2011-05-13,2
"2011",182,"NGDP_RPCH",2011-05-13,-2.2
"2012",182,"NGDP_RPCH",2011-05-13,-1.8
"2011",961,"NGDP_RPCH",2011-05-13,1.9
"2012",961,"NGDP_RPCH",2011-05-13,2.5
"2011",936,"NGDP_RPCH",2011-05-13,3.5
"2012",936,"NGDP_RPCH",2011-05-13,4.4
"2011",172,"NGDP_RPCH",2011-05-13,3.7
"2012",172,"NGDP_RPCH",2011-05-13,2.6
"2011",163,"NGDP_RPCH",2011-05-13,1.6
"2012",163,"NGDP_RPCH",2011-05-13,1.8
"2011",918,"NGDP_RPCH",2011-05-13,2.8
"2012",918,"NGDP_RPCH",2011-05-13,3.7
"2011",935,"NGDP_RPCH",2011-05-13,2
"2012",935,"NGDP_RPCH",2011-05-13,2.9
"2011",128,"NGDP_RPCH",2011-05-13,1.7
"2012",128,"NGDP_RPCH",2011-05-13,1.5
"2011",941,"NGDP_RPCH",2011-05-13,3.3
"2012",941,"NGDP_RPCH",2011-05-13,4
"2011",946,"NGDP_RPCH",2011-05-13,5
"2012",946,"NGDP_RPCH",2011-05-13,4.7
"2011",944,"NGDP_RPCH",2011-05-13,2.7
"2012",944,"NGDP_RPCH",2011-05-13,2.6
"2011",964,"NGDP_RPCH",2011-05-13,4
"2012",964,"NGDP_RPCH",2011-05-13,3.7
"2011",968,"NGDP_RPCH",2011-05-13,1.5
"2012",968,"NGDP_RPCH",2011-05-13,3.7
"2011",144,"NGDP_RPCH",2011-05-13,4.2
"2012",144,"NGDP_RPCH",2011-05-13,2.5
"2011",112,"NGDP_RPCH",2011-05-13,1.7
"2012",112,"NGDP_RPCH",2011-05-13,2.1
"2011",998,"NGDP_RPCH",2011-05-13,1.8
"2012",998,"NGDP_RPCH",2011-05-13,1.9
"2011",111,"NGDP_RPCH",2011-05-13,2.6
"2012",111,"NGDP_RPCH",2011-05-13,2.7
"2011",158,"NGDP_RPCH",2011-05-13,0.5
"2012",158,"NGDP_RPCH",2011-05-13,1.6
"2011",124,"PCPIPCH",2011-05-13,3.6
"2012",124,"PCPIPCH",2011-05-13,2.2
"2011",134,"PCPIPCH",2011-05-13,2.6
"2012",134,"PCPIPCH",2011-05-13,2
"2011",939,"PCPIPCH",2011-05-13,4.7
"2012",939,"PCPIPCH",2011-05-13,2.8
"2011",178,"PCPIPCH",2011-05-13,1
"2012",178,"PCPIPCH",2011-05-13,0.7
"2011",174,"PCPIPCH",2011-05-13,2.4
"2012",174,"PCPIPCH",2011-05-13,0.5
"2011",184,"PCPIPCH",2011-05-13,3
"2012",184,"PCPIPCH",2011-05-13,1.4
"2011",132,"PCPIPCH",2011-05-13,2.2
"2012",132,"PCPIPCH",2011-05-13,1.7
"2011",136,"PCPIPCH",2011-05-13,2.6
"2012",136,"PCPIPCH",2011-05-13,1.9
"2011",423,"PCPIPCH",2011-05-13,3.4
"2012",423,"PCPIPCH",2011-05-13,2.3
"2011",137,"PCPIPCH",2011-05-13,3.5
"2012",137,"PCPIPCH",2011-05-13,2.3
"2011",181,"PCPIPCH",2011-05-13,2.7
"2012",181,"PCPIPCH",2011-05-13,2.2
"2011",138,"PCPIPCH",2011-05-13,2.2
"2012",138,"PCPIPCH",2011-05-13,2.1
"2011",122,"PCPIPCH",2011-05-13,2.9
"2012",122,"PCPIPCH",2011-05-13,2.1
"2011",182,"PCPIPCH",2011-05-13,3.4
"2012",182,"PCPIPCH",2011-05-13,2
"2011",961,"PCPIPCH",2011-05-13,2.6
"2012",961,"PCPIPCH",2011-05-13,2.1
"2011",936,"PCPIPCH",2011-05-13,3.6
"2012",936,"PCPIPCH",2011-05-13,2.9
"2011",172,"PCPIPCH",2011-05-13,3.6
"2012",172,"PCPIPCH",2011-05-13,2.2
"2011",163,"PCPIPCH",2011-05-13,2.6
"2012",163,"PCPIPCH",2011-05-13,1.8
"2011",918,"PCPIPCH",2011-05-13,4.3
"2012",918,"PCPIPCH",2011-05-13,3.4
"2011",935,"PCPIPCH",2011-05-13,2.3
"2012",935,"PCPIPCH",2011-05-13,2.5
"2011",128,"PCPIPCH",2011-05-13,2.5
"2012",128,"PCPIPCH",2011-05-13,1.8
"2011",941,"PCPIPCH",2011-05-13,3.4
"2012",941,"PCPIPCH",2011-05-13,2
"2011",946,"PCPIPCH",2011-05-13,3.2
"2012",946,"PCPIPCH",2011-05-13,2.4
"2011",944,"PCPIPCH",2011-05-13,4
"2012",944,"PCPIPCH",2011-05-13,3.5
"2011",964,"PCPIPCH",2011-05-13,3.8
"2012",964,"PCPIPCH",2011-05-13,3.2
"2011",968,"PCPIPCH",2011-05-13,6.7
"2012",968,"PCPIPCH",2011-05-13,4
"2011",144,"PCPIPCH",2011-05-13,1.7
"2012",144,"PCPIPCH",2011-05-13,1.6
"2011",112,"PCPIPCH",2011-05-13,4.1
"2012",112,"PCPIPCH",2011-05-13,2.4
"2011",998,"PCPIPCH",2011-05-13,3
"2012",998,"PCPIPCH",2011-05-13,2
"2011",111,"PCPIPCH",2011-05-13,2.5
"2012",111,"PCPIPCH",2011-05-13,1.5
"2011",158,"PCPIPCH",2011-05-13,0.2
"2012",158,"PCPIPCH",2011-05-13,0.3
"2011",134,"NGDP_RPCH",2011-09-15,2.9
"2011",184,"NGDP_RPCH",2011-09-15,0.8
"2011",132,"NGDP_RPCH",2011-09-15,1.6
"2011",136,"NGDP_RPCH",2011-09-15,0.7
"2011",138,"NGDP_RPCH",2011-09-15,1.7
"2011",163,"NGDP_RPCH",2011-09-15,1.6
"2011",964,"NGDP_RPCH",2011-09-15,4
"2011",112,"NGDP_RPCH",2011-09-15,1.1
"2011",998,"NGDP_RPCH",2011-09-15,1.7
"2011",134,"PCPIPCH",2011-09-15,2.3
"2011",184,"PCPIPCH",2011-09-15,2.9
"2011",132,"PCPIPCH",2011-09-15,2.1
"2011",136,"PCPIPCH",2011-09-15,2.6
"2011",138,"PCPIPCH",2011-09-15,2.5
"2011",163,"PCPIPCH",2011-09-15,2.5
"2011",964,"PCPIPCH",2011-09-15,3.7
"2011",112,"PCPIPCH",2011-09-15,4.4
"2011",998,"PCPIPCH",2011-09-15,2.9
"2011",124,"LUR",2011-11-10,7.6
"2012",124,"LUR",2011-11-10,7.7
"2013",124,"LUR",2011-11-10,7.9
"2011",134,"LUR",2011-11-10,6.1
"2012",134,"LUR",2011-11-10,5.9
"2013",134,"LUR",2011-11-10,5.8
"2011",939,"LUR",2011-11-10,12.5
"2012",939,"LUR",2011-11-10,11.2
"2013",939,"LUR",2011-11-10,10.1
"2011",178,"LUR",2011-11-10,14.4
"2012",178,"LUR",2011-11-10,14.3
"2013",178,"LUR",2011-11-10,13.6
"2011",174,"LUR",2011-11-10,16.6
"2012",174,"LUR",2011-11-10,18.4
"2013",174,"LUR",2011-11-10,18.4
"2011",184,"LUR",2011-11-10,20.9
"2012",184,"LUR",2011-11-10,20.9
"2013",184,"LUR",2011-11-10,20.3
"2011",132,"LUR",2011-11-10,9.8
"2012",132,"LUR",2011-11-10,10
"2013",132,"LUR",2011-11-10,10.1
"2011",136,"LUR",2011-11-10,8.1
"2012",136,"LUR",2011-11-10,8.2
"2013",136,"LUR",2011-11-10,8.2
"2011",423,"LUR",2011-11-10,7.2
"2012",423,"LUR",2011-11-10,7.5
"2013",423,"LUR",2011-11-10,7.1
"2011",137,"LUR",2011-11-10,4.5
"2012",137,"LUR",2011-11-10,4.8
"2013",137,"LUR",2011-11-10,4.7
"2011",181,"LUR",2011-11-10,6.7
"2012",181,"LUR",2011-11-10,6.8
"2013",181,"LUR",2011-11-10,6.6
"2011",138,"LUR",2011-11-10,4.5
"2012",138,"LUR",2011-11-10,4.7
"2013",138,"LUR",2011-11-10,4.8
"2011",122,"LUR",2011-11-10,4.2
"2012",122,"LUR",2011-11-10,4.5
"2013",122,"LUR",2011-11-10,4.2
"2011",182,"LUR",2011-11-10,12.6
"2012",182,"LUR",2011-11-10,13.6
"2013",182,"LUR",2011-11-10,13.7
"2011",961,"LUR",2011-11-10,8.2
"2012",961,"LUR",2011-11-10,8.4
"2013",961,"LUR",2011-11-10,8.2
"2011",936,"LUR",2011-11-10,13.2
"2012",936,"LUR",2011-11-10,13.2
"2013",936,"LUR",2011-11-10,12.3
"2011",172,"LUR",2011-11-10,7.8
"2012",172,"LUR",2011-11-10,7.7
"2013",172,"LUR",2011-11-10,7.4
"2011",163,"LUR",2011-11-10,10
"2012",163,"LUR",2011-11-10,10.1
"2013",163,"LUR",2011-11-10,10
"2011",918,"LUR",2011-11-10,12.2
"2012",918,"LUR",2011-11-10,12.1
"2013",918,"LUR",2011-11-10,11.3
"2011",935,"LUR",2011-11-10,6.8
"2012",935,"LUR",2011-11-10,7
"2013",935,"LUR",2011-11-10,6.7
"2011",128,"LUR",2011-11-10,7.4
"2012",128,"LUR",2011-11-10,7.3
"2013",128,"LUR",2011-11-10,7.1
"2011",941,"LUR",2011-11-10,16.1
"2012",941,"LUR",2011-11-10,15
"2013",941,"LUR",2011-11-10,13.5
"2011",946,"LUR",2011-11-10,15.1
"2012",946,"LUR",2011-11-10,13.3
"2013",946,"LUR",2011-11-10,11.6
"2011",944,"LUR",2011-11-10,11.2
"2012",944,"LUR",2011-11-10,11
"2013",944,"LUR",2011-11-10,11.3
"2011",964,"LUR",2011-11-10,9.3
"2012",964,"LUR",2011-11-10,9.2
"2013",964,"LUR",2011-11-10,8.6
"2011",968,"LUR",2011-11-10,8.2
"2012",968,"LUR",2011-11-10,7.8
"2013",968,"LUR",2011-11-10,7.4
"2011",144,"LUR",2011-11-10,7.4
"2012",144,"LUR",2011-11-10,7.4
"2013",144,"LUR",2011-11-10,7.3
"2011",112,"LUR",2011-11-10,7.9
"2012",112,"LUR",2011-11-10,8.6
"2013",112,"LUR",2011-11-10,8.5
"2011",998,"LUR",2011-11-10,9.7
"2012",998,"LUR",2011-11-10,9.8
"2013",998,"LUR",2011-11-10,9.6
"2011",111,"LUR",2011-11-10,9
"2012",111,"LUR",2011-11-10,9
"2013",111,"LUR",2011-11-10,8.8
"2011",158,"LUR",2011-11-10,4.9
"2012",158,"LUR",2011-11-10,4.8
"2013",158,"LUR",2011-11-10,4.7
"2011",124,"NGDP_RPCH",2011-11-10,2.2
"2012",124,"NGDP_RPCH",2011-11-10,0.9
"2013",124,"NGDP_RPCH",2011-11-10,1.5
"2011",134,"NGDP_RPCH",2011-11-10,2.9
"2012",134,"NGDP_RPCH",2011-11-10,0.8
"2013",134,"NGDP_RPCH",2011-11-10,1.5
"2011",939,"NGDP_RPCH",2011-11-10,8
"2012",939,"NGDP_RPCH",2011-11-10,3.2
"2013",939,"NGDP_RPCH",2011-11-10,4
"2011",178,"NGDP_RPCH",2011-11-10,1.1
"2012",178,"NGDP_RPCH",2011-11-10,1.1
"2013",178,"NGDP_RPCH",2011-11-10,2.3
"2011",174,"NGDP_RPCH",2011-11-10,-5.5
"2012",174,"NGDP_RPCH",2011-11-10,-2.8
"2013",174,"NGDP_RPCH",2011-11-10,0.7
"2011",184,"NGDP_RPCH",2011-11-10,0.7
"2012",184,"NGDP_RPCH",2011-11-10,0.7
"2013",184,"NGDP_RPCH",2011-11-10,1.4
"2011",132,"NGDP_RPCH",2011-11-10,1.6
"2012",132,"NGDP_RPCH",2011-11-10,0.6
"2013",132,"NGDP_RPCH",2011-11-10,1.4
"2011",136,"NGDP_RPCH",2011-11-10,0.5
"2012",136,"NGDP_RPCH",2011-11-10,0.1
"2013",136,"NGDP_RPCH",2011-11-10,0.7
"2011",423,"NGDP_RPCH",2011-11-10,0.3
"2012",423,"NGDP_RPCH",2011-11-10,0
"2013",423,"NGDP_RPCH",2011-11-10,1.8
"2011",137,"NGDP_RPCH",2011-11-10,1.6
"2012",137,"NGDP_RPCH",2011-11-10,1
"2013",137,"NGDP_RPCH",2011-11-10,2.3
"2011",181,"NGDP_RPCH",2011-11-10,2.1
"2012",181,"NGDP_RPCH",2011-11-10,1.3
"2013",181,"NGDP_RPCH",2011-11-10,2
"2011",138,"NGDP_RPCH",2011-11-10,1.8
"2012",138,"NGDP_RPCH",2011-11-10,0.5
"2013",138,"NGDP_RPCH",2011-11-10,1.3
"2011",122,"NGDP_RPCH",2011-11-10,2.9
"2012",122,"NGDP_RPCH",2011-11-10,0.9
"2013",122,"NGDP_RPCH",2011-11-10,1.9
"2011",182,"NGDP_RPCH",2011-11-10,-1.9
"2012",182,"NGDP_RPCH",2011-11-10,-3
"2013",182,"NGDP_RPCH",2011-11-10,1.1
"2011",961,"NGDP_RPCH",2011-11-10,1.1
"2012",961,"NGDP_RPCH",2011-11-10,1
"2013",961,"NGDP_RPCH",2011-11-10,1.5
"2011",936,"NGDP_RPCH",2011-11-10,2.9
"2012",936,"NGDP_RPCH",2011-11-10,1.1
"2013",936,"NGDP_RPCH",2011-11-10,2.9
"2011",172,"NGDP_RPCH",2011-11-10,3.1
"2012",172,"NGDP_RPCH",2011-11-10,1.4
"2013",172,"NGDP_RPCH",2011-11-10,1.7
"2011",163,"NGDP_RPCH",2011-11-10,1.5
"2012",163,"NGDP_RPCH",2011-11-10,0.5
"2013",163,"NGDP_RPCH",2011-11-10,1.3
"2011",918,"NGDP_RPCH",2011-11-10,2.2
"2012",918,"NGDP_RPCH",2011-11-10,2.3
"2013",918,"NGDP_RPCH",2011-11-10,3
"2011",935,"NGDP_RPCH",2011-11-10,1.8
"2012",935,"NGDP_RPCH",2011-11-10,0.7
"2013",935,"NGDP_RPCH",2011-11-10,1.7
"2011",128,"NGDP_RPCH",2011-11-10,1.2
"2012",128,"NGDP_RPCH",2011-11-10,1.4
"2013",128,"NGDP_RPCH",2011-11-10,1.7
"2011",941,"NGDP_RPCH",2011-11-10,4.5
"2012",941,"NGDP_RPCH",2011-11-10,2.5
"2013",941,"NGDP_RPCH",2011-11-10,4
"2011",946,"NGDP_RPCH",2011-11-10,6.1
"2012",946,"NGDP_RPCH",2011-11-10,3.4
"2013",946,"NGDP_RPCH",2011-11-10,3.8
"2011",944,"NGDP_RPCH",2011-11-10,1.4
"2012",944,"NGDP_RPCH",2011-11-10,0.5
"2013",944,"NGDP_RPCH",2011-11-10,1.4
"2011",964,"NGDP_RPCH",2011-11-10,4
"2012",964,"NGDP_RPCH",2011-11-10,2.5
"2013",964,"NGDP_RPCH",2011-11-10,2.8
"2011",968,"NGDP_RPCH",2011-11-10,1.7
"2012",968,"NGDP_RPCH",2011-11-10,2.1
"2013",968,"NGDP_RPCH",2011-11-10,3.4
"2011",144,"NGDP_RPCH",2011-11-10,4
"2012",144,"NGDP_RPCH",2011-11-10,1.4
"2013",144,"NGDP_RPCH",2011-11-10,2.1
"2011",112,"NGDP_RPCH",2011-11-10,0.7
"2012",112,"NGDP_RPCH",2011-11-10,0.6
"2013",112,"NGDP_RPCH",2011-11-10,1.5
"2011",998,"NGDP_RPCH",2011-11-10,1.6
"2012",998,"NGDP_RPCH",2011-11-10,0.6
"2013",998,"NGDP_RPCH",2011-11-10,1.5
"2011",111,"NGDP_RPCH",2011-11-10,1.6
"2012",111,"NGDP_RPCH",2011-11-10,1.5
"2013",111,"NGDP_RPCH",2011-11-10,1.3
"2011",158,"NGDP_RPCH",2011-11-10,-0.4
"2012",158,"NGDP_RPCH",2011-11-10,1.8
"2013",158,"NGDP_RPCH",2011-11-10,1
"2011",124,"PCPIPCH",2011-11-10,3.5
"2012",124,"PCPIPCH",2011-11-10,2
"2013",124,"PCPIPCH",2011-11-10,1.9
"2011",134,"PCPIPCH",2011-11-10,2.4
"2012",134,"PCPIPCH",2011-11-10,1.7
"2013",134,"PCPIPCH",2011-11-10,1.8
"2011",939,"PCPIPCH",2011-11-10,5.2
"2012",939,"PCPIPCH",2011-11-10,3.3
"2013",939,"PCPIPCH",2011-11-10,2.8
"2011",178,"PCPIPCH",2011-11-10,1.1
"2012",178,"PCPIPCH",2011-11-10,0.7
"2013",178,"PCPIPCH",2011-11-10,1.2
"2011",174,"PCPIPCH",2011-11-10,3
"2012",174,"PCPIPCH",2011-11-10,0.8
"2013",174,"PCPIPCH",2011-11-10,0.8
"2011",184,"PCPIPCH",2011-11-10,3
"2012",184,"PCPIPCH",2011-11-10,1.1
"2013",184,"PCPIPCH",2011-11-10,1.3
"2011",132,"PCPIPCH",2011-11-10,2.2
"2012",132,"PCPIPCH",2011-11-10,1.5
"2013",132,"PCPIPCH",2011-11-10,1.4
"2011",136,"PCPIPCH",2011-11-10,2.7
"2012",136,"PCPIPCH",2011-11-10,2
"2013",136,"PCPIPCH",2011-11-10,1.9
"2011",423,"PCPIPCH",2011-11-10,3.4
"2012",423,"PCPIPCH",2011-11-10,2.8
"2013",423,"PCPIPCH",2011-11-10,2.3
"2011",137,"PCPIPCH",2011-11-10,3.6
"2012",137,"PCPIPCH",2011-11-10,2.1
"2013",137,"PCPIPCH",2011-11-10,2.5
"2011",181,"PCPIPCH",2011-11-10,2.6
"2012",181,"PCPIPCH",2011-11-10,2.2
"2013",181,"PCPIPCH",2011-11-10,2.3
"2011",138,"PCPIPCH",2011-11-10,2.5
"2012",138,"PCPIPCH",2011-11-10,1.9
"2013",138,"PCPIPCH",2011-11-10,1.3
"2011",122,"PCPIPCH",2011-11-10,3.4
"2012",122,"PCPIPCH",2011-11-10,2.2
"2013",122,"PCPIPCH",2011-11-10,2.1
"2011",182,"PCPIPCH",2011-11-10,3.5
"2012",182,"PCPIPCH",2011-11-10,3
"2013",182,"PCPIPCH",2011-11-10,1.5
"2011",961,"PCPIPCH",2011-11-10,1.9
"2012",961,"PCPIPCH",2011-11-10,1.3
"2013",961,"PCPIPCH",2011-11-10,1.2
"2011",936,"PCPIPCH",2011-11-10,4
"2012",936,"PCPIPCH",2011-11-10,1.7
"2013",936,"PCPIPCH",2011-11-10,2.1
"2011",172,"PCPIPCH",2011-11-10,3.2
"2012",172,"PCPIPCH",2011-11-10,2.6
"2013",172,"PCPIPCH",2011-11-10,1.8
"2011",163,"PCPIPCH",2011-11-10,2.6
"2012",163,"PCPIPCH",2011-11-10,1.7
"2013",163,"PCPIPCH",2011-11-10,1.6
"2011",918,"PCPIPCH",2011-11-10,3.6
"2012",918,"PCPIPCH",2011-11-10,3.1
"2013",918,"PCPIPCH",2011-11-10,3
"2011",935,"PCPIPCH",2011-11-10,1.8
"2012",935,"PCPIPCH",2011-11-10,2.7
"2013",935,"PCPIPCH",2011-11-10,1.6
"2011",128,"PCPIPCH",2011-11-10,2.6
"2012",128,"PCPIPCH",2011-11-10,1.7
"2013",128,"PCPIPCH",2011-11-10,1.8
"2011",941,"PCPIPCH",2011-11-10,4.2
"2012",941,"PCPIPCH",2011-11-10,2.4
"2013",941,"PCPIPCH",2011-11-10,2
"2011",946,"PCPIPCH",2011-11-10,4
"2012",946,"PCPIPCH",2011-11-10,2.7
"2013",946,"PCPIPCH",2011-11-10,2.8
"2011",944,"PCPIPCH",2011-11-10,4
"2012",944,"PCPIPCH",2011-11-10,4.5
"2013",944,"PCPIPCH",2011-11-10,4.1
"2011",964,"PCPIPCH",2011-11-10,3.7
"2012",964,"PCPIPCH",2011-11-10,2.7
"2013",964,"PCPIPCH",2011-11-10,2.9
"2011",968,"PCPIPCH",2011-11-10,5.9
"2012",968,"PCPIPCH",2011-11-10,3.4
"2013",968,"PCPIPCH",2011-11-10,3.4
"2011",144,"PCPIPCH",2011-11-10,1.5
"2012",144,"PCPIPCH",2011-11-10,1.3
"2013",144,"PCPIPCH",2011-11-10,1.6
"2011",112,"PCPIPCH",2011-11-10,4.3
"2012",112,"PCPIPCH",2011-11-10,2.9
"2013",112,"PCPIPCH",2011-11-10,2
"2011",998,"PCPIPCH",2011-11-10,3
"2012",998,"PCPIPCH",2011-11-10,2
"2013",998,"PCPIPCH",2011-11-10,1.8
"2011",111,"PCPIPCH",2011-11-10,3.2
"2012",111,"PCPIPCH",2011-11-10,1.9
"2013",111,"PCPIPCH",2011-11-10,2.2
"2011",158,"PCPIPCH",2011-11-10,-0.2
"2012",158,"PCPIPCH",2011-11-10,-0.1
"2013",158,"PCPIPCH",2011-11-10,0.8
"2012",124,"NGDP_RPCH",2012-02-23,-0.1
"2012",134,"NGDP_RPCH",2012-02-23,0.6
"2012",939,"NGDP_RPCH",2012-02-23,1.2
"2012",178,"NGDP_RPCH",2012-02-23,0.5
"2012",174,"NGDP_RPCH",2012-02-23,-4.4
"2012",184,"NGDP_RPCH",2012-02-23,-1
"2012",132,"NGDP_RPCH",2012-02-23,0.4
"2012",136,"NGDP_RPCH",2012-02-23,-1.3
"2012",423,"NGDP_RPCH",2012-02-23,-0.5
"2012",137,"NGDP_RPCH",2012-02-23,0.7
"2012",181,"NGDP_RPCH",2012-02-23,1
"2012",138,"NGDP_RPCH",2012-02-23,-0.9
"2012",122,"NGDP_RPCH",2012-02-23,0.7
"2012",182,"NGDP_RPCH",2012-02-23,-3.3
"2012",961,"NGDP_RPCH",2012-02-23,-0.1
"2012",936,"NGDP_RPCH",2012-02-23,1.2
"2012",172,"NGDP_RPCH",2012-02-23,0.8
"2012",163,"NGDP_RPCH",2012-02-23,-0.3
"2012",918,"NGDP_RPCH",2012-02-23,1.4
"2012",935,"NGDP_RPCH",2012-02-23,0
"2012",128,"NGDP_RPCH",2012-02-23,1.1
"2012",941,"NGDP_RPCH",2012-02-23,2.1
"2012",946,"NGDP_RPCH",2012-02-23,2.3
"2012",944,"NGDP_RPCH",2012-02-23,-0.1
"2012",964,"NGDP_RPCH",2012-02-23,2.5
"2012",968,"NGDP_RPCH",2012-02-23,1.6
"2012",144,"NGDP_RPCH",2012-02-23,0.7
"2012",112,"NGDP_RPCH",2012-02-23,0.6
"2012",998,"NGDP_RPCH",2012-02-23,0
"2012",124,"PCPIPCH",2012-02-23,2.7
"2012",134,"PCPIPCH",2012-02-23,1.9
"2012",939,"PCPIPCH",2012-02-23,3.1
"2012",178,"PCPIPCH",2012-02-23,1.6
"2012",174,"PCPIPCH",2012-02-23,-0.5
"2012",184,"PCPIPCH",2012-02-23,1.3
"2012",132,"PCPIPCH",2012-02-23,2.2
"2012",136,"PCPIPCH",2012-02-23,2.9
"2012",423,"PCPIPCH",2012-02-23,2.8
"2012",137,"PCPIPCH",2012-02-23,2.7
"2012",181,"PCPIPCH",2012-02-23,2.1
"2012",138,"PCPIPCH",2012-02-23,2
"2012",122,"PCPIPCH",2012-02-23,2.4
"2012",182,"PCPIPCH",2012-02-23,3.3
"2012",961,"PCPIPCH",2012-02-23,1.6
"2012",936,"PCPIPCH",2012-02-23,1.9
"2012",172,"PCPIPCH",2012-02-23,3
"2012",163,"PCPIPCH",2012-02-23,2.1
"2012",918,"PCPIPCH",2012-02-23,3
"2012",935,"PCPIPCH",2012-02-23,3
"2012",128,"PCPIPCH",2012-02-23,1.8
"2012",941,"PCPIPCH",2012-02-23,2.5
"2012",946,"PCPIPCH",2012-02-23,2.6
"2012",944,"PCPIPCH",2012-02-23,5.1
"2012",964,"PCPIPCH",2012-02-23,3.5
"2012",968,"PCPIPCH",2012-02-23,3
"2012",144,"PCPIPCH",2012-02-23,0.9
"2012",112,"PCPIPCH",2012-02-23,2.7
"2012",998,"PCPIPCH",2012-02-23,2.3
"2012",124,"LUR",2012-05-11,7.6
"2013",124,"LUR",2012-05-11,7.9
"2012",134,"LUR",2012-05-11,5.5
"2013",134,"LUR",2012-05-11,5.3
"2012",939,"LUR",2012-05-11,11.6
"2013",939,"LUR",2012-05-11,10.5
"2012",178,"LUR",2012-05-11,14.3
"2013",178,"LUR",2012-05-11,13.6
"2012",174,"LUR",2012-05-11,19.7
"2013",174,"LUR",2012-05-11,19.6
"2012",184,"LUR",2012-05-11,24.4
"2013",184,"LUR",2012-05-11,25.1
"2012",132,"LUR",2012-05-11,10.2
"2013",132,"LUR",2012-05-11,10.3
"2012",136,"LUR",2012-05-11,9.5
"2013",136,"LUR",2012-05-11,9.7
"2012",423,"LUR",2012-05-11,9.8
"2013",423,"LUR",2012-05-11,9.9
"2012",137,"LUR",2012-05-11,5.2
"2013",137,"LUR",2012-05-11,5.9
"2012",181,"LUR",2012-05-11,6.6
"2013",181,"LUR",2012-05-11,6.3
"2012",138,"LUR",2012-05-11,5.7
"2013",138,"LUR",2012-05-11,6.2
"2012",122,"LUR",2012-05-11,4.3
"2013",122,"LUR",2012-05-11,4.2
"2012",182,"LUR",2012-05-11,15.5
"2013",182,"LUR",2012-05-11,15.1
"2012",961,"LUR",2012-05-11,9.1
"2013",961,"LUR",2012-05-11,9.4
"2012",936,"LUR",2012-05-11,13.2
"2013",936,"LUR",2012-05-11,12.7
"2012",172,"LUR",2012-05-11,7.9
"2013",172,"LUR",2012-05-11,7.7
"2012",163,"LUR",2012-05-11,11
"2013",163,"LUR",2012-05-11,11
"2012",918,"LUR",2012-05-11,12
"2013",918,"LUR",2012-05-11,11.9
"2012",935,"LUR",2012-05-11,7.2
"2013",935,"LUR",2012-05-11,7.2
"2012",128,"LUR",2012-05-11,7.7
"2013",128,"LUR",2012-05-11,7.6
"2012",941,"LUR",2012-05-11,14.8
"2013",941,"LUR",2012-05-11,13.2
"2012",946,"LUR",2012-05-11,13.8
"2013",946,"LUR",2012-05-11,12.7
"2012",944,"LUR",2012-05-11,10.6
"2013",944,"LUR",2012-05-11,9.6
"2012",964,"LUR",2012-05-11,9.8
"2013",964,"LUR",2012-05-11,9.6
"2012",968,"LUR",2012-05-11,7.2
"2013",968,"LUR",2012-05-11,7.1
"2012",144,"LUR",2012-05-11,7.7
"2013",144,"LUR",2012-05-11,7.7
"2012",112,"LUR",2012-05-11,8.5
"2013",112,"LUR",2012-05-11,8.4
"2012",998,"LUR",2012-05-11,10.3
"2013",998,"LUR",2012-05-11,10.3
"2012",960,"LUR",2012-05-11,13.4
"2013",960,"LUR",2012-05-11,12.7
"2012",111,"LUR",2012-05-11,8.2
"2013",111,"LUR",2012-05-11,8
"2012",158,"LUR",2012-05-11,4.8
"2013",158,"LUR",2012-05-11,4.7
"2012",124,"NGDP_RPCH",2012-05-11,0
"2013",124,"NGDP_RPCH",2012-05-11,1.2
"2012",134,"NGDP_RPCH",2012-05-11,0.7
"2013",134,"NGDP_RPCH",2012-05-11,1.7
"2012",939,"NGDP_RPCH",2012-05-11,1.6
"2013",939,"NGDP_RPCH",2012-05-11,3.8
"2012",178,"NGDP_RPCH",2012-05-11,0.5
"2013",178,"NGDP_RPCH",2012-05-11,1.9
"2012",174,"NGDP_RPCH",2012-05-11,-4.7
"2013",174,"NGDP_RPCH",2012-05-11,0
"2012",184,"NGDP_RPCH",2012-05-11,-1.8
"2013",184,"NGDP_RPCH",2012-05-11,-0.3
"2012",132,"NGDP_RPCH",2012-05-11,0.5
"2013",132,"NGDP_RPCH",2012-05-11,1.3
"2012",136,"NGDP_RPCH",2012-05-11,-1.4
"2013",136,"NGDP_RPCH",2012-05-11,0.4
"2012",423,"NGDP_RPCH",2012-05-11,-0.8
"2013",423,"NGDP_RPCH",2012-05-11,0.3
"2012",137,"NGDP_RPCH",2012-05-11,1.1
"2013",137,"NGDP_RPCH",2012-05-11,2.1
"2012",181,"NGDP_RPCH",2012-05-11,1.2
"2013",181,"NGDP_RPCH",2012-05-11,1.9
"2012",138,"NGDP_RPCH",2012-05-11,-0.9
"2013",138,"NGDP_RPCH",2012-05-11,0.7
"2012",122,"NGDP_RPCH",2012-05-11,0.8
"2013",122,"NGDP_RPCH",2012-05-11,1.7
"2012",182,"NGDP_RPCH",2012-05-11,-3.3
"2013",182,"NGDP_RPCH",2012-05-11,0.3
"2012",961,"NGDP_RPCH",2012-05-11,-1.4
"2013",961,"NGDP_RPCH",2012-05-11,0.7
"2012",936,"NGDP_RPCH",2012-05-11,1.8
"2013",936,"NGDP_RPCH",2012-05-11,2.9
"2012",172,"NGDP_RPCH",2012-05-11,0.8
"2013",172,"NGDP_RPCH",2012-05-11,1.6
"2012",163,"NGDP_RPCH",2012-05-11,-0.3
"2013",163,"NGDP_RPCH",2012-05-11,1
"2012",918,"NGDP_RPCH",2012-05-11,0.5
"2013",918,"NGDP_RPCH",2012-05-11,1.9
"2012",935,"NGDP_RPCH",2012-05-11,0
"2013",935,"NGDP_RPCH",2012-05-11,1.5
"2012",128,"NGDP_RPCH",2012-05-11,1.1
"2013",128,"NGDP_RPCH",2012-05-11,1.4
"2012",941,"NGDP_RPCH",2012-05-11,2.2
"2013",941,"NGDP_RPCH",2012-05-11,3.6
"2012",946,"NGDP_RPCH",2012-05-11,2.4
"2013",946,"NGDP_RPCH",2012-05-11,3.5
"2012",944,"NGDP_RPCH",2012-05-11,-0.3
"2013",944,"NGDP_RPCH",2012-05-11,1
"2012",964,"NGDP_RPCH",2012-05-11,2.7
"2013",964,"NGDP_RPCH",2012-05-11,2.6
"2012",968,"NGDP_RPCH",2012-05-11,1.4
"2013",968,"NGDP_RPCH",2012-05-11,2.9
"2012",144,"NGDP_RPCH",2012-05-11,0.3
"2013",144,"NGDP_RPCH",2012-05-11,2.1
"2012",112,"NGDP_RPCH",2012-05-11,0.5
"2013",112,"NGDP_RPCH",2012-05-11,1.7
"2012",998,"NGDP_RPCH",2012-05-11,0
"2013",998,"NGDP_RPCH",2012-05-11,1.3
"2012",960,"NGDP_RPCH",2012-05-11,-1.2
"2013",960,"NGDP_RPCH",2012-05-11,0.8
"2012",111,"NGDP_RPCH",2012-05-11,2
"2013",111,"NGDP_RPCH",2012-05-11,2.1
"2012",158,"NGDP_RPCH",2012-05-11,1.9
"2013",158,"NGDP_RPCH",2012-05-11,1.7
"2012",124,"PCPIPCH",2012-05-11,2.9
"2013",124,"PCPIPCH",2012-05-11,1.8
"2012",134,"PCPIPCH",2012-05-11,2.3
"2013",134,"PCPIPCH",2012-05-11,1.8
"2012",939,"PCPIPCH",2012-05-11,3.9
"2013",939,"PCPIPCH",2012-05-11,3.4
"2012",178,"PCPIPCH",2012-05-11,1.7
"2013",178,"PCPIPCH",2012-05-11,1.2
"2012",174,"PCPIPCH",2012-05-11,-0.5
"2013",174,"PCPIPCH",2012-05-11,-0.3
"2012",184,"PCPIPCH",2012-05-11,1.9
"2013",184,"PCPIPCH",2012-05-11,1.1
"2012",132,"PCPIPCH",2012-05-11,2.1
"2013",132,"PCPIPCH",2012-05-11,1.9
"2012",136,"PCPIPCH",2012-05-11,3.2
"2013",136,"PCPIPCH",2012-05-11,2.3
"2012",423,"PCPIPCH",2012-05-11,3.4
"2013",423,"PCPIPCH",2012-05-11,2.5
"2012",137,"PCPIPCH",2012-05-11,3
"2013",137,"PCPIPCH",2012-05-11,2
"2012",181,"PCPIPCH",2012-05-11,2
"2013",181,"PCPIPCH",2012-05-11,2.2
"2012",138,"PCPIPCH",2012-05-11,2.5
"2013",138,"PCPIPCH",2012-05-11,1.8
"2012",122,"PCPIPCH",2012-05-11,2.4
"2013",122,"PCPIPCH",2012-05-11,2
"2012",182,"PCPIPCH",2012-05-11,3
"2013",182,"PCPIPCH",2012-05-11,1.1
"2012",961,"PCPIPCH",2012-05-11,2.2
"2013",961,"PCPIPCH",2012-05-11,1.7
"2012",936,"PCPIPCH",2012-05-11,2.9
"2013",936,"PCPIPCH",2012-05-11,1.9
"2012",172,"PCPIPCH",2012-05-11,3
"2013",172,"PCPIPCH",2012-05-11,2.5
"2012",163,"PCPIPCH",2012-05-11,2.4
"2013",163,"PCPIPCH",2012-05-11,1.8
"2012",918,"PCPIPCH",2012-05-11,2.6
"2013",918,"PCPIPCH",2012-05-11,2.7
"2012",935,"PCPIPCH",2012-05-11,3.3
"2013",935,"PCPIPCH",2012-05-11,2.2
"2012",128,"PCPIPCH",2012-05-11,2.6
"2013",128,"PCPIPCH",2012-05-11,1.5
"2012",941,"PCPIPCH",2012-05-11,2.6
"2013",941,"PCPIPCH",2012-05-11,2.1
"2012",946,"PCPIPCH",2012-05-11,3.1
"2013",946,"PCPIPCH",2012-05-11,2.9
"2012",944,"PCPIPCH",2012-05-11,5.5
"2013",944,"PCPIPCH",2012-05-11,3.9
"2012",964,"PCPIPCH",2012-05-11,3.7
"2013",964,"PCPIPCH",2012-05-11,2.9
"2012",968,"PCPIPCH",2012-05-11,3.1
"2013",968,"PCPIPCH",2012-05-11,3.4
"2012",144,"PCPIPCH",2012-05-11,1.1
"2013",144,"PCPIPCH",2012-05-11,1.5
"2012",112,"PCPIPCH",2012-05-11,2.9
"2013",112,"PCPIPCH",2012-05-11,2
"2012",998,"PCPIPCH",2012-05-11,2.6
"2013",998,"PCPIPCH",2012-05-11,1.9
"2012",960,"PCPIPCH",2012-05-11,2.4
"2013",960,"PCPIPCH",2012-05-11,2
"2012",111,"PCPIPCH",2012-05-11,2.5
"2013",111,"PCPIPCH",2012-05-11,2
"2012",158,"PCPIPCH",2012-05-11,-0.3
"2013",158,"PCPIPCH",2012-05-11,0.8
"2012",124,"LUR",2012-11-07,7.5
"2013",124,"LUR",2012-11-07,7.7
"2014",124,"LUR",2012-11-07,7.8
"2012",134,"LUR",2012-11-07,5.5
"2013",134,"LUR",2012-11-07,5.6
"2014",134,"LUR",2012-11-07,5.5
"2012",939,"LUR",2012-11-07,10.5
"2013",939,"LUR",2012-11-07,9.8
"2014",939,"LUR",2012-11-07,9
"2012",178,"LUR",2012-11-07,14.8
"2013",178,"LUR",2012-11-07,14.7
"2014",178,"LUR",2012-11-07,14.2
"2012",174,"LUR",2012-11-07,23.6
"2013",174,"LUR",2012-11-07,24
"2014",174,"LUR",2012-11-07,22.2
"2012",184,"LUR",2012-11-07,25.1
"2013",184,"LUR",2012-11-07,26.6
"2014",184,"LUR",2012-11-07,26.1
"2012",132,"LUR",2012-11-07,10.2
"2013",132,"LUR",2012-11-07,10.7
"2014",132,"LUR",2012-11-07,10.7
"2012",136,"LUR",2012-11-07,10.6
"2013",136,"LUR",2012-11-07,11.5
"2014",136,"LUR",2012-11-07,11.8
"2012",423,"LUR",2012-11-07,12.1
"2013",423,"LUR",2012-11-07,13.1
"2014",423,"LUR",2012-11-07,13.9
"2012",137,"LUR",2012-11-07,5.4
"2013",137,"LUR",2012-11-07,6.4
"2014",137,"LUR",2012-11-07,6.4
"2012",181,"LUR",2012-11-07,6.3
"2013",181,"LUR",2012-11-07,6.3
"2014",181,"LUR",2012-11-07,6.2
"2012",138,"LUR",2012-11-07,5.4
"2013",138,"LUR",2012-11-07,6.1
"2014",138,"LUR",2012-11-07,6.2
"2012",122,"LUR",2012-11-07,4.5
"2013",122,"LUR",2012-11-07,4.7
"2014",122,"LUR",2012-11-07,4.2
"2012",182,"LUR",2012-11-07,15.5
"2013",182,"LUR",2012-11-07,16.4
"2014",182,"LUR",2012-11-07,15.9
"2012",961,"LUR",2012-11-07,8.5
"2013",961,"LUR",2012-11-07,9.3
"2014",961,"LUR",2012-11-07,9.6
"2012",936,"LUR",2012-11-07,13.5
"2013",936,"LUR",2012-11-07,13.5
"2014",936,"LUR",2012-11-07,13.1
"2012",172,"LUR",2012-11-07,7.9
"2013",172,"LUR",2012-11-07,8.1
"2014",172,"LUR",2012-11-07,8
"2012",163,"LUR",2012-11-07,11.3
"2013",163,"LUR",2012-11-07,11.8
"2014",163,"LUR",2012-11-07,11.7
"2012",918,"LUR",2012-11-07,12.7
"2013",918,"LUR",2012-11-07,12.7
"2014",918,"LUR",2012-11-07,12.5
"2012",935,"LUR",2012-11-07,7
"2013",935,"LUR",2012-11-07,7.3
"2014",935,"LUR",2012-11-07,7.1
"2012",128,"LUR",2012-11-07,7.7
"2013",128,"LUR",2012-11-07,7.7
"2014",128,"LUR",2012-11-07,7.6
"2012",941,"LUR",2012-11-07,15.2
"2013",941,"LUR",2012-11-07,14.3
"2014",941,"LUR",2012-11-07,12.7
"2012",946,"LUR",2012-11-07,13.5
"2013",946,"LUR",2012-11-07,12.4
"2014",946,"LUR",2012-11-07,10.9
"2012",944,"LUR",2012-11-07,10.8
"2013",944,"LUR",2012-11-07,10.8
"2014",944,"LUR",2012-11-07,10.6
"2012",964,"LUR",2012-11-07,10.1
"2013",964,"LUR",2012-11-07,10.5
"2014",964,"LUR",2012-11-07,10.3
"2012",968,"LUR",2012-11-07,7.4
"2013",968,"LUR",2012-11-07,7.3
"2014",968,"LUR",2012-11-07,7.3
"2012",144,"LUR",2012-11-07,7.5
"2013",144,"LUR",2012-11-07,7.4
"2014",144,"LUR",2012-11-07,6.9
"2012",112,"LUR",2012-11-07,7.9
"2013",112,"LUR",2012-11-07,8
"2014",112,"LUR",2012-11-07,7.8
"2012",998,"LUR",2012-11-07,10.5
"2013",998,"LUR",2012-11-07,10.9
"2014",998,"LUR",2012-11-07,10.7
"2012",960,"LUR",2012-11-07,14.2
"2013",960,"LUR",2012-11-07,13.9
"2014",960,"LUR",2012-11-07,12.9
"2012",111,"LUR",2012-11-07,8.2
"2013",111,"LUR",2012-11-07,7.9
"2014",111,"LUR",2012-11-07,7.5
"2012",158,"LUR",2012-11-07,4.8
"2013",158,"LUR",2012-11-07,4.7
"2014",158,"LUR",2012-11-07,4.6
"2012",124,"NGDP_RPCH",2012-11-07,-0.2
"2013",124,"NGDP_RPCH",2012-11-07,0.7
"2014",124,"NGDP_RPCH",2012-11-07,1.6
"2012",134,"NGDP_RPCH",2012-11-07,0.8
"2013",134,"NGDP_RPCH",2012-11-07,0.8
"2014",134,"NGDP_RPCH",2012-11-07,2
"2012",939,"NGDP_RPCH",2012-11-07,2.5
"2013",939,"NGDP_RPCH",2012-11-07,3.1
"2014",939,"NGDP_RPCH",2012-11-07,4
"2012",178,"NGDP_RPCH",2012-11-07,0.4
"2013",178,"NGDP_RPCH",2012-11-07,1.1
"2014",178,"NGDP_RPCH",2012-11-07,2.2
"2012",174,"NGDP_RPCH",2012-11-07,-6
"2013",174,"NGDP_RPCH",2012-11-07,-4.2
"2014",174,"NGDP_RPCH",2012-11-07,0.6
"2012",184,"NGDP_RPCH",2012-11-07,-1.4
"2013",184,"NGDP_RPCH",2012-11-07,-1.4
"2014",184,"NGDP_RPCH",2012-11-07,0.8
"2012",132,"NGDP_RPCH",2012-11-07,0.2
"2013",132,"NGDP_RPCH",2012-11-07,0.4
"2014",132,"NGDP_RPCH",2012-11-07,1.2
"2012",136,"NGDP_RPCH",2012-11-07,-2.3
"2013",136,"NGDP_RPCH",2012-11-07,-0.5
"2014",136,"NGDP_RPCH",2012-11-07,0.8
"2012",423,"NGDP_RPCH",2012-11-07,-2.3
"2013",423,"NGDP_RPCH",2012-11-07,-1.7
"2014",423,"NGDP_RPCH",2012-11-07,-0.7
"2012",137,"NGDP_RPCH",2012-11-07,0.4
"2013",137,"NGDP_RPCH",2012-11-07,0.7
"2014",137,"NGDP_RPCH",2012-11-07,1.5
"2012",181,"NGDP_RPCH",2012-11-07,1
"2013",181,"NGDP_RPCH",2012-11-07,1.6
"2014",181,"NGDP_RPCH",2012-11-07,2.1
"2012",138,"NGDP_RPCH",2012-11-07,-0.3
"2013",138,"NGDP_RPCH",2012-11-07,0.3
"2014",138,"NGDP_RPCH",2012-11-07,1.4
"2012",122,"NGDP_RPCH",2012-11-07,0.8
"2013",122,"NGDP_RPCH",2012-11-07,0.9
"2014",122,"NGDP_RPCH",2012-11-07,2.1
"2012",182,"NGDP_RPCH",2012-11-07,-3
"2013",182,"NGDP_RPCH",2012-11-07,-1
"2014",182,"NGDP_RPCH",2012-11-07,0.8
"2012",961,"NGDP_RPCH",2012-11-07,-2.3
"2013",961,"NGDP_RPCH",2012-11-07,-1.6
"2014",961,"NGDP_RPCH",2012-11-07,0.9
"2012",936,"NGDP_RPCH",2012-11-07,2.6
"2013",936,"NGDP_RPCH",2012-11-07,2
"2014",936,"NGDP_RPCH",2012-11-07,3
"2012",172,"NGDP_RPCH",2012-11-07,0.1
"2013",172,"NGDP_RPCH",2012-11-07,0.8
"2014",172,"NGDP_RPCH",2012-11-07,1.3
"2012",163,"NGDP_RPCH",2012-11-07,-0.4
"2013",163,"NGDP_RPCH",2012-11-07,0.1
"2014",163,"NGDP_RPCH",2012-11-07,1.4
"2012",918,"NGDP_RPCH",2012-11-07,0.8
"2013",918,"NGDP_RPCH",2012-11-07,1.4
"2014",918,"NGDP_RPCH",2012-11-07,2
"2012",935,"NGDP_RPCH",2012-11-07,-1.3
"2013",935,"NGDP_RPCH",2012-11-07,0.8
"2014",935,"NGDP_RPCH",2012-11-07,2
"2012",128,"NGDP_RPCH",2012-11-07,0.6
"2013",128,"NGDP_RPCH",2012-11-07,1.6
"2014",128,"NGDP_RPCH",2012-11-07,1.3
"2012",941,"NGDP_RPCH",2012-11-07,4.3
"2013",941,"NGDP_RPCH",2012-11-07,3.6
"2014",941,"NGDP_RPCH",2012-11-07,3.9
"2012",946,"NGDP_RPCH",2012-11-07,2.9
"2013",946,"NGDP_RPCH",2012-11-07,3.1
"2014",946,"NGDP_RPCH",2012-11-07,3.6
"2012",944,"NGDP_RPCH",2012-11-07,-1.2
"2013",944,"NGDP_RPCH",2012-11-07,0.3
"2014",944,"NGDP_RPCH",2012-11-07,1.3
"2012",964,"NGDP_RPCH",2012-11-07,2.4
"2013",964,"NGDP_RPCH",2012-11-07,1.8
"2014",964,"NGDP_RPCH",2012-11-07,2.6
"2012",968,"NGDP_RPCH",2012-11-07,0.8
"2013",968,"NGDP_RPCH",2012-11-07,2.2
"2014",968,"NGDP_RPCH",2012-11-07,2.7
"2012",144,"NGDP_RPCH",2012-11-07,1.1
"2013",144,"NGDP_RPCH",2012-11-07,1.9
"2014",144,"NGDP_RPCH",2012-11-07,2.5
"2012",112,"NGDP_RPCH",2012-11-07,-0.3
"2013",112,"NGDP_RPCH",2012-11-07,0.9
"2014",112,"NGDP_RPCH",2012-11-07,2
"2012",998,"NGDP_RPCH",2012-11-07,-0.3
"2013",998,"NGDP_RPCH",2012-11-07,0.4
"2014",998,"NGDP_RPCH",2012-11-07,1.6
"2012",960,"NGDP_RPCH",2012-11-07,-1.9
"2013",960,"NGDP_RPCH",2012-11-07,0
"2014",960,"NGDP_RPCH",2012-11-07,1.4
"2012",111,"NGDP_RPCH",2012-11-07,2.1
"2013",111,"NGDP_RPCH",2012-11-07,2.3
"2014",111,"NGDP_RPCH",2012-11-07,2.6
"2012",158,"NGDP_RPCH",2012-11-07,2
"2013",158,"NGDP_RPCH",2012-11-07,0.8
"2014",158,"NGDP_RPCH",2012-11-07,1.9
"2012",124,"PCPIPCH",2012-11-07,2.6
"2013",124,"PCPIPCH",2012-11-07,1.8
"2014",124,"PCPIPCH",2012-11-07,1.6
"2012",134,"PCPIPCH",2012-11-07,2.1
"2013",134,"PCPIPCH",2012-11-07,1.9
"2014",134,"PCPIPCH",2012-11-07,1.8
"2012",939,"PCPIPCH",2012-11-07,4.3
"2013",939,"PCPIPCH",2012-11-07,4.1
"2014",939,"PCPIPCH",2012-11-07,3.3
"2012",178,"PCPIPCH",2012-11-07,2
"2013",178,"PCPIPCH",2012-11-07,1.3
"2014",178,"PCPIPCH",2012-11-07,1.4
"2012",174,"PCPIPCH",2012-11-07,1.1
"2013",174,"PCPIPCH",2012-11-07,-0.8
"2014",174,"PCPIPCH",2012-11-07,-0.4
"2012",184,"PCPIPCH",2012-11-07,2.5
"2013",184,"PCPIPCH",2012-11-07,2.1
"2014",184,"PCPIPCH",2012-11-07,1.3
"2012",132,"PCPIPCH",2012-11-07,2.3
"2013",132,"PCPIPCH",2012-11-07,1.7
"2014",132,"PCPIPCH",2012-11-07,1.7
"2012",136,"PCPIPCH",2012-11-07,3.3
"2013",136,"PCPIPCH",2012-11-07,2
"2014",136,"PCPIPCH",2012-11-07,1.7
"2012",423,"PCPIPCH",2012-11-07,3.2
"2013",423,"PCPIPCH",2012-11-07,1.5
"2014",423,"PCPIPCH",2012-11-07,1.3
"2012",137,"PCPIPCH",2012-11-07,2.9
"2013",137,"PCPIPCH",2012-11-07,1.9
"2014",137,"PCPIPCH",2012-11-07,1.8
"2012",181,"PCPIPCH",2012-11-07,2.9
"2013",181,"PCPIPCH",2012-11-07,2.2
"2014",181,"PCPIPCH",2012-11-07,2.2
"2012",138,"PCPIPCH",2012-11-07,2.8
"2013",138,"PCPIPCH",2012-11-07,2.4
"2014",138,"PCPIPCH",2012-11-07,1.6
"2012",122,"PCPIPCH",2012-11-07,2.4
"2013",122,"PCPIPCH",2012-11-07,1.8
"2014",122,"PCPIPCH",2012-11-07,1.9
"2012",182,"PCPIPCH",2012-11-07,2.9
"2013",182,"PCPIPCH",2012-11-07,0.9
"2014",182,"PCPIPCH",2012-11-07,1.3
"2012",961,"PCPIPCH",2012-11-07,2.8
"2013",961,"PCPIPCH",2012-11-07,2.2
"2014",961,"PCPIPCH",2012-11-07,1.6
"2012",936,"PCPIPCH",2012-11-07,3.7
"2013",936,"PCPIPCH",2012-11-07,1.9
"2014",936,"PCPIPCH",2012-11-07,2
"2012",172,"PCPIPCH",2012-11-07,3
"2013",172,"PCPIPCH",2012-11-07,2.5
"2014",172,"PCPIPCH",2012-11-07,2.2
"2012",163,"PCPIPCH",2012-11-07,2.5
"2013",163,"PCPIPCH",2012-11-07,1.8
"2014",163,"PCPIPCH",2012-11-07,1.6
"2012",918,"PCPIPCH",2012-11-07,2.5
"2013",918,"PCPIPCH",2012-11-07,2.6
"2014",918,"PCPIPCH",2012-11-07,2.7
"2012",935,"PCPIPCH",2012-11-07,3.6
"2013",935,"PCPIPCH",2012-11-07,1.1
"2014",935,"PCPIPCH",2012-11-07,1.1
"2012",128,"PCPIPCH",2012-11-07,2.4
"2013",128,"PCPIPCH",2012-11-07,2
"2014",128,"PCPIPCH",2012-11-07,1.7
"2012",941,"PCPIPCH",2012-11-07,2.4
"2013",941,"PCPIPCH",2012-11-07,2.1
"2014",941,"PCPIPCH",2012-11-07,2.3
"2012",946,"PCPIPCH",2012-11-07,3.4
"2013",946,"PCPIPCH",2012-11-07,3.1
"2014",946,"PCPIPCH",2012-11-07,3
"2012",944,"PCPIPCH",2012-11-07,5.6
"2013",944,"PCPIPCH",2012-11-07,5.3
"2014",944,"PCPIPCH",2012-11-07,3.9
"2012",964,"PCPIPCH",2012-11-07,3.8
"2013",964,"PCPIPCH",2012-11-07,2.6
"2014",964,"PCPIPCH",2012-11-07,2.4
"2012",968,"PCPIPCH",2012-11-07,3.5
"2013",968,"PCPIPCH",2012-11-07,4.9
"2014",968,"PCPIPCH",2012-11-07,3.3
"2012",144,"PCPIPCH",2012-11-07,1
"2013",144,"PCPIPCH",2012-11-07,1.3
"2014",144,"PCPIPCH",2012-11-07,1.8
"2012",112,"PCPIPCH",2012-11-07,2.7
"2013",112,"PCPIPCH",2012-11-07,2.1
"2014",112,"PCPIPCH",2012-11-07,1.9
"2012",998,"PCPIPCH",2012-11-07,2.7
"2013",998,"PCPIPCH",2012-11-07,2
"2014",998,"PCPIPCH",2012-11-07,1.8
"2012",960,"PCPIPCH",2012-11-07,3.4
"2013",960,"PCPIPCH",2012-11-07,3.2
"2014",960,"PCPIPCH",2012-11-07,2.1
"2012",111,"PCPIPCH",2012-11-07,2.1
"2013",111,"PCPIPCH",2012-11-07,2
"2014",111,"PCPIPCH",2012-11-07,2.1
"2012",158,"PCPIPCH",2012-11-07,-0.2
"2013",158,"PCPIPCH",2012-11-07,-0.1
"2014",158,"PCPIPCH",2012-11-07,0.2
"2013",124,"LUR",2013-02-22,7.7
"2014",124,"LUR",2013-02-22,7.7
"2013",134,"LUR",2013-02-22,5.7
"2014",134,"LUR",2013-02-22,5.6
"2013",939,"LUR",2013-02-22,9.8
"2014",939,"LUR",2013-02-22,9
"2013",178,"LUR",2013-02-22,14.6
"2014",178,"LUR",2013-02-22,14.1
"2013",174,"LUR",2013-02-22,27
"2014",174,"LUR",2013-02-22,25.7
"2013",184,"LUR",2013-02-22,26.9
"2014",184,"LUR",2013-02-22,26.6
"2013",132,"LUR",2013-02-22,10.7
"2014",132,"LUR",2013-02-22,11
"2013",136,"LUR",2013-02-22,11.6
"2014",136,"LUR",2013-02-22,12
"2013",423,"LUR",2013-02-22,13.7
"2014",423,"LUR",2013-02-22,14.2
"2013",137,"LUR",2013-02-22,5.4
"2014",137,"LUR",2013-02-22,5.7
"2013",181,"LUR",2013-02-22,6.4
"2014",181,"LUR",2013-02-22,6.2
"2013",138,"LUR",2013-02-22,6.3
"2014",138,"LUR",2013-02-22,6.5
"2013",122,"LUR",2013-02-22,4.5
"2014",122,"LUR",2013-02-22,4.2
"2013",182,"LUR",2013-02-22,17.3
"2014",182,"LUR",2013-02-22,16.8
"2013",961,"LUR",2013-02-22,9.8
"2014",961,"LUR",2013-02-22,10
"2013",936,"LUR",2013-02-22,14
"2014",936,"LUR",2013-02-22,13.6
"2013",172,"LUR",2013-02-22,8
"2014",172,"LUR",2013-02-22,7.9
"2013",163,"LUR",2013-02-22,12.2
"2014",163,"LUR",2013-02-22,12.1
"2013",918,"LUR",2013-02-22,12.2
"2014",918,"LUR",2013-02-22,11.9
"2013",935,"LUR",2013-02-22,7.6
"2014",935,"LUR",2013-02-22,7.3
"2013",128,"LUR",2013-02-22,8
"2014",128,"LUR",2013-02-22,7.9
"2013",941,"LUR",2013-02-22,13.7
"2014",941,"LUR",2013-02-22,12.2
"2013",946,"LUR",2013-02-22,11.4
"2014",946,"LUR",2013-02-22,9.8
"2013",944,"LUR",2013-02-22,11.1
"2014",944,"LUR",2013-02-22,11.1
"2013",964,"LUR",2013-02-22,10.8
"2014",964,"LUR",2013-02-22,10.9
"2013",968,"LUR",2013-02-22,6.9
"2014",968,"LUR",2013-02-22,6.8
"2013",144,"LUR",2013-02-22,8
"2014",144,"LUR",2013-02-22,7.8
"2013",112,"LUR",2013-02-22,8
"2014",112,"LUR",2013-02-22,7.8
"2013",998,"LUR",2013-02-22,11.1
"2014",998,"LUR",2013-02-22,11
"2013",960,"LUR",2013-02-22,15.9
"2014",960,"LUR",2013-02-22,14.9
"2013",111,"LUR",2013-02-22,7.6
"2014",111,"LUR",2013-02-22,7
"2013",158,"LUR",2013-02-22,4.3
"2014",158,"LUR",2013-02-22,4.2
"2013",124,"NGDP_RPCH",2013-02-22,0.2
"2014",124,"NGDP_RPCH",2013-02-22,1.5
"2013",134,"NGDP_RPCH",2013-02-22,0.5
"2014",134,"NGDP_RPCH",2013-02-22,2
"2013",939,"NGDP_RPCH",2013-02-22,3
"2014",939,"NGDP_RPCH",2013-02-22,4
"2013",178,"NGDP_RPCH",2013-02-22,1.1
"2014",178,"NGDP_RPCH",2013-02-22,2.2
"2013",174,"NGDP_RPCH",2013-02-22,-4.4
"2014",174,"NGDP_RPCH",2013-02-22,0.6
"2013",184,"NGDP_RPCH",2013-02-22,-1.4
"2014",184,"NGDP_RPCH",2013-02-22,0.8
"2013",132,"NGDP_RPCH",2013-02-22,0.1
"2014",132,"NGDP_RPCH",2013-02-22,1.2
"2013",136,"NGDP_RPCH",2013-02-22,-1
"2014",136,"NGDP_RPCH",2013-02-22,0.8
"2013",423,"NGDP_RPCH",2013-02-22,-3.5
"2014",423,"NGDP_RPCH",2013-02-22,-1.3
"2013",137,"NGDP_RPCH",2013-02-22,0.5
"2014",137,"NGDP_RPCH",2013-02-22,1.6
"2013",181,"NGDP_RPCH",2013-02-22,1.5
"2014",181,"NGDP_RPCH",2013-02-22,2
"2013",138,"NGDP_RPCH",2013-02-22,-0.6
"2014",138,"NGDP_RPCH",2013-02-22,1.1
"2013",122,"NGDP_RPCH",2013-02-22,0.7
"2014",122,"NGDP_RPCH",2013-02-22,1.9
"2013",182,"NGDP_RPCH",2013-02-22,-1.9
"2014",182,"NGDP_RPCH",2013-02-22,0.8
"2013",961,"NGDP_RPCH",2013-02-22,-2
"2014",961,"NGDP_RPCH",2013-02-22,0.7
"2013",936,"NGDP_RPCH",2013-02-22,1.1
"2014",936,"NGDP_RPCH",2013-02-22,2.9
"2013",172,"NGDP_RPCH",2013-02-22,0.3
"2014",172,"NGDP_RPCH",2013-02-22,1.2
"2013",163,"NGDP_RPCH",2013-02-22,-0.3
"2014",163,"NGDP_RPCH",2013-02-22,1.4
"2013",918,"NGDP_RPCH",2013-02-22,1.4
"2014",918,"NGDP_RPCH",2013-02-22,2
"2013",935,"NGDP_RPCH",2013-02-22,0
"2014",935,"NGDP_RPCH",2013-02-22,1.9
"2013",128,"NGDP_RPCH",2013-02-22,1.1
"2014",128,"NGDP_RPCH",2013-02-22,1.7
"2013",941,"NGDP_RPCH",2013-02-22,3.8
"2014",941,"NGDP_RPCH",2013-02-22,4.1
"2013",946,"NGDP_RPCH",2013-02-22,3.1
"2014",946,"NGDP_RPCH",2013-02-22,3.6
"2013",944,"NGDP_RPCH",2013-02-22,-0.1
"2014",944,"NGDP_RPCH",2013-02-22,1.3
"2013",964,"NGDP_RPCH",2013-02-22,1.2
"2014",964,"NGDP_RPCH",2013-02-22,2.2
"2013",968,"NGDP_RPCH",2013-02-22,1.6
"2014",968,"NGDP_RPCH",2013-02-22,2.5
"2013",144,"NGDP_RPCH",2013-02-22,1.3
"2014",144,"NGDP_RPCH",2013-02-22,2.7
"2013",112,"NGDP_RPCH",2013-02-22,0.9
"2014",112,"NGDP_RPCH",2013-02-22,1.9
"2013",998,"NGDP_RPCH",2013-02-22,0.1
"2014",998,"NGDP_RPCH",2013-02-22,1.6
"2013",960,"NGDP_RPCH",2013-02-22,-0.4
"2014",960,"NGDP_RPCH",2013-02-22,1
"2013",111,"NGDP_RPCH",2013-02-22,1.9
"2014",111,"NGDP_RPCH",2013-02-22,2.6
"2013",158,"NGDP_RPCH",2013-02-22,1
"2014",158,"NGDP_RPCH",2013-02-22,1.6
"2013",124,"PCPIPCH",2013-02-22,1.6
"2014",124,"PCPIPCH",2013-02-22,1.5
"2013",134,"PCPIPCH",2013-02-22,1.8
"2014",134,"PCPIPCH",2013-02-22,1.7
"2013",939,"PCPIPCH",2013-02-22,3.6
"2014",939,"PCPIPCH",2013-02-22,3.2
"2013",178,"PCPIPCH",2013-02-22,1.3
"2014",178,"PCPIPCH",2013-02-22,1.3
"2013",174,"PCPIPCH",2013-02-22,-0.8
"2014",174,"PCPIPCH",2013-02-22,-0.4
"2013",184,"PCPIPCH",2013-02-22,1.7
"2014",184,"PCPIPCH",2013-02-22,1
"2013",132,"PCPIPCH",2013-02-22,1.6
"2014",132,"PCPIPCH",2013-02-22,1.5
"2013",136,"PCPIPCH",2013-02-22,2
"2014",136,"PCPIPCH",2013-02-22,1.7
"2013",423,"PCPIPCH",2013-02-22,1.5
"2014",423,"PCPIPCH",2013-02-22,1.4
"2013",137,"PCPIPCH",2013-02-22,1.7
"2014",137,"PCPIPCH",2013-02-22,1.6
"2013",181,"PCPIPCH",2013-02-22,2.2
"2014",181,"PCPIPCH",2013-02-22,2.2
"2013",138,"PCPIPCH",2013-02-22,2.6
"2014",138,"PCPIPCH",2013-02-22,1.4
"2013",122,"PCPIPCH",2013-02-22,2.2
"2014",122,"PCPIPCH",2013-02-22,1.9
"2013",182,"PCPIPCH",2013-02-22,0.6
"2014",182,"PCPIPCH",2013-02-22,1.2
"2013",961,"PCPIPCH",2013-02-22,2.2
"2014",961,"PCPIPCH",2013-02-22,1.5
"2013",936,"PCPIPCH",2013-02-22,1.9
"2014",936,"PCPIPCH",2013-02-22,2
"2013",172,"PCPIPCH",2013-02-22,2.5
"2014",172,"PCPIPCH",2013-02-22,2.2
"2013",163,"PCPIPCH",2013-02-22,1.8
"2014",163,"PCPIPCH",2013-02-22,1.5
"2013",918,"PCPIPCH",2013-02-22,2.6
"2014",918,"PCPIPCH",2013-02-22,2.7
"2013",935,"PCPIPCH",2013-02-22,2.1
"2014",935,"PCPIPCH",2013-02-22,1.6
"2013",128,"PCPIPCH",2013-02-22,1.5
"2014",128,"PCPIPCH",2013-02-22,1.5
"2013",941,"PCPIPCH",2013-02-22,1.9
"2014",941,"PCPIPCH",2013-02-22,2.2
"2013",946,"PCPIPCH",2013-02-22,2.4
"2014",946,"PCPIPCH",2013-02-22,2.9
"2013",944,"PCPIPCH",2013-02-22,3.6
"2014",944,"PCPIPCH",2013-02-22,3.3
"2013",964,"PCPIPCH",2013-02-22,1.8
"2014",964,"PCPIPCH",2013-02-22,2.3
"2013",968,"PCPIPCH",2013-02-22,4.6
"2014",968,"PCPIPCH",2013-02-22,3.3
"2013",144,"PCPIPCH",2013-02-22,1.1
"2014",144,"PCPIPCH",2013-02-22,1.6
"2013",112,"PCPIPCH",2013-02-22,2.6
"2014",112,"PCPIPCH",2013-02-22,2.3
"2013",998,"PCPIPCH",2013-02-22,2
"2014",998,"PCPIPCH",2013-02-22,1.7
"2013",960,"PCPIPCH",2013-02-22,3
"2014",960,"PCPIPCH",2013-02-22,2
"2013",111,"PCPIPCH",2013-02-22,1.8
"2014",111,"PCPIPCH",2013-02-22,2.2
"2013",158,"PCPIPCH",2013-02-22,0.2
"2014",158,"PCPIPCH",2013-02-22,0.4
"2013",124,"LUR",2013-05-03,8
"2014",124,"LUR",2013-05-03,8
"2013",134,"LUR",2013-05-03,5.4
"2014",134,"LUR",2013-05-03,5.3
"2013",939,"LUR",2013-05-03,9.7
"2014",939,"LUR",2013-05-03,9
"2013",178,"LUR",2013-05-03,14.2
"2014",178,"LUR",2013-05-03,13.7
"2013",174,"LUR",2013-05-03,27
"2014",174,"LUR",2013-05-03,26
"2013",184,"LUR",2013-05-03,27
"2014",184,"LUR",2013-05-03,26.4
"2013",132,"LUR",2013-05-03,10.6
"2014",132,"LUR",2013-05-03,10.9
"2013",136,"LUR",2013-05-03,11.8
"2014",136,"LUR",2013-05-03,12.2
"2013",423,"LUR",2013-05-03,15.5
"2014",423,"LUR",2013-05-03,16.9
"2013",137,"LUR",2013-05-03,5.5
"2014",137,"LUR",2013-05-03,5.8
"2013",181,"LUR",2013-05-03,6.3
"2014",181,"LUR",2013-05-03,6.1
"2013",138,"LUR",2013-05-03,6.9
"2014",138,"LUR",2013-05-03,7.2
"2013",122,"LUR",2013-05-03,4.7
"2014",122,"LUR",2013-05-03,4.7
"2013",182,"LUR",2013-05-03,18.2
"2014",182,"LUR",2013-05-03,18.5
"2013",961,"LUR",2013-05-03,10
"2014",961,"LUR",2013-05-03,10.3
"2013",936,"LUR",2013-05-03,14.5
"2014",936,"LUR",2013-05-03,14.1
"2013",172,"LUR",2013-05-03,8.1
"2014",172,"LUR",2013-05-03,8
"2013",163,"LUR",2013-05-03,12.2
"2014",163,"LUR",2013-05-03,12.1
"2013",918,"LUR",2013-05-03,12.5
"2014",918,"LUR",2013-05-03,12.4
"2013",935,"LUR",2013-05-03,7.5
"2014",935,"LUR",2013-05-03,7.4
"2013",128,"LUR",2013-05-03,7.7
"2014",128,"LUR",2013-05-03,7.6
"2013",941,"LUR",2013-05-03,13.7
"2014",941,"LUR",2013-05-03,12.2
"2013",946,"LUR",2013-05-03,11.8
"2014",946,"LUR",2013-05-03,10.5
"2013",944,"LUR",2013-05-03,11.4
"2014",944,"LUR",2013-05-03,11.5
"2013",964,"LUR",2013-05-03,10.9
"2014",964,"LUR",2013-05-03,11.4
"2013",968,"LUR",2013-05-03,6.9
"2014",968,"LUR",2013-05-03,6.8
"2013",144,"LUR",2013-05-03,8.3
"2014",144,"LUR",2013-05-03,8.1
"2013",112,"LUR",2013-05-03,8
"2014",112,"LUR",2013-05-03,7.9
"2013",998,"LUR",2013-05-03,11.1
"2014",998,"LUR",2013-05-03,11.1
"2013",960,"LUR",2013-05-03,19.1
"2014",960,"LUR",2013-05-03,20.1
"2013",111,"LUR",2013-05-03,7.7
"2014",111,"LUR",2013-05-03,7.2
"2013",158,"LUR",2013-05-03,4.3
"2014",158,"LUR",2013-05-03,4.2
"2013",124,"NGDP_RPCH",2013-05-03,0
"2014",124,"NGDP_RPCH",2013-05-03,1.2
"2013",134,"NGDP_RPCH",2013-05-03,0.4
"2014",134,"NGDP_RPCH",2013-05-03,1.8
"2013",939,"NGDP_RPCH",2013-05-03,3
"2014",939,"NGDP_RPCH",2013-05-03,4
"2013",178,"NGDP_RPCH",2013-05-03,1.1
"2014",178,"NGDP_RPCH",2013-05-03,2.2
"2013",174,"NGDP_RPCH",2013-05-03,-4.2
"2014",174,"NGDP_RPCH",2013-05-03,0.6
"2013",184,"NGDP_RPCH",2013-05-03,-1.5
"2014",184,"NGDP_RPCH",2013-05-03,0.9
"2013",132,"NGDP_RPCH",2013-05-03,-0.1
"2014",132,"NGDP_RPCH",2013-05-03,1.1
"2013",136,"NGDP_RPCH",2013-05-03,-1.3
"2014",136,"NGDP_RPCH",2013-05-03,0.7
"2013",423,"NGDP_RPCH",2013-05-03,-8.7
"2014",423,"NGDP_RPCH",2013-05-03,-3.9
"2013",137,"NGDP_RPCH",2013-05-03,0.8
"2014",137,"NGDP_RPCH",2013-05-03,1.6
"2013",181,"NGDP_RPCH",2013-05-03,1.4
"2014",181,"NGDP_RPCH",2013-05-03,1.8
"2013",138,"NGDP_RPCH",2013-05-03,-0.8
"2014",138,"NGDP_RPCH",2013-05-03,0.9
"2013",122,"NGDP_RPCH",2013-05-03,0.6
"2014",122,"NGDP_RPCH",2013-05-03,1.8
"2013",182,"NGDP_RPCH",2013-05-03,-2.3
"2014",182,"NGDP_RPCH",2013-05-03,0.6
"2013",961,"NGDP_RPCH",2013-05-03,-2
"2014",961,"NGDP_RPCH",2013-05-03,-0.1
"2013",936,"NGDP_RPCH",2013-05-03,1
"2014",936,"NGDP_RPCH",2013-05-03,2.8
"2013",172,"NGDP_RPCH",2013-05-03,0.3
"2014",172,"NGDP_RPCH",2013-05-03,1
"2013",163,"NGDP_RPCH",2013-05-03,-0.4
"2014",163,"NGDP_RPCH",2013-05-03,1.2
"2013",918,"NGDP_RPCH",2013-05-03,0.9
"2014",918,"NGDP_RPCH",2013-05-03,1.7
"2013",935,"NGDP_RPCH",2013-05-03,-0.4
"2014",935,"NGDP_RPCH",2013-05-03,1.6
"2013",128,"NGDP_RPCH",2013-05-03,0.7
"2014",128,"NGDP_RPCH",2013-05-03,1.7
"2013",941,"NGDP_RPCH",2013-05-03,3.8
"2014",941,"NGDP_RPCH",2013-05-03,4.1
"2013",946,"NGDP_RPCH",2013-05-03,3.1
"2014",946,"NGDP_RPCH",2013-05-03,3.6
"2013",944,"NGDP_RPCH",2013-05-03,0.2
"2014",944,"NGDP_RPCH",2013-05-03,1.4
"2013",964,"NGDP_RPCH",2013-05-03,1.1
"2014",964,"NGDP_RPCH",2013-05-03,2.2
"2013",968,"NGDP_RPCH",2013-05-03,1.6
"2014",968,"NGDP_RPCH",2013-05-03,2.2
"2013",144,"NGDP_RPCH",2013-05-03,1.5
"2014",144,"NGDP_RPCH",2013-05-03,2.5
"2013",112,"NGDP_RPCH",2013-05-03,0.6
"2014",112,"NGDP_RPCH",2013-05-03,1.7
"2013",998,"NGDP_RPCH",2013-05-03,-0.1
"2014",998,"NGDP_RPCH",2013-05-03,1.4
"2013",960,"NGDP_RPCH",2013-05-03,-1
"2014",960,"NGDP_RPCH",2013-05-03,0.2
"2013",111,"NGDP_RPCH",2013-05-03,1.9
"2014",111,"NGDP_RPCH",2013-05-03,2.6
"2013",158,"NGDP_RPCH",2013-05-03,1.4
"2014",158,"NGDP_RPCH",2013-05-03,1.6
"2013",124,"PCPIPCH",2013-05-03,1.3
"2014",124,"PCPIPCH",2013-05-03,1.6
"2013",134,"PCPIPCH",2013-05-03,1.8
"2014",134,"PCPIPCH",2013-05-03,1.6
"2013",939,"PCPIPCH",2013-05-03,3.6
"2014",939,"PCPIPCH",2013-05-03,3.1
"2013",178,"PCPIPCH",2013-05-03,1.3
"2014",178,"PCPIPCH",2013-05-03,1.3
"2013",174,"PCPIPCH",2013-05-03,-0.8
"2014",174,"PCPIPCH",2013-05-03,-0.4
"2013",184,"PCPIPCH",2013-05-03,1.5
"2014",184,"PCPIPCH",2013-05-03,0.8
"2013",132,"PCPIPCH",2013-05-03,1.2
"2014",132,"PCPIPCH",2013-05-03,1.7
"2013",136,"PCPIPCH",2013-05-03,1.6
"2014",136,"PCPIPCH",2013-05-03,1.5
"2013",423,"PCPIPCH",2013-05-03,1
"2014",423,"PCPIPCH",2013-05-03,1.2
"2013",137,"PCPIPCH",2013-05-03,1.9
"2014",137,"PCPIPCH",2013-05-03,1.7
"2013",181,"PCPIPCH",2013-05-03,1.9
"2014",181,"PCPIPCH",2013-05-03,1.9
"2013",138,"PCPIPCH",2013-05-03,2.8
"2014",138,"PCPIPCH",2013-05-03,1.5
"2013",122,"PCPIPCH",2013-05-03,2
"2014",122,"PCPIPCH",2013-05-03,1.8
"2013",182,"PCPIPCH",2013-05-03,0.7
"2014",182,"PCPIPCH",2013-05-03,1
"2013",961,"PCPIPCH",2013-05-03,2.2
"2014",961,"PCPIPCH",2013-05-03,1.4
"2013",936,"PCPIPCH",2013-05-03,1.9
"2014",936,"PCPIPCH",2013-05-03,2
"2013",172,"PCPIPCH",2013-05-03,2.4
"2014",172,"PCPIPCH",2013-05-03,2.2
"2013",163,"PCPIPCH",2013-05-03,1.6
"2014",163,"PCPIPCH",2013-05-03,1.5
"2013",918,"PCPIPCH",2013-05-03,2
"2014",918,"PCPIPCH",2013-05-03,2.6
"2013",935,"PCPIPCH",2013-05-03,1.9
"2014",935,"PCPIPCH",2013-05-03,1.2
"2013",128,"PCPIPCH",2013-05-03,1.1
"2014",128,"PCPIPCH",2013-05-03,1.6
"2013",941,"PCPIPCH",2013-05-03,1.4
"2014",941,"PCPIPCH",2013-05-03,2.1
"2013",946,"PCPIPCH",2013-05-03,2.1
"2014",946,"PCPIPCH",2013-05-03,2.7
"2013",944,"PCPIPCH",2013-05-03,2.6
"2014",944,"PCPIPCH",2013-05-03,3.1
"2013",964,"PCPIPCH",2013-05-03,1.4
"2014",964,"PCPIPCH",2013-05-03,2
"2013",968,"PCPIPCH",2013-05-03,4.3
"2014",968,"PCPIPCH",2013-05-03,3.1
"2013",144,"PCPIPCH",2013-05-03,0.9
"2014",144,"PCPIPCH",2013-05-03,1.4
"2013",112,"PCPIPCH",2013-05-03,2.8
"2014",112,"PCPIPCH",2013-05-03,2.5
"2013",998,"PCPIPCH",2013-05-03,1.8
"2014",998,"PCPIPCH",2013-05-03,1.7
"2013",960,"PCPIPCH",2013-05-03,3.1
"2014",960,"PCPIPCH",2013-05-03,2
"2013",111,"PCPIPCH",2013-05-03,1.8
"2014",111,"PCPIPCH",2013-05-03,2.1
"2013",158,"PCPIPCH",2013-05-03,0.2
"2014",158,"PCPIPCH",2013-05-03,1.8
"2013",124,"LUR",2013-11-05,8.6
"2014",124,"LUR",2013-11-05,8.7
"2015",124,"LUR",2013-11-05,8.4
"2013",134,"LUR",2013-11-05,5.4
"2014",134,"LUR",2013-11-05,5.3
"2015",134,"LUR",2013-11-05,5.1
"2013",939,"LUR",2013-11-05,9.3
"2014",939,"LUR",2013-11-05,9
"2015",939,"LUR",2013-11-05,8.2
"2013",178,"LUR",2013-11-05,13.3
"2014",178,"LUR",2013-11-05,12.3
"2015",178,"LUR",2013-11-05,11.7
"2013",174,"LUR",2013-11-05,27
"2014",174,"LUR",2013-11-05,26
"2015",174,"LUR",2013-11-05,24
"2013",184,"LUR",2013-11-05,26.6
"2014",184,"LUR",2013-11-05,26.4
"2015",184,"LUR",2013-11-05,25.3
"2013",132,"LUR",2013-11-05,11
"2014",132,"LUR",2013-11-05,11.2
"2015",132,"LUR",2013-11-05,11.3
"2013",136,"LUR",2013-11-05,12.2
"2014",136,"LUR",2013-11-05,12.4
"2015",136,"LUR",2013-11-05,12.1
"2013",423,"LUR",2013-11-05,16.7
"2014",423,"LUR",2013-11-05,19.2
"2015",423,"LUR",2013-11-05,18.4
"2013",941,"LUR",2013-11-05,11.7
"2014",941,"LUR",2013-11-05,10.3
"2015",941,"LUR",2013-11-05,9
"2013",137,"LUR",2013-11-05,5.7
"2014",137,"LUR",2013-11-05,6.4
"2015",137,"LUR",2013-11-05,6.5
"2013",181,"LUR",2013-11-05,6.4
"2014",181,"LUR",2013-11-05,6.3
"2015",181,"LUR",2013-11-05,6.3
"2013",138,"LUR",2013-11-05,7
"2014",138,"LUR",2013-11-05,8
"2015",138,"LUR",2013-11-05,7.7
"2013",122,"LUR",2013-11-05,5.1
"2014",122,"LUR",2013-11-05,5
"2015",122,"LUR",2013-11-05,4.7
"2013",182,"LUR",2013-11-05,17.4
"2014",182,"LUR",2013-11-05,17.7
"2015",182,"LUR",2013-11-05,17.3
"2013",961,"LUR",2013-11-05,11.1
"2014",961,"LUR",2013-11-05,11.6
"2015",961,"LUR",2013-11-05,11.6
"2013",936,"LUR",2013-11-05,13.9
"2014",936,"LUR",2013-11-05,13.7
"2015",936,"LUR",2013-11-05,13.3
"2013",172,"LUR",2013-11-05,8.2
"2014",172,"LUR",2013-11-05,8.3
"2015",172,"LUR",2013-11-05,8.1
"2013",163,"LUR",2013-11-05,12.2
"2014",163,"LUR",2013-11-05,12.2
"2015",163,"LUR",2013-11-05,11.8
"2013",918,"LUR",2013-11-05,12.9
"2014",918,"LUR",2013-11-05,12.4
"2015",918,"LUR",2013-11-05,11.7
"2013",935,"LUR",2013-11-05,7.1
"2014",935,"LUR",2013-11-05,7
"2015",935,"LUR",2013-11-05,6.7
"2013",128,"LUR",2013-11-05,7.3
"2014",128,"LUR",2013-11-05,7.2
"2015",128,"LUR",2013-11-05,7
"2013",960,"LUR",2013-11-05,16.9
"2014",960,"LUR",2013-11-05,16.7
"2015",960,"LUR",2013-11-05,16.1
"2013",946,"LUR",2013-11-05,11.7
"2014",946,"LUR",2013-11-05,10.4
"2015",946,"LUR",2013-11-05,9.5
"2013",944,"LUR",2013-11-05,11
"2014",944,"LUR",2013-11-05,10.4
"2015",944,"LUR",2013-11-05,10.1
"2013",964,"LUR",2013-11-05,10.7
"2014",964,"LUR",2013-11-05,10.8
"2015",964,"LUR",2013-11-05,10.5
"2013",968,"LUR",2013-11-05,7.3
"2014",968,"LUR",2013-11-05,7.1
"2015",968,"LUR",2013-11-05,7
"2013",144,"LUR",2013-11-05,8.1
"2014",144,"LUR",2013-11-05,7.9
"2015",144,"LUR",2013-11-05,7.4
"2013",112,"LUR",2013-11-05,7.7
"2014",112,"LUR",2013-11-05,7.5
"2015",112,"LUR",2013-11-05,7.3
"2013",998,"LUR",2013-11-05,11.1
"2014",998,"LUR",2013-11-05,11
"2015",998,"LUR",2013-11-05,10.7
"2013",111,"LUR",2013-11-05,7.5
"2014",111,"LUR",2013-11-05,6.9
"2015",111,"LUR",2013-11-05,6.5
"2013",158,"LUR",2013-11-05,4
"2014",158,"LUR",2013-11-05,3.9
"2015",158,"LUR",2013-11-05,3.8
"2013",124,"NGDP_RPCH",2013-11-05,0.1
"2014",124,"NGDP_RPCH",2013-11-05,1.1
"2015",124,"NGDP_RPCH",2013-11-05,1.4
"2013",134,"NGDP_RPCH",2013-11-05,0.5
"2014",134,"NGDP_RPCH",2013-11-05,1.7
"2015",134,"NGDP_RPCH",2013-11-05,1.9
"2013",939,"NGDP_RPCH",2013-11-05,1.3
"2014",939,"NGDP_RPCH",2013-11-05,3
"2015",939,"NGDP_RPCH",2013-11-05,3.9
"2013",178,"NGDP_RPCH",2013-11-05,0.3
"2014",178,"NGDP_RPCH",2013-11-05,1.7
"2015",178,"NGDP_RPCH",2013-11-05,2.5
"2013",174,"NGDP_RPCH",2013-11-05,-4
"2014",174,"NGDP_RPCH",2013-11-05,0.6
"2015",174,"NGDP_RPCH",2013-11-05,2.9
"2013",184,"NGDP_RPCH",2013-11-05,-1.3
"2014",184,"NGDP_RPCH",2013-11-05,0.5
"2015",184,"NGDP_RPCH",2013-11-05,1.7
"2013",132,"NGDP_RPCH",2013-11-05,0.2
"2014",132,"NGDP_RPCH",2013-11-05,0.9
"2015",132,"NGDP_RPCH",2013-11-05,1.7
"2013",136,"NGDP_RPCH",2013-11-05,-1.8
"2014",136,"NGDP_RPCH",2013-11-05,0.7
"2015",136,"NGDP_RPCH",2013-11-05,1.2
"2013",423,"NGDP_RPCH",2013-11-05,-8.7
"2014",423,"NGDP_RPCH",2013-11-05,-3.9
"2015",423,"NGDP_RPCH",2013-11-05,1.1
"2013",941,"NGDP_RPCH",2013-11-05,4
"2014",941,"NGDP_RPCH",2013-11-05,4.1
"2015",941,"NGDP_RPCH",2013-11-05,4.2
"2013",137,"NGDP_RPCH",2013-11-05,1.9
"2014",137,"NGDP_RPCH",2013-11-05,1.8
"2015",137,"NGDP_RPCH",2013-11-05,1.1
"2013",181,"NGDP_RPCH",2013-11-05,1.8
"2014",181,"NGDP_RPCH",2013-11-05,1.9
"2015",181,"NGDP_RPCH",2013-11-05,2
"2013",138,"NGDP_RPCH",2013-11-05,-1
"2014",138,"NGDP_RPCH",2013-11-05,0.2
"2015",138,"NGDP_RPCH",2013-11-05,1.2
"2013",122,"NGDP_RPCH",2013-11-05,0.4
"2014",122,"NGDP_RPCH",2013-11-05,1.6
"2015",122,"NGDP_RPCH",2013-11-05,1.8
"2013",182,"NGDP_RPCH",2013-11-05,-1.8
"2014",182,"NGDP_RPCH",2013-11-05,0.8
"2015",182,"NGDP_RPCH",2013-11-05,1.5
"2013",961,"NGDP_RPCH",2013-11-05,-2.7
"2014",961,"NGDP_RPCH",2013-11-05,-1
"2015",961,"NGDP_RPCH",2013-11-05,0.7
"2013",936,"NGDP_RPCH",2013-11-05,0.9
"2014",936,"NGDP_RPCH",2013-11-05,2.1
"2015",936,"NGDP_RPCH",2013-11-05,2.9
"2013",172,"NGDP_RPCH",2013-11-05,-0.6
"2014",172,"NGDP_RPCH",2013-11-05,0.6
"2015",172,"NGDP_RPCH",2013-11-05,1.6
"2013",163,"NGDP_RPCH",2013-11-05,-0.4
"2014",163,"NGDP_RPCH",2013-11-05,1.1
"2015",163,"NGDP_RPCH",2013-11-05,1.7
"2013",918,"NGDP_RPCH",2013-11-05,0.5
"2014",918,"NGDP_RPCH",2013-11-05,1.5
"2015",918,"NGDP_RPCH",2013-11-05,1.8
"2013",935,"NGDP_RPCH",2013-11-05,-1
"2014",935,"NGDP_RPCH",2013-11-05,1.8
"2015",935,"NGDP_RPCH",2013-11-05,2.2
"2013",128,"NGDP_RPCH",2013-11-05,0.3
"2014",128,"NGDP_RPCH",2013-11-05,1.7
"2015",128,"NGDP_RPCH",2013-11-05,1.8
"2013",960,"NGDP_RPCH",2013-11-05,-0.7
"2014",960,"NGDP_RPCH",2013-11-05,0.5
"2015",960,"NGDP_RPCH",2013-11-05,1.2
"2013",946,"NGDP_RPCH",2013-11-05,3.4
"2014",946,"NGDP_RPCH",2013-11-05,3.6
"2015",946,"NGDP_RPCH",2013-11-05,3.9
"2013",944,"NGDP_RPCH",2013-11-05,0.7
"2014",944,"NGDP_RPCH",2013-11-05,1.8
"2015",944,"NGDP_RPCH",2013-11-05,2.1
"2013",964,"NGDP_RPCH",2013-11-05,1.3
"2014",964,"NGDP_RPCH",2013-11-05,2.5
"2015",964,"NGDP_RPCH",2013-11-05,2.9
"2013",968,"NGDP_RPCH",2013-11-05,2.2
"2014",968,"NGDP_RPCH",2013-11-05,2.1
"2015",968,"NGDP_RPCH",2013-11-05,2.4
"2013",144,"NGDP_RPCH",2013-11-05,1.1
"2014",144,"NGDP_RPCH",2013-11-05,2.8
"2015",144,"NGDP_RPCH",2013-11-05,3.5
"2013",112,"NGDP_RPCH",2013-11-05,1.3
"2014",112,"NGDP_RPCH",2013-11-05,2.2
"2015",112,"NGDP_RPCH",2013-11-05,2.4
"2013",998,"NGDP_RPCH",2013-11-05,0
"2014",998,"NGDP_RPCH",2013-11-05,1.4
"2015",998,"NGDP_RPCH",2013-11-05,1.9
"2013",111,"NGDP_RPCH",2013-11-05,1.6
"2014",111,"NGDP_RPCH",2013-11-05,2.6
"2015",111,"NGDP_RPCH",2013-11-05,3.1
"2013",158,"NGDP_RPCH",2013-11-05,2.1
"2014",158,"NGDP_RPCH",2013-11-05,2
"2015",158,"NGDP_RPCH",2013-11-05,1.3
"2013",124,"PCPIPCH",2013-11-05,1.3
"2014",124,"PCPIPCH",2013-11-05,1.3
"2015",124,"PCPIPCH",2013-11-05,1.5
"2013",134,"PCPIPCH",2013-11-05,1.7
"2014",134,"PCPIPCH",2013-11-05,1.7
"2015",134,"PCPIPCH",2013-11-05,1.6
"2013",939,"PCPIPCH",2013-11-05,3.4
"2014",939,"PCPIPCH",2013-11-05,2.8
"2015",939,"PCPIPCH",2013-11-05,3.1
"2013",178,"PCPIPCH",2013-11-05,0.8
"2014",178,"PCPIPCH",2013-11-05,0.9
"2015",178,"PCPIPCH",2013-11-05,1.2
"2013",174,"PCPIPCH",2013-11-05,-0.8
"2014",174,"PCPIPCH",2013-11-05,-0.4
"2015",174,"PCPIPCH",2013-11-05,0.3
"2013",184,"PCPIPCH",2013-11-05,1.8
"2014",184,"PCPIPCH",2013-11-05,0.9
"2015",184,"PCPIPCH",2013-11-05,0.6
"2013",132,"PCPIPCH",2013-11-05,1
"2014",132,"PCPIPCH",2013-11-05,1.4
"2015",132,"PCPIPCH",2013-11-05,1.3
"2013",136,"PCPIPCH",2013-11-05,1.5
"2014",136,"PCPIPCH",2013-11-05,1.6
"2015",136,"PCPIPCH",2013-11-05,1.5
"2013",423,"PCPIPCH",2013-11-05,1
"2014",423,"PCPIPCH",2013-11-05,1.2
"2015",423,"PCPIPCH",2013-11-05,1.6
"2013",941,"PCPIPCH",2013-11-05,0.3
"2014",941,"PCPIPCH",2013-11-05,2.1
"2015",941,"PCPIPCH",2013-11-05,2.1
"2013",137,"PCPIPCH",2013-11-05,1.8
"2014",137,"PCPIPCH",2013-11-05,1.7
"2015",137,"PCPIPCH",2013-11-05,1.6
"2013",181,"PCPIPCH",2013-11-05,1.1
"2014",181,"PCPIPCH",2013-11-05,1.8
"2015",181,"PCPIPCH",2013-11-05,2.1
"2013",138,"PCPIPCH",2013-11-05,2.7
"2014",138,"PCPIPCH",2013-11-05,1.7
"2015",138,"PCPIPCH",2013-11-05,1.6
"2013",122,"PCPIPCH",2013-11-05,2.2
"2014",122,"PCPIPCH",2013-11-05,1.8
"2015",122,"PCPIPCH",2013-11-05,1.8
"2013",182,"PCPIPCH",2013-11-05,0.6
"2014",182,"PCPIPCH",2013-11-05,1
"2015",182,"PCPIPCH",2013-11-05,1.2
"2013",961,"PCPIPCH",2013-11-05,2.1
"2014",961,"PCPIPCH",2013-11-05,1.9
"2015",961,"PCPIPCH",2013-11-05,1.5
"2013",936,"PCPIPCH",2013-11-05,1.7
"2014",936,"PCPIPCH",2013-11-05,1.6
"2015",936,"PCPIPCH",2013-11-05,1.9
"2013",172,"PCPIPCH",2013-11-05,2.2
"2014",172,"PCPIPCH",2013-11-05,1.9
"2015",172,"PCPIPCH",2013-11-05,1.8
"2013",163,"PCPIPCH",2013-11-05,1.5
"2014",163,"PCPIPCH",2013-11-05,1.5
"2015",163,"PCPIPCH",2013-11-05,1.4
"2013",918,"PCPIPCH",2013-11-05,0.5
"2014",918,"PCPIPCH",2013-11-05,1.4
"2015",918,"PCPIPCH",2013-11-05,2.1
"2013",935,"PCPIPCH",2013-11-05,1.4
"2014",935,"PCPIPCH",2013-11-05,0.5
"2015",935,"PCPIPCH",2013-11-05,1.6
"2013",128,"PCPIPCH",2013-11-05,0.6
"2014",128,"PCPIPCH",2013-11-05,1.5
"2015",128,"PCPIPCH",2013-11-05,1.7
"2013",960,"PCPIPCH",2013-11-05,2.6
"2014",960,"PCPIPCH",2013-11-05,1.8
"2015",960,"PCPIPCH",2013-11-05,2
"2013",946,"PCPIPCH",2013-11-05,1.4
"2014",946,"PCPIPCH",2013-11-05,1.9
"2015",946,"PCPIPCH",2013-11-05,2.4
"2013",944,"PCPIPCH",2013-11-05,2.1
"2014",944,"PCPIPCH",2013-11-05,2.2
"2015",944,"PCPIPCH",2013-11-05,3
"2013",964,"PCPIPCH",2013-11-05,1
"2014",964,"PCPIPCH",2013-11-05,2
"2015",964,"PCPIPCH",2013-11-05,2.2
"2013",968,"PCPIPCH",2013-11-05,3.3
"2014",968,"PCPIPCH",2013-11-05,2.5
"2015",968,"PCPIPCH",2013-11-05,3.4
"2013",144,"PCPIPCH",2013-11-05,0.6
"2014",144,"PCPIPCH",2013-11-05,1.3
"2015",144,"PCPIPCH",2013-11-05,1.8
"2013",112,"PCPIPCH",2013-11-05,2.6
"2014",112,"PCPIPCH",2013-11-05,2.3
"2015",112,"PCPIPCH",2013-11-05,2.1
"2013",998,"PCPIPCH",2013-11-05,1.7
"2014",998,"PCPIPCH",2013-11-05,1.6
"2015",998,"PCPIPCH",2013-11-05,1.6
"2013",111,"PCPIPCH",2013-11-05,1.5
"2014",111,"PCPIPCH",2013-11-05,1.9
"2015",111,"PCPIPCH",2013-11-05,2.1
"2013",158,"PCPIPCH",2013-11-05,0.3
"2014",158,"PCPIPCH",2013-11-05,2.6
"2015",158,"PCPIPCH",2013-11-05,1.2
"2014",124,"LUR",2014-02-25,8.5
"2015",124,"LUR",2014-02-25,8.2
"2014",134,"LUR",2014-02-25,5.2
"2015",134,"LUR",2014-02-25,5.1
"2014",939,"LUR",2014-02-25,8.3
"2015",939,"LUR",2014-02-25,7.7
"2014",178,"LUR",2014-02-25,11.9
"2015",178,"LUR",2014-02-25,11.2
"2014",174,"LUR",2014-02-25,26
"2015",174,"LUR",2014-02-25,24
"2014",184,"LUR",2014-02-25,25.7
"2015",184,"LUR",2014-02-25,24.6
"2014",132,"LUR",2014-02-25,11
"2015",132,"LUR",2014-02-25,11
"2014",136,"LUR",2014-02-25,12.6
"2015",136,"LUR",2014-02-25,12.4
"2014",423,"LUR",2014-02-25,19.2
"2015",423,"LUR",2014-02-25,18.4
"2014",941,"LUR",2014-02-25,10.5
"2015",941,"LUR",2014-02-25,9.2
"2014",137,"LUR",2014-02-25,6
"2015",137,"LUR",2014-02-25,5.9
"2014",181,"LUR",2014-02-25,6.4
"2015",181,"LUR",2014-02-25,6.4
"2014",138,"LUR",2014-02-25,7.4
"2015",138,"LUR",2014-02-25,7.2
"2014",122,"LUR",2014-02-25,4.8
"2015",122,"LUR",2014-02-25,4.7
"2014",182,"LUR",2014-02-25,16.8
"2015",182,"LUR",2014-02-25,16.5
"2014",961,"LUR",2014-02-25,10.8
"2015",961,"LUR",2014-02-25,10.7
"2014",936,"LUR",2014-02-25,13.9
"2015",936,"LUR",2014-02-25,13.4
"2014",172,"LUR",2014-02-25,8.3
"2015",172,"LUR",2014-02-25,8.1
"2014",163,"LUR",2014-02-25,12
"2015",163,"LUR",2014-02-25,11.7
"2014",918,"LUR",2014-02-25,12.7
"2015",918,"LUR",2014-02-25,12.1
"2014",935,"LUR",2014-02-25,6.8
"2015",935,"LUR",2014-02-25,6.6
"2014",128,"LUR",2014-02-25,6.9
"2015",128,"LUR",2014-02-25,6.7
"2014",960,"LUR",2014-02-25,17.6
"2015",960,"LUR",2014-02-25,17.2
"2014",946,"LUR",2014-02-25,10.4
"2015",946,"LUR",2014-02-25,9.6
"2014",944,"LUR",2014-02-25,9.6
"2015",944,"LUR",2014-02-25,9.3
"2014",964,"LUR",2014-02-25,10.3
"2015",964,"LUR",2014-02-25,10.1
"2014",968,"LUR",2014-02-25,7.2
"2015",968,"LUR",2014-02-25,7.1
"2014",144,"LUR",2014-02-25,7.7
"2015",144,"LUR",2014-02-25,7.3
"2014",112,"LUR",2014-02-25,6.8
"2015",112,"LUR",2014-02-25,6.5
"2014",998,"LUR",2014-02-25,10.7
"2015",998,"LUR",2014-02-25,10.4
"2014",111,"LUR",2014-02-25,6.5
"2015",111,"LUR",2014-02-25,5.8
"2014",158,"LUR",2014-02-25,3.8
"2015",158,"LUR",2014-02-25,3.8
"2014",124,"NGDP_RPCH",2014-02-25,1.4
"2015",124,"NGDP_RPCH",2014-02-25,1.7
"2014",134,"NGDP_RPCH",2014-02-25,1.8
"2015",134,"NGDP_RPCH",2014-02-25,2
"2014",939,"NGDP_RPCH",2014-02-25,2.3
"2015",939,"NGDP_RPCH",2014-02-25,3.6
"2014",178,"NGDP_RPCH",2014-02-25,1.8
"2015",178,"NGDP_RPCH",2014-02-25,2.9
"2014",174,"NGDP_RPCH",2014-02-25,0.6
"2015",174,"NGDP_RPCH",2014-02-25,2.9
"2014",184,"NGDP_RPCH",2014-02-25,1
"2015",184,"NGDP_RPCH",2014-02-25,1.7
"2014",132,"NGDP_RPCH",2014-02-25,1
"2015",132,"NGDP_RPCH",2014-02-25,1.7
"2014",136,"NGDP_RPCH",2014-02-25,0.6
"2015",136,"NGDP_RPCH",2014-02-25,1.2
"2014",423,"NGDP_RPCH",2014-02-25,-4.8
"2015",423,"NGDP_RPCH",2014-02-25,0.9
"2014",941,"NGDP_RPCH",2014-02-25,4.2
"2015",941,"NGDP_RPCH",2014-02-25,4.3
"2014",137,"NGDP_RPCH",2014-02-25,2.2
"2015",137,"NGDP_RPCH",2014-02-25,2.5
"2014",181,"NGDP_RPCH",2014-02-25,2.1
"2015",181,"NGDP_RPCH",2014-02-25,2.1
"2014",138,"NGDP_RPCH",2014-02-25,1
"2015",138,"NGDP_RPCH",2014-02-25,1.3
"2014",122,"NGDP_RPCH",2014-02-25,1.5
"2015",122,"NGDP_RPCH",2014-02-25,1.8
"2014",182,"NGDP_RPCH",2014-02-25,0.8
"2015",182,"NGDP_RPCH",2014-02-25,1.5
"2014",961,"NGDP_RPCH",2014-02-25,-0.1
"2015",961,"NGDP_RPCH",2014-02-25,1.3
"2014",936,"NGDP_RPCH",2014-02-25,2.3
"2015",936,"NGDP_RPCH",2014-02-25,3.2
"2014",172,"NGDP_RPCH",2014-02-25,0.2
"2015",172,"NGDP_RPCH",2014-02-25,1.3
"2014",163,"NGDP_RPCH",2014-02-25,1.2
"2015",163,"NGDP_RPCH",2014-02-25,1.8
"2014",918,"NGDP_RPCH",2014-02-25,1.7
"2015",918,"NGDP_RPCH",2014-02-25,2
"2014",935,"NGDP_RPCH",2014-02-25,1.8
"2015",935,"NGDP_RPCH",2014-02-25,2.2
"2014",128,"NGDP_RPCH",2014-02-25,1.7
"2015",128,"NGDP_RPCH",2014-02-25,1.8
"2014",960,"NGDP_RPCH",2014-02-25,0.5
"2015",960,"NGDP_RPCH",2014-02-25,1.2
"2014",946,"NGDP_RPCH",2014-02-25,3.5
"2015",946,"NGDP_RPCH",2014-02-25,3.9
"2014",944,"NGDP_RPCH",2014-02-25,2.1
"2015",944,"NGDP_RPCH",2014-02-25,2.1
"2014",964,"NGDP_RPCH",2014-02-25,2.9
"2015",964,"NGDP_RPCH",2014-02-25,3.1
"2014",968,"NGDP_RPCH",2014-02-25,2.3
"2015",968,"NGDP_RPCH",2014-02-25,2.5
"2014",144,"NGDP_RPCH",2014-02-25,2.5
"2015",144,"NGDP_RPCH",2014-02-25,3.3
"2014",112,"NGDP_RPCH",2014-02-25,2.5
"2015",112,"NGDP_RPCH",2014-02-25,2.4
"2014",998,"NGDP_RPCH",2014-02-25,1.5
"2015",998,"NGDP_RPCH",2014-02-25,2
"2014",111,"NGDP_RPCH",2014-02-25,2.9
"2015",111,"NGDP_RPCH",2014-02-25,3.2
"2014",158,"NGDP_RPCH",2014-02-25,1.6
"2015",158,"NGDP_RPCH",2014-02-25,1.3
"2014",124,"PCPIPCH",2014-02-25,0.9
"2015",124,"PCPIPCH",2014-02-25,1.4
"2014",134,"PCPIPCH",2014-02-25,1.4
"2015",134,"PCPIPCH",2014-02-25,1.4
"2014",939,"PCPIPCH",2014-02-25,1.8
"2015",939,"PCPIPCH",2014-02-25,2.8
"2014",178,"PCPIPCH",2014-02-25,0.8
"2015",178,"PCPIPCH",2014-02-25,1.1
"2014",174,"PCPIPCH",2014-02-25,-0.6
"2015",174,"PCPIPCH",2014-02-25,0.2
"2014",184,"PCPIPCH",2014-02-25,0.3
"2015",184,"PCPIPCH",2014-02-25,0.9
"2014",132,"PCPIPCH",2014-02-25,1.2
"2015",132,"PCPIPCH",2014-02-25,1.2
"2014",136,"PCPIPCH",2014-02-25,0.9
"2015",136,"PCPIPCH",2014-02-25,1.3
"2014",423,"PCPIPCH",2014-02-25,0.4
"2015",423,"PCPIPCH",2014-02-25,1.4
"2014",941,"PCPIPCH",2014-02-25,1.9
"2015",941,"PCPIPCH",2014-02-25,2.1
"2014",137,"PCPIPCH",2014-02-25,1.5
"2015",137,"PCPIPCH",2014-02-25,1.7
"2014",181,"PCPIPCH",2014-02-25,1.2
"2015",181,"PCPIPCH",2014-02-25,1.9
"2014",138,"PCPIPCH",2014-02-25,1.1
"2015",138,"PCPIPCH",2014-02-25,1.3
"2014",122,"PCPIPCH",2014-02-25,1.8
"2015",122,"PCPIPCH",2014-02-25,1.8
"2014",182,"PCPIPCH",2014-02-25,0.8
"2015",182,"PCPIPCH",2014-02-25,1.2
"2014",961,"PCPIPCH",2014-02-25,0.8
"2015",961,"PCPIPCH",2014-02-25,1.3
"2014",936,"PCPIPCH",2014-02-25,0.7
"2015",936,"PCPIPCH",2014-02-25,1.6
"2014",172,"PCPIPCH",2014-02-25,1.7
"2015",172,"PCPIPCH",2014-02-25,1.6
"2014",163,"PCPIPCH",2014-02-25,1
"2015",163,"PCPIPCH",2014-02-25,1.3
"2014",918,"PCPIPCH",2014-02-25,0.5
"2015",918,"PCPIPCH",2014-02-25,1.8
"2014",935,"PCPIPCH",2014-02-25,1
"2015",935,"PCPIPCH",2014-02-25,1.8
"2014",128,"PCPIPCH",2014-02-25,1.5
"2015",128,"PCPIPCH",2014-02-25,1.7
"2014",960,"PCPIPCH",2014-02-25,1.3
"2015",960,"PCPIPCH",2014-02-25,1.5
"2014",946,"PCPIPCH",2014-02-25,1.1
"2015",946,"PCPIPCH",2014-02-25,1.9
"2014",944,"PCPIPCH",2014-02-25,1.2
"2015",944,"PCPIPCH",2014-02-25,2.8
"2014",964,"PCPIPCH",2014-02-25,1.4
"2015",964,"PCPIPCH",2014-02-25,2
"2014",968,"PCPIPCH",2014-02-25,2.4
"2015",968,"PCPIPCH",2014-02-25,3.4
"2014",144,"PCPIPCH",2014-02-25,0.9
"2015",144,"PCPIPCH",2014-02-25,1.8
"2014",112,"PCPIPCH",2014-02-25,2
"2015",112,"PCPIPCH",2014-02-25,2
"2014",998,"PCPIPCH",2014-02-25,1.2
"2015",998,"PCPIPCH",2014-02-25,1.5
"2014",111,"PCPIPCH",2014-02-25,1.6
"2015",111,"PCPIPCH",2014-02-25,1.9
"2014",158,"PCPIPCH",2014-02-25,2.5
"2015",158,"PCPIPCH",2014-02-25,1.2
"2014",124,"LUR",2014-05-05,8.5
"2015",124,"LUR",2014-05-05,8.2
"2014",134,"LUR",2014-05-05,5.1
"2015",134,"LUR",2014-05-05,5.1
"2014",939,"LUR",2014-05-05,8.1
"2015",939,"LUR",2014-05-05,7.5
"2014",178,"LUR",2014-05-05,11.4
"2015",178,"LUR",2014-05-05,10.2
"2014",174,"LUR",2014-05-05,26
"2015",174,"LUR",2014-05-05,24
"2014",184,"LUR",2014-05-05,25.5
"2015",184,"LUR",2014-05-05,24
"2014",132,"LUR",2014-05-05,10.4
"2015",132,"LUR",2014-05-05,10.2
"2014",136,"LUR",2014-05-05,12.8
"2015",136,"LUR",2014-05-05,12.5
"2014",423,"LUR",2014-05-05,19.2
"2015",423,"LUR",2014-05-05,18.4
"2014",941,"LUR",2014-05-05,10.7
"2015",941,"LUR",2014-05-05,9.6
"2014",137,"LUR",2014-05-05,5.7
"2015",137,"LUR",2014-05-05,5.5
"2014",181,"LUR",2014-05-05,6.5
"2015",181,"LUR",2014-05-05,6.5
"2014",138,"LUR",2014-05-05,7.4
"2015",138,"LUR",2014-05-05,7.3
"2014",122,"LUR",2014-05-05,4.8
"2015",122,"LUR",2014-05-05,4.7
"2014",182,"LUR",2014-05-05,15.4
"2015",182,"LUR",2014-05-05,14.8
"2014",961,"LUR",2014-05-05,10.1
"2015",961,"LUR",2014-05-05,9.8
"2014",936,"LUR",2014-05-05,13.6
"2015",936,"LUR",2014-05-05,12.9
"2014",172,"LUR",2014-05-05,8.5
"2015",172,"LUR",2014-05-05,8.4
"2014",163,"LUR",2014-05-05,11.8
"2015",163,"LUR",2014-05-05,11.4
"2014",918,"LUR",2014-05-05,12.8
"2015",918,"LUR",2014-05-05,12.5
"2014",935,"LUR",2014-05-05,6.7
"2015",935,"LUR",2014-05-05,6.6
"2014",128,"LUR",2014-05-05,6.8
"2015",128,"LUR",2014-05-05,6.6
"2014",960,"LUR",2014-05-05,18
"2015",960,"LUR",2014-05-05,18
"2014",946,"LUR",2014-05-05,10.6
"2015",946,"LUR",2014-05-05,9.7
"2014",944,"LUR",2014-05-05,9
"2015",944,"LUR",2014-05-05,8.9
"2014",964,"LUR",2014-05-05,9.9
"2015",964,"LUR",2014-05-05,9.5
"2014",968,"LUR",2014-05-05,7.2
"2015",968,"LUR",2014-05-05,7.1
"2014",144,"LUR",2014-05-05,7.6
"2015",144,"LUR",2014-05-05,7.2
"2014",112,"LUR",2014-05-05,6.6
"2015",112,"LUR",2014-05-05,6.3
"2014",998,"LUR",2014-05-05,10.5
"2015",998,"LUR",2014-05-05,10.1
"2014",111,"LUR",2014-05-05,6.4
"2015",111,"LUR",2014-05-05,5.9
"2014",158,"LUR",2014-05-05,3.8
"2015",158,"LUR",2014-05-05,3.8
"2014",124,"NGDP_RPCH",2014-05-05,1.4
"2015",124,"NGDP_RPCH",2014-05-05,1.6
"2014",134,"NGDP_RPCH",2014-05-05,1.8
"2015",134,"NGDP_RPCH",2014-05-05,2
"2014",939,"NGDP_RPCH",2014-05-05,1.9
"2015",939,"NGDP_RPCH",2014-05-05,3
"2014",178,"NGDP_RPCH",2014-05-05,1.7
"2015",178,"NGDP_RPCH",2014-05-05,3
"2014",174,"NGDP_RPCH",2014-05-05,0.6
"2015",174,"NGDP_RPCH",2014-05-05,2.9
"2014",184,"NGDP_RPCH",2014-05-05,1.1
"2015",184,"NGDP_RPCH",2014-05-05,2.1
"2014",132,"NGDP_RPCH",2014-05-05,1
"2015",132,"NGDP_RPCH",2014-05-05,1.5
"2014",136,"NGDP_RPCH",2014-05-05,0.6
"2015",136,"NGDP_RPCH",2014-05-05,1.2
"2014",423,"NGDP_RPCH",2014-05-05,-4.8
"2015",423,"NGDP_RPCH",2014-05-05,0.9
"2014",941,"NGDP_RPCH",2014-05-05,3.8
"2015",941,"NGDP_RPCH",2014-05-05,4.1
"2014",137,"NGDP_RPCH",2014-05-05,2.6
"2015",137,"NGDP_RPCH",2014-05-05,2.7
"2014",181,"NGDP_RPCH",2014-05-05,2.3
"2015",181,"NGDP_RPCH",2014-05-05,2.3
"2014",138,"NGDP_RPCH",2014-05-05,1.2
"2015",138,"NGDP_RPCH",2014-05-05,1.4
"2014",122,"NGDP_RPCH",2014-05-05,1.6
"2015",122,"NGDP_RPCH",2014-05-05,1.8
"2014",182,"NGDP_RPCH",2014-05-05,1.2
"2015",182,"NGDP_RPCH",2014-05-05,1.5
"2014",961,"NGDP_RPCH",2014-05-05,0.8
"2015",961,"NGDP_RPCH",2014-05-05,1.4
"2014",936,"NGDP_RPCH",2014-05-05,2.2
"2015",936,"NGDP_RPCH",2014-05-05,3.1
"2014",172,"NGDP_RPCH",2014-05-05,0.2
"2015",172,"NGDP_RPCH",2014-05-05,1
"2014",163,"NGDP_RPCH",2014-05-05,1.2
"2015",163,"NGDP_RPCH",2014-05-05,1.7
"2014",918,"NGDP_RPCH",2014-05-05,1.7
"2015",918,"NGDP_RPCH",2014-05-05,2
"2014",935,"NGDP_RPCH",2014-05-05,2
"2015",935,"NGDP_RPCH",2014-05-05,2.4
"2014",128,"NGDP_RPCH",2014-05-05,1.5
"2015",128,"NGDP_RPCH",2014-05-05,1.9
"2014",960,"NGDP_RPCH",2014-05-05,-0.6
"2015",960,"NGDP_RPCH",2014-05-05,0.7
"2014",946,"NGDP_RPCH",2014-05-05,3.3
"2015",946,"NGDP_RPCH",2014-05-05,3.7
"2014",944,"NGDP_RPCH",2014-05-05,2.3
"2015",944,"NGDP_RPCH",2014-05-05,2.1
"2014",964,"NGDP_RPCH",2014-05-05,3.2
"2015",964,"NGDP_RPCH",2014-05-05,3.4
"2014",968,"NGDP_RPCH",2014-05-05,2.5
"2015",968,"NGDP_RPCH",2014-05-05,2.6
"2014",144,"NGDP_RPCH",2014-05-05,2.8
"2015",144,"NGDP_RPCH",2014-05-05,3
"2014",112,"NGDP_RPCH",2014-05-05,2.7
"2015",112,"NGDP_RPCH",2014-05-05,2.5
"2014",998,"NGDP_RPCH",2014-05-05,1.6
"2015",998,"NGDP_RPCH",2014-05-05,2
"2014",111,"NGDP_RPCH",2014-05-05,2.8
"2015",111,"NGDP_RPCH",2014-05-05,3.2
"2014",158,"NGDP_RPCH",2014-05-05,1.5
"2015",158,"NGDP_RPCH",2014-05-05,1.3
"2014",124,"PCPIPCH",2014-05-05,0.9
"2015",124,"PCPIPCH",2014-05-05,1.3
"2014",134,"PCPIPCH",2014-05-05,1.1
"2015",134,"PCPIPCH",2014-05-05,1.4
"2014",939,"PCPIPCH",2014-05-05,1.5
"2015",939,"PCPIPCH",2014-05-05,3
"2014",178,"PCPIPCH",2014-05-05,0.6
"2015",178,"PCPIPCH",2014-05-05,1.1
"2014",174,"PCPIPCH",2014-05-05,-0.8
"2015",174,"PCPIPCH",2014-05-05,0.3
"2014",184,"PCPIPCH",2014-05-05,0.1
"2015",184,"PCPIPCH",2014-05-05,0.8
"2014",132,"PCPIPCH",2014-05-05,1
"2015",132,"PCPIPCH",2014-05-05,1.1
"2014",136,"PCPIPCH",2014-05-05,0.7
"2015",136,"PCPIPCH",2014-05-05,1.2
"2014",423,"PCPIPCH",2014-05-05,0.4
"2015",423,"PCPIPCH",2014-05-05,1.4
"2014",941,"PCPIPCH",2014-05-05,1.2
"2015",941,"PCPIPCH",2014-05-05,2.5
"2014",137,"PCPIPCH",2014-05-05,1.4
"2015",137,"PCPIPCH",2014-05-05,2.4
"2014",181,"PCPIPCH",2014-05-05,1.2
"2015",181,"PCPIPCH",2014-05-05,1.9
"2014",138,"PCPIPCH",2014-05-05,0.7
"2015",138,"PCPIPCH",2014-05-05,0.9
"2014",122,"PCPIPCH",2014-05-05,1.6
"2015",122,"PCPIPCH",2014-05-05,1.7
"2014",182,"PCPIPCH",2014-05-05,0.4
"2015",182,"PCPIPCH",2014-05-05,1.1
"2014",961,"PCPIPCH",2014-05-05,0.7
"2015",961,"PCPIPCH",2014-05-05,1.2
"2014",936,"PCPIPCH",2014-05-05,0.4
"2015",936,"PCPIPCH",2014-05-05,1.6
"2014",172,"PCPIPCH",2014-05-05,1.4
"2015",172,"PCPIPCH",2014-05-05,1.4
"2014",163,"PCPIPCH",2014-05-05,0.8
"2015",163,"PCPIPCH",2014-05-05,1.2
"2014",918,"PCPIPCH",2014-05-05,-0.8
"2015",918,"PCPIPCH",2014-05-05,1.2
"2014",935,"PCPIPCH",2014-05-05,0.8
"2015",935,"PCPIPCH",2014-05-05,1.8
"2014",128,"PCPIPCH",2014-05-05,1
"2015",128,"PCPIPCH",2014-05-05,1.6
"2014",960,"PCPIPCH",2014-05-05,0.8
"2015",960,"PCPIPCH",2014-05-05,1.2
"2014",946,"PCPIPCH",2014-05-05,1
"2015",946,"PCPIPCH",2014-05-05,1.8
"2014",944,"PCPIPCH",2014-05-05,1
"2015",944,"PCPIPCH",2014-05-05,2.8
"2014",964,"PCPIPCH",2014-05-05,1.1
"2015",964,"PCPIPCH",2014-05-05,1.9
"2014",968,"PCPIPCH",2014-05-05,2.5
"2015",968,"PCPIPCH",2014-05-05,3.3
"2014",144,"PCPIPCH",2014-05-05,0.5
"2015",144,"PCPIPCH",2014-05-05,1.5
"2014",112,"PCPIPCH",2014-05-05,1.9
"2015",112,"PCPIPCH",2014-05-05,2
"2014",998,"PCPIPCH",2014-05-05,1
"2015",998,"PCPIPCH",2014-05-05,1.5
"2014",111,"PCPIPCH",2014-05-05,1.7
"2015",111,"PCPIPCH",2014-05-05,1.9
"2014",158,"PCPIPCH",2014-05-05,2.5
"2015",158,"PCPIPCH",2014-05-05,1.6
"2014",124,"LUR",2014-11-04,8.5
"2015",124,"LUR",2014-11-04,8.4
"2016",124,"LUR",2014-11-04,8.2
"2014",134,"LUR",2014-11-04,5.1
"2015",134,"LUR",2014-11-04,5.1
"2016",134,"LUR",2014-11-04,4.8
"2014",939,"LUR",2014-11-04,7.8
"2015",939,"LUR",2014-11-04,7.1
"2016",939,"LUR",2014-11-04,6.3
"2014",178,"LUR",2014-11-04,11.1
"2015",178,"LUR",2014-11-04,9.6
"2016",178,"LUR",2014-11-04,8.5
"2014",174,"LUR",2014-11-04,26.8
"2015",174,"LUR",2014-11-04,25
"2016",174,"LUR",2014-11-04,22
"2014",184,"LUR",2014-11-04,24.8
"2015",184,"LUR",2014-11-04,23.5
"2016",184,"LUR",2014-11-04,22.2
"2014",132,"LUR",2014-11-04,10.4
"2015",132,"LUR",2014-11-04,10.4
"2016",132,"LUR",2014-11-04,10.2
"2014",136,"LUR",2014-11-04,12.6
"2015",136,"LUR",2014-11-04,12.6
"2016",136,"LUR",2014-11-04,12.4
"2014",423,"LUR",2014-11-04,16.2
"2015",423,"LUR",2014-11-04,15.8
"2016",423,"LUR",2014-11-04,14.8
"2014",941,"LUR",2014-11-04,11
"2015",941,"LUR",2014-11-04,10.2
"2016",941,"LUR",2014-11-04,9.2
"2014",946,"LUR",2014-11-04,11.2
"2015",946,"LUR",2014-11-04,10.4
"2016",946,"LUR",2014-11-04,9.5
"2014",137,"LUR",2014-11-04,6.1
"2015",137,"LUR",2014-11-04,6.2
"2016",137,"LUR",2014-11-04,6.1
"2014",181,"LUR",2014-11-04,6.1
"2015",181,"LUR",2014-11-04,6.1
"2016",181,"LUR",2014-11-04,6.2
"2014",138,"LUR",2014-11-04,6.9
"2015",138,"LUR",2014-11-04,6.8
"2016",138,"LUR",2014-11-04,6.7
"2014",122,"LUR",2014-11-04,5.3
"2015",122,"LUR",2014-11-04,5.4
"2016",122,"LUR",2014-11-04,5
"2014",182,"LUR",2014-11-04,14.5
"2015",182,"LUR",2014-11-04,13.6
"2016",182,"LUR",2014-11-04,12.8
"2014",961,"LUR",2014-11-04,9.8
"2015",961,"LUR",2014-11-04,9.2
"2016",961,"LUR",2014-11-04,8.4
"2014",936,"LUR",2014-11-04,13.4
"2015",936,"LUR",2014-11-04,12.8
"2016",936,"LUR",2014-11-04,12.1
"2014",172,"LUR",2014-11-04,8.6
"2015",172,"LUR",2014-11-04,8.5
"2016",172,"LUR",2014-11-04,8.3
"2014",163,"LUR",2014-11-04,11.6
"2015",163,"LUR",2014-11-04,11.3
"2016",163,"LUR",2014-11-04,10.8
"2014",918,"LUR",2014-11-04,12
"2015",918,"LUR",2014-11-04,11.4
"2016",918,"LUR",2014-11-04,11
"2014",935,"LUR",2014-11-04,6.3
"2015",935,"LUR",2014-11-04,6.2
"2016",935,"LUR",2014-11-04,6.1
"2014",128,"LUR",2014-11-04,6.7
"2015",128,"LUR",2014-11-04,6.6
"2016",128,"LUR",2014-11-04,6.4
"2014",960,"LUR",2014-11-04,17.7
"2015",960,"LUR",2014-11-04,17.7
"2016",960,"LUR",2014-11-04,17.3
"2014",944,"LUR",2014-11-04,8
"2015",944,"LUR",2014-11-04,7.8
"2016",944,"LUR",2014-11-04,7.8
"2014",964,"LUR",2014-11-04,9.5
"2015",964,"LUR",2014-11-04,9.3
"2016",964,"LUR",2014-11-04,8.8
"2014",968,"LUR",2014-11-04,7
"2015",968,"LUR",2014-11-04,6.9
"2016",968,"LUR",2014-11-04,6.7
"2014",144,"LUR",2014-11-04,7.9
"2015",144,"LUR",2014-11-04,7.8
"2016",144,"LUR",2014-11-04,7.6
"2014",112,"LUR",2014-11-04,6.2
"2015",112,"LUR",2014-11-04,5.7
"2016",112,"LUR",2014-11-04,5.5
"2014",998,"LUR",2014-11-04,10.3
"2015",998,"LUR",2014-11-04,10
"2016",998,"LUR",2014-11-04,9.5
"2014",111,"LUR",2014-11-04,6.3
"2015",111,"LUR",2014-11-04,5.8
"2016",111,"LUR",2014-11-04,5.4
"2014",158,"LUR",2014-11-04,3.8
"2015",158,"LUR",2014-11-04,3.8
"2016",158,"LUR",2014-11-04,3.8
"2014",124,"NGDP_RPCH",2014-11-04,0.9
"2015",124,"NGDP_RPCH",2014-11-04,0.9
"2016",124,"NGDP_RPCH",2014-11-04,1.1
"2014",134,"NGDP_RPCH",2014-11-04,1.3
"2015",134,"NGDP_RPCH",2014-11-04,1.1
"2016",134,"NGDP_RPCH",2014-11-04,1.8
"2014",939,"NGDP_RPCH",2014-11-04,1.9
"2015",939,"NGDP_RPCH",2014-11-04,2
"2016",939,"NGDP_RPCH",2014-11-04,2.7
"2014",178,"NGDP_RPCH",2014-11-04,4.6
"2015",178,"NGDP_RPCH",2014-11-04,3.6
"2016",178,"NGDP_RPCH",2014-11-04,3.7
"2014",174,"NGDP_RPCH",2014-11-04,0.6
"2015",174,"NGDP_RPCH",2014-11-04,2.9
"2016",174,"NGDP_RPCH",2014-11-04,3.7
"2014",184,"NGDP_RPCH",2014-11-04,1.2
"2015",184,"NGDP_RPCH",2014-11-04,1.7
"2016",184,"NGDP_RPCH",2014-11-04,2.2
"2014",132,"NGDP_RPCH",2014-11-04,0.3
"2015",132,"NGDP_RPCH",2014-11-04,0.7
"2016",132,"NGDP_RPCH",2014-11-04,1.5
"2014",136,"NGDP_RPCH",2014-11-04,-0.4
"2015",136,"NGDP_RPCH",2014-11-04,0.6
"2016",136,"NGDP_RPCH",2014-11-04,1.1
"2014",423,"NGDP_RPCH",2014-11-04,-2.8
"2015",423,"NGDP_RPCH",2014-11-04,0.4
"2016",423,"NGDP_RPCH",2014-11-04,1.6
"2014",941,"NGDP_RPCH",2014-11-04,2.6
"2015",941,"NGDP_RPCH",2014-11-04,2.9
"2016",941,"NGDP_RPCH",2014-11-04,3.6
"2014",946,"NGDP_RPCH",2014-11-04,2.7
"2015",946,"NGDP_RPCH",2014-11-04,3.1
"2016",946,"NGDP_RPCH",2014-11-04,3.4
"2014",137,"NGDP_RPCH",2014-11-04,3
"2015",137,"NGDP_RPCH",2014-11-04,2.4
"2016",137,"NGDP_RPCH",2014-11-04,2.9
"2014",181,"NGDP_RPCH",2014-11-04,3
"2015",181,"NGDP_RPCH",2014-11-04,2.9
"2016",181,"NGDP_RPCH",2014-11-04,2.7
"2014",138,"NGDP_RPCH",2014-11-04,0.9
"2015",138,"NGDP_RPCH",2014-11-04,1.4
"2016",138,"NGDP_RPCH",2014-11-04,1.7
"2014",122,"NGDP_RPCH",2014-11-04,0.7
"2015",122,"NGDP_RPCH",2014-11-04,1.2
"2016",122,"NGDP_RPCH",2014-11-04,1.5
"2014",182,"NGDP_RPCH",2014-11-04,0.9
"2015",182,"NGDP_RPCH",2014-11-04,1.3
"2016",182,"NGDP_RPCH",2014-11-04,1.7
"2014",961,"NGDP_RPCH",2014-11-04,2.4
"2015",961,"NGDP_RPCH",2014-11-04,1.7
"2016",961,"NGDP_RPCH",2014-11-04,2.5
"2014",936,"NGDP_RPCH",2014-11-04,2.4
"2015",936,"NGDP_RPCH",2014-11-04,2.5
"2016",936,"NGDP_RPCH",2014-11-04,3.3
"2014",172,"NGDP_RPCH",2014-11-04,-0.4
"2015",172,"NGDP_RPCH",2014-11-04,0.6
"2016",172,"NGDP_RPCH",2014-11-04,1.1
"2014",163,"NGDP_RPCH",2014-11-04,0.8
"2015",163,"NGDP_RPCH",2014-11-04,1.1
"2016",163,"NGDP_RPCH",2014-11-04,1.7
"2014",918,"NGDP_RPCH",2014-11-04,1.2
"2015",918,"NGDP_RPCH",2014-11-04,0.6
"2016",918,"NGDP_RPCH",2014-11-04,1
"2014",935,"NGDP_RPCH",2014-11-04,2.5
"2015",935,"NGDP_RPCH",2014-11-04,2.7
"2016",935,"NGDP_RPCH",2014-11-04,2.7
"2014",128,"NGDP_RPCH",2014-11-04,0.8
"2015",128,"NGDP_RPCH",2014-11-04,1.7
"2016",128,"NGDP_RPCH",2014-11-04,2
"2014",960,"NGDP_RPCH",2014-11-04,-0.7
"2015",960,"NGDP_RPCH",2014-11-04,0.2
"2016",960,"NGDP_RPCH",2014-11-04,1.1
"2014",944,"NGDP_RPCH",2014-11-04,3.2
"2015",944,"NGDP_RPCH",2014-11-04,2.5
"2016",944,"NGDP_RPCH",2014-11-04,2
"2014",964,"NGDP_RPCH",2014-11-04,3
"2015",964,"NGDP_RPCH",2014-11-04,2.8
"2016",964,"NGDP_RPCH",2014-11-04,3.3
"2014",968,"NGDP_RPCH",2014-11-04,2
"2015",968,"NGDP_RPCH",2014-11-04,2.4
"2016",968,"NGDP_RPCH",2014-11-04,2.8
"2014",144,"NGDP_RPCH",2014-11-04,2
"2015",144,"NGDP_RPCH",2014-11-04,2.4
"2016",144,"NGDP_RPCH",2014-11-04,2.7
"2014",112,"NGDP_RPCH",2014-11-04,3.1
"2015",112,"NGDP_RPCH",2014-11-04,2.7
"2016",112,"NGDP_RPCH",2014-11-04,2.5
"2014",998,"NGDP_RPCH",2014-11-04,1.3
"2015",998,"NGDP_RPCH",2014-11-04,1.5
"2016",998,"NGDP_RPCH",2014-11-04,2
"2014",111,"NGDP_RPCH",2014-11-04,2.2
"2015",111,"NGDP_RPCH",2014-11-04,3.1
"2016",111,"NGDP_RPCH",2014-11-04,3.2
"2014",158,"NGDP_RPCH",2014-11-04,1.1
"2015",158,"NGDP_RPCH",2014-11-04,1
"2016",158,"NGDP_RPCH",2014-11-04,1
"2014",124,"PCPIPCH",2014-11-04,0.6
"2015",124,"PCPIPCH",2014-11-04,0.9
"2016",124,"PCPIPCH",2014-11-04,1.3
"2014",134,"PCPIPCH",2014-11-04,0.9
"2015",134,"PCPIPCH",2014-11-04,1.2
"2016",134,"PCPIPCH",2014-11-04,1.6
"2014",939,"PCPIPCH",2014-11-04,0.7
"2015",939,"PCPIPCH",2014-11-04,1.6
"2016",939,"PCPIPCH",2014-11-04,2.2
"2014",178,"PCPIPCH",2014-11-04,0.4
"2015",178,"PCPIPCH",2014-11-04,0.9
"2016",178,"PCPIPCH",2014-11-04,1.4
"2014",174,"PCPIPCH",2014-11-04,-1
"2015",174,"PCPIPCH",2014-11-04,0.3
"2016",174,"PCPIPCH",2014-11-04,1.1
"2014",184,"PCPIPCH",2014-11-04,-0.1
"2015",184,"PCPIPCH",2014-11-04,0.5
"2016",184,"PCPIPCH",2014-11-04,1.2
"2014",132,"PCPIPCH",2014-11-04,0.6
"2015",132,"PCPIPCH",2014-11-04,0.7
"2016",132,"PCPIPCH",2014-11-04,1.1
"2014",136,"PCPIPCH",2014-11-04,0.2
"2015",136,"PCPIPCH",2014-11-04,0.5
"2016",136,"PCPIPCH",2014-11-04,2
"2014",423,"PCPIPCH",2014-11-04,-0.2
"2015",423,"PCPIPCH",2014-11-04,0.7
"2016",423,"PCPIPCH",2014-11-04,1.2
"2014",941,"PCPIPCH",2014-11-04,0.8
"2015",941,"PCPIPCH",2014-11-04,1.8
"2016",941,"PCPIPCH",2014-11-04,2.5
"2014",946,"PCPIPCH",2014-11-04,0.3
"2015",946,"PCPIPCH",2014-11-04,1.3
"2016",946,"PCPIPCH",2014-11-04,1.9
"2014",137,"PCPIPCH",2014-11-04,1
"2015",137,"PCPIPCH",2014-11-04,2.1
"2016",137,"PCPIPCH",2014-11-04,1.9
"2014",181,"PCPIPCH",2014-11-04,0.7
"2015",181,"PCPIPCH",2014-11-04,1.5
"2016",181,"PCPIPCH",2014-11-04,2
"2014",138,"PCPIPCH",2014-11-04,0.4
"2015",138,"PCPIPCH",2014-11-04,0.8
"2016",138,"PCPIPCH",2014-11-04,1.1
"2014",122,"PCPIPCH",2014-11-04,1.5
"2015",122,"PCPIPCH",2014-11-04,1.7
"2016",122,"PCPIPCH",2014-11-04,1.8
"2014",182,"PCPIPCH",2014-11-04,0
"2015",182,"PCPIPCH",2014-11-04,0.6
"2016",182,"PCPIPCH",2014-11-04,0.9
"2014",961,"PCPIPCH",2014-11-04,0.4
"2015",961,"PCPIPCH",2014-11-04,1
"2016",961,"PCPIPCH",2014-11-04,1.5
"2014",936,"PCPIPCH",2014-11-04,-0.1
"2015",936,"PCPIPCH",2014-11-04,0.7
"2016",936,"PCPIPCH",2014-11-04,1.4
"2014",172,"PCPIPCH",2014-11-04,1.2
"2015",172,"PCPIPCH",2014-11-04,1.3
"2016",172,"PCPIPCH",2014-11-04,1.6
"2014",163,"PCPIPCH",2014-11-04,0.5
"2015",163,"PCPIPCH",2014-11-04,0.8
"2016",163,"PCPIPCH",2014-11-04,1.5
"2014",918,"PCPIPCH",2014-11-04,-1.4
"2015",918,"PCPIPCH",2014-11-04,0.4
"2016",918,"PCPIPCH",2014-11-04,1
"2014",935,"PCPIPCH",2014-11-04,0.5
"2015",935,"PCPIPCH",2014-11-04,1.4
"2016",935,"PCPIPCH",2014-11-04,1.8
"2014",128,"PCPIPCH",2014-11-04,0.4
"2015",128,"PCPIPCH",2014-11-04,1.1
"2016",128,"PCPIPCH",2014-11-04,1.7
"2014",960,"PCPIPCH",2014-11-04,0.2
"2015",960,"PCPIPCH",2014-11-04,0.6
"2016",960,"PCPIPCH",2014-11-04,1.1
"2014",944,"PCPIPCH",2014-11-04,0.1
"2015",944,"PCPIPCH",2014-11-04,2.5
"2016",944,"PCPIPCH",2014-11-04,3
"2014",964,"PCPIPCH",2014-11-04,0.2
"2015",964,"PCPIPCH",2014-11-04,1.1
"2016",964,"PCPIPCH",2014-11-04,1.9
"2014",968,"PCPIPCH",2014-11-04,1.5
"2015",968,"PCPIPCH",2014-11-04,2.1
"2016",968,"PCPIPCH",2014-11-04,2.7
"2014",144,"PCPIPCH",2014-11-04,0.2
"2015",144,"PCPIPCH",2014-11-04,1.2
"2016",144,"PCPIPCH",2014-11-04,1.5
"2014",112,"PCPIPCH",2014-11-04,1.5
"2015",112,"PCPIPCH",2014-11-04,1.6
"2016",112,"PCPIPCH",2014-11-04,1.9
"2014",998,"PCPIPCH",2014-11-04,0.6
"2015",998,"PCPIPCH",2014-11-04,1
"2016",998,"PCPIPCH",2014-11-04,1.6
"2014",111,"PCPIPCH",2014-11-04,1.8
"2015",111,"PCPIPCH",2014-11-04,2
"2016",111,"PCPIPCH",2014-11-04,2.3
"2014",158,"PCPIPCH",2014-11-04,2.8
"2015",158,"PCPIPCH",2014-11-04,1.6
"2016",158,"PCPIPCH",2014-11-04,1.4
"2015",124,"LUR",2015-02-05,8.3
"2016",124,"LUR",2015-02-05,8.1
"2015",134,"LUR",2015-02-05,4.9
"2016",134,"LUR",2015-02-05,4.8
"2015",939,"LUR",2015-02-05,6.8
"2016",939,"LUR",2015-02-05,5.9
"2015",178,"LUR",2015-02-05,9.6
"2016",178,"LUR",2015-02-05,8.8
"2015",174,"LUR",2015-02-05,25
"2016",174,"LUR",2015-02-05,22
"2015",184,"LUR",2015-02-05,22.5
"2016",184,"LUR",2015-02-05,20.7
"2015",132,"LUR",2015-02-05,10.4
"2016",132,"LUR",2015-02-05,10.2
"2015",136,"LUR",2015-02-05,12.8
"2016",136,"LUR",2015-02-05,12.6
"2015",423,"LUR",2015-02-05,15.8
"2016",423,"LUR",2015-02-05,14.8
"2015",941,"LUR",2015-02-05,10.2
"2016",941,"LUR",2015-02-05,9.2
"2015",946,"LUR",2015-02-05,8.7
"2016",946,"LUR",2015-02-05,7.9
"2015",137,"LUR",2015-02-05,6.4
"2016",137,"LUR",2015-02-05,6.3
"2015",181,"LUR",2015-02-05,5.9
"2016",181,"LUR",2015-02-05,5.9
"2015",138,"LUR",2015-02-05,6.6
"2016",138,"LUR",2015-02-05,6.4
"2015",122,"LUR",2015-02-05,5.2
"2016",122,"LUR",2015-02-05,5
"2015",182,"LUR",2015-02-05,13.4
"2016",182,"LUR",2015-02-05,12.6
"2015",961,"LUR",2015-02-05,9.5
"2016",961,"LUR",2015-02-05,8.9
"2015",936,"LUR",2015-02-05,12.8
"2016",936,"LUR",2015-02-05,12.1
"2015",172,"LUR",2015-02-05,9
"2016",172,"LUR",2015-02-05,8.8
"2015",163,"LUR",2015-02-05,11.2
"2016",163,"LUR",2015-02-05,10.6
"2015",918,"LUR",2015-02-05,10.9
"2016",918,"LUR",2015-02-05,10.4
"2015",935,"LUR",2015-02-05,6
"2016",935,"LUR",2015-02-05,5.9
"2015",128,"LUR",2015-02-05,6.5
"2016",128,"LUR",2015-02-05,6.4
"2015",960,"LUR",2015-02-05,16.8
"2016",960,"LUR",2015-02-05,16.4
"2015",944,"LUR",2015-02-05,7.4
"2016",944,"LUR",2015-02-05,6.6
"2015",964,"LUR",2015-02-05,8.8
"2016",964,"LUR",2015-02-05,8.3
"2015",968,"LUR",2015-02-05,6.9
"2016",968,"LUR",2015-02-05,6.8
"2015",144,"LUR",2015-02-05,7.7
"2016",144,"LUR",2015-02-05,7.5
"2015",112,"LUR",2015-02-05,5.6
"2016",112,"LUR",2015-02-05,5.4
"2015",998,"LUR",2015-02-05,9.8
"2016",998,"LUR",2015-02-05,9.3
"2015",111,"LUR",2015-02-05,5.4
"2016",111,"LUR",2015-02-05,4.9
"2015",158,"LUR",2015-02-05,3.7
"2016",158,"LUR",2015-02-05,3.6
"2015",124,"NGDP_RPCH",2015-02-05,1.1
"2016",124,"NGDP_RPCH",2015-02-05,1.4
"2015",134,"NGDP_RPCH",2015-02-05,1.5
"2016",134,"NGDP_RPCH",2015-02-05,2
"2015",939,"NGDP_RPCH",2015-02-05,2.3
"2016",939,"NGDP_RPCH",2015-02-05,2.9
"2015",178,"NGDP_RPCH",2015-02-05,3.5
"2016",178,"NGDP_RPCH",2015-02-05,3.6
"2015",174,"NGDP_RPCH",2015-02-05,2.5
"2016",174,"NGDP_RPCH",2015-02-05,3.6
"2015",184,"NGDP_RPCH",2015-02-05,2.3
"2016",184,"NGDP_RPCH",2015-02-05,2.5
"2015",132,"NGDP_RPCH",2015-02-05,1
"2016",132,"NGDP_RPCH",2015-02-05,1.8
"2015",136,"NGDP_RPCH",2015-02-05,0.6
"2016",136,"NGDP_RPCH",2015-02-05,1.3
"2015",423,"NGDP_RPCH",2015-02-05,0.4
"2016",423,"NGDP_RPCH",2015-02-05,1.6
"2015",941,"NGDP_RPCH",2015-02-05,2.9
"2016",941,"NGDP_RPCH",2015-02-05,3.6
"2015",946,"NGDP_RPCH",2015-02-05,3
"2016",946,"NGDP_RPCH",2015-02-05,3.4
"2015",137,"NGDP_RPCH",2015-02-05,2.6
"2016",137,"NGDP_RPCH",2015-02-05,2.9
"2015",181,"NGDP_RPCH",2015-02-05,3.3
"2016",181,"NGDP_RPCH",2015-02-05,2.9
"2015",138,"NGDP_RPCH",2015-02-05,1.4
"2016",138,"NGDP_RPCH",2015-02-05,1.7
"2015",122,"NGDP_RPCH",2015-02-05,0.8
"2016",122,"NGDP_RPCH",2015-02-05,1.5
"2015",182,"NGDP_RPCH",2015-02-05,1.6
"2016",182,"NGDP_RPCH",2015-02-05,1.7
"2015",961,"NGDP_RPCH",2015-02-05,1.8
"2016",961,"NGDP_RPCH",2015-02-05,2.3
"2015",936,"NGDP_RPCH",2015-02-05,2.5
"2016",936,"NGDP_RPCH",2015-02-05,3.2
"2015",172,"NGDP_RPCH",2015-02-05,0.8
"2016",172,"NGDP_RPCH",2015-02-05,1.4
"2015",163,"NGDP_RPCH",2015-02-05,1.3
"2016",163,"NGDP_RPCH",2015-02-05,1.9
"2015",918,"NGDP_RPCH",2015-02-05,0.8
"2016",918,"NGDP_RPCH",2015-02-05,1
"2015",935,"NGDP_RPCH",2015-02-05,2.5
"2016",935,"NGDP_RPCH",2015-02-05,2.6
"2015",128,"NGDP_RPCH",2015-02-05,1.7
"2016",128,"NGDP_RPCH",2015-02-05,2.1
"2015",960,"NGDP_RPCH",2015-02-05,0.2
"2016",960,"NGDP_RPCH",2015-02-05,1
"2015",944,"NGDP_RPCH",2015-02-05,2.4
"2016",944,"NGDP_RPCH",2015-02-05,1.9
"2015",964,"NGDP_RPCH",2015-02-05,3.2
"2016",964,"NGDP_RPCH",2015-02-05,3.4
"2015",968,"NGDP_RPCH",2015-02-05,2.7
"2016",968,"NGDP_RPCH",2015-02-05,2.9
"2015",144,"NGDP_RPCH",2015-02-05,2.3
"2016",144,"NGDP_RPCH",2015-02-05,2.6
"2015",112,"NGDP_RPCH",2015-02-05,2.6
"2016",112,"NGDP_RPCH",2015-02-05,2.4
"2015",998,"NGDP_RPCH",2015-02-05,1.7
"2016",998,"NGDP_RPCH",2015-02-05,2.1
"2015",111,"NGDP_RPCH",2015-02-05,3.5
"2016",111,"NGDP_RPCH",2015-02-05,3.2
"2015",158,"NGDP_RPCH",2015-02-05,1.3
"2016",158,"NGDP_RPCH",2015-02-05,1.3
"2015",124,"PCPIPCH",2015-02-05,0.1
"2016",124,"PCPIPCH",2015-02-05,1.1
"2015",134,"PCPIPCH",2015-02-05,0.1
"2016",134,"PCPIPCH",2015-02-05,1.6
"2015",939,"PCPIPCH",2015-02-05,0.4
"2016",939,"PCPIPCH",2015-02-05,1.6
"2015",178,"PCPIPCH",2015-02-05,0.3
"2016",178,"PCPIPCH",2015-02-05,1.3
"2015",174,"PCPIPCH",2015-02-05,-0.3
"2016",174,"PCPIPCH",2015-02-05,0.7
"2015",184,"PCPIPCH",2015-02-05,-1
"2016",184,"PCPIPCH",2015-02-05,1.1
"2015",132,"PCPIPCH",2015-02-05,0
"2016",132,"PCPIPCH",2015-02-05,1
"2015",136,"PCPIPCH",2015-02-05,-0.3
"2016",136,"PCPIPCH",2015-02-05,1.5
"2015",423,"PCPIPCH",2015-02-05,0.7
"2016",423,"PCPIPCH",2015-02-05,1.2
"2015",941,"PCPIPCH",2015-02-05,0.9
"2016",941,"PCPIPCH",2015-02-05,1.9
"2015",946,"PCPIPCH",2015-02-05,0.4
"2016",946,"PCPIPCH",2015-02-05,1.6
"2015",137,"PCPIPCH",2015-02-05,0.6
"2016",137,"PCPIPCH",2015-02-05,1.8
"2015",181,"PCPIPCH",2015-02-05,1
"2016",181,"PCPIPCH",2015-02-05,1.9
"2015",138,"PCPIPCH",2015-02-05,0.4
"2016",138,"PCPIPCH",2015-02-05,0.7
"2015",122,"PCPIPCH",2015-02-05,1.1
"2016",122,"PCPIPCH",2015-02-05,2.2
"2015",182,"PCPIPCH",2015-02-05,0.1
"2016",182,"PCPIPCH",2015-02-05,1.1
"2015",961,"PCPIPCH",2015-02-05,-0.3
"2016",961,"PCPIPCH",2015-02-05,0.9
"2015",936,"PCPIPCH",2015-02-05,0.4
"2016",936,"PCPIPCH",2015-02-05,1.3
"2015",172,"PCPIPCH",2015-02-05,0.5
"2016",172,"PCPIPCH",2015-02-05,1.3
"2015",163,"PCPIPCH",2015-02-05,-0.1
"2016",163,"PCPIPCH",2015-02-05,1.3
"2015",918,"PCPIPCH",2015-02-05,-0.5
"2016",918,"PCPIPCH",2015-02-05,1
"2015",935,"PCPIPCH",2015-02-05,0.8
"2016",935,"PCPIPCH",2015-02-05,1.4
"2015",128,"PCPIPCH",2015-02-05,0.4
"2016",128,"PCPIPCH",2015-02-05,1.6
"2015",960,"PCPIPCH",2015-02-05,-0.3
"2016",960,"PCPIPCH",2015-02-05,1
"2015",944,"PCPIPCH",2015-02-05,0.8
"2016",944,"PCPIPCH",2015-02-05,2.8
"2015",964,"PCPIPCH",2015-02-05,-0.2
"2016",964,"PCPIPCH",2015-02-05,1.4
"2015",968,"PCPIPCH",2015-02-05,1.2
"2016",968,"PCPIPCH",2015-02-05,2.5
"2015",144,"PCPIPCH",2015-02-05,0.5
"2016",144,"PCPIPCH",2015-02-05,1
"2015",112,"PCPIPCH",2015-02-05,1
"2016",112,"PCPIPCH",2015-02-05,1.6
"2015",998,"PCPIPCH",2015-02-05,0.2
"2016",998,"PCPIPCH",2015-02-05,1.4
"2015",111,"PCPIPCH",2015-02-05,-0.1
"2016",111,"PCPIPCH",2015-02-05,2
"2015",158,"PCPIPCH",2015-02-05,0.6
"2016",158,"PCPIPCH",2015-02-05,0.9
"2015",124,"LUR",2015-05-05,8.4
"2016",124,"LUR",2015-05-05,8.1
"2015",134,"LUR",2015-05-05,4.6
"2016",134,"LUR",2015-05-05,4.4
"2015",939,"LUR",2015-05-05,6.2
"2016",939,"LUR",2015-05-05,5.8
"2015",178,"LUR",2015-05-05,9.6
"2016",178,"LUR",2015-05-05,9.2
"2015",174,"LUR",2015-05-05,25.6
"2016",174,"LUR",2015-05-05,23.2
"2015",184,"LUR",2015-05-05,22.4
"2016",184,"LUR",2015-05-05,20.5
"2015",132,"LUR",2015-05-05,10.3
"2016",132,"LUR",2015-05-05,10
"2015",136,"LUR",2015-05-05,12.4
"2016",136,"LUR",2015-05-05,12.4
"2015",423,"LUR",2015-05-05,16.2
"2016",423,"LUR",2015-05-05,15.2
"2015",941,"LUR",2015-05-05,10.4
"2016",941,"LUR",2015-05-05,9.4
"2015",946,"LUR",2015-05-05,9.9
"2016",946,"LUR",2015-05-05,9.1
"2015",137,"LUR",2015-05-05,5.7
"2016",137,"LUR",2015-05-05,5.4
"2015",181,"LUR",2015-05-05,5.9
"2016",181,"LUR",2015-05-05,5.9
"2015",138,"LUR",2015-05-05,7.1
"2016",138,"LUR",2015-05-05,6.9
"2015",122,"LUR",2015-05-05,5.8
"2016",122,"LUR",2015-05-05,5.7
"2015",182,"LUR",2015-05-05,13.4
"2016",182,"LUR",2015-05-05,12.6
"2015",961,"LUR",2015-05-05,9.4
"2016",961,"LUR",2015-05-05,9.2
"2015",936,"LUR",2015-05-05,12.1
"2016",936,"LUR",2015-05-05,10.8
"2015",172,"LUR",2015-05-05,9.1
"2016",172,"LUR",2015-05-05,9
"2015",163,"LUR",2015-05-05,11
"2016",163,"LUR",2015-05-05,10.5
"2015",918,"LUR",2015-05-05,10.4
"2016",918,"LUR",2015-05-05,9.8
"2015",935,"LUR",2015-05-05,5.6
"2016",935,"LUR",2015-05-05,5.5
"2015",128,"LUR",2015-05-05,6.2
"2016",128,"LUR",2015-05-05,5.9
"2015",960,"LUR",2015-05-05,17
"2016",960,"LUR",2015-05-05,16.6
"2015",944,"LUR",2015-05-05,6.8
"2016",944,"LUR",2015-05-05,6
"2015",964,"LUR",2015-05-05,8.4
"2016",964,"LUR",2015-05-05,7.9
"2015",968,"LUR",2015-05-05,6.6
"2016",968,"LUR",2015-05-05,6.4
"2015",144,"LUR",2015-05-05,7.7
"2016",144,"LUR",2015-05-05,7.6
"2015",112,"LUR",2015-05-05,5.4
"2016",112,"LUR",2015-05-05,5.3
"2015",998,"LUR",2015-05-05,9.6
"2016",998,"LUR",2015-05-05,9.2
"2015",111,"LUR",2015-05-05,5.4
"2016",111,"LUR",2015-05-05,5
"2015",158,"LUR",2015-05-05,3.6
"2016",158,"LUR",2015-05-05,3.5
"2015",124,"NGDP_RPCH",2015-05-05,1.1
"2016",124,"NGDP_RPCH",2015-05-05,1.5
"2015",134,"NGDP_RPCH",2015-05-05,1.9
"2016",134,"NGDP_RPCH",2015-05-05,2
"2015",939,"NGDP_RPCH",2015-05-05,2.3
"2016",939,"NGDP_RPCH",2015-05-05,2.9
"2015",178,"NGDP_RPCH",2015-05-05,3.6
"2016",178,"NGDP_RPCH",2015-05-05,3.5
"2015",174,"NGDP_RPCH",2015-05-05,0.5
"2016",174,"NGDP_RPCH",2015-05-05,2.9
"2015",184,"NGDP_RPCH",2015-05-05,2.8
"2016",184,"NGDP_RPCH",2015-05-05,2.6
"2015",132,"NGDP_RPCH",2015-05-05,1.1
"2016",132,"NGDP_RPCH",2015-05-05,1.7
"2015",136,"NGDP_RPCH",2015-05-05,0.6
"2016",136,"NGDP_RPCH",2015-05-05,1.4
"2015",423,"NGDP_RPCH",2015-05-05,-0.5
"2016",423,"NGDP_RPCH",2015-05-05,1.4
"2015",941,"NGDP_RPCH",2015-05-05,2.3
"2016",941,"NGDP_RPCH",2015-05-05,3.2
"2015",946,"NGDP_RPCH",2015-05-05,2.8
"2016",946,"NGDP_RPCH",2015-05-05,3.3
"2015",137,"NGDP_RPCH",2015-05-05,3.4
"2016",137,"NGDP_RPCH",2015-05-05,3.5
"2015",181,"NGDP_RPCH",2015-05-05,3.6
"2016",181,"NGDP_RPCH",2015-05-05,3.2
"2015",138,"NGDP_RPCH",2015-05-05,1.6
"2016",138,"NGDP_RPCH",2015-05-05,1.7
"2015",122,"NGDP_RPCH",2015-05-05,0.8
"2016",122,"NGDP_RPCH",2015-05-05,1.5
"2015",182,"NGDP_RPCH",2015-05-05,1.6
"2016",182,"NGDP_RPCH",2015-05-05,1.8
"2015",961,"NGDP_RPCH",2015-05-05,2.3
"2016",961,"NGDP_RPCH",2015-05-05,2.1
"2015",936,"NGDP_RPCH",2015-05-05,3
"2016",936,"NGDP_RPCH",2015-05-05,3.4
"2015",172,"NGDP_RPCH",2015-05-05,0.3
"2016",172,"NGDP_RPCH",2015-05-05,1
"2015",163,"NGDP_RPCH",2015-05-05,1.5
"2016",163,"NGDP_RPCH",2015-05-05,1.9
"2015",918,"NGDP_RPCH",2015-05-05,1
"2016",918,"NGDP_RPCH",2015-05-05,1.3
"2015",935,"NGDP_RPCH",2015-05-05,2.5
"2016",935,"NGDP_RPCH",2015-05-05,2.6
"2015",128,"NGDP_RPCH",2015-05-05,1.8
"2016",128,"NGDP_RPCH",2015-05-05,2.1
"2015",960,"NGDP_RPCH",2015-05-05,0.3
"2016",960,"NGDP_RPCH",2015-05-05,1.2
"2015",944,"NGDP_RPCH",2015-05-05,2.8
"2016",944,"NGDP_RPCH",2015-05-05,2.2
"2015",964,"NGDP_RPCH",2015-05-05,3.3
"2016",964,"NGDP_RPCH",2015-05-05,3.4
"2015",968,"NGDP_RPCH",2015-05-05,2.8
"2016",968,"NGDP_RPCH",2015-05-05,3.3
"2015",144,"NGDP_RPCH",2015-05-05,2.5
"2016",144,"NGDP_RPCH",2015-05-05,2.8
"2015",112,"NGDP_RPCH",2015-05-05,2.6
"2016",112,"NGDP_RPCH",2015-05-05,2.4
"2015",998,"NGDP_RPCH",2015-05-05,1.8
"2016",998,"NGDP_RPCH",2015-05-05,2.1
"2015",111,"NGDP_RPCH",2015-05-05,3.1
"2016",111,"NGDP_RPCH",2015-05-05,3
"2015",158,"NGDP_RPCH",2015-05-05,1.1
"2016",158,"NGDP_RPCH",2015-05-05,1.4
"2015",124,"PCPIPCH",2015-05-05,0.3
"2016",124,"PCPIPCH",2015-05-05,1.3
"2015",134,"PCPIPCH",2015-05-05,0.3
"2016",134,"PCPIPCH",2015-05-05,1.8
"2015",939,"PCPIPCH",2015-05-05,0.2
"2016",939,"PCPIPCH",2015-05-05,1.9
"2015",178,"PCPIPCH",2015-05-05,0.4
"2016",178,"PCPIPCH",2015-05-05,1.5
"2015",174,"PCPIPCH",2015-05-05,-1.5
"2016",174,"PCPIPCH",2015-05-05,0.8
"2015",184,"PCPIPCH",2015-05-05,-0.6
"2016",184,"PCPIPCH",2015-05-05,1.1
"2015",132,"PCPIPCH",2015-05-05,0
"2016",132,"PCPIPCH",2015-05-05,1
"2015",136,"PCPIPCH",2015-05-05,0.2
"2016",136,"PCPIPCH",2015-05-05,1.8
"2015",423,"PCPIPCH",2015-05-05,-0.8
"2016",423,"PCPIPCH",2015-05-05,0.9
"2015",941,"PCPIPCH",2015-05-05,0.7
"2016",941,"PCPIPCH",2015-05-05,2.2
"2015",946,"PCPIPCH",2015-05-05,-0.4
"2016",946,"PCPIPCH",2015-05-05,1.7
"2015",137,"PCPIPCH",2015-05-05,0.8
"2016",137,"PCPIPCH",2015-05-05,2.1
"2015",181,"PCPIPCH",2015-05-05,1.3
"2016",181,"PCPIPCH",2015-05-05,1.9
"2015",138,"PCPIPCH",2015-05-05,0.2
"2016",138,"PCPIPCH",2015-05-05,1.3
"2015",122,"PCPIPCH",2015-05-05,0.8
"2016",122,"PCPIPCH",2015-05-05,1.9
"2015",182,"PCPIPCH",2015-05-05,0.2
"2016",182,"PCPIPCH",2015-05-05,1.3
"2015",961,"PCPIPCH",2015-05-05,0.1
"2016",961,"PCPIPCH",2015-05-05,1.7
"2015",936,"PCPIPCH",2015-05-05,-0.2
"2016",936,"PCPIPCH",2015-05-05,1.4
"2015",172,"PCPIPCH",2015-05-05,0.2
"2016",172,"PCPIPCH",2015-05-05,1.3
"2015",163,"PCPIPCH",2015-05-05,0.1
"2016",163,"PCPIPCH",2015-05-05,1.5
"2015",918,"PCPIPCH",2015-05-05,-0.5
"2016",918,"PCPIPCH",2015-05-05,1
"2015",935,"PCPIPCH",2015-05-05,0.2
"2016",935,"PCPIPCH",2015-05-05,1.4
"2015",128,"PCPIPCH",2015-05-05,0.6
"2016",128,"PCPIPCH",2015-05-05,1.7
"2015",960,"PCPIPCH",2015-05-05,0.1
"2016",960,"PCPIPCH",2015-05-05,1.3
"2015",944,"PCPIPCH",2015-05-05,0
"2016",944,"PCPIPCH",2015-05-05,2.5
"2015",964,"PCPIPCH",2015-05-05,-0.4
"2016",964,"PCPIPCH",2015-05-05,1.1
"2015",968,"PCPIPCH",2015-05-05,0.2
"2016",968,"PCPIPCH",2015-05-05,0.9
"2015",144,"PCPIPCH",2015-05-05,0.7
"2016",144,"PCPIPCH",2015-05-05,1.6
"2015",112,"PCPIPCH",2015-05-05,0.4
"2016",112,"PCPIPCH",2015-05-05,1.6
"2015",998,"PCPIPCH",2015-05-05,0.1
"2016",998,"PCPIPCH",2015-05-05,1.5
"2015",111,"PCPIPCH",2015-05-05,0.4
"2016",111,"PCPIPCH",2015-05-05,2.2
"2015",158,"PCPIPCH",2015-05-05,0.5
"2016",158,"PCPIPCH",2015-05-05,0.9
"2015",124,"LUR",2015-11-05,8.6
"2016",124,"LUR",2015-11-05,8.4
"2017",124,"LUR",2015-11-05,7.9
"2015",134,"LUR",2015-11-05,4.7
"2016",134,"LUR",2015-11-05,4.9
"2017",134,"LUR",2015-11-05,5.2
"2015",939,"LUR",2015-11-05,6.5
"2016",939,"LUR",2015-11-05,6.5
"2017",939,"LUR",2015-11-05,7.6
"2015",178,"LUR",2015-11-05,9.5
"2016",178,"LUR",2015-11-05,8.7
"2017",178,"LUR",2015-11-05,7.9
"2015",174,"LUR",2015-11-05,25.7
"2016",174,"LUR",2015-11-05,25.8
"2017",174,"LUR",2015-11-05,24.4
"2015",184,"LUR",2015-11-05,22.3
"2016",184,"LUR",2015-11-05,20.5
"2017",184,"LUR",2015-11-05,19
"2015",132,"LUR",2015-11-05,10.4
"2016",132,"LUR",2015-11-05,10.4
"2017",132,"LUR",2015-11-05,10.2
"2015",136,"LUR",2015-11-05,12.2
"2016",136,"LUR",2015-11-05,11.8
"2017",136,"LUR",2015-11-05,11.6
"2015",423,"LUR",2015-11-05,15.6
"2016",423,"LUR",2015-11-05,14.6
"2017",423,"LUR",2015-11-05,13.3
"2015",941,"LUR",2015-11-05,10.1
"2016",941,"LUR",2015-11-05,9.5
"2017",941,"LUR",2015-11-05,8.8
"2015",946,"LUR",2015-11-05,9.4
"2016",946,"LUR",2015-11-05,8.6
"2017",946,"LUR",2015-11-05,8.1
"2015",137,"LUR",2015-11-05,5.9
"2016",137,"LUR",2015-11-05,5.8
"2017",137,"LUR",2015-11-05,5.8
"2015",181,"LUR",2015-11-05,5.8
"2016",181,"LUR",2015-11-05,5.7
"2017",181,"LUR",2015-11-05,5.8
"2015",138,"LUR",2015-11-05,6.9
"2016",138,"LUR",2015-11-05,6.6
"2017",138,"LUR",2015-11-05,6.3
"2015",122,"LUR",2015-11-05,6.1
"2016",122,"LUR",2015-11-05,6.1
"2017",122,"LUR",2015-11-05,6
"2015",182,"LUR",2015-11-05,12.6
"2016",182,"LUR",2015-11-05,11.7
"2017",182,"LUR",2015-11-05,10.8
"2015",961,"LUR",2015-11-05,9.4
"2016",961,"LUR",2015-11-05,9.2
"2017",961,"LUR",2015-11-05,8.7
"2015",936,"LUR",2015-11-05,11.6
"2016",936,"LUR",2015-11-05,10.5
"2017",936,"LUR",2015-11-05,9.6
"2015",172,"LUR",2015-11-05,9.6
"2016",172,"LUR",2015-11-05,9.5
"2017",172,"LUR",2015-11-05,9.4
"2015",163,"LUR",2015-11-05,11
"2016",163,"LUR",2015-11-05,10.6
"2017",163,"LUR",2015-11-05,10.3
"2015",918,"LUR",2015-11-05,10.1
"2016",918,"LUR",2015-11-05,9.4
"2017",918,"LUR",2015-11-05,8.8
"2015",935,"LUR",2015-11-05,5.2
"2016",935,"LUR",2015-11-05,5
"2017",935,"LUR",2015-11-05,4.8
"2015",128,"LUR",2015-11-05,6.1
"2016",128,"LUR",2015-11-05,5.8
"2017",128,"LUR",2015-11-05,5.5
"2015",960,"LUR",2015-11-05,16.2
"2016",960,"LUR",2015-11-05,15.6
"2017",960,"LUR",2015-11-05,14.7
"2015",944,"LUR",2015-11-05,7.1
"2016",944,"LUR",2015-11-05,6.7
"2017",944,"LUR",2015-11-05,6.2
"2015",964,"LUR",2015-11-05,7.6
"2016",964,"LUR",2015-11-05,7.2
"2017",964,"LUR",2015-11-05,6.8
"2015",968,"LUR",2015-11-05,6.7
"2016",968,"LUR",2015-11-05,6.6
"2017",968,"LUR",2015-11-05,6.5
"2015",144,"LUR",2015-11-05,7.7
"2016",144,"LUR",2015-11-05,7.7
"2017",144,"LUR",2015-11-05,7.4
"2015",112,"LUR",2015-11-05,5.4
"2016",112,"LUR",2015-11-05,5.4
"2017",112,"LUR",2015-11-05,5.5
"2015",998,"LUR",2015-11-05,9.5
"2016",998,"LUR",2015-11-05,9.2
"2017",998,"LUR",2015-11-05,8.9
"2015",111,"LUR",2015-11-05,5.3
"2016",111,"LUR",2015-11-05,4.8
"2017",111,"LUR",2015-11-05,4.6
"2015",158,"LUR",2015-11-05,3.4
"2016",158,"LUR",2015-11-05,3.3
"2017",158,"LUR",2015-11-05,3.3
"2015",124,"NGDP_RPCH",2015-11-05,1.3
"2016",124,"NGDP_RPCH",2015-11-05,1.3
"2017",124,"NGDP_RPCH",2015-11-05,1.7
"2015",134,"NGDP_RPCH",2015-11-05,1.7
"2016",134,"NGDP_RPCH",2015-11-05,1.9
"2017",134,"NGDP_RPCH",2015-11-05,1.9
"2015",939,"NGDP_RPCH",2015-11-05,1.9
"2016",939,"NGDP_RPCH",2015-11-05,2.6
"2017",939,"NGDP_RPCH",2015-11-05,2.6
"2015",178,"NGDP_RPCH",2015-11-05,6
"2016",178,"NGDP_RPCH",2015-11-05,4.5
"2017",178,"NGDP_RPCH",2015-11-05,3.5
"2015",174,"NGDP_RPCH",2015-11-05,-1.4
"2016",174,"NGDP_RPCH",2015-11-05,-1.3
"2017",174,"NGDP_RPCH",2015-11-05,2.7
"2015",184,"NGDP_RPCH",2015-11-05,3.1
"2016",184,"NGDP_RPCH",2015-11-05,2.7
"2017",184,"NGDP_RPCH",2015-11-05,2.4
"2015",132,"NGDP_RPCH",2015-11-05,1.1
"2016",132,"NGDP_RPCH",2015-11-05,1.4
"2017",132,"NGDP_RPCH",2015-11-05,1.7
"2015",136,"NGDP_RPCH",2015-11-05,0.9
"2016",136,"NGDP_RPCH",2015-11-05,1.5
"2017",136,"NGDP_RPCH",2015-11-05,1.4
"2015",423,"NGDP_RPCH",2015-11-05,1.2
"2016",423,"NGDP_RPCH",2015-11-05,1.4
"2017",423,"NGDP_RPCH",2015-11-05,2
"2015",941,"NGDP_RPCH",2015-11-05,2.4
"2016",941,"NGDP_RPCH",2015-11-05,3
"2017",941,"NGDP_RPCH",2015-11-05,3.3
"2015",946,"NGDP_RPCH",2015-11-05,1.7
"2016",946,"NGDP_RPCH",2015-11-05,2.9
"2017",946,"NGDP_RPCH",2015-11-05,3.4
"2015",137,"NGDP_RPCH",2015-11-05,3.1
"2016",137,"NGDP_RPCH",2015-11-05,3.2
"2017",137,"NGDP_RPCH",2015-11-05,3
"2015",181,"NGDP_RPCH",2015-11-05,4.3
"2016",181,"NGDP_RPCH",2015-11-05,3.6
"2017",181,"NGDP_RPCH",2015-11-05,3.1
"2015",138,"NGDP_RPCH",2015-11-05,2
"2016",138,"NGDP_RPCH",2015-11-05,2.1
"2017",138,"NGDP_RPCH",2015-11-05,2.3
"2015",122,"NGDP_RPCH",2015-11-05,0.6
"2016",122,"NGDP_RPCH",2015-11-05,1.5
"2017",122,"NGDP_RPCH",2015-11-05,1.4
"2015",182,"NGDP_RPCH",2015-11-05,1.7
"2016",182,"NGDP_RPCH",2015-11-05,1.7
"2017",182,"NGDP_RPCH",2015-11-05,1.8
"2015",961,"NGDP_RPCH",2015-11-05,2.6
"2016",961,"NGDP_RPCH",2015-11-05,1.9
"2017",961,"NGDP_RPCH",2015-11-05,2.5
"2015",936,"NGDP_RPCH",2015-11-05,3.2
"2016",936,"NGDP_RPCH",2015-11-05,2.9
"2017",936,"NGDP_RPCH",2015-11-05,3.3
"2015",172,"NGDP_RPCH",2015-11-05,0.3
"2016",172,"NGDP_RPCH",2015-11-05,0.7
"2017",172,"NGDP_RPCH",2015-11-05,1.1
"2015",163,"NGDP_RPCH",2015-11-05,1.6
"2016",163,"NGDP_RPCH",2015-11-05,1.8
"2017",163,"NGDP_RPCH",2015-11-05,1.9
"2015",918,"NGDP_RPCH",2015-11-05,1.7
"2016",918,"NGDP_RPCH",2015-11-05,1.5
"2017",918,"NGDP_RPCH",2015-11-05,2
"2015",935,"NGDP_RPCH",2015-11-05,4.3
"2016",935,"NGDP_RPCH",2015-11-05,2.2
"2017",935,"NGDP_RPCH",2015-11-05,2.7
"2015",128,"NGDP_RPCH",2015-11-05,1.6
"2016",128,"NGDP_RPCH",2015-11-05,2
"2017",128,"NGDP_RPCH",2015-11-05,1.8
"2015",960,"NGDP_RPCH",2015-11-05,1.1
"2016",960,"NGDP_RPCH",2015-11-05,1.4
"2017",960,"NGDP_RPCH",2015-11-05,1.7
"2015",944,"NGDP_RPCH",2015-11-05,2.9
"2016",944,"NGDP_RPCH",2015-11-05,2.2
"2017",944,"NGDP_RPCH",2015-11-05,2.5
"2015",964,"NGDP_RPCH",2015-11-05,3.5
"2016",964,"NGDP_RPCH",2015-11-05,3.5
"2017",964,"NGDP_RPCH",2015-11-05,3.5
"2015",968,"NGDP_RPCH",2015-11-05,3.5
"2016",968,"NGDP_RPCH",2015-11-05,4.1
"2017",968,"NGDP_RPCH",2015-11-05,3.6
"2015",144,"NGDP_RPCH",2015-11-05,3
"2016",144,"NGDP_RPCH",2015-11-05,2.8
"2017",144,"NGDP_RPCH",2015-11-05,2.7
"2015",112,"NGDP_RPCH",2015-11-05,2.5
"2016",112,"NGDP_RPCH",2015-11-05,2.4
"2017",112,"NGDP_RPCH",2015-11-05,2.2
"2015",998,"NGDP_RPCH",2015-11-05,1.9
"2016",998,"NGDP_RPCH",2015-11-05,2
"2017",998,"NGDP_RPCH",2015-11-05,2.1
"2015",111,"NGDP_RPCH",2015-11-05,2.6
"2016",111,"NGDP_RPCH",2015-11-05,2.8
"2017",111,"NGDP_RPCH",2015-11-05,2.7
"2015",158,"NGDP_RPCH",2015-11-05,0.7
"2016",158,"NGDP_RPCH",2015-11-05,1.1
"2017",158,"NGDP_RPCH",2015-11-05,0.5
"2015",124,"PCPIPCH",2015-11-05,0.6
"2016",124,"PCPIPCH",2015-11-05,1.7
"2017",124,"PCPIPCH",2015-11-05,1.5
"2015",134,"PCPIPCH",2015-11-05,0.2
"2016",134,"PCPIPCH",2015-11-05,1
"2017",134,"PCPIPCH",2015-11-05,1.7
"2015",939,"PCPIPCH",2015-11-05,0.1
"2016",939,"PCPIPCH",2015-11-05,1.8
"2017",939,"PCPIPCH",2015-11-05,2.9
"2015",178,"PCPIPCH",2015-11-05,0.3
"2016",178,"PCPIPCH",2015-11-05,1.4
"2017",178,"PCPIPCH",2015-11-05,1.6
"2015",174,"PCPIPCH",2015-11-05,-1
"2016",174,"PCPIPCH",2015-11-05,1
"2017",174,"PCPIPCH",2015-11-05,0.9
"2015",184,"PCPIPCH",2015-11-05,-0.5
"2016",184,"PCPIPCH",2015-11-05,0.7
"2017",184,"PCPIPCH",2015-11-05,1.2
"2015",132,"PCPIPCH",2015-11-05,0.1
"2016",132,"PCPIPCH",2015-11-05,0.9
"2017",132,"PCPIPCH",2015-11-05,1.3
"2015",136,"PCPIPCH",2015-11-05,0.2
"2016",136,"PCPIPCH",2015-11-05,1
"2017",136,"PCPIPCH",2015-11-05,1.9
"2015",423,"PCPIPCH",2015-11-05,-1.6
"2016",423,"PCPIPCH",2015-11-05,0.6
"2017",423,"PCPIPCH",2015-11-05,1.3
"2015",941,"PCPIPCH",2015-11-05,0.2
"2016",941,"PCPIPCH",2015-11-05,1.4
"2017",941,"PCPIPCH",2015-11-05,2.1
"2015",946,"PCPIPCH",2015-11-05,-0.8
"2016",946,"PCPIPCH",2015-11-05,0.6
"2017",946,"PCPIPCH",2015-11-05,2.2
"2015",137,"PCPIPCH",2015-11-05,0.3
"2016",137,"PCPIPCH",2015-11-05,1.7
"2017",137,"PCPIPCH",2015-11-05,1.7
"2015",181,"PCPIPCH",2015-11-05,1.1
"2016",181,"PCPIPCH",2015-11-05,1.8
"2017",181,"PCPIPCH",2015-11-05,2.2
"2015",138,"PCPIPCH",2015-11-05,0.2
"2016",138,"PCPIPCH",2015-11-05,1.2
"2017",138,"PCPIPCH",2015-11-05,1.5
"2015",122,"PCPIPCH",2015-11-05,0.9
"2016",122,"PCPIPCH",2015-11-05,1.8
"2017",122,"PCPIPCH",2015-11-05,2
"2015",182,"PCPIPCH",2015-11-05,0.5
"2016",182,"PCPIPCH",2015-11-05,1.1
"2017",182,"PCPIPCH",2015-11-05,1.3
"2015",961,"PCPIPCH",2015-11-05,-0.6
"2016",961,"PCPIPCH",2015-11-05,0.8
"2017",961,"PCPIPCH",2015-11-05,1.4
"2015",936,"PCPIPCH",2015-11-05,-0.2
"2016",936,"PCPIPCH",2015-11-05,1
"2017",936,"PCPIPCH",2015-11-05,1.6
"2015",172,"PCPIPCH",2015-11-05,-0.2
"2016",172,"PCPIPCH",2015-11-05,0.6
"2017",172,"PCPIPCH",2015-11-05,1.5
"2015",163,"PCPIPCH",2015-11-05,0.1
"2016",163,"PCPIPCH",2015-11-05,1
"2017",163,"PCPIPCH",2015-11-05,1.6
"2015",918,"PCPIPCH",2015-11-05,-0.8
"2016",918,"PCPIPCH",2015-11-05,0.7
"2017",918,"PCPIPCH",2015-11-05,1.1
"2015",935,"PCPIPCH",2015-11-05,0.4
"2016",935,"PCPIPCH",2015-11-05,1
"2017",935,"PCPIPCH",2015-11-05,1.6
"2015",128,"PCPIPCH",2015-11-05,0.4
"2016",128,"PCPIPCH",2015-11-05,1.5
"2017",128,"PCPIPCH",2015-11-05,1.9
"2015",960,"PCPIPCH",2015-11-05,-0.1
"2016",960,"PCPIPCH",2015-11-05,0.9
"2017",960,"PCPIPCH",2015-11-05,1.7
"2015",944,"PCPIPCH",2015-11-05,0.1
"2016",944,"PCPIPCH",2015-11-05,1.9
"2017",944,"PCPIPCH",2015-11-05,2.5
"2015",964,"PCPIPCH",2015-11-05,-0.6
"2016",964,"PCPIPCH",2015-11-05,1.4
"2017",964,"PCPIPCH",2015-11-05,1.9
"2015",968,"PCPIPCH",2015-11-05,-0.4
"2016",968,"PCPIPCH",2015-11-05,-0.3
"2017",968,"PCPIPCH",2015-11-05,2.3
"2015",144,"PCPIPCH",2015-11-05,0.8
"2016",144,"PCPIPCH",2015-11-05,1.5
"2017",144,"PCPIPCH",2015-11-05,1.7
"2015",112,"PCPIPCH",2015-11-05,0.1
"2016",112,"PCPIPCH",2015-11-05,1.5
"2017",112,"PCPIPCH",2015-11-05,1.7
"2015",998,"PCPIPCH",2015-11-05,0
"2016",998,"PCPIPCH",2015-11-05,1.1
"2017",998,"PCPIPCH",2015-11-05,1.6
"2015",111,"PCPIPCH",2015-11-05,0.2
"2016",111,"PCPIPCH",2015-11-05,2.1
"2017",111,"PCPIPCH",2015-11-05,2.3
"2015",158,"PCPIPCH",2015-11-05,0.8
"2016",158,"PCPIPCH",2015-11-05,0.7
"2017",158,"PCPIPCH",2015-11-05,1.8
"2016",124,"LUR",2016-02-04,8
"2017",124,"LUR",2016-02-04,7.4
"2016",134,"LUR",2016-02-04,4.9
"2017",134,"LUR",2016-02-04,5.2
"2016",939,"LUR",2016-02-04,6.3
"2017",939,"LUR",2016-02-04,7.5
"2016",178,"LUR",2016-02-04,8.5
"2017",178,"LUR",2016-02-04,7.8
"2016",174,"LUR",2016-02-04,24
"2017",174,"LUR",2016-02-04,22.8
"2016",184,"LUR",2016-02-04,20.4
"2017",184,"LUR",2016-02-04,18.9
"2016",132,"LUR",2016-02-04,10.5
"2017",132,"LUR",2016-02-04,10.3
"2016",136,"LUR",2016-02-04,11.4
"2017",136,"LUR",2016-02-04,11.3
"2016",423,"LUR",2016-02-04,14.5
"2017",423,"LUR",2016-02-04,13.2
"2016",941,"LUR",2016-02-04,9.2
"2017",941,"LUR",2016-02-04,8.6
"2016",946,"LUR",2016-02-04,8
"2017",946,"LUR",2016-02-04,7.2
"2016",137,"LUR",2016-02-04,6
"2017",137,"LUR",2016-02-04,6
"2016",181,"LUR",2016-02-04,5.4
"2017",181,"LUR",2016-02-04,5.4
"2016",138,"LUR",2016-02-04,6.6
"2017",138,"LUR",2016-02-04,6.4
"2016",122,"LUR",2016-02-04,6.2
"2017",122,"LUR",2016-02-04,6.4
"2016",182,"LUR",2016-02-04,11.7
"2017",182,"LUR",2016-02-04,10.8
"2016",961,"LUR",2016-02-04,8.8
"2017",961,"LUR",2016-02-04,8.4
"2016",936,"LUR",2016-02-04,10.3
"2017",936,"LUR",2016-02-04,9.3
"2016",172,"LUR",2016-02-04,9.4
"2017",172,"LUR",2016-02-04,9.3
"2016",163,"LUR",2016-02-04,10.5
"2017",163,"LUR",2016-02-04,10.2
"2016",918,"LUR",2016-02-04,9.4
"2017",918,"LUR",2016-02-04,8.8
"2016",935,"LUR",2016-02-04,4.8
"2017",935,"LUR",2016-02-04,4.7
"2016",128,"LUR",2016-02-04,5.8
"2017",128,"LUR",2016-02-04,5.6
"2016",960,"LUR",2016-02-04,15.1
"2017",960,"LUR",2016-02-04,13.8
"2016",944,"LUR",2016-02-04,6
"2017",944,"LUR",2016-02-04,5.2
"2016",964,"LUR",2016-02-04,7
"2017",964,"LUR",2016-02-04,6.5
"2016",968,"LUR",2016-02-04,6.6
"2017",968,"LUR",2016-02-04,6.5
"2016",144,"LUR",2016-02-04,6.9
"2017",144,"LUR",2016-02-04,6.7
"2016",112,"LUR",2016-02-04,5
"2017",112,"LUR",2016-02-04,4.9
"2016",998,"LUR",2016-02-04,9
"2017",998,"LUR",2016-02-04,8.7
"2016",111,"LUR",2016-02-04,4.8
"2017",111,"LUR",2016-02-04,4.7
"2016",158,"LUR",2016-02-04,3.3
"2017",158,"LUR",2016-02-04,3.3
"2016",124,"NGDP_RPCH",2016-02-04,1.3
"2017",124,"NGDP_RPCH",2016-02-04,1.7
"2016",134,"NGDP_RPCH",2016-02-04,1.8
"2017",134,"NGDP_RPCH",2016-02-04,1.8
"2016",939,"NGDP_RPCH",2016-02-04,2.1
"2017",939,"NGDP_RPCH",2016-02-04,2.3
"2016",178,"NGDP_RPCH",2016-02-04,4.5
"2017",178,"NGDP_RPCH",2016-02-04,3.5
"2016",174,"NGDP_RPCH",2016-02-04,-0.7
"2017",174,"NGDP_RPCH",2016-02-04,2.7
"2016",184,"NGDP_RPCH",2016-02-04,2.8
"2017",184,"NGDP_RPCH",2016-02-04,2.5
"2016",132,"NGDP_RPCH",2016-02-04,1.3
"2017",132,"NGDP_RPCH",2016-02-04,1.7
"2016",136,"NGDP_RPCH",2016-02-04,1.4
"2017",136,"NGDP_RPCH",2016-02-04,1.3
"2016",423,"NGDP_RPCH",2016-02-04,1.5
"2017",423,"NGDP_RPCH",2016-02-04,2
"2016",941,"NGDP_RPCH",2016-02-04,3.1
"2017",941,"NGDP_RPCH",2016-02-04,3.2
"2016",946,"NGDP_RPCH",2016-02-04,2.9
"2017",946,"NGDP_RPCH",2016-02-04,3.4
"2016",137,"NGDP_RPCH",2016-02-04,3.8
"2017",137,"NGDP_RPCH",2016-02-04,4.4
"2016",181,"NGDP_RPCH",2016-02-04,3.9
"2017",181,"NGDP_RPCH",2016-02-04,3.4
"2016",138,"NGDP_RPCH",2016-02-04,2.1
"2017",138,"NGDP_RPCH",2016-02-04,2.3
"2016",122,"NGDP_RPCH",2016-02-04,1.7
"2017",122,"NGDP_RPCH",2016-02-04,1.6
"2016",182,"NGDP_RPCH",2016-02-04,1.6
"2017",182,"NGDP_RPCH",2016-02-04,1.8
"2016",961,"NGDP_RPCH",2016-02-04,1.8
"2017",961,"NGDP_RPCH",2016-02-04,2.3
"2016",936,"NGDP_RPCH",2016-02-04,3.2
"2017",936,"NGDP_RPCH",2016-02-04,3.4
"2016",172,"NGDP_RPCH",2016-02-04,0.5
"2017",172,"NGDP_RPCH",2016-02-04,0.9
"2016",163,"NGDP_RPCH",2016-02-04,1.7
"2017",163,"NGDP_RPCH",2016-02-04,1.9
"2016",918,"NGDP_RPCH",2016-02-04,1.5
"2017",918,"NGDP_RPCH",2016-02-04,2
"2016",935,"NGDP_RPCH",2016-02-04,2.3
"2017",935,"NGDP_RPCH",2016-02-04,2.7
"2016",128,"NGDP_RPCH",2016-02-04,1.7
"2017",128,"NGDP_RPCH",2016-02-04,1.9
"2016",960,"NGDP_RPCH",2016-02-04,2.1
"2017",960,"NGDP_RPCH",2016-02-04,2.1
"2016",944,"NGDP_RPCH",2016-02-04,2.1
"2017",944,"NGDP_RPCH",2016-02-04,2.5
"2016",964,"NGDP_RPCH",2016-02-04,3.5
"2017",964,"NGDP_RPCH",2016-02-04,3.5
"2016",968,"NGDP_RPCH",2016-02-04,4.2
"2017",968,"NGDP_RPCH",2016-02-04,3.7
"2016",144,"NGDP_RPCH",2016-02-04,3.2
"2017",144,"NGDP_RPCH",2016-02-04,2.9
"2016",112,"NGDP_RPCH",2016-02-04,2.1
"2017",112,"NGDP_RPCH",2016-02-04,2.1
"2016",998,"NGDP_RPCH",2016-02-04,1.9
"2017",998,"NGDP_RPCH",2016-02-04,2
"2016",111,"NGDP_RPCH",2016-02-04,2.7
"2017",111,"NGDP_RPCH",2016-02-04,2.6
"2016",158,"NGDP_RPCH",2016-02-04,1.1
"2017",158,"NGDP_RPCH",2016-02-04,0.5
"2016",124,"PCPIPCH",2016-02-04,1.4
"2017",124,"PCPIPCH",2016-02-04,1.7
"2016",134,"PCPIPCH",2016-02-04,0.5
"2017",134,"PCPIPCH",2016-02-04,1.5
"2016",939,"PCPIPCH",2016-02-04,1
"2017",939,"PCPIPCH",2016-02-04,2.5
"2016",178,"PCPIPCH",2016-02-04,0.6
"2017",178,"PCPIPCH",2016-02-04,1.4
"2016",174,"PCPIPCH",2016-02-04,0.5
"2017",174,"PCPIPCH",2016-02-04,0.8
"2016",184,"PCPIPCH",2016-02-04,0.1
"2017",184,"PCPIPCH",2016-02-04,1.5
"2016",132,"PCPIPCH",2016-02-04,0.6
"2017",132,"PCPIPCH",2016-02-04,1.3
"2016",136,"PCPIPCH",2016-02-04,0.3
"2017",136,"PCPIPCH",2016-02-04,1.8
"2016",423,"PCPIPCH",2016-02-04,0.2
"2017",423,"PCPIPCH",2016-02-04,1.3
"2016",941,"PCPIPCH",2016-02-04,0.4
"2017",941,"PCPIPCH",2016-02-04,2
"2016",946,"PCPIPCH",2016-02-04,-0.1
"2017",946,"PCPIPCH",2016-02-04,2.1
"2016",137,"PCPIPCH",2016-02-04,0.4
"2017",137,"PCPIPCH",2016-02-04,2.4
"2016",181,"PCPIPCH",2016-02-04,1.7
"2017",181,"PCPIPCH",2016-02-04,2.1
"2016",138,"PCPIPCH",2016-02-04,0.9
"2017",138,"PCPIPCH",2016-02-04,1.5
"2016",122,"PCPIPCH",2016-02-04,0.9
"2017",122,"PCPIPCH",2016-02-04,1.8
"2016",182,"PCPIPCH",2016-02-04,0.7
"2017",182,"PCPIPCH",2016-02-04,1.1
"2016",961,"PCPIPCH",2016-02-04,-0.3
"2017",961,"PCPIPCH",2016-02-04,1.1
"2016",936,"PCPIPCH",2016-02-04,0.3
"2017",936,"PCPIPCH",2016-02-04,1.7
"2016",172,"PCPIPCH",2016-02-04,0.1
"2017",172,"PCPIPCH",2016-02-04,1.5
"2016",163,"PCPIPCH",2016-02-04,0.5
"2017",163,"PCPIPCH",2016-02-04,1.5
"2016",918,"PCPIPCH",2016-02-04,-0.1
"2017",918,"PCPIPCH",2016-02-04,0.9
"2016",935,"PCPIPCH",2016-02-04,0.4
"2017",935,"PCPIPCH",2016-02-04,1.4
"2016",128,"PCPIPCH",2016-02-04,0.9
"2017",128,"PCPIPCH",2016-02-04,1.7
"2016",960,"PCPIPCH",2016-02-04,0.3
"2017",960,"PCPIPCH",2016-02-04,1.6
"2016",944,"PCPIPCH",2016-02-04,1.7
"2017",944,"PCPIPCH",2016-02-04,2.5
"2016",964,"PCPIPCH",2016-02-04,0.6
"2017",964,"PCPIPCH",2016-02-04,1.7
"2016",968,"PCPIPCH",2016-02-04,-0.2
"2017",968,"PCPIPCH",2016-02-04,2.5
"2016",144,"PCPIPCH",2016-02-04,1.1
"2017",144,"PCPIPCH",2016-02-04,1.4
"2016",112,"PCPIPCH",2016-02-04,0.8
"2017",112,"PCPIPCH",2016-02-04,1.6
"2016",998,"PCPIPCH",2016-02-04,0.5
"2017",998,"PCPIPCH",2016-02-04,1.6
"2016",111,"PCPIPCH",2016-02-04,1.2
"2017",111,"PCPIPCH",2016-02-04,2.2
"2016",158,"PCPIPCH",2016-02-04,0.8
"2017",158,"PCPIPCH",2016-02-04,1.8
"2016",124,"LUR",2016-05-03,8.2
"2017",124,"LUR",2016-05-03,7.7
"2016",134,"LUR",2016-05-03,4.6
"2017",134,"LUR",2016-05-03,4.7
"2016",939,"LUR",2016-05-03,6.5
"2017",939,"LUR",2016-05-03,7.7
"2016",178,"LUR",2016-05-03,8.2
"2017",178,"LUR",2016-05-03,7.5
"2016",174,"LUR",2016-05-03,24.7
"2017",174,"LUR",2016-05-03,23.6
"2016",184,"LUR",2016-05-03,20
"2017",184,"LUR",2016-05-03,18.1
"2016",132,"LUR",2016-05-03,10.2
"2017",132,"LUR",2016-05-03,10.1
"2016",136,"LUR",2016-05-03,11.4
"2017",136,"LUR",2016-05-03,11.2
"2016",423,"LUR",2016-05-03,13.4
"2017",423,"LUR",2016-05-03,12.4
"2016",941,"LUR",2016-05-03,9.6
"2017",941,"LUR",2016-05-03,9.3
"2016",946,"LUR",2016-05-03,7.8
"2017",946,"LUR",2016-05-03,6.4
"2016",137,"LUR",2016-05-03,6.2
"2017",137,"LUR",2016-05-03,6.2
"2016",181,"LUR",2016-05-03,5.1
"2017",181,"LUR",2016-05-03,5.1
"2016",138,"LUR",2016-05-03,6.4
"2017",138,"LUR",2016-05-03,6.1
"2016",122,"LUR",2016-05-03,5.9
"2017",122,"LUR",2016-05-03,6.1
"2016",182,"LUR",2016-05-03,11.6
"2017",182,"LUR",2016-05-03,10.7
"2016",961,"LUR",2016-05-03,8.6
"2017",961,"LUR",2016-05-03,8.1
"2016",936,"LUR",2016-05-03,10.5
"2017",936,"LUR",2016-05-03,9.5
"2016",172,"LUR",2016-05-03,9.4
"2017",172,"LUR",2016-05-03,9.3
"2016",163,"LUR",2016-05-03,10.3
"2017",163,"LUR",2016-05-03,9.9
"2016",918,"LUR",2016-05-03,8.6
"2017",918,"LUR",2016-05-03,8
"2016",935,"LUR",2016-05-03,4.5
"2017",935,"LUR",2016-05-03,4.4
"2016",128,"LUR",2016-05-03,6
"2017",128,"LUR",2016-05-03,5.7
"2016",960,"LUR",2016-05-03,15.5
"2017",960,"LUR",2016-05-03,14.7
"2016",944,"LUR",2016-05-03,6.4
"2017",944,"LUR",2016-05-03,6.1
"2016",964,"LUR",2016-05-03,6.8
"2017",964,"LUR",2016-05-03,6.3
"2016",968,"LUR",2016-05-03,6.8
"2017",968,"LUR",2016-05-03,6.7
"2016",144,"LUR",2016-05-03,6.8
"2017",144,"LUR",2016-05-03,6.3
"2016",112,"LUR",2016-05-03,5
"2017",112,"LUR",2016-05-03,4.9
"2016",998,"LUR",2016-05-03,8.9
"2017",998,"LUR",2016-05-03,8.5
"2016",111,"LUR",2016-05-03,4.8
"2017",111,"LUR",2016-05-03,4.5
"2016",158,"LUR",2016-05-03,3.4
"2017",158,"LUR",2016-05-03,3.3
"2016",124,"NGDP_RPCH",2016-05-03,1.2
"2017",124,"NGDP_RPCH",2016-05-03,1.6
"2016",134,"NGDP_RPCH",2016-05-03,1.6
"2017",134,"NGDP_RPCH",2016-05-03,1.6
"2016",939,"NGDP_RPCH",2016-05-03,1.9
"2017",939,"NGDP_RPCH",2016-05-03,2.4
"2016",178,"NGDP_RPCH",2016-05-03,4.9
"2017",178,"NGDP_RPCH",2016-05-03,3.7
"2016",174,"NGDP_RPCH",2016-05-03,-0.3
"2017",174,"NGDP_RPCH",2016-05-03,2.7
"2016",184,"NGDP_RPCH",2016-05-03,2.6
"2017",184,"NGDP_RPCH",2016-05-03,2.5
"2016",132,"NGDP_RPCH",2016-05-03,1.3
"2017",132,"NGDP_RPCH",2016-05-03,1.7
"2016",136,"NGDP_RPCH",2016-05-03,1.1
"2017",136,"NGDP_RPCH",2016-05-03,1.3
"2016",423,"NGDP_RPCH",2016-05-03,1.7
"2017",423,"NGDP_RPCH",2016-05-03,2
"2016",941,"NGDP_RPCH",2016-05-03,2.8
"2017",941,"NGDP_RPCH",2016-05-03,3.1
"2016",946,"NGDP_RPCH",2016-05-03,2.8
"2017",946,"NGDP_RPCH",2016-05-03,3.1
"2016",137,"NGDP_RPCH",2016-05-03,3.3
"2017",137,"NGDP_RPCH",2016-05-03,3.9
"2016",181,"NGDP_RPCH",2016-05-03,4.1
"2017",181,"NGDP_RPCH",2016-05-03,3.5
"2016",138,"NGDP_RPCH",2016-05-03,1.7
"2017",138,"NGDP_RPCH",2016-05-03,2
"2016",122,"NGDP_RPCH",2016-05-03,1.5
"2017",122,"NGDP_RPCH",2016-05-03,1.6
"2016",182,"NGDP_RPCH",2016-05-03,1.5
"2017",182,"NGDP_RPCH",2016-05-03,1.7
"2016",961,"NGDP_RPCH",2016-05-03,1.7
"2017",961,"NGDP_RPCH",2016-05-03,2.3
"2016",936,"NGDP_RPCH",2016-05-03,3.2
"2017",936,"NGDP_RPCH",2016-05-03,3.3
"2016",172,"NGDP_RPCH",2016-05-03,0.7
"2017",172,"NGDP_RPCH",2016-05-03,0.7
"2016",163,"NGDP_RPCH",2016-05-03,1.6
"2017",163,"NGDP_RPCH",2016-05-03,1.8
"2016",918,"NGDP_RPCH",2016-05-03,2
"2017",918,"NGDP_RPCH",2016-05-03,2.4
"2016",935,"NGDP_RPCH",2016-05-03,2.1
"2017",935,"NGDP_RPCH",2016-05-03,2.6
"2016",128,"NGDP_RPCH",2016-05-03,1.2
"2017",128,"NGDP_RPCH",2016-05-03,1.9
"2016",960,"NGDP_RPCH",2016-05-03,1.8
"2017",960,"NGDP_RPCH",2016-05-03,2.1
"2016",944,"NGDP_RPCH",2016-05-03,2.5
"2017",944,"NGDP_RPCH",2016-05-03,2.8
"2016",964,"NGDP_RPCH",2016-05-03,3.7
"2017",964,"NGDP_RPCH",2016-05-03,3.6
"2016",968,"NGDP_RPCH",2016-05-03,4.2
"2017",968,"NGDP_RPCH",2016-05-03,3.7
"2016",144,"NGDP_RPCH",2016-05-03,3.4
"2017",144,"NGDP_RPCH",2016-05-03,2.9
"2016",112,"NGDP_RPCH",2016-05-03,1.8
"2017",112,"NGDP_RPCH",2016-05-03,1.9
"2016",998,"NGDP_RPCH",2016-05-03,1.8
"2017",998,"NGDP_RPCH",2016-05-03,1.9
"2016",111,"NGDP_RPCH",2016-05-03,2.3
"2017",111,"NGDP_RPCH",2016-05-03,2.2
"2016",158,"NGDP_RPCH",2016-05-03,0.8
"2017",158,"NGDP_RPCH",2016-05-03,0.4
"2016",124,"PCPIPCH",2016-05-03,1.7
"2017",124,"PCPIPCH",2016-05-03,1.6
"2016",134,"PCPIPCH",2016-05-03,0.3
"2017",134,"PCPIPCH",2016-05-03,1.5
"2016",939,"PCPIPCH",2016-05-03,0.8
"2017",939,"PCPIPCH",2016-05-03,2.9
"2016",178,"PCPIPCH",2016-05-03,0.3
"2017",178,"PCPIPCH",2016-05-03,1.3
"2016",174,"PCPIPCH",2016-05-03,-0.3
"2017",174,"PCPIPCH",2016-05-03,0.6
"2016",184,"PCPIPCH",2016-05-03,-0.1
"2017",184,"PCPIPCH",2016-05-03,1.4
"2016",132,"PCPIPCH",2016-05-03,0.1
"2017",132,"PCPIPCH",2016-05-03,1
"2016",136,"PCPIPCH",2016-05-03,0.2
"2017",136,"PCPIPCH",2016-05-03,1.4
"2016",423,"PCPIPCH",2016-05-03,-0.7
"2017",423,"PCPIPCH",2016-05-03,1
"2016",941,"PCPIPCH",2016-05-03,0.2
"2017",941,"PCPIPCH",2016-05-03,2
"2016",946,"PCPIPCH",2016-05-03,0.6
"2017",946,"PCPIPCH",2016-05-03,1.8
"2016",137,"PCPIPCH",2016-05-03,-0.1
"2017",137,"PCPIPCH",2016-05-03,1.8
"2016",181,"PCPIPCH",2016-05-03,1.4
"2017",181,"PCPIPCH",2016-05-03,2.2
"2016",138,"PCPIPCH",2016-05-03,0.4
"2017",138,"PCPIPCH",2016-05-03,1.3
"2016",122,"PCPIPCH",2016-05-03,0.9
"2017",122,"PCPIPCH",2016-05-03,1.7
"2016",182,"PCPIPCH",2016-05-03,0.7
"2017",182,"PCPIPCH",2016-05-03,1.2
"2016",961,"PCPIPCH",2016-05-03,-0.2
"2017",961,"PCPIPCH",2016-05-03,1.6
"2016",936,"PCPIPCH",2016-05-03,-0.1
"2017",936,"PCPIPCH",2016-05-03,1.5
"2016",172,"PCPIPCH",2016-05-03,0
"2017",172,"PCPIPCH",2016-05-03,1.3
"2016",163,"PCPIPCH",2016-05-03,0.2
"2017",163,"PCPIPCH",2016-05-03,1.4
"2016",918,"PCPIPCH",2016-05-03,-0.7
"2017",918,"PCPIPCH",2016-05-03,0.9
"2016",935,"PCPIPCH",2016-05-03,0.5
"2017",935,"PCPIPCH",2016-05-03,1.4
"2016",128,"PCPIPCH",2016-05-03,0.3
"2017",128,"PCPIPCH",2016-05-03,1.5
"2016",960,"PCPIPCH",2016-05-03,-0.6
"2017",960,"PCPIPCH",2016-05-03,0.7
"2016",944,"PCPIPCH",2016-05-03,0.4
"2017",944,"PCPIPCH",2016-05-03,2.3
"2016",964,"PCPIPCH",2016-05-03,0
"2017",964,"PCPIPCH",2016-05-03,1.6
"2016",968,"PCPIPCH",2016-05-03,-0.6
"2017",968,"PCPIPCH",2016-05-03,2.5
"2016",144,"PCPIPCH",2016-05-03,0.9
"2017",144,"PCPIPCH",2016-05-03,1.2
"2016",112,"PCPIPCH",2016-05-03,0.8
"2017",112,"PCPIPCH",2016-05-03,1.6
"2016",998,"PCPIPCH",2016-05-03,0.3
"2017",998,"PCPIPCH",2016-05-03,1.5
"2016",111,"PCPIPCH",2016-05-03,1.2
"2017",111,"PCPIPCH",2016-05-03,2.2
"2016",158,"PCPIPCH",2016-05-03,0
"2017",158,"PCPIPCH",2016-05-03,1.5
"2016",124,"LUR",2016-11-09,8
"2017",124,"LUR",2016-11-09,7.8
"2018",124,"LUR",2016-11-09,7.6
"2016",134,"LUR",2016-11-09,4.4
"2017",134,"LUR",2016-11-09,4.3
"2018",134,"LUR",2016-11-09,4.2
"2016",939,"LUR",2016-11-09,6.5
"2017",939,"LUR",2016-11-09,7.4
"2018",939,"LUR",2016-11-09,8.3
"2016",178,"LUR",2016-11-09,8.3
"2017",178,"LUR",2016-11-09,7.8
"2018",178,"LUR",2016-11-09,7.6
"2016",174,"LUR",2016-11-09,23.5
"2017",174,"LUR",2016-11-09,22.2
"2018",174,"LUR",2016-11-09,20.3
"2016",184,"LUR",2016-11-09,19.7
"2017",184,"LUR",2016-11-09,18
"2018",184,"LUR",2016-11-09,16.5
"2016",132,"LUR",2016-11-09,10
"2017",132,"LUR",2016-11-09,9.9
"2018",132,"LUR",2016-11-09,9.6
"2016",136,"LUR",2016-11-09,11.5
"2017",136,"LUR",2016-11-09,11.4
"2018",136,"LUR",2016-11-09,11.3
"2016",423,"LUR",2016-11-09,12.5
"2017",423,"LUR",2016-11-09,11.1
"2018",423,"LUR",2016-11-09,10
"2016",941,"LUR",2016-11-09,9.6
"2017",941,"LUR",2016-11-09,9.2
"2018",941,"LUR",2016-11-09,8.8
"2016",946,"LUR",2016-11-09,7.6
"2017",946,"LUR",2016-11-09,7.4
"2018",946,"LUR",2016-11-09,7
"2016",137,"LUR",2016-11-09,6.2
"2017",137,"LUR",2016-11-09,6.1
"2018",137,"LUR",2016-11-09,6.2
"2016",181,"LUR",2016-11-09,5
"2017",181,"LUR",2016-11-09,5.2
"2018",181,"LUR",2016-11-09,5.2
"2016",138,"LUR",2016-11-09,6.1
"2017",138,"LUR",2016-11-09,5.8
"2018",138,"LUR",2016-11-09,5.4
"2016",122,"LUR",2016-11-09,5.9
"2017",122,"LUR",2016-11-09,6.1
"2018",122,"LUR",2016-11-09,6.1
"2016",182,"LUR",2016-11-09,11.1
"2017",182,"LUR",2016-11-09,10
"2018",182,"LUR",2016-11-09,9.5
"2016",961,"LUR",2016-11-09,8.4
"2017",961,"LUR",2016-11-09,7.7
"2018",961,"LUR",2016-11-09,7.2
"2016",936,"LUR",2016-11-09,9.7
"2017",936,"LUR",2016-11-09,8.7
"2018",936,"LUR",2016-11-09,7.5
"2016",172,"LUR",2016-11-09,9
"2017",172,"LUR",2016-11-09,8.8
"2018",172,"LUR",2016-11-09,8.7
"2016",163,"LUR",2016-11-09,10.1
"2017",163,"LUR",2016-11-09,9.7
"2018",163,"LUR",2016-11-09,9.2
"2016",918,"LUR",2016-11-09,8.1
"2017",918,"LUR",2016-11-09,7.1
"2018",918,"LUR",2016-11-09,6.3
"2016",935,"LUR",2016-11-09,4.2
"2017",935,"LUR",2016-11-09,4.1
"2018",935,"LUR",2016-11-09,4
"2016",128,"LUR",2016-11-09,6.1
"2017",128,"LUR",2016-11-09,5.9
"2018",128,"LUR",2016-11-09,5.6
"2016",960,"LUR",2016-11-09,13.4
"2017",960,"LUR",2016-11-09,11.7
"2018",960,"LUR",2016-11-09,10.3
"2016",944,"LUR",2016-11-09,5.1
"2017",944,"LUR",2016-11-09,4.7
"2018",944,"LUR",2016-11-09,4.1
"2016",964,"LUR",2016-11-09,6.2
"2017",964,"LUR",2016-11-09,5.6
"2018",964,"LUR",2016-11-09,4.7
"2016",968,"LUR",2016-11-09,6.5
"2017",968,"LUR",2016-11-09,6.4
"2018",968,"LUR",2016-11-09,6.3
"2016",144,"LUR",2016-11-09,6.8
"2017",144,"LUR",2016-11-09,6.4
"2018",144,"LUR",2016-11-09,6.4
"2016",112,"LUR",2016-11-09,4.9
"2017",112,"LUR",2016-11-09,5.2
"2018",112,"LUR",2016-11-09,5.6
"2016",998,"LUR",2016-11-09,8.6
"2017",998,"LUR",2016-11-09,8.3
"2018",998,"LUR",2016-11-09,7.9
"2016",111,"LUR",2016-11-09,4.9
"2017",111,"LUR",2016-11-09,4.7
"2018",111,"LUR",2016-11-09,4.7
"2016",158,"LUR",2016-11-09,3.2
"2017",158,"LUR",2016-11-09,3.2
"2018",158,"LUR",2016-11-09,3.2
"2016",124,"NGDP_RPCH",2016-11-09,1.2
"2017",124,"NGDP_RPCH",2016-11-09,1.3
"2018",124,"NGDP_RPCH",2016-11-09,1.5
"2016",134,"NGDP_RPCH",2016-11-09,1.9
"2017",134,"NGDP_RPCH",2016-11-09,1.5
"2018",134,"NGDP_RPCH",2016-11-09,1.7
"2016",939,"NGDP_RPCH",2016-11-09,1.1
"2017",939,"NGDP_RPCH",2016-11-09,2.3
"2018",939,"NGDP_RPCH",2016-11-09,2.6
"2016",178,"NGDP_RPCH",2016-11-09,4.1
"2017",178,"NGDP_RPCH",2016-11-09,3.6
"2018",178,"NGDP_RPCH",2016-11-09,3.5
"2016",174,"NGDP_RPCH",2016-11-09,-0.3
"2017",174,"NGDP_RPCH",2016-11-09,2.7
"2018",174,"NGDP_RPCH",2016-11-09,3.1
"2016",184,"NGDP_RPCH",2016-11-09,3.2
"2017",184,"NGDP_RPCH",2016-11-09,2.3
"2018",184,"NGDP_RPCH",2016-11-09,2.1
"2016",132,"NGDP_RPCH",2016-11-09,1.3
"2017",132,"NGDP_RPCH",2016-11-09,1.4
"2018",132,"NGDP_RPCH",2016-11-09,1.7
"2016",136,"NGDP_RPCH",2016-11-09,0.7
"2017",136,"NGDP_RPCH",2016-11-09,0.9
"2018",136,"NGDP_RPCH",2016-11-09,1
"2016",423,"NGDP_RPCH",2016-11-09,2.8
"2017",423,"NGDP_RPCH",2016-11-09,2.5
"2018",423,"NGDP_RPCH",2016-11-09,2.3
"2016",941,"NGDP_RPCH",2016-11-09,1.9
"2017",941,"NGDP_RPCH",2016-11-09,2.8
"2018",941,"NGDP_RPCH",2016-11-09,3
"2016",946,"NGDP_RPCH",2016-11-09,2
"2017",946,"NGDP_RPCH",2016-11-09,2.7
"2018",946,"NGDP_RPCH",2016-11-09,2.8
"2016",137,"NGDP_RPCH",2016-11-09,3.6
"2017",137,"NGDP_RPCH",2016-11-09,3.8
"2018",137,"NGDP_RPCH",2016-11-09,3.6
"2016",181,"NGDP_RPCH",2016-11-09,4.1
"2017",181,"NGDP_RPCH",2016-11-09,3.7
"2018",181,"NGDP_RPCH",2016-11-09,3.7
"2016",138,"NGDP_RPCH",2016-11-09,1.7
"2017",138,"NGDP_RPCH",2016-11-09,1.7
"2018",138,"NGDP_RPCH",2016-11-09,1.8
"2016",122,"NGDP_RPCH",2016-11-09,1.5
"2017",122,"NGDP_RPCH",2016-11-09,1.6
"2018",122,"NGDP_RPCH",2016-11-09,1.6
"2016",182,"NGDP_RPCH",2016-11-09,0.9
"2017",182,"NGDP_RPCH",2016-11-09,1.2
"2018",182,"NGDP_RPCH",2016-11-09,1.4
"2016",961,"NGDP_RPCH",2016-11-09,2.2
"2017",961,"NGDP_RPCH",2016-11-09,2.6
"2018",961,"NGDP_RPCH",2016-11-09,2.2
"2016",936,"NGDP_RPCH",2016-11-09,3.4
"2017",936,"NGDP_RPCH",2016-11-09,3.2
"2018",936,"NGDP_RPCH",2016-11-09,3.8
"2016",172,"NGDP_RPCH",2016-11-09,0.8
"2017",172,"NGDP_RPCH",2016-11-09,0.8
"2018",172,"NGDP_RPCH",2016-11-09,1.1
"2016",163,"NGDP_RPCH",2016-11-09,1.7
"2017",163,"NGDP_RPCH",2016-11-09,1.5
"2018",163,"NGDP_RPCH",2016-11-09,1.7
"2016",918,"NGDP_RPCH",2016-11-09,3.1
"2017",918,"NGDP_RPCH",2016-11-09,2.9
"2018",918,"NGDP_RPCH",2016-11-09,2.8
"2016",935,"NGDP_RPCH",2016-11-09,2.2
"2017",935,"NGDP_RPCH",2016-11-09,2.6
"2018",935,"NGDP_RPCH",2016-11-09,2.7
"2016",128,"NGDP_RPCH",2016-11-09,1
"2017",128,"NGDP_RPCH",2016-11-09,1.7
"2018",128,"NGDP_RPCH",2016-11-09,1.8
"2016",960,"NGDP_RPCH",2016-11-09,2.6
"2017",960,"NGDP_RPCH",2016-11-09,2.5
"2018",960,"NGDP_RPCH",2016-11-09,2.3
"2016",944,"NGDP_RPCH",2016-11-09,2.1
"2017",944,"NGDP_RPCH",2016-11-09,2.6
"2018",944,"NGDP_RPCH",2016-11-09,2.8
"2016",964,"NGDP_RPCH",2016-11-09,3.1
"2017",964,"NGDP_RPCH",2016-11-09,3.4
"2018",964,"NGDP_RPCH",2016-11-09,3.2
"2016",968,"NGDP_RPCH",2016-11-09,5.2
"2017",968,"NGDP_RPCH",2016-11-09,3.9
"2018",968,"NGDP_RPCH",2016-11-09,3.6
"2016",144,"NGDP_RPCH",2016-11-09,3.4
"2017",144,"NGDP_RPCH",2016-11-09,2.4
"2018",144,"NGDP_RPCH",2016-11-09,2.1
"2016",112,"NGDP_RPCH",2016-11-09,1.9
"2017",112,"NGDP_RPCH",2016-11-09,1
"2018",112,"NGDP_RPCH",2016-11-09,1.2
"2016",998,"NGDP_RPCH",2016-11-09,1.8
"2017",998,"NGDP_RPCH",2016-11-09,1.6
"2018",998,"NGDP_RPCH",2016-11-09,1.8
"2016",111,"NGDP_RPCH",2016-11-09,1.6
"2017",111,"NGDP_RPCH",2016-11-09,2.1
"2018",111,"NGDP_RPCH",2016-11-09,1.9
"2016",158,"NGDP_RPCH",2016-11-09,0.7
"2017",158,"NGDP_RPCH",2016-11-09,0.8
"2018",158,"NGDP_RPCH",2016-11-09,0.4
"2016",124,"PCPIPCH",2016-11-09,1.7
"2017",124,"PCPIPCH",2016-11-09,1.7
"2018",124,"PCPIPCH",2016-11-09,1.8
"2016",134,"PCPIPCH",2016-11-09,0.4
"2017",134,"PCPIPCH",2016-11-09,1.5
"2018",134,"PCPIPCH",2016-11-09,1.5
"2016",939,"PCPIPCH",2016-11-09,0.8
"2017",939,"PCPIPCH",2016-11-09,2.6
"2018",939,"PCPIPCH",2016-11-09,2.7
"2016",178,"PCPIPCH",2016-11-09,-0.2
"2017",178,"PCPIPCH",2016-11-09,1.2
"2018",178,"PCPIPCH",2016-11-09,1.4
"2016",174,"PCPIPCH",2016-11-09,0.1
"2017",174,"PCPIPCH",2016-11-09,1.1
"2018",174,"PCPIPCH",2016-11-09,1
"2016",184,"PCPIPCH",2016-11-09,-0.4
"2017",184,"PCPIPCH",2016-11-09,1.6
"2018",184,"PCPIPCH",2016-11-09,1.5
"2016",132,"PCPIPCH",2016-11-09,0.3
"2017",132,"PCPIPCH",2016-11-09,1.3
"2018",132,"PCPIPCH",2016-11-09,1.4
"2016",136,"PCPIPCH",2016-11-09,0
"2017",136,"PCPIPCH",2016-11-09,1.2
"2018",136,"PCPIPCH",2016-11-09,1.4
"2016",423,"PCPIPCH",2016-11-09,-1.1
"2017",423,"PCPIPCH",2016-11-09,0.7
"2018",423,"PCPIPCH",2016-11-09,1.3
"2016",941,"PCPIPCH",2016-11-09,-0.1
"2017",941,"PCPIPCH",2016-11-09,1.8
"2018",941,"PCPIPCH",2016-11-09,2
"2016",946,"PCPIPCH",2016-11-09,0.7
"2017",946,"PCPIPCH",2016-11-09,1.7
"2018",946,"PCPIPCH",2016-11-09,2.1
"2016",137,"PCPIPCH",2016-11-09,0
"2017",137,"PCPIPCH",2016-11-09,1.6
"2018",137,"PCPIPCH",2016-11-09,1.9
"2016",181,"PCPIPCH",2016-11-09,1
"2017",181,"PCPIPCH",2016-11-09,1.6
"2018",181,"PCPIPCH",2016-11-09,1.8
"2016",138,"PCPIPCH",2016-11-09,0.1
"2017",138,"PCPIPCH",2016-11-09,1
"2018",138,"PCPIPCH",2016-11-09,1.1
"2016",122,"PCPIPCH",2016-11-09,1
"2017",122,"PCPIPCH",2016-11-09,1.8
"2018",122,"PCPIPCH",2016-11-09,1.6
"2016",182,"PCPIPCH",2016-11-09,0.7
"2017",182,"PCPIPCH",2016-11-09,1.2
"2018",182,"PCPIPCH",2016-11-09,1.4
"2016",961,"PCPIPCH",2016-11-09,0.1
"2017",961,"PCPIPCH",2016-11-09,1.5
"2018",961,"PCPIPCH",2016-11-09,1.9
"2016",936,"PCPIPCH",2016-11-09,-0.5
"2017",936,"PCPIPCH",2016-11-09,0.8
"2018",936,"PCPIPCH",2016-11-09,1.4
"2016",172,"PCPIPCH",2016-11-09,0.3
"2017",172,"PCPIPCH",2016-11-09,1.1
"2018",172,"PCPIPCH",2016-11-09,1.2
"2016",163,"PCPIPCH",2016-11-09,0.3
"2017",163,"PCPIPCH",2016-11-09,1.4
"2018",163,"PCPIPCH",2016-11-09,1.4
"2016",918,"PCPIPCH",2016-11-09,-0.9
"2017",918,"PCPIPCH",2016-11-09,1
"2018",918,"PCPIPCH",2016-11-09,1.2
"2016",935,"PCPIPCH",2016-11-09,0.5
"2017",935,"PCPIPCH",2016-11-09,1.2
"2018",935,"PCPIPCH",2016-11-09,1.6
"2016",128,"PCPIPCH",2016-11-09,0
"2017",128,"PCPIPCH",2016-11-09,1.2
"2018",128,"PCPIPCH",2016-11-09,1.6
"2016",960,"PCPIPCH",2016-11-09,-0.9
"2017",960,"PCPIPCH",2016-11-09,0.8
"2018",960,"PCPIPCH",2016-11-09,1.5
"2016",944,"PCPIPCH",2016-11-09,0.4
"2017",944,"PCPIPCH",2016-11-09,2.3
"2018",944,"PCPIPCH",2016-11-09,2.7
"2016",964,"PCPIPCH",2016-11-09,-0.2
"2017",964,"PCPIPCH",2016-11-09,1.3
"2018",964,"PCPIPCH",2016-11-09,1.8
"2016",968,"PCPIPCH",2016-11-09,-1
"2017",968,"PCPIPCH",2016-11-09,1.8
"2018",968,"PCPIPCH",2016-11-09,2.9
"2016",144,"PCPIPCH",2016-11-09,1.1
"2017",144,"PCPIPCH",2016-11-09,1.6
"2018",144,"PCPIPCH",2016-11-09,2
"2016",112,"PCPIPCH",2016-11-09,0.7
"2017",112,"PCPIPCH",2016-11-09,2.5
"2018",112,"PCPIPCH",2016-11-09,2.6
"2016",998,"PCPIPCH",2016-11-09,0.3
"2017",998,"PCPIPCH",2016-11-09,1.6
"2018",998,"PCPIPCH",2016-11-09,1.7
"2016",111,"PCPIPCH",2016-11-09,1.2
"2017",111,"PCPIPCH",2016-11-09,2
"2018",111,"PCPIPCH",2016-11-09,2.1
"2016",158,"PCPIPCH",2016-11-09,-0.3
"2017",158,"PCPIPCH",2016-11-09,0
"2018",158,"PCPIPCH",2016-11-09,0.1
"2017",124,"LUR",2017-02-13,7.8
"2018",124,"LUR",2017-02-13,7.6
"2017",134,"LUR",2017-02-13,4.1
"2018",134,"LUR",2017-02-13,4.1
"2017",939,"LUR",2017-02-13,7.9
"2018",939,"LUR",2017-02-13,8.7
"2017",178,"LUR",2017-02-13,7
"2018",178,"LUR",2017-02-13,6.7
"2017",174,"LUR",2017-02-13,22
"2018",174,"LUR",2017-02-13,20.3
"2017",184,"LUR",2017-02-13,17.7
"2018",184,"LUR",2017-02-13,16
"2017",132,"LUR",2017-02-13,9.9
"2018",132,"LUR",2017-02-13,9.6
"2017",136,"LUR",2017-02-13,11.6
"2018",136,"LUR",2017-02-13,11.4
"2017",423,"LUR",2017-02-13,12
"2018",423,"LUR",2017-02-13,11
"2017",941,"LUR",2017-02-13,9.5
"2018",941,"LUR",2017-02-13,9
"2017",946,"LUR",2017-02-13,7.5
"2018",946,"LUR",2017-02-13,7.1
"2017",137,"LUR",2017-02-13,6.2
"2018",137,"LUR",2017-02-13,6.2
"2017",181,"LUR",2017-02-13,4.9
"2018",181,"LUR",2017-02-13,4.9
"2017",138,"LUR",2017-02-13,5.2
"2018",138,"LUR",2017-02-13,4.7
"2017",122,"LUR",2017-02-13,6.1
"2018",122,"LUR",2017-02-13,6.2
"2017",182,"LUR",2017-02-13,10.1
"2018",182,"LUR",2017-02-13,9.4
"2017",961,"LUR",2017-02-13,7
"2018",961,"LUR",2017-02-13,6.2
"2017",936,"LUR",2017-02-13,9
"2018",936,"LUR",2017-02-13,7.9
"2017",172,"LUR",2017-02-13,8.6
"2018",172,"LUR",2017-02-13,8.3
"2017",163,"LUR",2017-02-13,9.6
"2018",163,"LUR",2017-02-13,9.1
"2017",918,"LUR",2017-02-13,7.1
"2018",918,"LUR",2017-02-13,6.8
"2017",935,"LUR",2017-02-13,3.9
"2018",935,"LUR",2017-02-13,3.8
"2017",128,"LUR",2017-02-13,5.9
"2018",128,"LUR",2017-02-13,5.7
"2017",960,"LUR",2017-02-13,10.8
"2018",960,"LUR",2017-02-13,9.3
"2017",944,"LUR",2017-02-13,4.8
"2018",944,"LUR",2017-02-13,4.5
"2017",964,"LUR",2017-02-13,5.6
"2018",964,"LUR",2017-02-13,4.7
"2017",968,"LUR",2017-02-13,5.7
"2018",968,"LUR",2017-02-13,5.6
"2017",144,"LUR",2017-02-13,6.5
"2018",144,"LUR",2017-02-13,6.4
"2017",112,"LUR",2017-02-13,5.2
"2018",112,"LUR",2017-02-13,5.6
"2017",998,"LUR",2017-02-13,8.1
"2018",998,"LUR",2017-02-13,7.8
"2017",111,"LUR",2017-02-13,4.6
"2018",111,"LUR",2017-02-13,4.5
"2017",158,"LUR",2017-02-13,3.1
"2018",158,"LUR",2017-02-13,3
"2017",124,"NGDP_RPCH",2017-02-13,1.4
"2018",124,"NGDP_RPCH",2017-02-13,1.6
"2017",134,"NGDP_RPCH",2017-02-13,1.6
"2018",134,"NGDP_RPCH",2017-02-13,1.8
"2017",939,"NGDP_RPCH",2017-02-13,2.2
"2018",939,"NGDP_RPCH",2017-02-13,2.6
"2017",178,"NGDP_RPCH",2017-02-13,3.4
"2018",178,"NGDP_RPCH",2017-02-13,3.3
"2017",174,"NGDP_RPCH",2017-02-13,2.7
"2018",174,"NGDP_RPCH",2017-02-13,3.1
"2017",184,"NGDP_RPCH",2017-02-13,2.3
"2018",184,"NGDP_RPCH",2017-02-13,2.1
"2017",132,"NGDP_RPCH",2017-02-13,1.4
"2018",132,"NGDP_RPCH",2017-02-13,1.7
"2017",136,"NGDP_RPCH",2017-02-13,0.9
"2018",136,"NGDP_RPCH",2017-02-13,1.1
"2017",423,"NGDP_RPCH",2017-02-13,2.5
"2018",423,"NGDP_RPCH",2017-02-13,2.3
"2017",941,"NGDP_RPCH",2017-02-13,2.8
"2018",941,"NGDP_RPCH",2017-02-13,3
"2017",946,"NGDP_RPCH",2017-02-13,2.9
"2018",946,"NGDP_RPCH",2017-02-13,2.8
"2017",137,"NGDP_RPCH",2017-02-13,4
"2018",137,"NGDP_RPCH",2017-02-13,3.9
"2017",181,"NGDP_RPCH",2017-02-13,3.7
"2018",181,"NGDP_RPCH",2017-02-13,3.7
"2017",138,"NGDP_RPCH",2017-02-13,2
"2018",138,"NGDP_RPCH",2017-02-13,1.8
"2017",122,"NGDP_RPCH",2017-02-13,1.6
"2018",122,"NGDP_RPCH",2017-02-13,1.6
"2017",182,"NGDP_RPCH",2017-02-13,1.6
"2018",182,"NGDP_RPCH",2017-02-13,1.5
"2017",961,"NGDP_RPCH",2017-02-13,3
"2018",961,"NGDP_RPCH",2017-02-13,3
"2017",936,"NGDP_RPCH",2017-02-13,2.9
"2018",936,"NGDP_RPCH",2017-02-13,3.6
"2017",172,"NGDP_RPCH",2017-02-13,1.2
"2018",172,"NGDP_RPCH",2017-02-13,1.5
"2017",163,"NGDP_RPCH",2017-02-13,1.6
"2018",163,"NGDP_RPCH",2017-02-13,1.8
"2017",918,"NGDP_RPCH",2017-02-13,2.9
"2018",918,"NGDP_RPCH",2017-02-13,2.8
"2017",935,"NGDP_RPCH",2017-02-13,2.6
"2018",935,"NGDP_RPCH",2017-02-13,2.7
"2017",128,"NGDP_RPCH",2017-02-13,1.5
"2018",128,"NGDP_RPCH",2017-02-13,1.8
"2017",960,"NGDP_RPCH",2017-02-13,3.1
"2018",960,"NGDP_RPCH",2017-02-13,2.5
"2017",944,"NGDP_RPCH",2017-02-13,3.5
"2018",944,"NGDP_RPCH",2017-02-13,3.2
"2017",964,"NGDP_RPCH",2017-02-13,3.2
"2018",964,"NGDP_RPCH",2017-02-13,3.1
"2017",968,"NGDP_RPCH",2017-02-13,4.4
"2018",968,"NGDP_RPCH",2017-02-13,3.7
"2017",144,"NGDP_RPCH",2017-02-13,2.4
"2018",144,"NGDP_RPCH",2017-02-13,2.1
"2017",112,"NGDP_RPCH",2017-02-13,1.5
"2018",112,"NGDP_RPCH",2017-02-13,1.2
"2017",998,"NGDP_RPCH",2017-02-13,1.8
"2018",998,"NGDP_RPCH",2017-02-13,1.8
"2017",111,"NGDP_RPCH",2017-02-13,2.3
"2018",111,"NGDP_RPCH",2017-02-13,2.2
"2017",158,"NGDP_RPCH",2017-02-13,1
"2018",158,"NGDP_RPCH",2017-02-13,0.5
"2017",124,"PCPIPCH",2017-02-13,2
"2018",124,"PCPIPCH",2017-02-13,1.8
"2017",134,"PCPIPCH",2017-02-13,1.9
"2018",134,"PCPIPCH",2017-02-13,1.5
"2017",939,"PCPIPCH",2017-02-13,2.8
"2018",939,"PCPIPCH",2017-02-13,2.8
"2017",178,"PCPIPCH",2017-02-13,0.9
"2018",178,"PCPIPCH",2017-02-13,1
"2017",174,"PCPIPCH",2017-02-13,1.3
"2018",174,"PCPIPCH",2017-02-13,1
"2017",184,"PCPIPCH",2017-02-13,1.9
"2018",184,"PCPIPCH",2017-02-13,1.7
"2017",132,"PCPIPCH",2017-02-13,1.5
"2018",132,"PCPIPCH",2017-02-13,1.3
"2017",136,"PCPIPCH",2017-02-13,1.4
"2018",136,"PCPIPCH",2017-02-13,1.3
"2017",423,"PCPIPCH",2017-02-13,1.2
"2018",423,"PCPIPCH",2017-02-13,1.1
"2017",941,"PCPIPCH",2017-02-13,1.9
"2018",941,"PCPIPCH",2017-02-13,2
"2017",946,"PCPIPCH",2017-02-13,2.1
"2018",946,"PCPIPCH",2017-02-13,1.9
"2017",137,"PCPIPCH",2017-02-13,2
"2018",137,"PCPIPCH",2017-02-13,2.1
"2017",181,"PCPIPCH",2017-02-13,1.6
"2018",181,"PCPIPCH",2017-02-13,1.8
"2017",138,"PCPIPCH",2017-02-13,1.4
"2018",138,"PCPIPCH",2017-02-13,1.4
"2017",122,"PCPIPCH",2017-02-13,1.8
"2018",122,"PCPIPCH",2017-02-13,1.6
"2017",182,"PCPIPCH",2017-02-13,1.3
"2018",182,"PCPIPCH",2017-02-13,1.4
"2017",961,"PCPIPCH",2017-02-13,1.1
"2018",961,"PCPIPCH",2017-02-13,2.3
"2017",936,"PCPIPCH",2017-02-13,0.9
"2018",936,"PCPIPCH",2017-02-13,1.4
"2017",172,"PCPIPCH",2017-02-13,1.5
"2018",172,"PCPIPCH",2017-02-13,1.2
"2017",163,"PCPIPCH",2017-02-13,1.7
"2018",163,"PCPIPCH",2017-02-13,1.4
"2017",918,"PCPIPCH",2017-02-13,0.8
"2018",918,"PCPIPCH",2017-02-13,1.2
"2017",935,"PCPIPCH",2017-02-13,2
"2018",935,"PCPIPCH",2017-02-13,1.8
"2017",128,"PCPIPCH",2017-02-13,1.4
"2018",128,"PCPIPCH",2017-02-13,1.6
"2017",960,"PCPIPCH",2017-02-13,1.7
"2018",960,"PCPIPCH",2017-02-13,1.6
"2017",944,"PCPIPCH",2017-02-13,2.2
"2018",944,"PCPIPCH",2017-02-13,3.1
"2017",964,"PCPIPCH",2017-02-13,2
"2018",964,"PCPIPCH",2017-02-13,2.1
"2017",968,"PCPIPCH",2017-02-13,1.6
"2018",968,"PCPIPCH",2017-02-13,2.9
"2017",144,"PCPIPCH",2017-02-13,1.7
"2018",144,"PCPIPCH",2017-02-13,1.8
"2017",112,"PCPIPCH",2017-02-13,2.5
"2018",112,"PCPIPCH",2017-02-13,2.6
"2017",998,"PCPIPCH",2017-02-13,1.8
"2018",998,"PCPIPCH",2017-02-13,1.7
"2017",111,"PCPIPCH",2017-02-13,2.4
"2018",111,"PCPIPCH",2017-02-13,2.5
"2017",158,"PCPIPCH",2017-02-13,0.4
"2018",158,"PCPIPCH",2017-02-13,0.6
"2017",124,"LUR",2017-05-11,7.6
"2018",124,"LUR",2017-05-11,7.4
"2017",134,"LUR",2017-05-11,4
"2018",134,"LUR",2017-05-11,3.9
"2017",939,"LUR",2017-05-11,7.7
"2018",939,"LUR",2017-05-11,8.6
"2017",178,"LUR",2017-05-11,6.4
"2018",178,"LUR",2017-05-11,5.9
"2017",174,"LUR",2017-05-11,22.8
"2018",174,"LUR",2017-05-11,21.6
"2017",184,"LUR",2017-05-11,17.6
"2018",184,"LUR",2017-05-11,15.9
"2017",132,"LUR",2017-05-11,9.9
"2018",132,"LUR",2017-05-11,9.6
"2017",136,"LUR",2017-05-11,11.5
"2018",136,"LUR",2017-05-11,11.3
"2017",423,"LUR",2017-05-11,11.7
"2018",423,"LUR",2017-05-11,10.6
"2017",941,"LUR",2017-05-11,9.2
"2018",941,"LUR",2017-05-11,8.7
"2017",946,"LUR",2017-05-11,7.6
"2018",946,"LUR",2017-05-11,7.2
"2017",137,"LUR",2017-05-11,6.1
"2018",137,"LUR",2017-05-11,6
"2017",181,"LUR",2017-05-11,4.9
"2018",181,"LUR",2017-05-11,4.9
"2017",138,"LUR",2017-05-11,4.9
"2018",138,"LUR",2017-05-11,4.4
"2017",122,"LUR",2017-05-11,5.9
"2018",122,"LUR",2017-05-11,5.9
"2017",182,"LUR",2017-05-11,9.9
"2018",182,"LUR",2017-05-11,9.2
"2017",961,"LUR",2017-05-11,7.2
"2018",961,"LUR",2017-05-11,6.3
"2017",936,"LUR",2017-05-11,8.6
"2018",936,"LUR",2017-05-11,7.6
"2017",172,"LUR",2017-05-11,8.6
"2018",172,"LUR",2017-05-11,8.2
"2017",163,"LUR",2017-05-11,9.4
"2018",163,"LUR",2017-05-11,8.9
"2017",918,"LUR",2017-05-11,7
"2018",918,"LUR",2017-05-11,6.4
"2017",935,"LUR",2017-05-11,3.5
"2018",935,"LUR",2017-05-11,3.5
"2017",128,"LUR",2017-05-11,5.8
"2018",128,"LUR",2017-05-11,5.7
"2017",960,"LUR",2017-05-11,11.6
"2018",960,"LUR",2017-05-11,9.7
"2017",944,"LUR",2017-05-11,4.1
"2018",944,"LUR",2017-05-11,3.9
"2017",964,"LUR",2017-05-11,5.2
"2018",964,"LUR",2017-05-11,4.4
"2017",968,"LUR",2017-05-11,5.4
"2018",968,"LUR",2017-05-11,5.3
"2017",144,"LUR",2017-05-11,6.6
"2018",144,"LUR",2017-05-11,6.6
"2017",112,"LUR",2017-05-11,5
"2018",112,"LUR",2017-05-11,5.4
"2017",998,"LUR",2017-05-11,8
"2018",998,"LUR",2017-05-11,7.7
"2017",111,"LUR",2017-05-11,4.6
"2018",111,"LUR",2017-05-11,4.5
"2017",158,"LUR",2017-05-11,3.1
"2018",158,"LUR",2017-05-11,3
"2017",124,"NGDP_RPCH",2017-05-11,1.5
"2018",124,"NGDP_RPCH",2017-05-11,1.7
"2017",134,"NGDP_RPCH",2017-05-11,1.6
"2018",134,"NGDP_RPCH",2017-05-11,1.9
"2017",939,"NGDP_RPCH",2017-05-11,2.3
"2018",939,"NGDP_RPCH",2017-05-11,2.8
"2017",178,"NGDP_RPCH",2017-05-11,4
"2018",178,"NGDP_RPCH",2017-05-11,3.6
"2017",174,"NGDP_RPCH",2017-05-11,2.1
"2018",174,"NGDP_RPCH",2017-05-11,2.5
"2017",184,"NGDP_RPCH",2017-05-11,2.8
"2018",184,"NGDP_RPCH",2017-05-11,2.4
"2017",132,"NGDP_RPCH",2017-05-11,1.4
"2018",132,"NGDP_RPCH",2017-05-11,1.7
"2017",136,"NGDP_RPCH",2017-05-11,0.9
"2018",136,"NGDP_RPCH",2017-05-11,1.1
"2017",423,"NGDP_RPCH",2017-05-11,2.5
"2018",423,"NGDP_RPCH",2017-05-11,2.3
"2017",941,"NGDP_RPCH",2017-05-11,3.2
"2018",941,"NGDP_RPCH",2017-05-11,3.5
"2017",946,"NGDP_RPCH",2017-05-11,2.9
"2018",946,"NGDP_RPCH",2017-05-11,3.1
"2017",137,"NGDP_RPCH",2017-05-11,4.3
"2018",137,"NGDP_RPCH",2017-05-11,4.4
"2017",181,"NGDP_RPCH",2017-05-11,4.6
"2018",181,"NGDP_RPCH",2017-05-11,4.4
"2017",138,"NGDP_RPCH",2017-05-11,2.1
"2018",138,"NGDP_RPCH",2017-05-11,1.8
"2017",122,"NGDP_RPCH",2017-05-11,1.7
"2018",122,"NGDP_RPCH",2017-05-11,1.7
"2017",182,"NGDP_RPCH",2017-05-11,1.8
"2018",182,"NGDP_RPCH",2017-05-11,1.6
"2017",961,"NGDP_RPCH",2017-05-11,3.3
"2018",961,"NGDP_RPCH",2017-05-11,3.1
"2017",936,"NGDP_RPCH",2017-05-11,3
"2018",936,"NGDP_RPCH",2017-05-11,3.6
"2017",172,"NGDP_RPCH",2017-05-11,1.3
"2018",172,"NGDP_RPCH",2017-05-11,1.7
"2017",163,"NGDP_RPCH",2017-05-11,1.7
"2018",163,"NGDP_RPCH",2017-05-11,1.8
"2017",918,"NGDP_RPCH",2017-05-11,2.9
"2018",918,"NGDP_RPCH",2017-05-11,2.8
"2017",935,"NGDP_RPCH",2017-05-11,2.6
"2018",935,"NGDP_RPCH",2017-05-11,2.7
"2017",128,"NGDP_RPCH",2017-05-11,1.7
"2018",128,"NGDP_RPCH",2017-05-11,1.8
"2017",960,"NGDP_RPCH",2017-05-11,2.9
"2018",960,"NGDP_RPCH",2017-05-11,2.6
"2017",944,"NGDP_RPCH",2017-05-11,3.6
"2018",944,"NGDP_RPCH",2017-05-11,3.5
"2017",964,"NGDP_RPCH",2017-05-11,3.5
"2018",964,"NGDP_RPCH",2017-05-11,3.2
"2017",968,"NGDP_RPCH",2017-05-11,4.3
"2018",968,"NGDP_RPCH",2017-05-11,3.7
"2017",144,"NGDP_RPCH",2017-05-11,2.6
"2018",144,"NGDP_RPCH",2017-05-11,2.2
"2017",112,"NGDP_RPCH",2017-05-11,1.8
"2018",112,"NGDP_RPCH",2017-05-11,1.3
"2017",998,"NGDP_RPCH",2017-05-11,1.9
"2018",998,"NGDP_RPCH",2017-05-11,1.9
"2017",111,"NGDP_RPCH",2017-05-11,2.2
"2018",111,"NGDP_RPCH",2017-05-11,2.3
"2017",158,"NGDP_RPCH",2017-05-11,1.2
"2018",158,"NGDP_RPCH",2017-05-11,0.6
"2017",124,"PCPIPCH",2017-05-11,2.3
"2018",124,"PCPIPCH",2017-05-11,1.5
"2017",134,"PCPIPCH",2017-05-11,1.7
"2018",134,"PCPIPCH",2017-05-11,1.4
"2017",939,"PCPIPCH",2017-05-11,3.3
"2018",939,"PCPIPCH",2017-05-11,2.9
"2017",178,"PCPIPCH",2017-05-11,0.6
"2018",178,"PCPIPCH",2017-05-11,1.2
"2017",174,"PCPIPCH",2017-05-11,1.2
"2018",174,"PCPIPCH",2017-05-11,1.1
"2017",184,"PCPIPCH",2017-05-11,2
"2018",184,"PCPIPCH",2017-05-11,1.4
"2017",132,"PCPIPCH",2017-05-11,1.4
"2018",132,"PCPIPCH",2017-05-11,1.3
"2017",136,"PCPIPCH",2017-05-11,1.5
"2018",136,"PCPIPCH",2017-05-11,1.3
"2017",423,"PCPIPCH",2017-05-11,1.2
"2018",423,"PCPIPCH",2017-05-11,1.1
"2017",941,"PCPIPCH",2017-05-11,2.2
"2018",941,"PCPIPCH",2017-05-11,2
"2017",946,"PCPIPCH",2017-05-11,2.8
"2018",946,"PCPIPCH",2017-05-11,2
"2017",137,"PCPIPCH",2017-05-11,2.4
"2018",137,"PCPIPCH",2017-05-11,1.8
"2017",181,"PCPIPCH",2017-05-11,1.6
"2018",181,"PCPIPCH",2017-05-11,1.8
"2017",138,"PCPIPCH",2017-05-11,1.6
"2018",138,"PCPIPCH",2017-05-11,1.3
"2017",122,"PCPIPCH",2017-05-11,1.8
"2018",122,"PCPIPCH",2017-05-11,1.6
"2017",182,"PCPIPCH",2017-05-11,1.4
"2018",182,"PCPIPCH",2017-05-11,1.5
"2017",961,"PCPIPCH",2017-05-11,1.5
"2018",961,"PCPIPCH",2017-05-11,1.8
"2017",936,"PCPIPCH",2017-05-11,1.4
"2018",936,"PCPIPCH",2017-05-11,1.6
"2017",172,"PCPIPCH",2017-05-11,1
"2018",172,"PCPIPCH",2017-05-11,1.2
"2017",163,"PCPIPCH",2017-05-11,1.6
"2018",163,"PCPIPCH",2017-05-11,1.3
"2017",918,"PCPIPCH",2017-05-11,1.3
"2018",918,"PCPIPCH",2017-05-11,1.5
"2017",935,"PCPIPCH",2017-05-11,2.5
"2018",935,"PCPIPCH",2017-05-11,2
"2017",128,"PCPIPCH",2017-05-11,1.4
"2018",128,"PCPIPCH",2017-05-11,1.7
"2017",960,"PCPIPCH",2017-05-11,1.6
"2018",960,"PCPIPCH",2017-05-11,1.5
"2017",944,"PCPIPCH",2017-05-11,2.9
"2018",944,"PCPIPCH",2017-05-11,3.2
"2017",964,"PCPIPCH",2017-05-11,1.8
"2018",964,"PCPIPCH",2017-05-11,2.1
"2017",968,"PCPIPCH",2017-05-11,1.1
"2018",968,"PCPIPCH",2017-05-11,3
"2017",144,"PCPIPCH",2017-05-11,1.4
"2018",144,"PCPIPCH",2017-05-11,1.4
"2017",112,"PCPIPCH",2017-05-11,2.6
"2018",112,"PCPIPCH",2017-05-11,2.6
"2017",998,"PCPIPCH",2017-05-11,1.8
"2018",998,"PCPIPCH",2017-05-11,1.7
"2017",111,"PCPIPCH",2017-05-11,2.2
"2018",111,"PCPIPCH",2017-05-11,2.3
"2017",158,"PCPIPCH",2017-05-11,0.4
"2018",158,"PCPIPCH",2017-05-11,1
"2017",124,"LUR",2017-11-09,7.3
"2018",124,"LUR",2017-11-09,7
"2019",124,"LUR",2017-11-09,6.8
"2017",134,"LUR",2017-11-09,3.7
"2018",134,"LUR",2017-11-09,3.5
"2019",134,"LUR",2017-11-09,3.2
"2017",939,"LUR",2017-11-09,6.9
"2018",939,"LUR",2017-11-09,7.7
"2019",939,"LUR",2017-11-09,8.5
"2017",178,"LUR",2017-11-09,6.1
"2018",178,"LUR",2017-11-09,5.5
"2019",178,"LUR",2017-11-09,5.3
"2017",174,"LUR",2017-11-09,21.8
"2018",174,"LUR",2017-11-09,20.4
"2019",174,"LUR",2017-11-09,18.7
"2017",184,"LUR",2017-11-09,17.4
"2018",184,"LUR",2017-11-09,15.6
"2019",184,"LUR",2017-11-09,14.3
"2017",132,"LUR",2017-11-09,9.5
"2018",132,"LUR",2017-11-09,9.3
"2019",132,"LUR",2017-11-09,8.9
"2017",136,"LUR",2017-11-09,11.3
"2018",136,"LUR",2017-11-09,10.9
"2019",136,"LUR",2017-11-09,10.5
"2017",423,"LUR",2017-11-09,11
"2018",423,"LUR",2017-11-09,10
"2019",423,"LUR",2017-11-09,9.3
"2017",941,"LUR",2017-11-09,8.4
"2018",941,"LUR",2017-11-09,7.9
"2019",941,"LUR",2017-11-09,7.3
"2017",946,"LUR",2017-11-09,7.3
"2018",946,"LUR",2017-11-09,6.8
"2019",946,"LUR",2017-11-09,6.4
"2017",137,"LUR",2017-11-09,6.1
"2018",137,"LUR",2017-11-09,5.9
"2019",137,"LUR",2017-11-09,6
"2017",181,"LUR",2017-11-09,4.2
"2018",181,"LUR",2017-11-09,4
"2019",181,"LUR",2017-11-09,4
"2017",138,"LUR",2017-11-09,4.8
"2018",138,"LUR",2017-11-09,4
"2019",138,"LUR",2017-11-09,3.5
"2017",122,"LUR",2017-11-09,5.6
"2018",122,"LUR",2017-11-09,5.5
"2019",122,"LUR",2017-11-09,5.4
"2017",182,"LUR",2017-11-09,9.2
"2018",182,"LUR",2017-11-09,8.3
"2019",182,"LUR",2017-11-09,7.6
"2017",961,"LUR",2017-11-09,6.8
"2018",961,"LUR",2017-11-09,5.9
"2019",961,"LUR",2017-11-09,5.2
"2017",936,"LUR",2017-11-09,8.3
"2018",936,"LUR",2017-11-09,7.4
"2019",936,"LUR",2017-11-09,6.6
"2017",172,"LUR",2017-11-09,8.6
"2018",172,"LUR",2017-11-09,8.3
"2019",172,"LUR",2017-11-09,8
"2017",163,"LUR",2017-11-09,9.1
"2018",163,"LUR",2017-11-09,8.5
"2019",163,"LUR",2017-11-09,7.9
"2017",918,"LUR",2017-11-09,6.4
"2018",918,"LUR",2017-11-09,6
"2019",918,"LUR",2017-11-09,5.7
"2017",935,"LUR",2017-11-09,3
"2018",935,"LUR",2017-11-09,2.9
"2019",935,"LUR",2017-11-09,2.9
"2017",128,"LUR",2017-11-09,5.9
"2018",128,"LUR",2017-11-09,5.6
"2019",128,"LUR",2017-11-09,5.5
"2017",960,"LUR",2017-11-09,11.1
"2018",960,"LUR",2017-11-09,9.2
"2019",960,"LUR",2017-11-09,7.5
"2017",944,"LUR",2017-11-09,4.2
"2018",944,"LUR",2017-11-09,4
"2019",944,"LUR",2017-11-09,4
"2017",964,"LUR",2017-11-09,5
"2018",964,"LUR",2017-11-09,4.2
"2019",964,"LUR",2017-11-09,4
"2017",968,"LUR",2017-11-09,5.3
"2018",968,"LUR",2017-11-09,5.1
"2019",968,"LUR",2017-11-09,5
"2017",144,"LUR",2017-11-09,6.6
"2018",144,"LUR",2017-11-09,6.4
"2019",144,"LUR",2017-11-09,6.3
"2017",112,"LUR",2017-11-09,4.5
"2018",112,"LUR",2017-11-09,4.7
"2019",112,"LUR",2017-11-09,4.8
"2017",998,"LUR",2017-11-09,7.8
"2018",998,"LUR",2017-11-09,7.3
"2019",998,"LUR",2017-11-09,7
"2017",111,"LUR",2017-11-09,4.5
"2018",111,"LUR",2017-11-09,4.3
"2019",111,"LUR",2017-11-09,4.1
"2017",158,"LUR",2017-11-09,2.9
"2018",158,"LUR",2017-11-09,2.8
"2019",158,"LUR",2017-11-09,2.7
"2017",124,"NGDP_RPCH",2017-11-09,1.7
"2018",124,"NGDP_RPCH",2017-11-09,1.8
"2019",124,"NGDP_RPCH",2017-11-09,1.7
"2017",134,"NGDP_RPCH",2017-11-09,2.2
"2018",134,"NGDP_RPCH",2017-11-09,2.1
"2019",134,"NGDP_RPCH",2017-11-09,2
"2017",939,"NGDP_RPCH",2017-11-09,4.4
"2018",939,"NGDP_RPCH",2017-11-09,3.2
"2019",939,"NGDP_RPCH",2017-11-09,2.8
"2017",178,"NGDP_RPCH",2017-11-09,4.8
"2018",178,"NGDP_RPCH",2017-11-09,3.9
"2019",178,"NGDP_RPCH",2017-11-09,3.1
"2017",174,"NGDP_RPCH",2017-11-09,1.6
"2018",174,"NGDP_RPCH",2017-11-09,2.5
"2019",174,"NGDP_RPCH",2017-11-09,2.5
"2017",184,"NGDP_RPCH",2017-11-09,3.1
"2018",184,"NGDP_RPCH",2017-11-09,2.5
"2019",184,"NGDP_RPCH",2017-11-09,2.1
"2017",132,"NGDP_RPCH",2017-11-09,1.6
"2018",132,"NGDP_RPCH",2017-11-09,1.7
"2019",132,"NGDP_RPCH",2017-11-09,1.6
"2017",136,"NGDP_RPCH",2017-11-09,1.5
"2018",136,"NGDP_RPCH",2017-11-09,1.3
"2019",136,"NGDP_RPCH",2017-11-09,1
"2017",423,"NGDP_RPCH",2017-11-09,3.5
"2018",423,"NGDP_RPCH",2017-11-09,2.9
"2019",423,"NGDP_RPCH",2017-11-09,2.7
"2017",941,"NGDP_RPCH",2017-11-09,4.2
"2018",941,"NGDP_RPCH",2017-11-09,3.5
"2019",941,"NGDP_RPCH",2017-11-09,3.2
"2017",946,"NGDP_RPCH",2017-11-09,3.8
"2018",946,"NGDP_RPCH",2017-11-09,2.9
"2019",946,"NGDP_RPCH",2017-11-09,2.6
"2017",137,"NGDP_RPCH",2017-11-09,3.4
"2018",137,"NGDP_RPCH",2017-11-09,3.5
"2019",137,"NGDP_RPCH",2017-11-09,3.3
"2017",181,"NGDP_RPCH",2017-11-09,5.6
"2018",181,"NGDP_RPCH",2017-11-09,4.9
"2019",181,"NGDP_RPCH",2017-11-09,4.1
"2017",138,"NGDP_RPCH",2017-11-09,3.2
"2018",138,"NGDP_RPCH",2017-11-09,2.7
"2019",138,"NGDP_RPCH",2017-11-09,2.5
"2017",122,"NGDP_RPCH",2017-11-09,2.6
"2018",122,"NGDP_RPCH",2017-11-09,2.4
"2019",122,"NGDP_RPCH",2017-11-09,2.3
"2017",182,"NGDP_RPCH",2017-11-09,2.6
"2018",182,"NGDP_RPCH",2017-11-09,2.1
"2019",182,"NGDP_RPCH",2017-11-09,1.8
"2017",961,"NGDP_RPCH",2017-11-09,4.7
"2018",961,"NGDP_RPCH",2017-11-09,4
"2019",961,"NGDP_RPCH",2017-11-09,3.3
"2017",936,"NGDP_RPCH",2017-11-09,3.3
"2018",936,"NGDP_RPCH",2017-11-09,3.8
"2019",936,"NGDP_RPCH",2017-11-09,4
"2017",172,"NGDP_RPCH",2017-11-09,3.3
"2018",172,"NGDP_RPCH",2017-11-09,2.7
"2019",172,"NGDP_RPCH",2017-11-09,2.4
"2017",163,"NGDP_RPCH",2017-11-09,2.2
"2018",163,"NGDP_RPCH",2017-11-09,2.1
"2019",163,"NGDP_RPCH",2017-11-09,1.9
"2017",918,"NGDP_RPCH",2017-11-09,3.9
"2018",918,"NGDP_RPCH",2017-11-09,3.8
"2019",918,"NGDP_RPCH",2017-11-09,3.6
"2017",935,"NGDP_RPCH",2017-11-09,4.3
"2018",935,"NGDP_RPCH",2017-11-09,3
"2019",935,"NGDP_RPCH",2017-11-09,2.9
"2017",128,"NGDP_RPCH",2017-11-09,2.3
"2018",128,"NGDP_RPCH",2017-11-09,2
"2019",128,"NGDP_RPCH",2017-11-09,1.9
"2017",960,"NGDP_RPCH",2017-11-09,3.2
"2018",960,"NGDP_RPCH",2017-11-09,2.8
"2019",960,"NGDP_RPCH",2017-11-09,2.7
"2017",944,"NGDP_RPCH",2017-11-09,3.7
"2018",944,"NGDP_RPCH",2017-11-09,3.6
"2019",944,"NGDP_RPCH",2017-11-09,3.1
"2017",964,"NGDP_RPCH",2017-11-09,4.2
"2018",964,"NGDP_RPCH",2017-11-09,3.8
"2019",964,"NGDP_RPCH",2017-11-09,3.4
"2017",968,"NGDP_RPCH",2017-11-09,5.7
"2018",968,"NGDP_RPCH",2017-11-09,4.4
"2019",968,"NGDP_RPCH",2017-11-09,4.1
"2017",144,"NGDP_RPCH",2017-11-09,3.2
"2018",144,"NGDP_RPCH",2017-11-09,2.7
"2019",144,"NGDP_RPCH",2017-11-09,2.2
"2017",112,"NGDP_RPCH",2017-11-09,1.5
"2018",112,"NGDP_RPCH",2017-11-09,1.3
"2019",112,"NGDP_RPCH",2017-11-09,1.1
"2017",998,"NGDP_RPCH",2017-11-09,2.3
"2018",998,"NGDP_RPCH",2017-11-09,2.1
"2019",998,"NGDP_RPCH",2017-11-09,1.9
"2017",111,"NGDP_RPCH",2017-11-09,2.2
"2018",111,"NGDP_RPCH",2017-11-09,2.3
"2019",111,"NGDP_RPCH",2017-11-09,2.1
"2017",158,"NGDP_RPCH",2017-11-09,1.6
"2018",158,"NGDP_RPCH",2017-11-09,1.2
"2019",158,"NGDP_RPCH",2017-11-09,1
"2017",124,"PCPIPCH",2017-11-09,2.2
"2018",124,"PCPIPCH",2017-11-09,1.4
"2019",124,"PCPIPCH",2017-11-09,1.6
"2017",134,"PCPIPCH",2017-11-09,1.7
"2018",134,"PCPIPCH",2017-11-09,1.5
"2019",134,"PCPIPCH",2017-11-09,1.6
"2017",939,"PCPIPCH",2017-11-09,3.7
"2018",939,"PCPIPCH",2017-11-09,3
"2019",939,"PCPIPCH",2017-11-09,2.7
"2017",178,"PCPIPCH",2017-11-09,0.3
"2018",178,"PCPIPCH",2017-11-09,0.8
"2019",178,"PCPIPCH",2017-11-09,1.2
"2017",174,"PCPIPCH",2017-11-09,1.2
"2018",174,"PCPIPCH",2017-11-09,0.8
"2019",174,"PCPIPCH",2017-11-09,1.3
"2017",184,"PCPIPCH",2017-11-09,2
"2018",184,"PCPIPCH",2017-11-09,1.4
"2019",184,"PCPIPCH",2017-11-09,1.5
"2017",132,"PCPIPCH",2017-11-09,1.1
"2018",132,"PCPIPCH",2017-11-09,1.2
"2019",132,"PCPIPCH",2017-11-09,1.5
"2017",136,"PCPIPCH",2017-11-09,1.4
"2018",136,"PCPIPCH",2017-11-09,1.2
"2019",136,"PCPIPCH",2017-11-09,1.5
"2017",423,"PCPIPCH",2017-11-09,1
"2018",423,"PCPIPCH",2017-11-09,1.1
"2019",423,"PCPIPCH",2017-11-09,1.4
"2017",941,"PCPIPCH",2017-11-09,2.9
"2018",941,"PCPIPCH",2017-11-09,2.8
"2019",941,"PCPIPCH",2017-11-09,2.9
"2017",946,"PCPIPCH",2017-11-09,3.8
"2018",946,"PCPIPCH",2017-11-09,2.9
"2019",946,"PCPIPCH",2017-11-09,2.5
"2017",137,"PCPIPCH",2017-11-09,2.1
"2018",137,"PCPIPCH",2017-11-09,1.7
"2019",137,"PCPIPCH",2017-11-09,1.9
"2017",181,"PCPIPCH",2017-11-09,1.3
"2018",181,"PCPIPCH",2017-11-09,1.5
"2019",181,"PCPIPCH",2017-11-09,1.8
"2017",138,"PCPIPCH",2017-11-09,1.3
"2018",138,"PCPIPCH",2017-11-09,1.5
"2019",138,"PCPIPCH",2017-11-09,2.2
"2017",122,"PCPIPCH",2017-11-09,2
"2018",122,"PCPIPCH",2017-11-09,1.6
"2019",122,"PCPIPCH",2017-11-09,1.7
"2017",182,"PCPIPCH",2017-11-09,1.5
"2018",182,"PCPIPCH",2017-11-09,1.4
"2019",182,"PCPIPCH",2017-11-09,1.5
"2017",961,"PCPIPCH",2017-11-09,1.6
"2018",961,"PCPIPCH",2017-11-09,1.5
"2019",961,"PCPIPCH",2017-11-09,1.8
"2017",936,"PCPIPCH",2017-11-09,1.3
"2018",936,"PCPIPCH",2017-11-09,1.7
"2019",936,"PCPIPCH",2017-11-09,2
"2017",172,"PCPIPCH",2017-11-09,0.9
"2018",172,"PCPIPCH",2017-11-09,1.3
"2019",172,"PCPIPCH",2017-11-09,1.7
"2017",163,"PCPIPCH",2017-11-09,1.5
"2018",163,"PCPIPCH",2017-11-09,1.4
"2019",163,"PCPIPCH",2017-11-09,1.6
"2017",918,"PCPIPCH",2017-11-09,1
"2018",918,"PCPIPCH",2017-11-09,1.5
"2019",918,"PCPIPCH",2017-11-09,1.6
"2017",935,"PCPIPCH",2017-11-09,2.4
"2018",935,"PCPIPCH",2017-11-09,2.1
"2019",935,"PCPIPCH",2017-11-09,2
"2017",128,"PCPIPCH",2017-11-09,1
"2018",128,"PCPIPCH",2017-11-09,1.4
"2019",128,"PCPIPCH",2017-11-09,1.7
"2017",960,"PCPIPCH",2017-11-09,1.3
"2018",960,"PCPIPCH",2017-11-09,1.5
"2019",960,"PCPIPCH",2017-11-09,1.6
"2017",944,"PCPIPCH",2017-11-09,2.3
"2018",944,"PCPIPCH",2017-11-09,2.6
"2019",944,"PCPIPCH",2017-11-09,3
"2017",964,"PCPIPCH",2017-11-09,1.6
"2018",964,"PCPIPCH",2017-11-09,2.1
"2019",964,"PCPIPCH",2017-11-09,2.8
"2017",968,"PCPIPCH",2017-11-09,1
"2018",968,"PCPIPCH",2017-11-09,2.9
"2019",968,"PCPIPCH",2017-11-09,3
"2017",144,"PCPIPCH",2017-11-09,1.8
"2018",144,"PCPIPCH",2017-11-09,1.6
"2019",144,"PCPIPCH",2017-11-09,1.7
"2017",112,"PCPIPCH",2017-11-09,2.7
"2018",112,"PCPIPCH",2017-11-09,2.6
"2019",112,"PCPIPCH",2017-11-09,2.1
"2017",998,"PCPIPCH",2017-11-09,1.7
"2018",998,"PCPIPCH",2017-11-09,1.7
"2019",998,"PCPIPCH",2017-11-09,1.8
"2017",111,"PCPIPCH",2017-11-09,2
"2018",111,"PCPIPCH",2017-11-09,2.1
"2019",111,"PCPIPCH",2017-11-09,2.2
"2017",158,"PCPIPCH",2017-11-09,0.4
"2018",158,"PCPIPCH",2017-11-09,0.8
"2019",158,"PCPIPCH",2017-11-09,1.2
"2018",124,"NGDP_RPCH",2018-02-07,1.8
"2019",124,"NGDP_RPCH",2018-02-07,1.7
"2018",134,"NGDP_RPCH",2018-02-07,2.3
"2019",134,"NGDP_RPCH",2018-02-07,2.1
"2018",939,"NGDP_RPCH",2018-02-07,3.3
"2019",939,"NGDP_RPCH",2018-02-07,2.8
"2018",178,"NGDP_RPCH",2018-02-07,4.4
"2019",178,"NGDP_RPCH",2018-02-07,3.1
"2018",174,"NGDP_RPCH",2018-02-07,2.5
"2019",174,"NGDP_RPCH",2018-02-07,2.5
"2018",184,"NGDP_RPCH",2018-02-07,2.6
"2019",184,"NGDP_RPCH",2018-02-07,2.1
"2018",132,"NGDP_RPCH",2018-02-07,2
"2019",132,"NGDP_RPCH",2018-02-07,1.8
"2018",136,"NGDP_RPCH",2018-02-07,1.5
"2019",136,"NGDP_RPCH",2018-02-07,1.2
"2018",423,"NGDP_RPCH",2018-02-07,3.2
"2019",423,"NGDP_RPCH",2018-02-07,2.8
"2018",941,"NGDP_RPCH",2018-02-07,3.5
"2019",941,"NGDP_RPCH",2018-02-07,3.2
"2018",946,"NGDP_RPCH",2018-02-07,2.9
"2019",946,"NGDP_RPCH",2018-02-07,2.6
"2018",137,"NGDP_RPCH",2018-02-07,3.9
"2019",137,"NGDP_RPCH",2018-02-07,3.6
"2018",181,"NGDP_RPCH",2018-02-07,5.6
"2019",181,"NGDP_RPCH",2018-02-07,4.5
"2018",138,"NGDP_RPCH",2018-02-07,2.9
"2019",138,"NGDP_RPCH",2018-02-07,2.5
"2018",122,"NGDP_RPCH",2018-02-07,2.9
"2019",122,"NGDP_RPCH",2018-02-07,2.3
"2018",182,"NGDP_RPCH",2018-02-07,2.2
"2019",182,"NGDP_RPCH",2018-02-07,1.9
"2018",961,"NGDP_RPCH",2018-02-07,4.2
"2019",961,"NGDP_RPCH",2018-02-07,3.5
"2018",936,"NGDP_RPCH",2018-02-07,4
"2019",936,"NGDP_RPCH",2018-02-07,4.2
"2018",172,"NGDP_RPCH",2018-02-07,2.8
"2019",172,"NGDP_RPCH",2018-02-07,2.5
"2018",163,"NGDP_RPCH",2018-02-07,2.3
"2019",163,"NGDP_RPCH",2018-02-07,2
"2018",918,"NGDP_RPCH",2018-02-07,3.7
"2019",918,"NGDP_RPCH",2018-02-07,3.5
"2018",935,"NGDP_RPCH",2018-02-07,3.2
"2019",935,"NGDP_RPCH",2018-02-07,2.9
"2018",128,"NGDP_RPCH",2018-02-07,2
"2019",128,"NGDP_RPCH",2018-02-07,1.9
"2018",960,"NGDP_RPCH",2018-02-07,2.8
"2019",960,"NGDP_RPCH",2018-02-07,2.7
"2018",944,"NGDP_RPCH",2018-02-07,3.7
"2019",944,"NGDP_RPCH",2018-02-07,3.1
"2018",964,"NGDP_RPCH",2018-02-07,4.2
"2019",964,"NGDP_RPCH",2018-02-07,3.6
"2018",968,"NGDP_RPCH",2018-02-07,4.5
"2019",968,"NGDP_RPCH",2018-02-07,4
"2018",144,"NGDP_RPCH",2018-02-07,2.7
"2019",144,"NGDP_RPCH",2018-02-07,2
"2018",112,"NGDP_RPCH",2018-02-07,1.4
"2019",112,"NGDP_RPCH",2018-02-07,1.1
"2018",998,"NGDP_RPCH",2018-02-07,2.3
"2019",998,"NGDP_RPCH",2018-02-07,2
"2018",124,"PCPIPCH",2018-02-07,1.5
"2019",124,"PCPIPCH",2018-02-07,1.6
"2018",134,"PCPIPCH",2018-02-07,1.6
"2019",134,"PCPIPCH",2018-02-07,1.6
"2018",939,"PCPIPCH",2018-02-07,3.1
"2019",939,"PCPIPCH",2018-02-07,2.6
"2018",178,"PCPIPCH",2018-02-07,0.9
"2019",178,"PCPIPCH",2018-02-07,1.1
"2018",174,"PCPIPCH",2018-02-07,0.8
"2019",174,"PCPIPCH",2018-02-07,1.3
"2018",184,"PCPIPCH",2018-02-07,1.6
"2019",184,"PCPIPCH",2018-02-07,1.5
"2018",132,"PCPIPCH",2018-02-07,1.5
"2019",132,"PCPIPCH",2018-02-07,1.5
"2018",136,"PCPIPCH",2018-02-07,1.3
"2019",136,"PCPIPCH",2018-02-07,1.5
"2018",423,"PCPIPCH",2018-02-07,1.2
"2019",423,"PCPIPCH",2018-02-07,1.3
"2018",941,"PCPIPCH",2018-02-07,3.1
"2019",941,"PCPIPCH",2018-02-07,2.9
"2018",946,"PCPIPCH",2018-02-07,2.9
"2019",946,"PCPIPCH",2018-02-07,2.5
"2018",137,"PCPIPCH",2018-02-07,1.9
"2019",137,"PCPIPCH",2018-02-07,1.6
"2018",181,"PCPIPCH",2018-02-07,1.5
"2019",181,"PCPIPCH",2018-02-07,1.8
"2018",138,"PCPIPCH",2018-02-07,1.6
"2019",138,"PCPIPCH",2018-02-07,2.3
"2018",122,"PCPIPCH",2018-02-07,2.1
"2019",122,"PCPIPCH",2018-02-07,1.9
"2018",182,"PCPIPCH",2018-02-07,1.6
"2019",182,"PCPIPCH",2018-02-07,1.5
"2018",961,"PCPIPCH",2018-02-07,1.8
"2019",961,"PCPIPCH",2018-02-07,2
"2018",936,"PCPIPCH",2018-02-07,2.2
"2019",936,"PCPIPCH",2018-02-07,2
"2018",172,"PCPIPCH",2018-02-07,1.4
"2019",172,"PCPIPCH",2018-02-07,1.6
"2018",163,"PCPIPCH",2018-02-07,1.5
"2019",163,"PCPIPCH",2018-02-07,1.6
"2018",918,"PCPIPCH",2018-02-07,1.4
"2019",918,"PCPIPCH",2018-02-07,1.5
"2018",935,"PCPIPCH",2018-02-07,2.4
"2019",935,"PCPIPCH",2018-02-07,2
"2018",128,"PCPIPCH",2018-02-07,1.4
"2019",128,"PCPIPCH",2018-02-07,1.6
"2018",960,"PCPIPCH",2018-02-07,1.6
"2019",960,"PCPIPCH",2018-02-07,1.7
"2018",944,"PCPIPCH",2018-02-07,2.8
"2019",944,"PCPIPCH",2018-02-07,2.9
"2018",964,"PCPIPCH",2018-02-07,2.1
"2019",964,"PCPIPCH",2018-02-07,2.6
"2018",968,"PCPIPCH",2018-02-07,4.1
"2019",968,"PCPIPCH",2018-02-07,3
"2018",144,"PCPIPCH",2018-02-07,1.8
"2019",144,"PCPIPCH",2018-02-07,1.7
"2018",112,"PCPIPCH",2018-02-07,2.7
"2019",112,"PCPIPCH",2018-02-07,2
"2018",998,"PCPIPCH",2018-02-07,1.9
"2019",998,"PCPIPCH",2018-02-07,1.8
"2018",124,"LUR",2018-05-03,6.4
"2019",124,"LUR",2018-05-03,6
"2018",134,"LUR",2018-05-03,3.6
"2019",134,"LUR",2018-05-03,3.5
"2018",939,"LUR",2018-05-03,6
"2019",939,"LUR",2018-05-03,6.3
"2018",178,"LUR",2018-05-03,5.4
"2019",178,"LUR",2018-05-03,4.9
"2018",174,"LUR",2018-05-03,20.1
"2019",174,"LUR",2018-05-03,18.4
"2018",184,"LUR",2018-05-03,15.3
"2019",184,"LUR",2018-05-03,13.8
"2018",132,"LUR",2018-05-03,8.9
"2019",132,"LUR",2018-05-03,8.3
"2018",136,"LUR",2018-05-03,10.8
"2019",136,"LUR",2018-05-03,10.6
"2018",423,"LUR",2018-05-03,9
"2019",423,"LUR",2018-05-03,7.1
"2018",941,"LUR",2018-05-03,8.2
"2019",941,"LUR",2018-05-03,7.6
"2018",946,"LUR",2018-05-03,6.8
"2019",946,"LUR",2018-05-03,6.7
"2018",137,"LUR",2018-05-03,5.3
"2019",137,"LUR",2018-05-03,5.2
"2018",181,"LUR",2018-05-03,4
"2019",181,"LUR",2018-05-03,4
"2018",138,"LUR",2018-05-03,3.8
"2019",138,"LUR",2018-05-03,3.5
"2018",122,"LUR",2018-05-03,5.2
"2019",122,"LUR",2018-05-03,5
"2018",182,"LUR",2018-05-03,7.7
"2019",182,"LUR",2018-05-03,6.8
"2018",961,"LUR",2018-05-03,5.6
"2019",961,"LUR",2018-05-03,5.4
"2018",936,"LUR",2018-05-03,7.1
"2019",936,"LUR",2018-05-03,6.3
"2018",172,"LUR",2018-05-03,8.4
"2019",172,"LUR",2018-05-03,8.3
"2018",163,"LUR",2018-05-03,8.4
"2019",163,"LUR",2018-05-03,7.9
"2018",918,"LUR",2018-05-03,5.5
"2019",918,"LUR",2018-05-03,5.3
"2018",935,"LUR",2018-05-03,2.4
"2019",935,"LUR",2018-05-03,2.4
"2018",128,"LUR",2018-05-03,5.5
"2019",128,"LUR",2018-05-03,5.2
"2018",960,"LUR",2018-05-03,9.6
"2019",960,"LUR",2018-05-03,8.5
"2018",944,"LUR",2018-05-03,3.7
"2019",944,"LUR",2018-05-03,3.6
"2018",964,"LUR",2018-05-03,4.1
"2019",964,"LUR",2018-05-03,3.9
"2018",968,"LUR",2018-05-03,4.5
"2019",968,"LUR",2018-05-03,4.4
"2018",144,"LUR",2018-05-03,6.3
"2019",144,"LUR",2018-05-03,6.3
"2018",112,"LUR",2018-05-03,4.4
"2019",112,"LUR",2018-05-03,4.6
"2018",998,"LUR",2018-05-03,7.1
"2019",998,"LUR",2018-05-03,6.7
"2018",111,"LUR",2018-05-03,4
"2019",111,"LUR",2018-05-03,3.5
"2018",158,"LUR",2018-05-03,2.7
"2019",158,"LUR",2018-05-03,2.6
"2018",124,"NGDP_RPCH",2018-05-03,1.8
"2019",124,"NGDP_RPCH",2018-05-03,1.7
"2018",134,"NGDP_RPCH",2018-05-03,2.3
"2019",134,"NGDP_RPCH",2018-05-03,2.1
"2018",939,"NGDP_RPCH",2018-05-03,3.7
"2019",939,"NGDP_RPCH",2018-05-03,2.8
"2018",178,"NGDP_RPCH",2018-05-03,5.7
"2019",178,"NGDP_RPCH",2018-05-03,4.1
"2018",174,"NGDP_RPCH",2018-05-03,1.9
"2019",174,"NGDP_RPCH",2018-05-03,2.3
"2018",184,"NGDP_RPCH",2018-05-03,2.9
"2019",184,"NGDP_RPCH",2018-05-03,2.4
"2018",132,"NGDP_RPCH",2018-05-03,2
"2019",132,"NGDP_RPCH",2018-05-03,1.8
"2018",136,"NGDP_RPCH",2018-05-03,1.5
"2019",136,"NGDP_RPCH",2018-05-03,1.2
"2018",423,"NGDP_RPCH",2018-05-03,3.6
"2019",423,"NGDP_RPCH",2018-05-03,3.3
"2018",941,"NGDP_RPCH",2018-05-03,3.3
"2019",941,"NGDP_RPCH",2018-05-03,3.3
"2018",946,"NGDP_RPCH",2018-05-03,3.1
"2019",946,"NGDP_RPCH",2018-05-03,2.7
"2018",137,"NGDP_RPCH",2018-05-03,3.7
"2019",137,"NGDP_RPCH",2018-05-03,3.5
"2018",181,"NGDP_RPCH",2018-05-03,5.8
"2019",181,"NGDP_RPCH",2018-05-03,5.1
"2018",138,"NGDP_RPCH",2018-05-03,3
"2019",138,"NGDP_RPCH",2018-05-03,2.6
"2018",122,"NGDP_RPCH",2018-05-03,2.8
"2019",122,"NGDP_RPCH",2018-05-03,2.2
"2018",182,"NGDP_RPCH",2018-05-03,2.3
"2019",182,"NGDP_RPCH",2018-05-03,2
"2018",961,"NGDP_RPCH",2018-05-03,4.7
"2019",961,"NGDP_RPCH",2018-05-03,3.6
"2018",936,"NGDP_RPCH",2018-05-03,4
"2019",936,"NGDP_RPCH",2018-05-03,4.2
"2018",172,"NGDP_RPCH",2018-05-03,2.5
"2019",172,"NGDP_RPCH",2018-05-03,2.3
"2018",163,"NGDP_RPCH",2018-05-03,2.3
"2019",163,"NGDP_RPCH",2018-05-03,2
"2018",918,"NGDP_RPCH",2018-05-03,3.8
"2019",918,"NGDP_RPCH",2018-05-03,3.7
"2018",935,"NGDP_RPCH",2018-05-03,3.4
"2019",935,"NGDP_RPCH",2018-05-03,3.1
"2018",128,"NGDP_RPCH",2018-05-03,1.8
"2019",128,"NGDP_RPCH",2018-05-03,1.9
"2018",960,"NGDP_RPCH",2018-05-03,2.8
"2019",960,"NGDP_RPCH",2018-05-03,2.7
"2018",944,"NGDP_RPCH",2018-05-03,4
"2019",944,"NGDP_RPCH",2018-05-03,3.2
"2018",964,"NGDP_RPCH",2018-05-03,4.3
"2019",964,"NGDP_RPCH",2018-05-03,3.7
"2018",968,"NGDP_RPCH",2018-05-03,4.5
"2019",968,"NGDP_RPCH",2018-05-03,3.9
"2018",144,"NGDP_RPCH",2018-05-03,2.6
"2019",144,"NGDP_RPCH",2018-05-03,2
"2018",112,"NGDP_RPCH",2018-05-03,1.5
"2019",112,"NGDP_RPCH",2018-05-03,1.2
"2018",998,"NGDP_RPCH",2018-05-03,2.3
"2019",998,"NGDP_RPCH",2018-05-03,2
"2018",111,"NGDP_RPCH",2018-05-03,2.9
"2019",111,"NGDP_RPCH",2018-05-03,2.7
"2018",158,"NGDP_RPCH",2018-05-03,1.3
"2019",158,"NGDP_RPCH",2018-05-03,1.1
"2018",124,"PCPIPCH",2018-05-03,1.6
"2019",124,"PCPIPCH",2018-05-03,1.6
"2018",134,"PCPIPCH",2018-05-03,1.6
"2019",134,"PCPIPCH",2018-05-03,1.8
"2018",939,"PCPIPCH",2018-05-03,2.9
"2019",939,"PCPIPCH",2018-05-03,2.5
"2018",178,"PCPIPCH",2018-05-03,0.8
"2019",178,"PCPIPCH",2018-05-03,1.1
"2018",174,"PCPIPCH",2018-05-03,0.5
"2019",174,"PCPIPCH",2018-05-03,1.2
"2018",184,"PCPIPCH",2018-05-03,1.4
"2019",184,"PCPIPCH",2018-05-03,1.4
"2018",132,"PCPIPCH",2018-05-03,1.7
"2019",132,"PCPIPCH",2018-05-03,1.4
"2018",136,"PCPIPCH",2018-05-03,1.2
"2019",136,"PCPIPCH",2018-05-03,1.4
"2018",423,"PCPIPCH",2018-05-03,0.7
"2019",423,"PCPIPCH",2018-05-03,1.2
"2018",941,"PCPIPCH",2018-05-03,2.7
"2019",941,"PCPIPCH",2018-05-03,2.6
"2018",946,"PCPIPCH",2018-05-03,2.7
"2019",946,"PCPIPCH",2018-05-03,2.3
"2018",137,"PCPIPCH",2018-05-03,1.5
"2019",137,"PCPIPCH",2018-05-03,1.7
"2018",181,"PCPIPCH",2018-05-03,1.6
"2019",181,"PCPIPCH",2018-05-03,1.8
"2018",138,"PCPIPCH",2018-05-03,1.6
"2019",138,"PCPIPCH",2018-05-03,2.2
"2018",122,"PCPIPCH",2018-05-03,2.1
"2019",122,"PCPIPCH",2018-05-03,1.9
"2018",182,"PCPIPCH",2018-05-03,1.2
"2019",182,"PCPIPCH",2018-05-03,1.6
"2018",961,"PCPIPCH",2018-05-03,1.9
"2019",961,"PCPIPCH",2018-05-03,2
"2018",936,"PCPIPCH",2018-05-03,2.4
"2019",936,"PCPIPCH",2018-05-03,2.1
"2018",172,"PCPIPCH",2018-05-03,1.4
"2019",172,"PCPIPCH",2018-05-03,1.7
"2018",163,"PCPIPCH",2018-05-03,1.5
"2019",163,"PCPIPCH",2018-05-03,1.6
"2018",918,"PCPIPCH",2018-05-03,1.8
"2019",918,"PCPIPCH",2018-05-03,1.8
"2018",935,"PCPIPCH",2018-05-03,2.1
"2019",935,"PCPIPCH",2018-05-03,1.8
"2018",128,"PCPIPCH",2018-05-03,0.8
"2019",128,"PCPIPCH",2018-05-03,1.4
"2018",960,"PCPIPCH",2018-05-03,1.4
"2019",960,"PCPIPCH",2018-05-03,1.5
"2018",944,"PCPIPCH",2018-05-03,2.3
"2019",944,"PCPIPCH",2018-05-03,3
"2018",964,"PCPIPCH",2018-05-03,1.3
"2019",964,"PCPIPCH",2018-05-03,2.5
"2018",968,"PCPIPCH",2018-05-03,4.2
"2019",968,"PCPIPCH",2018-05-03,3.4
"2018",144,"PCPIPCH",2018-05-03,1.9
"2019",144,"PCPIPCH",2018-05-03,1.7
"2018",112,"PCPIPCH",2018-05-03,2.5
"2019",112,"PCPIPCH",2018-05-03,1.9
"2018",998,"PCPIPCH",2018-05-03,1.7
"2019",998,"PCPIPCH",2018-05-03,1.8
"2018",111,"PCPIPCH",2018-05-03,2.2
"2019",111,"PCPIPCH",2018-05-03,2.2
"2018",158,"PCPIPCH",2018-05-03,1
"2019",158,"PCPIPCH",2018-05-03,1.1
"2018",124,"NGDP_RPCH",2018-07-12,1.7
"2019",124,"NGDP_RPCH",2018-07-12,1.6
"2018",134,"NGDP_RPCH",2018-07-12,1.9
"2019",134,"NGDP_RPCH",2018-07-12,1.9
"2018",939,"NGDP_RPCH",2018-07-12,3.5
"2019",939,"NGDP_RPCH",2018-07-12,2.7
"2018",178,"NGDP_RPCH",2018-07-12,5.6
"2019",178,"NGDP_RPCH",2018-07-12,4
"2018",174,"NGDP_RPCH",2018-07-12,1.9
"2019",174,"NGDP_RPCH",2018-07-12,2.3
"2018",184,"NGDP_RPCH",2018-07-12,2.8
"2019",184,"NGDP_RPCH",2018-07-12,2.4
"2018",132,"NGDP_RPCH",2018-07-12,1.7
"2019",132,"NGDP_RPCH",2018-07-12,1.7
"2018",136,"NGDP_RPCH",2018-07-12,1.3
"2019",136,"NGDP_RPCH",2018-07-12,1.1
"2018",423,"NGDP_RPCH",2018-07-12,3.6
"2019",423,"NGDP_RPCH",2018-07-12,3.3
"2018",941,"NGDP_RPCH",2018-07-12,3.3
"2019",941,"NGDP_RPCH",2018-07-12,3.2
"2018",946,"NGDP_RPCH",2018-07-12,3.1
"2019",946,"NGDP_RPCH",2018-07-12,2.6
"2018",137,"NGDP_RPCH",2018-07-12,3.5
"2019",137,"NGDP_RPCH",2018-07-12,3.3
"2018",181,"NGDP_RPCH",2018-07-12,5.4
"2019",181,"NGDP_RPCH",2018-07-12,5
"2018",138,"NGDP_RPCH",2018-07-12,2.8
"2019",138,"NGDP_RPCH",2018-07-12,2.5
"2018",122,"NGDP_RPCH",2018-07-12,2.8
"2019",122,"NGDP_RPCH",2018-07-12,2.1
"2018",182,"NGDP_RPCH",2018-07-12,2.2
"2019",182,"NGDP_RPCH",2018-07-12,2
"2018",961,"NGDP_RPCH",2018-07-12,4.4
"2019",961,"NGDP_RPCH",2018-07-12,3.5
"2018",936,"NGDP_RPCH",2018-07-12,3.9
"2019",936,"NGDP_RPCH",2018-07-12,4.2
"2018",172,"NGDP_RPCH",2018-07-12,2.8
"2019",172,"NGDP_RPCH",2018-07-12,2.2
"2018",163,"NGDP_RPCH",2018-07-12,2.1
"2019",163,"NGDP_RPCH",2018-07-12,2
"2018",918,"NGDP_RPCH",2018-07-12,3.8
"2019",918,"NGDP_RPCH",2018-07-12,3.7
"2018",935,"NGDP_RPCH",2018-07-12,3
"2019",935,"NGDP_RPCH",2018-07-12,2.9
"2018",128,"NGDP_RPCH",2018-07-12,1.6
"2019",128,"NGDP_RPCH",2018-07-12,1.8
"2018",960,"NGDP_RPCH",2018-07-12,2.6
"2019",960,"NGDP_RPCH",2018-07-12,2.5
"2018",944,"NGDP_RPCH",2018-07-12,4
"2019",944,"NGDP_RPCH",2018-07-12,3.2
"2018",964,"NGDP_RPCH",2018-07-12,4.6
"2019",964,"NGDP_RPCH",2018-07-12,3.7
"2018",968,"NGDP_RPCH",2018-07-12,4.1
"2019",968,"NGDP_RPCH",2018-07-12,3.8
"2018",144,"NGDP_RPCH",2018-07-12,2.4
"2019",144,"NGDP_RPCH",2018-07-12,1.9
"2018",112,"NGDP_RPCH",2018-07-12,1.3
"2019",112,"NGDP_RPCH",2018-07-12,1.2
"2018",998,"NGDP_RPCH",2018-07-12,2.1
"2019",998,"NGDP_RPCH",2018-07-12,2
"2018",124,"PCPIPCH",2018-07-12,1.9
"2019",124,"PCPIPCH",2018-07-12,1.6
"2018",134,"PCPIPCH",2018-07-12,1.7
"2019",134,"PCPIPCH",2018-07-12,1.8
"2018",939,"PCPIPCH",2018-07-12,2.9
"2019",939,"PCPIPCH",2018-07-12,2.7
"2018",178,"PCPIPCH",2018-07-12,1
"2019",178,"PCPIPCH",2018-07-12,1.3
"2018",174,"PCPIPCH",2018-07-12,0.7
"2019",174,"PCPIPCH",2018-07-12,1.3
"2018",184,"PCPIPCH",2018-07-12,1.8
"2019",184,"PCPIPCH",2018-07-12,1.6
"2018",132,"PCPIPCH",2018-07-12,1.9
"2019",132,"PCPIPCH",2018-07-12,1.5
"2018",136,"PCPIPCH",2018-07-12,1.4
"2019",136,"PCPIPCH",2018-07-12,1.6
"2018",423,"PCPIPCH",2018-07-12,0.8
"2019",423,"PCPIPCH",2018-07-12,1.4
"2018",941,"PCPIPCH",2018-07-12,2.6
"2019",941,"PCPIPCH",2018-07-12,2.6
"2018",946,"PCPIPCH",2018-07-12,2.7
"2019",946,"PCPIPCH",2018-07-12,2.2
"2018",137,"PCPIPCH",2018-07-12,1.6
"2019",137,"PCPIPCH",2018-07-12,1.9
"2018",181,"PCPIPCH",2018-07-12,1.5
"2019",181,"PCPIPCH",2018-07-12,1.8
"2018",138,"PCPIPCH",2018-07-12,1.5
"2019",138,"PCPIPCH",2018-07-12,2.3
"2018",122,"PCPIPCH",2018-07-12,2.2
"2019",122,"PCPIPCH",2018-07-12,1.9
"2018",182,"PCPIPCH",2018-07-12,1.4
"2019",182,"PCPIPCH",2018-07-12,1.6
"2018",961,"PCPIPCH",2018-07-12,2.1
"2019",961,"PCPIPCH",2018-07-12,2.2
"2018",936,"PCPIPCH",2018-07-12,2.6
"2019",936,"PCPIPCH",2018-07-12,2.2
"2018",172,"PCPIPCH",2018-07-12,1.3
"2019",172,"PCPIPCH",2018-07-12,1.7
"2018",163,"PCPIPCH",2018-07-12,1.7
"2019",163,"PCPIPCH",2018-07-12,1.7
"2018",918,"PCPIPCH",2018-07-12,2
"2019",918,"PCPIPCH",2018-07-12,1.8
"2018",935,"PCPIPCH",2018-07-12,2.1
"2019",935,"PCPIPCH",2018-07-12,2
"2018",128,"PCPIPCH",2018-07-12,0.9
"2019",128,"PCPIPCH",2018-07-12,1.5
"2018",960,"PCPIPCH",2018-07-12,1.6
"2019",960,"PCPIPCH",2018-07-12,1.8
"2018",944,"PCPIPCH",2018-07-12,2.7
"2019",944,"PCPIPCH",2018-07-12,3.2
"2018",964,"PCPIPCH",2018-07-12,1.3
"2019",964,"PCPIPCH",2018-07-12,2.6
"2018",968,"PCPIPCH",2018-07-12,4.4
"2019",968,"PCPIPCH",2018-07-12,3.4
"2018",144,"PCPIPCH",2018-07-12,1.9
"2019",144,"PCPIPCH",2018-07-12,1.7
"2018",112,"PCPIPCH",2018-07-12,2.6
"2019",112,"PCPIPCH",2018-07-12,2
"2018",998,"PCPIPCH",2018-07-12,1.9
"2019",998,"PCPIPCH",2018-07-12,1.8
"2018",124,"LUR",2018-11-08,6.4
"2019",124,"LUR",2018-11-08,6.1
"2020",124,"LUR",2018-11-08,5.9
"2018",134,"LUR",2018-11-08,3.5
"2019",134,"LUR",2018-11-08,3.2
"2020",134,"LUR",2018-11-08,3
"2018",939,"LUR",2018-11-08,5.7
"2019",939,"LUR",2018-11-08,6
"2020",939,"LUR",2018-11-08,6
"2018",178,"LUR",2018-11-08,5.6
"2019",178,"LUR",2018-11-08,5.1
"2020",178,"LUR",2018-11-08,4.9
"2018",174,"LUR",2018-11-08,19.6
"2019",174,"LUR",2018-11-08,18.2
"2020",174,"LUR",2018-11-08,16.9
"2018",184,"LUR",2018-11-08,15.6
"2019",184,"LUR",2018-11-08,14.4
"2020",184,"LUR",2018-11-08,13.3
"2018",132,"LUR",2018-11-08,9
"2019",132,"LUR",2018-11-08,8.8
"2020",132,"LUR",2018-11-08,8.4
"2018",136,"LUR",2018-11-08,10.7
"2019",136,"LUR",2018-11-08,10.4
"2020",136,"LUR",2018-11-08,10
"2018",423,"LUR",2018-11-08,8.2
"2019",423,"LUR",2018-11-08,6.3
"2020",423,"LUR",2018-11-08,4.8
"2018",941,"LUR",2018-11-08,7.3
"2019",941,"LUR",2018-11-08,6.7
"2020",941,"LUR",2018-11-08,6.5
"2018",946,"LUR",2018-11-08,6.5
"2019",946,"LUR",2018-11-08,6.3
"2020",946,"LUR",2018-11-08,6.3
"2018",137,"LUR",2018-11-08,5.3
"2019",137,"LUR",2018-11-08,5.2
"2020",137,"LUR",2018-11-08,5.2
"2018",181,"LUR",2018-11-08,3.9
"2019",181,"LUR",2018-11-08,4
"2020",181,"LUR",2018-11-08,4
"2018",138,"LUR",2018-11-08,3.9
"2019",138,"LUR",2018-11-08,3.6
"2020",138,"LUR",2018-11-08,3.6
"2018",122,"LUR",2018-11-08,4.8
"2019",122,"LUR",2018-11-08,4.6
"2020",122,"LUR",2018-11-08,4.4
"2018",182,"LUR",2018-11-08,7.1
"2019",182,"LUR",2018-11-08,6.3
"2020",182,"LUR",2018-11-08,5.9
"2018",961,"LUR",2018-11-08,5.6
"2019",961,"LUR",2018-11-08,5.3
"2020",961,"LUR",2018-11-08,5.1
"2018",936,"LUR",2018-11-08,6.9
"2019",936,"LUR",2018-11-08,6.3
"2020",936,"LUR",2018-11-08,6
"2018",172,"LUR",2018-11-08,7.8
"2019",172,"LUR",2018-11-08,7.2
"2020",172,"LUR",2018-11-08,6.9
"2018",163,"LUR",2018-11-08,8.4
"2019",163,"LUR",2018-11-08,7.9
"2020",163,"LUR",2018-11-08,7.5
"2018",918,"LUR",2018-11-08,6
"2019",918,"LUR",2018-11-08,5.8
"2020",918,"LUR",2018-11-08,5.7
"2018",935,"LUR",2018-11-08,2.4
"2019",935,"LUR",2018-11-08,2.5
"2020",935,"LUR",2018-11-08,2.6
"2018",128,"LUR",2018-11-08,5.2
"2019",128,"LUR",2018-11-08,4.9
"2020",128,"LUR",2018-11-08,4.7
"2018",960,"LUR",2018-11-08,9.1
"2019",960,"LUR",2018-11-08,7.6
"2020",960,"LUR",2018-11-08,6.6
"2018",944,"LUR",2018-11-08,3.6
"2019",944,"LUR",2018-11-08,3.3
"2020",944,"LUR",2018-11-08,3.2
"2018",964,"LUR",2018-11-08,3.3
"2019",964,"LUR",2018-11-08,2.9
"2020",964,"LUR",2018-11-08,2.8
"2018",968,"LUR",2018-11-08,4.3
"2019",968,"LUR",2018-11-08,4.2
"2020",968,"LUR",2018-11-08,4.1
"2018",144,"LUR",2018-11-08,6.3
"2019",144,"LUR",2018-11-08,6.2
"2020",144,"LUR",2018-11-08,6.2
"2018",112,"LUR",2018-11-08,4.3
"2019",112,"LUR",2018-11-08,4.5
"2020",112,"LUR",2018-11-08,4.7
"2018",998,"LUR",2018-11-08,6.9
"2019",998,"LUR",2018-11-08,6.6
"2020",998,"LUR",2018-11-08,6.3
"2018",111,"LUR",2018-11-08,3.9
"2019",111,"LUR",2018-11-08,3.5
"2020",111,"LUR",2018-11-08,3.5
"2018",158,"LUR",2018-11-08,2.7
"2019",158,"LUR",2018-11-08,2.6
"2020",158,"LUR",2018-11-08,2.5
"2018",124,"NGDP_RPCH",2018-11-08,1.5
"2019",124,"NGDP_RPCH",2018-11-08,1.5
"2020",124,"NGDP_RPCH",2018-11-08,1.4
"2018",134,"NGDP_RPCH",2018-11-08,1.7
"2019",134,"NGDP_RPCH",2018-11-08,1.8
"2020",134,"NGDP_RPCH",2018-11-08,1.7
"2018",939,"NGDP_RPCH",2018-11-08,3.5
"2019",939,"NGDP_RPCH",2018-11-08,2.8
"2020",939,"NGDP_RPCH",2018-11-08,2.6
"2018",178,"NGDP_RPCH",2018-11-08,7.8
"2019",178,"NGDP_RPCH",2018-11-08,4.5
"2020",178,"NGDP_RPCH",2018-11-08,3.8
"2018",174,"NGDP_RPCH",2018-11-08,2
"2019",174,"NGDP_RPCH",2018-11-08,2
"2020",174,"NGDP_RPCH",2018-11-08,2
"2018",184,"NGDP_RPCH",2018-11-08,2.6
"2019",184,"NGDP_RPCH",2018-11-08,2.2
"2020",184,"NGDP_RPCH",2018-11-08,2
"2018",132,"NGDP_RPCH",2018-11-08,1.7
"2019",132,"NGDP_RPCH",2018-11-08,1.6
"2020",132,"NGDP_RPCH",2018-11-08,1.6
"2018",136,"NGDP_RPCH",2018-11-08,1.1
"2019",136,"NGDP_RPCH",2018-11-08,1.2
"2020",136,"NGDP_RPCH",2018-11-08,1.3
"2018",423,"NGDP_RPCH",2018-11-08,3.9
"2019",423,"NGDP_RPCH",2018-11-08,3.5
"2020",423,"NGDP_RPCH",2018-11-08,2.9
"2018",941,"NGDP_RPCH",2018-11-08,4.1
"2019",941,"NGDP_RPCH",2018-11-08,3.2
"2020",941,"NGDP_RPCH",2018-11-08,2.9
"2018",946,"NGDP_RPCH",2018-11-08,3.4
"2019",946,"NGDP_RPCH",2018-11-08,2.8
"2020",946,"NGDP_RPCH",2018-11-08,2.5
"2018",137,"NGDP_RPCH",2018-11-08,3.1
"2019",137,"NGDP_RPCH",2018-11-08,3
"2020",137,"NGDP_RPCH",2018-11-08,2.7
"2018",181,"NGDP_RPCH",2018-11-08,5.4
"2019",181,"NGDP_RPCH",2018-11-08,4.9
"2020",181,"NGDP_RPCH",2018-11-08,4.4
"2018",138,"NGDP_RPCH",2018-11-08,2.8
"2019",138,"NGDP_RPCH",2018-11-08,2.4
"2020",138,"NGDP_RPCH",2018-11-08,1.8
"2018",122,"NGDP_RPCH",2018-11-08,2.7
"2019",122,"NGDP_RPCH",2018-11-08,2
"2020",122,"NGDP_RPCH",2018-11-08,1.8
"2018",182,"NGDP_RPCH",2018-11-08,2.2
"2019",182,"NGDP_RPCH",2018-11-08,1.8
"2020",182,"NGDP_RPCH",2018-11-08,1.7
"2018",961,"NGDP_RPCH",2018-11-08,4.3
"2019",961,"NGDP_RPCH",2018-11-08,3.3
"2020",961,"NGDP_RPCH",2018-11-08,3
"2018",936,"NGDP_RPCH",2018-11-08,4
"2019",936,"NGDP_RPCH",2018-11-08,4.1
"2020",936,"NGDP_RPCH",2018-11-08,3.5
"2018",172,"NGDP_RPCH",2018-11-08,2.9
"2019",172,"NGDP_RPCH",2018-11-08,2.2
"2020",172,"NGDP_RPCH",2018-11-08,1.9
"2018",163,"NGDP_RPCH",2018-11-08,2.1
"2019",163,"NGDP_RPCH",2018-11-08,1.9
"2020",163,"NGDP_RPCH",2018-11-08,1.7
"2018",918,"NGDP_RPCH",2018-11-08,3.5
"2019",918,"NGDP_RPCH",2018-11-08,3.7
"2020",918,"NGDP_RPCH",2018-11-08,3.6
"2018",935,"NGDP_RPCH",2018-11-08,3
"2019",935,"NGDP_RPCH",2018-11-08,2.9
"2020",935,"NGDP_RPCH",2018-11-08,2.6
"2018",128,"NGDP_RPCH",2018-11-08,1.2
"2019",128,"NGDP_RPCH",2018-11-08,1.8
"2020",128,"NGDP_RPCH",2018-11-08,1.6
"2018",960,"NGDP_RPCH",2018-11-08,2.8
"2019",960,"NGDP_RPCH",2018-11-08,2.8
"2020",960,"NGDP_RPCH",2018-11-08,2.6
"2018",944,"NGDP_RPCH",2018-11-08,4.3
"2019",944,"NGDP_RPCH",2018-11-08,3.4
"2020",944,"NGDP_RPCH",2018-11-08,2.6
"2018",964,"NGDP_RPCH",2018-11-08,4.8
"2019",964,"NGDP_RPCH",2018-11-08,3.7
"2020",964,"NGDP_RPCH",2018-11-08,3.3
"2018",968,"NGDP_RPCH",2018-11-08,3.6
"2019",968,"NGDP_RPCH",2018-11-08,3.8
"2020",968,"NGDP_RPCH",2018-11-08,3.6
"2018",144,"NGDP_RPCH",2018-11-08,2.4
"2019",144,"NGDP_RPCH",2018-11-08,1.8
"2020",144,"NGDP_RPCH",2018-11-08,1.8
"2018",112,"NGDP_RPCH",2018-11-08,1.3
"2019",112,"NGDP_RPCH",2018-11-08,1.2
"2020",112,"NGDP_RPCH",2018-11-08,1.2
"2018",998,"NGDP_RPCH",2018-11-08,2.1
"2019",998,"NGDP_RPCH",2018-11-08,1.9
"2020",998,"NGDP_RPCH",2018-11-08,1.8
"2018",111,"NGDP_RPCH",2018-11-08,2.9
"2019",111,"NGDP_RPCH",2018-11-08,2.6
"2020",111,"NGDP_RPCH",2018-11-08,1.9
"2018",158,"NGDP_RPCH",2018-11-08,1.1
"2019",158,"NGDP_RPCH",2018-11-08,1
"2020",158,"NGDP_RPCH",2018-11-08,0.5
"2018",124,"PCPIPCH",2018-11-08,2.3
"2019",124,"PCPIPCH",2018-11-08,2.1
"2020",124,"PCPIPCH",2018-11-08,1.6
"2018",134,"PCPIPCH",2018-11-08,1.8
"2019",134,"PCPIPCH",2018-11-08,1.9
"2020",134,"PCPIPCH",2018-11-08,1.6
"2018",939,"PCPIPCH",2018-11-08,3.5
"2019",939,"PCPIPCH",2018-11-08,3.3
"2020",939,"PCPIPCH",2018-11-08,2.5
"2018",178,"PCPIPCH",2018-11-08,0.7
"2019",178,"PCPIPCH",2018-11-08,1.2
"2020",178,"PCPIPCH",2018-11-08,1.4
"2018",174,"PCPIPCH",2018-11-08,0.8
"2019",174,"PCPIPCH",2018-11-08,1.2
"2020",174,"PCPIPCH",2018-11-08,1
"2018",184,"PCPIPCH",2018-11-08,1.8
"2019",184,"PCPIPCH",2018-11-08,1.7
"2020",184,"PCPIPCH",2018-11-08,1.5
"2018",132,"PCPIPCH",2018-11-08,2.1
"2019",132,"PCPIPCH",2018-11-08,1.7
"2020",132,"PCPIPCH",2018-11-08,1.6
"2018",136,"PCPIPCH",2018-11-08,1.3
"2019",136,"PCPIPCH",2018-11-08,1.5
"2020",136,"PCPIPCH",2018-11-08,1.4
"2018",423,"PCPIPCH",2018-11-08,0.8
"2019",423,"PCPIPCH",2018-11-08,1.3
"2020",423,"PCPIPCH",2018-11-08,1.4
"2018",941,"PCPIPCH",2018-11-08,2.7
"2019",941,"PCPIPCH",2018-11-08,2.7
"2020",941,"PCPIPCH",2018-11-08,2.4
"2018",946,"PCPIPCH",2018-11-08,2.6
"2019",946,"PCPIPCH",2018-11-08,2.2
"2020",946,"PCPIPCH",2018-11-08,2.1
"2018",137,"PCPIPCH",2018-11-08,2
"2019",137,"PCPIPCH",2018-11-08,2
"2020",137,"PCPIPCH",2018-11-08,1.8
"2018",181,"PCPIPCH",2018-11-08,1.8
"2019",181,"PCPIPCH",2018-11-08,1.9
"2020",181,"PCPIPCH",2018-11-08,2
"2018",138,"PCPIPCH",2018-11-08,1.6
"2019",138,"PCPIPCH",2018-11-08,2.5
"2020",138,"PCPIPCH",2018-11-08,1.7
"2018",122,"PCPIPCH",2018-11-08,2.1
"2019",122,"PCPIPCH",2018-11-08,2.1
"2020",122,"PCPIPCH",2018-11-08,2
"2018",182,"PCPIPCH",2018-11-08,1.5
"2019",182,"PCPIPCH",2018-11-08,1.6
"2020",182,"PCPIPCH",2018-11-08,1.6
"2018",961,"PCPIPCH",2018-11-08,2
"2019",961,"PCPIPCH",2018-11-08,2.3
"2020",961,"PCPIPCH",2018-11-08,2.2
"2018",936,"PCPIPCH",2018-11-08,2.6
"2019",936,"PCPIPCH",2018-11-08,2.6
"2020",936,"PCPIPCH",2018-11-08,2.4
"2018",172,"PCPIPCH",2018-11-08,1.2
"2019",172,"PCPIPCH",2018-11-08,1.6
"2020",172,"PCPIPCH",2018-11-08,1.8
"2018",163,"PCPIPCH",2018-11-08,1.8
"2019",163,"PCPIPCH",2018-11-08,1.8
"2020",163,"PCPIPCH",2018-11-08,1.6
"2018",918,"PCPIPCH",2018-11-08,2.6
"2019",918,"PCPIPCH",2018-11-08,2
"2020",918,"PCPIPCH",2018-11-08,1.8
"2018",935,"PCPIPCH",2018-11-08,2.1
"2019",935,"PCPIPCH",2018-11-08,2.2
"2020",935,"PCPIPCH",2018-11-08,1.8
"2018",128,"PCPIPCH",2018-11-08,0.8
"2019",128,"PCPIPCH",2018-11-08,1.5
"2020",128,"PCPIPCH",2018-11-08,1.7
"2018",960,"PCPIPCH",2018-11-08,1.6
"2019",960,"PCPIPCH",2018-11-08,1.5
"2020",960,"PCPIPCH",2018-11-08,1.4
"2018",944,"PCPIPCH",2018-11-08,3
"2019",944,"PCPIPCH",2018-11-08,3.3
"2020",944,"PCPIPCH",2018-11-08,3
"2018",964,"PCPIPCH",2018-11-08,1.2
"2019",964,"PCPIPCH",2018-11-08,2.6
"2020",964,"PCPIPCH",2018-11-08,2.7
"2018",968,"PCPIPCH",2018-11-08,4.3
"2019",968,"PCPIPCH",2018-11-08,3.5
"2020",968,"PCPIPCH",2018-11-08,3.3
"2018",144,"PCPIPCH",2018-11-08,2.1
"2019",144,"PCPIPCH",2018-11-08,1.9
"2020",144,"PCPIPCH",2018-11-08,1.6
"2018",112,"PCPIPCH",2018-11-08,2.6
"2019",112,"PCPIPCH",2018-11-08,2
"2020",112,"PCPIPCH",2018-11-08,1.9
"2018",998,"PCPIPCH",2018-11-08,2
"2019",998,"PCPIPCH",2018-11-08,2
"2020",998,"PCPIPCH",2018-11-08,1.8
"2018",111,"PCPIPCH",2018-11-08,2.5
"2019",111,"PCPIPCH",2018-11-08,2.4
"2020",111,"PCPIPCH",2018-11-08,2.2
"2018",158,"PCPIPCH",2018-11-08,0.8
"2019",158,"PCPIPCH",2018-11-08,1
"2020",158,"PCPIPCH",2018-11-08,1.3
"2019",124,"NGDP_RPCH",2019-02-07,1.3
"2020",124,"NGDP_RPCH",2019-02-07,1.2
"2019",134,"NGDP_RPCH",2019-02-07,1.1
"2020",134,"NGDP_RPCH",2019-02-07,1.7
"2019",939,"NGDP_RPCH",2019-02-07,2.7
"2020",939,"NGDP_RPCH",2019-02-07,2.4
"2019",178,"NGDP_RPCH",2019-02-07,4.1
"2020",178,"NGDP_RPCH",2019-02-07,3.7
"2019",174,"NGDP_RPCH",2019-02-07,2.2
"2020",174,"NGDP_RPCH",2019-02-07,2.3
"2019",184,"NGDP_RPCH",2019-02-07,2.1
"2020",184,"NGDP_RPCH",2019-02-07,1.9
"2019",132,"NGDP_RPCH",2019-02-07,1.3
"2020",132,"NGDP_RPCH",2019-02-07,1.5
"2019",136,"NGDP_RPCH",2019-02-07,0.2
"2020",136,"NGDP_RPCH",2019-02-07,0.8
"2019",423,"NGDP_RPCH",2019-02-07,3.3
"2020",423,"NGDP_RPCH",2019-02-07,2.7
"2019",941,"NGDP_RPCH",2019-02-07,3.1
"2020",941,"NGDP_RPCH",2019-02-07,2.6
"2019",946,"NGDP_RPCH",2019-02-07,2.7
"2020",946,"NGDP_RPCH",2019-02-07,2.4
"2019",137,"NGDP_RPCH",2019-02-07,2.5
"2020",137,"NGDP_RPCH",2019-02-07,2.6
"2019",181,"NGDP_RPCH",2019-02-07,5.2
"2020",181,"NGDP_RPCH",2019-02-07,4.6
"2019",138,"NGDP_RPCH",2019-02-07,1.7
"2020",138,"NGDP_RPCH",2019-02-07,1.7
"2019",122,"NGDP_RPCH",2019-02-07,1.6
"2020",122,"NGDP_RPCH",2019-02-07,1.6
"2019",182,"NGDP_RPCH",2019-02-07,1.7
"2020",182,"NGDP_RPCH",2019-02-07,1.7
"2019",961,"NGDP_RPCH",2019-02-07,3.1
"2020",961,"NGDP_RPCH",2019-02-07,2.8
"2019",936,"NGDP_RPCH",2019-02-07,4.1
"2020",936,"NGDP_RPCH",2019-02-07,3.5
"2019",172,"NGDP_RPCH",2019-02-07,1.9
"2020",172,"NGDP_RPCH",2019-02-07,1.7
"2019",163,"NGDP_RPCH",2019-02-07,1.3
"2020",163,"NGDP_RPCH",2019-02-07,1.6
"2019",918,"NGDP_RPCH",2019-02-07,3.6
"2020",918,"NGDP_RPCH",2019-02-07,3.6
"2019",935,"NGDP_RPCH",2019-02-07,2.9
"2020",935,"NGDP_RPCH",2019-02-07,2.7
"2019",128,"NGDP_RPCH",2019-02-07,1.6
"2020",128,"NGDP_RPCH",2019-02-07,1.3
"2019",960,"NGDP_RPCH",2019-02-07,2.7
"2020",960,"NGDP_RPCH",2019-02-07,2.6
"2019",944,"NGDP_RPCH",2019-02-07,3.4
"2020",944,"NGDP_RPCH",2019-02-07,2.6
"2019",964,"NGDP_RPCH",2019-02-07,3.5
"2020",964,"NGDP_RPCH",2019-02-07,3.2
"2019",968,"NGDP_RPCH",2019-02-07,3.8
"2020",968,"NGDP_RPCH",2019-02-07,3.6
"2019",144,"NGDP_RPCH",2019-02-07,1.3
"2020",144,"NGDP_RPCH",2019-02-07,1.7
"2019",112,"NGDP_RPCH",2019-02-07,1.3
"2020",112,"NGDP_RPCH",2019-02-07,1.3
"2019",998,"NGDP_RPCH",2019-02-07,1.5
"2020",998,"NGDP_RPCH",2019-02-07,1.7
"2019",124,"PCPIPCH",2019-02-07,1.9
"2020",124,"PCPIPCH",2019-02-07,1.7
"2019",134,"PCPIPCH",2019-02-07,1.4
"2020",134,"PCPIPCH",2019-02-07,1.5
"2019",939,"PCPIPCH",2019-02-07,2.8
"2020",939,"PCPIPCH",2019-02-07,2.3
"2019",178,"PCPIPCH",2019-02-07,0.9
"2020",178,"PCPIPCH",2019-02-07,1.4
"2019",174,"PCPIPCH",2019-02-07,0.7
"2020",174,"PCPIPCH",2019-02-07,1.3
"2019",184,"PCPIPCH",2019-02-07,1.2
"2020",184,"PCPIPCH",2019-02-07,1.5
"2019",132,"PCPIPCH",2019-02-07,1.4
"2020",132,"PCPIPCH",2019-02-07,1.7
"2019",136,"PCPIPCH",2019-02-07,1
"2020",136,"PCPIPCH",2019-02-07,1.3
"2019",423,"PCPIPCH",2019-02-07,0.7
"2020",423,"PCPIPCH",2019-02-07,1.2
"2019",941,"PCPIPCH",2019-02-07,2.7
"2020",941,"PCPIPCH",2019-02-07,2.1
"2019",946,"PCPIPCH",2019-02-07,2.2
"2020",946,"PCPIPCH",2019-02-07,2.1
"2019",137,"PCPIPCH",2019-02-07,1.6
"2020",137,"PCPIPCH",2019-02-07,1.8
"2019",181,"PCPIPCH",2019-02-07,1.8
"2020",181,"PCPIPCH",2019-02-07,1.9
"2019",138,"PCPIPCH",2019-02-07,2.4
"2020",138,"PCPIPCH",2019-02-07,1.7
"2019",122,"PCPIPCH",2019-02-07,2
"2020",122,"PCPIPCH",2019-02-07,2
"2019",182,"PCPIPCH",2019-02-07,1.3
"2020",182,"PCPIPCH",2019-02-07,1.6
"2019",961,"PCPIPCH",2019-02-07,1.9
"2020",961,"PCPIPCH",2019-02-07,2.1
"2019",936,"PCPIPCH",2019-02-07,2.5
"2020",936,"PCPIPCH",2019-02-07,2.4
"2019",172,"PCPIPCH",2019-02-07,1.4
"2020",172,"PCPIPCH",2019-02-07,1.8
"2019",163,"PCPIPCH",2019-02-07,1.4
"2020",163,"PCPIPCH",2019-02-07,1.5
"2019",918,"PCPIPCH",2019-02-07,2
"2020",918,"PCPIPCH",2019-02-07,1.8
"2019",935,"PCPIPCH",2019-02-07,2.1
"2020",935,"PCPIPCH",2019-02-07,1.9
"2019",128,"PCPIPCH",2019-02-07,1.2
"2020",128,"PCPIPCH",2019-02-07,1.7
"2019",960,"PCPIPCH",2019-02-07,1.4
"2020",960,"PCPIPCH",2019-02-07,1.4
"2019",944,"PCPIPCH",2019-02-07,2.8
"2020",944,"PCPIPCH",2019-02-07,3
"2019",964,"PCPIPCH",2019-02-07,2.3
"2020",964,"PCPIPCH",2019-02-07,2.7
"2019",968,"PCPIPCH",2019-02-07,3.3
"2020",968,"PCPIPCH",2019-02-07,3.1
"2019",144,"PCPIPCH",2019-02-07,1.7
"2020",144,"PCPIPCH",2019-02-07,1.6
"2019",112,"PCPIPCH",2019-02-07,1.8
"2020",112,"PCPIPCH",2019-02-07,2
"2019",998,"PCPIPCH",2019-02-07,1.6
"2020",998,"PCPIPCH",2019-02-07,1.8
"2019",124,"LUR",2019-05-07,5.6
"2020",124,"LUR",2019-05-07,5.3
"2019",134,"LUR",2019-05-07,3.1
"2020",134,"LUR",2019-05-07,2.7
"2019",939,"LUR",2019-05-07,5.7
"2020",939,"LUR",2019-05-07,5.7
"2019",178,"LUR",2019-05-07,5.4
"2020",178,"LUR",2019-05-07,5
"2019",174,"LUR",2019-05-07,18.2
"2020",174,"LUR",2019-05-07,16.8
"2019",184,"LUR",2019-05-07,13.5
"2020",184,"LUR",2019-05-07,12.2
"2019",132,"LUR",2019-05-07,8.8
"2020",132,"LUR",2019-05-07,8.5
"2019",136,"LUR",2019-05-07,10.9
"2020",136,"LUR",2019-05-07,11
"2019",423,"LUR",2019-05-07,6.7
"2020",423,"LUR",2019-05-07,5.9
"2019",941,"LUR",2019-05-07,6.9
"2020",941,"LUR",2019-05-07,6.7
"2019",946,"LUR",2019-05-07,6.2
"2020",946,"LUR",2019-05-07,6
"2019",137,"LUR",2019-05-07,5.2
"2020",137,"LUR",2019-05-07,5.2
"2019",181,"LUR",2019-05-07,3.8
"2020",181,"LUR",2019-05-07,3.9
"2019",138,"LUR",2019-05-07,3.5
"2020",138,"LUR",2019-05-07,3.6
"2019",122,"LUR",2019-05-07,4.7
"2020",122,"LUR",2019-05-07,4.7
"2019",182,"LUR",2019-05-07,6.2
"2020",182,"LUR",2019-05-07,5.7
"2019",961,"LUR",2019-05-07,4.8
"2020",961,"LUR",2019-05-07,4.6
"2019",936,"LUR",2019-05-07,5.9
"2020",936,"LUR",2019-05-07,5.6
"2019",172,"LUR",2019-05-07,6.7
"2020",172,"LUR",2019-05-07,6.2
"2019",163,"LUR",2019-05-07,7.7
"2020",163,"LUR",2019-05-07,7.3
"2019",918,"LUR",2019-05-07,5
"2020",918,"LUR",2019-05-07,4.8
"2019",935,"LUR",2019-05-07,2.2
"2020",935,"LUR",2019-05-07,2.3
"2019",128,"LUR",2019-05-07,4.8
"2020",128,"LUR",2019-05-07,4.7
"2019",960,"LUR",2019-05-07,7.8
"2020",960,"LUR",2019-05-07,6.9
"2019",944,"LUR",2019-05-07,3.5
"2020",944,"LUR",2019-05-07,3.5
"2019",964,"LUR",2019-05-07,3.8
"2020",964,"LUR",2019-05-07,3.5
"2019",968,"LUR",2019-05-07,4.1
"2020",968,"LUR",2019-05-07,4
"2019",144,"LUR",2019-05-07,6.4
"2020",144,"LUR",2019-05-07,6.4
"2019",112,"LUR",2019-05-07,4.1
"2020",112,"LUR",2019-05-07,4.2
"2019",998,"LUR",2019-05-07,6.5
"2020",998,"LUR",2019-05-07,6.2
"2019",158,"LUR",2019-05-07,2.3
"2020",158,"LUR",2019-05-07,2.2
"2019",111,"LUR",2019-05-07,3.8
"2020",111,"LUR",2019-05-07,3.7
"2019",124,"NGDP_RPCH",2019-05-07,1.2
"2020",124,"NGDP_RPCH",2019-05-07,1.2
"2019",134,"NGDP_RPCH",2019-05-07,0.5
"2020",134,"NGDP_RPCH",2019-05-07,1.5
"2019",939,"NGDP_RPCH",2019-05-07,2.8
"2020",939,"NGDP_RPCH",2019-05-07,2.4
"2019",178,"NGDP_RPCH",2019-05-07,3.8
"2020",178,"NGDP_RPCH",2019-05-07,3.4
"2019",174,"NGDP_RPCH",2019-05-07,2.2
"2020",174,"NGDP_RPCH",2019-05-07,2.2
"2019",184,"NGDP_RPCH",2019-05-07,2.1
"2020",184,"NGDP_RPCH",2019-05-07,1.9
"2019",132,"NGDP_RPCH",2019-05-07,1.3
"2020",132,"NGDP_RPCH",2019-05-07,1.5
"2019",136,"NGDP_RPCH",2019-05-07,0.1
"2020",136,"NGDP_RPCH",2019-05-07,0.7
"2019",423,"NGDP_RPCH",2019-05-07,3.1
"2020",423,"NGDP_RPCH",2019-05-07,2.7
"2019",941,"NGDP_RPCH",2019-05-07,3.1
"2020",941,"NGDP_RPCH",2019-05-07,2.8
"2019",946,"NGDP_RPCH",2019-05-07,2.7
"2020",946,"NGDP_RPCH",2019-05-07,2.4
"2019",137,"NGDP_RPCH",2019-05-07,2.5
"2020",137,"NGDP_RPCH",2019-05-07,2.6
"2019",181,"NGDP_RPCH",2019-05-07,5.5
"2020",181,"NGDP_RPCH",2019-05-07,4.8
"2019",138,"NGDP_RPCH",2019-05-07,1.6
"2020",138,"NGDP_RPCH",2019-05-07,1.6
"2019",122,"NGDP_RPCH",2019-05-07,1.5
"2020",122,"NGDP_RPCH",2019-05-07,1.6
"2019",182,"NGDP_RPCH",2019-05-07,1.7
"2020",182,"NGDP_RPCH",2019-05-07,1.7
"2019",961,"NGDP_RPCH",2019-05-07,3.1
"2020",961,"NGDP_RPCH",2019-05-07,2.8
"2019",936,"NGDP_RPCH",2019-05-07,3.8
"2020",936,"NGDP_RPCH",2019-05-07,3.4
"2019",172,"NGDP_RPCH",2019-05-07,1.6
"2020",172,"NGDP_RPCH",2019-05-07,1.2
"2019",163,"NGDP_RPCH",2019-05-07,1.2
"2020",163,"NGDP_RPCH",2019-05-07,1.5
"2019",918,"NGDP_RPCH",2019-05-07,3.3
"2020",918,"NGDP_RPCH",2019-05-07,3.4
"2019",935,"NGDP_RPCH",2019-05-07,2.6
"2020",935,"NGDP_RPCH",2019-05-07,2.4
"2019",128,"NGDP_RPCH",2019-05-07,1.7
"2020",128,"NGDP_RPCH",2019-05-07,1.6
"2019",960,"NGDP_RPCH",2019-05-07,2.6
"2020",960,"NGDP_RPCH",2019-05-07,2.5
"2019",944,"NGDP_RPCH",2019-05-07,3.7
"2020",944,"NGDP_RPCH",2019-05-07,2.8
"2019",964,"NGDP_RPCH",2019-05-07,4.2
"2020",964,"NGDP_RPCH",2019-05-07,3.6
"2019",968,"NGDP_RPCH",2019-05-07,3.3
"2020",968,"NGDP_RPCH",2019-05-07,3.1
"2019",144,"NGDP_RPCH",2019-05-07,1.4
"2020",144,"NGDP_RPCH",2019-05-07,1.6
"2019",112,"NGDP_RPCH",2019-05-07,1.3
"2020",112,"NGDP_RPCH",2019-05-07,1.3
"2019",998,"NGDP_RPCH",2019-05-07,1.4
"2020",998,"NGDP_RPCH",2019-05-07,1.6
"2019",158,"NGDP_RPCH",2019-05-07,0.8
"2020",158,"NGDP_RPCH",2019-05-07,0.6
"2019",111,"NGDP_RPCH",2019-05-07,2.4
"2020",111,"NGDP_RPCH",2019-05-07,1.9
"2019",124,"PCPIPCH",2019-05-07,1.8
"2020",124,"PCPIPCH",2019-05-07,1.6
"2019",134,"PCPIPCH",2019-05-07,1.5
"2020",134,"PCPIPCH",2019-05-07,1.5
"2019",939,"PCPIPCH",2019-05-07,2.4
"2020",939,"PCPIPCH",2019-05-07,2.2
"2019",178,"PCPIPCH",2019-05-07,1
"2020",178,"PCPIPCH",2019-05-07,1.3
"2019",174,"PCPIPCH",2019-05-07,0.8
"2020",174,"PCPIPCH",2019-05-07,0.8
"2019",184,"PCPIPCH",2019-05-07,1.1
"2020",184,"PCPIPCH",2019-05-07,1.4
"2019",132,"PCPIPCH",2019-05-07,1.3
"2020",132,"PCPIPCH",2019-05-07,1.4
"2019",136,"PCPIPCH",2019-05-07,0.9
"2020",136,"PCPIPCH",2019-05-07,1.1
"2019",423,"PCPIPCH",2019-05-07,0.9
"2020",423,"PCPIPCH",2019-05-07,1.1
"2019",941,"PCPIPCH",2019-05-07,2.8
"2020",941,"PCPIPCH",2019-05-07,2.4
"2019",946,"PCPIPCH",2019-05-07,2.1
"2020",946,"PCPIPCH",2019-05-07,2.1
"2019",137,"PCPIPCH",2019-05-07,1.8
"2020",137,"PCPIPCH",2019-05-07,1.7
"2019",181,"PCPIPCH",2019-05-07,1.8
"2020",181,"PCPIPCH",2019-05-07,1.9
"2019",138,"PCPIPCH",2019-05-07,2.5
"2020",138,"PCPIPCH",2019-05-07,1.5
"2019",122,"PCPIPCH",2019-05-07,1.8
"2020",122,"PCPIPCH",2019-05-07,1.9
"2019",182,"PCPIPCH",2019-05-07,1.1
"2020",182,"PCPIPCH",2019-05-07,1.6
"2019",961,"PCPIPCH",2019-05-07,1.8
"2020",961,"PCPIPCH",2019-05-07,2.1
"2019",936,"PCPIPCH",2019-05-07,2.4
"2020",936,"PCPIPCH",2019-05-07,2.3
"2019",172,"PCPIPCH",2019-05-07,1.4
"2020",172,"PCPIPCH",2019-05-07,1.6
"2019",163,"PCPIPCH",2019-05-07,1.4
"2020",163,"PCPIPCH",2019-05-07,1.4
"2019",918,"PCPIPCH",2019-05-07,2
"2020",918,"PCPIPCH",2019-05-07,1.8
"2019",935,"PCPIPCH",2019-05-07,2.4
"2020",935,"PCPIPCH",2019-05-07,2
"2019",128,"PCPIPCH",2019-05-07,1.3
"2020",128,"PCPIPCH",2019-05-07,1.5
"2019",960,"PCPIPCH",2019-05-07,1
"2020",960,"PCPIPCH",2019-05-07,1.2
"2019",944,"PCPIPCH",2019-05-07,3.2
"2020",944,"PCPIPCH",2019-05-07,3.2
"2019",964,"PCPIPCH",2019-05-07,1.8
"2020",964,"PCPIPCH",2019-05-07,2.5
"2019",968,"PCPIPCH",2019-05-07,3.6
"2020",968,"PCPIPCH",2019-05-07,3
"2019",144,"PCPIPCH",2019-05-07,1.5
"2020",144,"PCPIPCH",2019-05-07,1.6
"2019",112,"PCPIPCH",2019-05-07,2
"2020",112,"PCPIPCH",2019-05-07,2.1
"2019",998,"PCPIPCH",2019-05-07,1.6
"2020",998,"PCPIPCH",2019-05-07,1.7
"2019",158,"PCPIPCH",2019-05-07,0.7
"2020",158,"PCPIPCH",2019-05-07,0.9
"2019",111,"PCPIPCH",2019-05-07,2
"2020",111,"PCPIPCH",2019-05-07,2
"2019",124,"NGDP_RPCH",2019-07-10,1.2
"2020",124,"NGDP_RPCH",2019-07-10,1.2
"2019",134,"NGDP_RPCH",2019-07-10,0.5
"2020",134,"NGDP_RPCH",2019-07-10,1.4
"2019",939,"NGDP_RPCH",2019-07-10,2.9
"2020",939,"NGDP_RPCH",2019-07-10,2.3
"2019",178,"NGDP_RPCH",2019-07-10,4
"2020",178,"NGDP_RPCH",2019-07-10,3.4
"2019",174,"NGDP_RPCH",2019-07-10,2.1
"2020",174,"NGDP_RPCH",2019-07-10,2.2
"2019",184,"NGDP_RPCH",2019-07-10,2.3
"2020",184,"NGDP_RPCH",2019-07-10,1.9
"2019",132,"NGDP_RPCH",2019-07-10,1.3
"2020",132,"NGDP_RPCH",2019-07-10,1.4
"2019",136,"NGDP_RPCH",2019-07-10,0.1
"2020",136,"NGDP_RPCH",2019-07-10,0.7
"2019",423,"NGDP_RPCH",2019-07-10,2.9
"2020",423,"NGDP_RPCH",2019-07-10,2.6
"2019",941,"NGDP_RPCH",2019-07-10,3
"2020",941,"NGDP_RPCH",2019-07-10,2.8
"2019",946,"NGDP_RPCH",2019-07-10,3.1
"2020",946,"NGDP_RPCH",2019-07-10,2.4
"2019",137,"NGDP_RPCH",2019-07-10,2.4
"2020",137,"NGDP_RPCH",2019-07-10,2.6
"2019",181,"NGDP_RPCH",2019-07-10,5.3
"2020",181,"NGDP_RPCH",2019-07-10,4.8
"2019",138,"NGDP_RPCH",2019-07-10,1.6
"2020",138,"NGDP_RPCH",2019-07-10,1.5
"2019",122,"NGDP_RPCH",2019-07-10,1.5
"2020",122,"NGDP_RPCH",2019-07-10,1.5
"2019",182,"NGDP_RPCH",2019-07-10,1.7
"2020",182,"NGDP_RPCH",2019-07-10,1.7
"2019",961,"NGDP_RPCH",2019-07-10,3.2
"2020",961,"NGDP_RPCH",2019-07-10,2.8
"2019",936,"NGDP_RPCH",2019-07-10,3.6
"2020",936,"NGDP_RPCH",2019-07-10,3.3
"2019",172,"NGDP_RPCH",2019-07-10,1.5
"2020",172,"NGDP_RPCH",2019-07-10,1.2
"2019",163,"NGDP_RPCH",2019-07-10,1.2
"2020",163,"NGDP_RPCH",2019-07-10,1.4
"2019",918,"NGDP_RPCH",2019-07-10,3.3
"2020",918,"NGDP_RPCH",2019-07-10,3.4
"2019",935,"NGDP_RPCH",2019-07-10,2.6
"2020",935,"NGDP_RPCH",2019-07-10,2.5
"2019",128,"NGDP_RPCH",2019-07-10,1.7
"2020",128,"NGDP_RPCH",2019-07-10,1.6
"2019",960,"NGDP_RPCH",2019-07-10,3.1
"2020",960,"NGDP_RPCH",2019-07-10,2.7
"2019",944,"NGDP_RPCH",2019-07-10,4.4
"2020",944,"NGDP_RPCH",2019-07-10,2.8
"2019",964,"NGDP_RPCH",2019-07-10,4.4
"2020",964,"NGDP_RPCH",2019-07-10,3.6
"2019",968,"NGDP_RPCH",2019-07-10,4
"2020",968,"NGDP_RPCH",2019-07-10,3.7
"2019",144,"NGDP_RPCH",2019-07-10,1.7
"2020",144,"NGDP_RPCH",2019-07-10,1.5
"2019",112,"NGDP_RPCH",2019-07-10,1.3
"2020",112,"NGDP_RPCH",2019-07-10,1.3
"2019",998,"NGDP_RPCH",2019-07-10,1.4
"2020",998,"NGDP_RPCH",2019-07-10,1.6
"2019",124,"PCPIPCH",2019-07-10,1.6
"2020",124,"PCPIPCH",2019-07-10,1.6
"2019",134,"PCPIPCH",2019-07-10,1.4
"2020",134,"PCPIPCH",2019-07-10,1.3
"2019",939,"PCPIPCH",2019-07-10,2.4
"2020",939,"PCPIPCH",2019-07-10,2.1
"2019",178,"PCPIPCH",2019-07-10,1.1
"2020",178,"PCPIPCH",2019-07-10,1.3
"2019",174,"PCPIPCH",2019-07-10,0.8
"2020",174,"PCPIPCH",2019-07-10,0.8
"2019",184,"PCPIPCH",2019-07-10,0.9
"2020",184,"PCPIPCH",2019-07-10,1.2
"2019",132,"PCPIPCH",2019-07-10,1.3
"2020",132,"PCPIPCH",2019-07-10,1.4
"2019",136,"PCPIPCH",2019-07-10,0.8
"2020",136,"PCPIPCH",2019-07-10,1
"2019",423,"PCPIPCH",2019-07-10,0.5
"2020",423,"PCPIPCH",2019-07-10,0.9
"2019",941,"PCPIPCH",2019-07-10,3.1
"2020",941,"PCPIPCH",2019-07-10,2.5
"2019",946,"PCPIPCH",2019-07-10,2.2
"2020",946,"PCPIPCH",2019-07-10,2.1
"2019",137,"PCPIPCH",2019-07-10,1.7
"2020",137,"PCPIPCH",2019-07-10,1.6
"2019",181,"PCPIPCH",2019-07-10,1.8
"2020",181,"PCPIPCH",2019-07-10,1.9
"2019",138,"PCPIPCH",2019-07-10,2.5
"2020",138,"PCPIPCH",2019-07-10,1.4
"2019",122,"PCPIPCH",2019-07-10,1.7
"2020",122,"PCPIPCH",2019-07-10,1.7
"2019",182,"PCPIPCH",2019-07-10,0.9
"2020",182,"PCPIPCH",2019-07-10,1.5
"2019",961,"PCPIPCH",2019-07-10,1.7
"2020",961,"PCPIPCH",2019-07-10,2
"2019",936,"PCPIPCH",2019-07-10,2.4
"2020",936,"PCPIPCH",2019-07-10,2.3
"2019",172,"PCPIPCH",2019-07-10,1.4
"2020",172,"PCPIPCH",2019-07-10,1.6
"2019",163,"PCPIPCH",2019-07-10,1.3
"2020",163,"PCPIPCH",2019-07-10,1.3
"2019",918,"PCPIPCH",2019-07-10,2.4
"2020",918,"PCPIPCH",2019-07-10,1.7
"2019",935,"PCPIPCH",2019-07-10,2.4
"2020",935,"PCPIPCH",2019-07-10,2.1
"2019",128,"PCPIPCH",2019-07-10,1
"2020",128,"PCPIPCH",2019-07-10,1.4
"2019",960,"PCPIPCH",2019-07-10,0.9
"2020",960,"PCPIPCH",2019-07-10,1
"2019",944,"PCPIPCH",2019-07-10,3.2
"2020",944,"PCPIPCH",2019-07-10,3.2
"2019",964,"PCPIPCH",2019-07-10,2.1
"2020",964,"PCPIPCH",2019-07-10,2.7
"2019",968,"PCPIPCH",2019-07-10,4.2
"2020",968,"PCPIPCH",2019-07-10,3.7
"2019",144,"PCPIPCH",2019-07-10,1.7
"2020",144,"PCPIPCH",2019-07-10,1.6
"2019",112,"PCPIPCH",2019-07-10,1.8
"2020",112,"PCPIPCH",2019-07-10,2
"2019",998,"PCPIPCH",2019-07-10,1.5
"2020",998,"PCPIPCH",2019-07-10,1.6
"2019",124,"LUR",2019-11-07,5.5
"2020",124,"LUR",2019-11-07,5.4
"2021",124,"LUR",2019-11-07,5.3
"2019",134,"LUR",2019-11-07,3.2
"2020",134,"LUR",2019-11-07,3.4
"2021",134,"LUR",2019-11-07,3.5
"2019",939,"LUR",2019-11-07,5.1
"2020",939,"LUR",2019-11-07,5.4
"2021",939,"LUR",2019-11-07,5.8
"2019",178,"LUR",2019-11-07,5.2
"2020",178,"LUR",2019-11-07,5
"2021",178,"LUR",2019-11-07,5
"2019",174,"LUR",2019-11-07,17.3
"2020",174,"LUR",2019-11-07,15.4
"2021",174,"LUR",2019-11-07,14
"2019",184,"LUR",2019-11-07,13.9
"2020",184,"LUR",2019-11-07,13.3
"2021",184,"LUR",2019-11-07,12.8
"2019",132,"LUR",2019-11-07,8.5
"2020",132,"LUR",2019-11-07,8.2
"2021",132,"LUR",2019-11-07,8
"2019",136,"LUR",2019-11-07,10
"2020",136,"LUR",2019-11-07,10
"2021",136,"LUR",2019-11-07,10
"2019",423,"LUR",2019-11-07,7.2
"2020",423,"LUR",2019-11-07,6.3
"2021",423,"LUR",2019-11-07,5.7
"2019",941,"LUR",2019-11-07,6.6
"2020",941,"LUR",2019-11-07,6.4
"2021",941,"LUR",2019-11-07,6.4
"2019",946,"LUR",2019-11-07,6.2
"2020",946,"LUR",2019-11-07,6.2
"2021",946,"LUR",2019-11-07,6.2
"2019",137,"LUR",2019-11-07,5.3
"2020",137,"LUR",2019-11-07,5.3
"2021",137,"LUR",2019-11-07,5.3
"2019",181,"LUR",2019-11-07,3.6
"2020",181,"LUR",2019-11-07,3.5
"2021",181,"LUR",2019-11-07,3.6
"2019",138,"LUR",2019-11-07,3.5
"2020",138,"LUR",2019-11-07,3.7
"2021",138,"LUR",2019-11-07,4.1
"2019",122,"LUR",2019-11-07,4.6
"2020",122,"LUR",2019-11-07,4.6
"2021",122,"LUR",2019-11-07,4.6
"2019",182,"LUR",2019-11-07,6.3
"2020",182,"LUR",2019-11-07,5.9
"2021",182,"LUR",2019-11-07,5.6
"2019",961,"LUR",2019-11-07,4.4
"2020",961,"LUR",2019-11-07,4.2
"2021",961,"LUR",2019-11-07,4.2
"2019",936,"LUR",2019-11-07,5.8
"2020",936,"LUR",2019-11-07,5.7
"2021",936,"LUR",2019-11-07,5.6
"2019",172,"LUR",2019-11-07,6.7
"2020",172,"LUR",2019-11-07,6.5
"2021",172,"LUR",2019-11-07,6.4
"2019",163,"LUR",2019-11-07,7.6
"2020",163,"LUR",2019-11-07,7.4
"2021",163,"LUR",2019-11-07,7.3
"2019",918,"LUR",2019-11-07,4.4
"2020",918,"LUR",2019-11-07,4.1
"2021",918,"LUR",2019-11-07,4
"2019",935,"LUR",2019-11-07,2.1
"2020",935,"LUR",2019-11-07,2.2
"2021",935,"LUR",2019-11-07,2.3
"2019",128,"LUR",2019-11-07,4.9
"2020",128,"LUR",2019-11-07,4.8
"2021",128,"LUR",2019-11-07,4.7
"2019",960,"LUR",2019-11-07,6.9
"2020",960,"LUR",2019-11-07,5.8
"2021",960,"LUR",2019-11-07,4.9
"2019",944,"LUR",2019-11-07,3.4
"2020",944,"LUR",2019-11-07,3.4
"2021",944,"LUR",2019-11-07,3.4
"2019",964,"LUR",2019-11-07,3.5
"2020",964,"LUR",2019-11-07,3.6
"2021",964,"LUR",2019-11-07,3.5
"2019",968,"LUR",2019-11-07,3.9
"2020",968,"LUR",2019-11-07,4.2
"2021",968,"LUR",2019-11-07,4.3
"2019",144,"LUR",2019-11-07,6.8
"2020",144,"LUR",2019-11-07,7.1
"2021",144,"LUR",2019-11-07,7.2
"2019",112,"LUR",2019-11-07,3.8
"2020",112,"LUR",2019-11-07,4
"2021",112,"LUR",2019-11-07,4.1
"2019",998,"LUR",2019-11-07,6.3
"2020",998,"LUR",2019-11-07,6.2
"2021",998,"LUR",2019-11-07,6.2
"2019",158,"LUR",2019-11-07,2.3
"2020",158,"LUR",2019-11-07,2.2
"2021",158,"LUR",2019-11-07,2.2
"2019",111,"LUR",2019-11-07,3.7
"2020",111,"LUR",2019-11-07,3.7
"2021",111,"LUR",2019-11-07,3.7
"2019",124,"NGDP_RPCH",2019-11-07,1.1
"2020",124,"NGDP_RPCH",2019-11-07,1
"2021",124,"NGDP_RPCH",2019-11-07,1
"2019",134,"NGDP_RPCH",2019-11-07,0.4
"2020",134,"NGDP_RPCH",2019-11-07,1
"2021",134,"NGDP_RPCH",2019-11-07,1
"2019",939,"NGDP_RPCH",2019-11-07,3.2
"2020",939,"NGDP_RPCH",2019-11-07,2.1
"2021",939,"NGDP_RPCH",2019-11-07,2.4
"2019",178,"NGDP_RPCH",2019-11-07,5.6
"2020",178,"NGDP_RPCH",2019-11-07,3.5
"2021",178,"NGDP_RPCH",2019-11-07,3.2
"2019",174,"NGDP_RPCH",2019-11-07,1.8
"2020",174,"NGDP_RPCH",2019-11-07,2.3
"2021",174,"NGDP_RPCH",2019-11-07,2
"2019",184,"NGDP_RPCH",2019-11-07,1.9
"2020",184,"NGDP_RPCH",2019-11-07,1.5
"2021",184,"NGDP_RPCH",2019-11-07,1.4
"2019",132,"NGDP_RPCH",2019-11-07,1.3
"2020",132,"NGDP_RPCH",2019-11-07,1.3
"2021",132,"NGDP_RPCH",2019-11-07,1.2
"2019",136,"NGDP_RPCH",2019-11-07,0.1
"2020",136,"NGDP_RPCH",2019-11-07,0.4
"2021",136,"NGDP_RPCH",2019-11-07,0.7
"2019",423,"NGDP_RPCH",2019-11-07,2.9
"2020",423,"NGDP_RPCH",2019-11-07,2.6
"2021",423,"NGDP_RPCH",2019-11-07,2.3
"2019",941,"NGDP_RPCH",2019-11-07,2.5
"2020",941,"NGDP_RPCH",2019-11-07,2.6
"2021",941,"NGDP_RPCH",2019-11-07,2.7
"2019",946,"NGDP_RPCH",2019-11-07,3.8
"2020",946,"NGDP_RPCH",2019-11-07,2.4
"2021",946,"NGDP_RPCH",2019-11-07,2.4
"2019",137,"NGDP_RPCH",2019-11-07,2.6
"2020",137,"NGDP_RPCH",2019-11-07,2.6
"2021",137,"NGDP_RPCH",2019-11-07,2.6
"2019",181,"NGDP_RPCH",2019-11-07,5
"2020",181,"NGDP_RPCH",2019-11-07,4.2
"2021",181,"NGDP_RPCH",2019-11-07,3.8
"2019",138,"NGDP_RPCH",2019-11-07,1.7
"2020",138,"NGDP_RPCH",2019-11-07,1.3
"2021",138,"NGDP_RPCH",2019-11-07,1.3
"2019",122,"NGDP_RPCH",2019-11-07,1.5
"2020",122,"NGDP_RPCH",2019-11-07,1.4
"2021",122,"NGDP_RPCH",2019-11-07,1.4
"2019",182,"NGDP_RPCH",2019-11-07,2
"2020",182,"NGDP_RPCH",2019-11-07,1.7
"2021",182,"NGDP_RPCH",2019-11-07,1.7
"2019",961,"NGDP_RPCH",2019-11-07,2.6
"2020",961,"NGDP_RPCH",2019-11-07,2.7
"2021",961,"NGDP_RPCH",2019-11-07,2.7
"2019",936,"NGDP_RPCH",2019-11-07,2.7
"2020",936,"NGDP_RPCH",2019-11-07,2.6
"2021",936,"NGDP_RPCH",2019-11-07,2.7
"2019",172,"NGDP_RPCH",2019-11-07,1.4
"2020",172,"NGDP_RPCH",2019-11-07,1.1
"2021",172,"NGDP_RPCH",2019-11-07,1
"2019",163,"NGDP_RPCH",2019-11-07,1.1
"2020",163,"NGDP_RPCH",2019-11-07,1.2
"2021",163,"NGDP_RPCH",2019-11-07,1.2
"2019",918,"NGDP_RPCH",2019-11-07,3.6
"2020",918,"NGDP_RPCH",2019-11-07,3
"2021",918,"NGDP_RPCH",2019-11-07,2.9
"2019",935,"NGDP_RPCH",2019-11-07,2.5
"2020",935,"NGDP_RPCH",2019-11-07,2.2
"2021",935,"NGDP_RPCH",2019-11-07,2.1
"2019",128,"NGDP_RPCH",2019-11-07,2
"2020",128,"NGDP_RPCH",2019-11-07,1.5
"2021",128,"NGDP_RPCH",2019-11-07,1.6
"2019",960,"NGDP_RPCH",2019-11-07,2.9
"2020",960,"NGDP_RPCH",2019-11-07,2.6
"2021",960,"NGDP_RPCH",2019-11-07,2.4
"2019",944,"NGDP_RPCH",2019-11-07,4.6
"2020",944,"NGDP_RPCH",2019-11-07,2.8
"2021",944,"NGDP_RPCH",2019-11-07,2.8
"2019",964,"NGDP_RPCH",2019-11-07,4.1
"2020",964,"NGDP_RPCH",2019-11-07,3.3
"2021",964,"NGDP_RPCH",2019-11-07,3.3
"2019",968,"NGDP_RPCH",2019-11-07,4.1
"2020",968,"NGDP_RPCH",2019-11-07,3.6
"2021",968,"NGDP_RPCH",2019-11-07,3.3
"2019",144,"NGDP_RPCH",2019-11-07,1.1
"2020",144,"NGDP_RPCH",2019-11-07,1
"2021",144,"NGDP_RPCH",2019-11-07,1.4
"2019",112,"NGDP_RPCH",2019-11-07,1.3
"2020",112,"NGDP_RPCH",2019-11-07,1.4
"2021",112,"NGDP_RPCH",2019-11-07,1.4
"2019",998,"NGDP_RPCH",2019-11-07,1.4
"2020",998,"NGDP_RPCH",2019-11-07,1.4
"2021",998,"NGDP_RPCH",2019-11-07,1.4
"2019",158,"NGDP_RPCH",2019-11-07,0.9
"2020",158,"NGDP_RPCH",2019-11-07,0.4
"2021",158,"NGDP_RPCH",2019-11-07,0.6
"2019",111,"NGDP_RPCH",2019-11-07,2.3
"2020",111,"NGDP_RPCH",2019-11-07,1.8
"2021",111,"NGDP_RPCH",2019-11-07,1.6
"2019",124,"PCPIPCH",2019-11-07,1.3
"2020",124,"PCPIPCH",2019-11-07,1.4
"2021",124,"PCPIPCH",2019-11-07,1.4
"2019",134,"PCPIPCH",2019-11-07,1.3
"2020",134,"PCPIPCH",2019-11-07,1.2
"2021",134,"PCPIPCH",2019-11-07,1.4
"2019",939,"PCPIPCH",2019-11-07,2.4
"2020",939,"PCPIPCH",2019-11-07,2.1
"2021",939,"PCPIPCH",2019-11-07,2.2
"2019",178,"PCPIPCH",2019-11-07,0.8
"2020",178,"PCPIPCH",2019-11-07,1.1
"2021",178,"PCPIPCH",2019-11-07,1.4
"2019",174,"PCPIPCH",2019-11-07,0.5
"2020",174,"PCPIPCH",2019-11-07,0.6
"2021",174,"PCPIPCH",2019-11-07,0.9
"2019",184,"PCPIPCH",2019-11-07,0.9
"2020",184,"PCPIPCH",2019-11-07,1.1
"2021",184,"PCPIPCH",2019-11-07,1.4
"2019",132,"PCPIPCH",2019-11-07,1.3
"2020",132,"PCPIPCH",2019-11-07,1.3
"2021",132,"PCPIPCH",2019-11-07,1.3
"2019",136,"PCPIPCH",2019-11-07,0.6
"2020",136,"PCPIPCH",2019-11-07,0.8
"2021",136,"PCPIPCH",2019-11-07,1.1
"2019",423,"PCPIPCH",2019-11-07,0.6
"2020",423,"PCPIPCH",2019-11-07,0.7
"2021",423,"PCPIPCH",2019-11-07,1.3
"2019",941,"PCPIPCH",2019-11-07,3.1
"2020",941,"PCPIPCH",2019-11-07,2.5
"2021",941,"PCPIPCH",2019-11-07,2.3
"2019",946,"PCPIPCH",2019-11-07,2.4
"2020",946,"PCPIPCH",2019-11-07,2.2
"2021",946,"PCPIPCH",2019-11-07,2.1
"2019",137,"PCPIPCH",2019-11-07,1.7
"2020",137,"PCPIPCH",2019-11-07,1.6
"2021",137,"PCPIPCH",2019-11-07,1.9
"2019",181,"PCPIPCH",2019-11-07,1.6
"2020",181,"PCPIPCH",2019-11-07,1.7
"2021",181,"PCPIPCH",2019-11-07,1.7
"2019",138,"PCPIPCH",2019-11-07,2.6
"2020",138,"PCPIPCH",2019-11-07,1.4
"2021",138,"PCPIPCH",2019-11-07,1.5
"2019",122,"PCPIPCH",2019-11-07,1.5
"2020",122,"PCPIPCH",2019-11-07,1.6
"2021",122,"PCPIPCH",2019-11-07,1.6
"2019",182,"PCPIPCH",2019-11-07,0.3
"2020",182,"PCPIPCH",2019-11-07,1.1
"2021",182,"PCPIPCH",2019-11-07,1.4
"2019",961,"PCPIPCH",2019-11-07,1.8
"2020",961,"PCPIPCH",2019-11-07,1.9
"2021",961,"PCPIPCH",2019-11-07,2
"2019",936,"PCPIPCH",2019-11-07,2.7
"2020",936,"PCPIPCH",2019-11-07,2.5
"2021",936,"PCPIPCH",2019-11-07,2.2
"2019",172,"PCPIPCH",2019-11-07,1.2
"2020",172,"PCPIPCH",2019-11-07,1.4
"2021",172,"PCPIPCH",2019-11-07,1.5
"2019",163,"PCPIPCH",2019-11-07,1.2
"2020",163,"PCPIPCH",2019-11-07,1.2
"2021",163,"PCPIPCH",2019-11-07,1.3
"2019",918,"PCPIPCH",2019-11-07,2.4
"2020",918,"PCPIPCH",2019-11-07,1.6
"2021",918,"PCPIPCH",2019-11-07,2.1
"2019",935,"PCPIPCH",2019-11-07,2.6
"2020",935,"PCPIPCH",2019-11-07,2.3
"2021",935,"PCPIPCH",2019-11-07,2
"2019",128,"PCPIPCH",2019-11-07,0.8
"2020",128,"PCPIPCH",2019-11-07,1.3
"2021",128,"PCPIPCH",2019-11-07,1.4
"2019",960,"PCPIPCH",2019-11-07,0.9
"2020",960,"PCPIPCH",2019-11-07,1.4
"2021",960,"PCPIPCH",2019-11-07,1.5
"2019",944,"PCPIPCH",2019-11-07,3.4
"2020",944,"PCPIPCH",2019-11-07,3.1
"2021",944,"PCPIPCH",2019-11-07,3
"2019",964,"PCPIPCH",2019-11-07,2.2
"2020",964,"PCPIPCH",2019-11-07,2.6
"2021",964,"PCPIPCH",2019-11-07,2.5
"2019",968,"PCPIPCH",2019-11-07,3.9
"2020",968,"PCPIPCH",2019-11-07,3.5
"2021",968,"PCPIPCH",2019-11-07,3.4
"2019",144,"PCPIPCH",2019-11-07,1.7
"2020",144,"PCPIPCH",2019-11-07,1.5
"2021",144,"PCPIPCH",2019-11-07,1.6
"2019",112,"PCPIPCH",2019-11-07,1.8
"2020",112,"PCPIPCH",2019-11-07,2
"2021",112,"PCPIPCH",2019-11-07,2.2
"2019",998,"PCPIPCH",2019-11-07,1.5
"2020",998,"PCPIPCH",2019-11-07,1.5
"2021",998,"PCPIPCH",2019-11-07,1.7
"2019",158,"PCPIPCH",2019-11-07,0.5
"2020",158,"PCPIPCH",2019-11-07,1.1
"2021",158,"PCPIPCH",2019-11-07,0.7
"2019",111,"PCPIPCH",2019-11-07,1.8
"2020",111,"PCPIPCH",2019-11-07,2.1
"2021",111,"PCPIPCH",2019-11-07,2
"2020",124,"NGDP_RPCH",2020-02-13,1.2
"2021",124,"NGDP_RPCH",2020-02-13,1
"2020",134,"NGDP_RPCH",2020-02-13,1.1
"2021",134,"NGDP_RPCH",2020-02-13,1.1
"2020",939,"NGDP_RPCH",2020-02-13,2.2
"2021",939,"NGDP_RPCH",2020-02-13,2.4
"2020",178,"NGDP_RPCH",2020-02-13,3.6
"2021",178,"NGDP_RPCH",2020-02-13,3.2
"2020",174,"NGDP_RPCH",2020-02-13,2.4
"2021",174,"NGDP_RPCH",2020-02-13,2
"2020",184,"NGDP_RPCH",2020-02-13,1.6
"2021",184,"NGDP_RPCH",2020-02-13,1.5
"2020",132,"NGDP_RPCH",2020-02-13,1.1
"2021",132,"NGDP_RPCH",2020-02-13,1.2
"2020",136,"NGDP_RPCH",2020-02-13,0.3
"2021",136,"NGDP_RPCH",2020-02-13,0.6
"2020",423,"NGDP_RPCH",2020-02-13,2.8
"2021",423,"NGDP_RPCH",2020-02-13,2.5
"2020",941,"NGDP_RPCH",2020-02-13,2.3
"2021",941,"NGDP_RPCH",2020-02-13,2.4
"2020",946,"NGDP_RPCH",2020-02-13,2.6
"2021",946,"NGDP_RPCH",2020-02-13,2.4
"2020",137,"NGDP_RPCH",2020-02-13,2.7
"2021",137,"NGDP_RPCH",2020-02-13,2.6
"2020",181,"NGDP_RPCH",2020-02-13,4
"2021",181,"NGDP_RPCH",2020-02-13,3.7
"2020",138,"NGDP_RPCH",2020-02-13,1.3
"2021",138,"NGDP_RPCH",2020-02-13,1.3
"2020",122,"NGDP_RPCH",2020-02-13,1.3
"2021",122,"NGDP_RPCH",2020-02-13,1.3
"2020",182,"NGDP_RPCH",2020-02-13,1.7
"2021",182,"NGDP_RPCH",2020-02-13,1.7
"2020",961,"NGDP_RPCH",2020-02-13,2.7
"2021",961,"NGDP_RPCH",2020-02-13,2.7
"2020",936,"NGDP_RPCH",2020-02-13,2.2
"2021",936,"NGDP_RPCH",2020-02-13,2.6
"2020",172,"NGDP_RPCH",2020-02-13,1.5
"2021",172,"NGDP_RPCH",2020-02-13,1
"2020",163,"NGDP_RPCH",2020-02-13,1.2
"2021",163,"NGDP_RPCH",2020-02-13,1.2
"2020",918,"NGDP_RPCH",2020-02-13,2.9
"2021",918,"NGDP_RPCH",2020-02-13,3.1
"2020",935,"NGDP_RPCH",2020-02-13,2.1
"2021",935,"NGDP_RPCH",2020-02-13,2.2
"2020",128,"NGDP_RPCH",2020-02-13,1.5
"2021",128,"NGDP_RPCH",2020-02-13,1.5
"2020",960,"NGDP_RPCH",2020-02-13,2.6
"2021",960,"NGDP_RPCH",2020-02-13,2.3
"2020",944,"NGDP_RPCH",2020-02-13,3.2
"2021",944,"NGDP_RPCH",2020-02-13,2.8
"2020",964,"NGDP_RPCH",2020-02-13,3.3
"2021",964,"NGDP_RPCH",2020-02-13,3.3
"2020",968,"NGDP_RPCH",2020-02-13,3.8
"2021",968,"NGDP_RPCH",2020-02-13,3.5
"2020",144,"NGDP_RPCH",2020-02-13,1.2
"2021",144,"NGDP_RPCH",2020-02-13,1.5
"2020",998,"NGDP_RPCH",2020-02-13,1.4
"2021",998,"NGDP_RPCH",2020-02-13,1.4
"2020",112,"NGDP_RPCH",2020-02-13,1.2
"2021",112,"NGDP_RPCH",2020-02-13,1.2
"2020",124,"PCPIPCH",2020-02-13,1.4
"2021",124,"PCPIPCH",2020-02-13,1.5
"2020",134,"PCPIPCH",2020-02-13,1.5
"2021",134,"PCPIPCH",2020-02-13,1.6
"2020",939,"PCPIPCH",2020-02-13,2.1
"2021",939,"PCPIPCH",2020-02-13,2.1
"2020",178,"PCPIPCH",2020-02-13,1
"2021",178,"PCPIPCH",2020-02-13,1.3
"2020",174,"PCPIPCH",2020-02-13,0.7
"2021",174,"PCPIPCH",2020-02-13,0.9
"2020",184,"PCPIPCH",2020-02-13,1.2
"2021",184,"PCPIPCH",2020-02-13,1.3
"2020",132,"PCPIPCH",2020-02-13,1.2
"2021",132,"PCPIPCH",2020-02-13,1.3
"2020",136,"PCPIPCH",2020-02-13,0.8
"2021",136,"PCPIPCH",2020-02-13,1
"2020",423,"PCPIPCH",2020-02-13,0.8
"2021",423,"PCPIPCH",2020-02-13,1.2
"2020",941,"PCPIPCH",2020-02-13,2.3
"2021",941,"PCPIPCH",2020-02-13,2.2
"2020",946,"PCPIPCH",2020-02-13,2.3
"2021",946,"PCPIPCH",2020-02-13,2.1
"2020",137,"PCPIPCH",2020-02-13,1.7
"2021",137,"PCPIPCH",2020-02-13,1.9
"2020",181,"PCPIPCH",2020-02-13,1.5
"2021",181,"PCPIPCH",2020-02-13,1.5
"2020",138,"PCPIPCH",2020-02-13,1.4
"2021",138,"PCPIPCH",2020-02-13,1.5
"2020",122,"PCPIPCH",2020-02-13,1.6
"2021",122,"PCPIPCH",2020-02-13,1.5
"2020",182,"PCPIPCH",2020-02-13,1
"2021",182,"PCPIPCH",2020-02-13,1.3
"2020",961,"PCPIPCH",2020-02-13,1.9
"2021",961,"PCPIPCH",2020-02-13,2
"2020",936,"PCPIPCH",2020-02-13,2.5
"2021",936,"PCPIPCH",2020-02-13,2.2
"2020",172,"PCPIPCH",2020-02-13,1.4
"2021",172,"PCPIPCH",2020-02-13,1.5
"2020",163,"PCPIPCH",2020-02-13,1.3
"2021",163,"PCPIPCH",2020-02-13,1.4
"2020",918,"PCPIPCH",2020-02-13,2.3
"2021",918,"PCPIPCH",2020-02-13,1.9
"2020",935,"PCPIPCH",2020-02-13,2.4
"2021",935,"PCPIPCH",2020-02-13,2
"2020",128,"PCPIPCH",2020-02-13,1.4
"2021",128,"PCPIPCH",2020-02-13,1.5
"2020",960,"PCPIPCH",2020-02-13,1.5
"2021",960,"PCPIPCH",2020-02-13,1.7
"2020",944,"PCPIPCH",2020-02-13,3.3
"2021",944,"PCPIPCH",2020-02-13,3.1
"2020",964,"PCPIPCH",2020-02-13,2.7
"2021",964,"PCPIPCH",2020-02-13,2.5
"2020",968,"PCPIPCH",2020-02-13,3.4
"2021",968,"PCPIPCH",2020-02-13,3.3
"2020",144,"PCPIPCH",2020-02-13,1.4
"2021",144,"PCPIPCH",2020-02-13,1.6
"2020",998,"PCPIPCH",2020-02-13,1.5
"2021",998,"PCPIPCH",2020-02-13,1.6
"2020",112,"PCPIPCH",2020-02-13,1.7
"2021",112,"PCPIPCH",2020-02-13,2
"2020",124,"LUR",2020-05-06,7
"2021",124,"LUR",2020-05-06,6.6
"2020",134,"LUR",2020-05-06,4
"2021",134,"LUR",2020-05-06,3.5
"2020",939,"LUR",2020-05-06,9.2
"2021",939,"LUR",2020-05-06,6.5
"2020",178,"LUR",2020-05-06,7.4
"2021",178,"LUR",2020-05-06,7
"2020",174,"LUR",2020-05-06,19.9
"2021",174,"LUR",2020-05-06,16.8
"2020",184,"LUR",2020-05-06,18.9
"2021",184,"LUR",2020-05-06,17
"2020",132,"LUR",2020-05-06,10.1
"2021",132,"LUR",2020-05-06,9.7
"2020",136,"LUR",2020-05-06,11.8
"2021",136,"LUR",2020-05-06,10.7
"2020",423,"LUR",2020-05-06,8.6
"2021",423,"LUR",2020-05-06,7.5
"2020",941,"LUR",2020-05-06,8.6
"2021",941,"LUR",2020-05-06,8.3
"2020",946,"LUR",2020-05-06,9.7
"2021",946,"LUR",2020-05-06,7.9
"2020",137,"LUR",2020-05-06,6.4
"2021",137,"LUR",2020-05-06,6.1
"2020",181,"LUR",2020-05-06,5.9
"2021",181,"LUR",2020-05-06,4.4
"2020",138,"LUR",2020-05-06,5.9
"2021",138,"LUR",2020-05-06,5.3
"2020",122,"LUR",2020-05-06,5.8
"2021",122,"LUR",2020-05-06,4.9
"2020",182,"LUR",2020-05-06,9.7
"2021",182,"LUR",2020-05-06,7.4
"2020",961,"LUR",2020-05-06,7
"2021",961,"LUR",2020-05-06,5.1
"2020",936,"LUR",2020-05-06,8.8
"2021",936,"LUR",2020-05-06,7.1
"2020",172,"LUR",2020-05-06,8.3
"2021",172,"LUR",2020-05-06,7.7
"2020",163,"LUR",2020-05-06,9.6
"2021",163,"LUR",2020-05-06,8.6
"2020",918,"LUR",2020-05-06,7
"2021",918,"LUR",2020-05-06,5.8
"2020",935,"LUR",2020-05-06,5
"2021",935,"LUR",2020-05-06,4.2
"2020",128,"LUR",2020-05-06,6.4
"2021",128,"LUR",2020-05-06,5.7
"2020",960,"LUR",2020-05-06,10.2
"2021",960,"LUR",2020-05-06,7.4
"2020",944,"LUR",2020-05-06,7
"2021",944,"LUR",2020-05-06,6.1
"2020",964,"LUR",2020-05-06,7.5
"2021",964,"LUR",2020-05-06,5.3
"2020",968,"LUR",2020-05-06,6.5
"2021",968,"LUR",2020-05-06,5.4
"2020",144,"LUR",2020-05-06,9.7
"2021",144,"LUR",2020-05-06,9.3
"2020",998,"LUR",2020-05-06,9
"2021",998,"LUR",2020-05-06,7.9
"2020",112,"LUR",2020-05-06,6.7
"2021",112,"LUR",2020-05-06,6
"2020",158,"LUR",2020-05-06,4.3
"2021",158,"LUR",2020-05-06,4.5
"2020",111,"LUR",2020-05-06,9.2
"2021",111,"LUR",2020-05-06,7.6
"2020",124,"NGDP_RPCH",2020-05-06,-7.2
"2021",124,"NGDP_RPCH",2020-05-06,6.7
"2020",134,"NGDP_RPCH",2020-05-06,-6.5
"2021",134,"NGDP_RPCH",2020-05-06,5.9
"2020",939,"NGDP_RPCH",2020-05-06,-6.9
"2021",939,"NGDP_RPCH",2020-05-06,5.9
"2020",178,"NGDP_RPCH",2020-05-06,-7.9
"2021",178,"NGDP_RPCH",2020-05-06,6.1
"2020",174,"NGDP_RPCH",2020-05-06,-9.7
"2021",174,"NGDP_RPCH",2020-05-06,7.9
"2020",184,"NGDP_RPCH",2020-05-06,-9.4
"2021",184,"NGDP_RPCH",2020-05-06,7
"2020",132,"NGDP_RPCH",2020-05-06,-8.2
"2021",132,"NGDP_RPCH",2020-05-06,7.4
"2020",136,"NGDP_RPCH",2020-05-06,-9.5
"2021",136,"NGDP_RPCH",2020-05-06,6.5
"2020",423,"NGDP_RPCH",2020-05-06,-7.4
"2021",423,"NGDP_RPCH",2020-05-06,6.1
"2020",941,"NGDP_RPCH",2020-05-06,-7
"2021",941,"NGDP_RPCH",2020-05-06,6.4
"2020",946,"NGDP_RPCH",2020-05-06,-7.9
"2021",946,"NGDP_RPCH",2020-05-06,7.4
"2020",137,"NGDP_RPCH",2020-05-06,-5.4
"2021",137,"NGDP_RPCH",2020-05-06,5.7
"2020",181,"NGDP_RPCH",2020-05-06,-5.8
"2021",181,"NGDP_RPCH",2020-05-06,6
"2020",138,"NGDP_RPCH",2020-05-06,-6.8
"2021",138,"NGDP_RPCH",2020-05-06,5
"2020",122,"NGDP_RPCH",2020-05-06,-5.5
"2021",122,"NGDP_RPCH",2020-05-06,5
"2020",182,"NGDP_RPCH",2020-05-06,-6.8
"2021",182,"NGDP_RPCH",2020-05-06,5.8
"2020",961,"NGDP_RPCH",2020-05-06,-7
"2021",961,"NGDP_RPCH",2020-05-06,6.7
"2020",936,"NGDP_RPCH",2020-05-06,-6.7
"2021",936,"NGDP_RPCH",2020-05-06,6.6
"2020",172,"NGDP_RPCH",2020-05-06,-6.3
"2021",172,"NGDP_RPCH",2020-05-06,3.7
"2020",163,"NGDP_RPCH",2020-05-06,-7.7
"2021",163,"NGDP_RPCH",2020-05-06,6.3
"2020",918,"NGDP_RPCH",2020-05-06,-7.2
"2021",918,"NGDP_RPCH",2020-05-06,6
"2020",935,"NGDP_RPCH",2020-05-06,-6.2
"2021",935,"NGDP_RPCH",2020-05-06,5
"2020",128,"NGDP_RPCH",2020-05-06,-5.9
"2021",128,"NGDP_RPCH",2020-05-06,5.1
"2020",960,"NGDP_RPCH",2020-05-06,-9.1
"2021",960,"NGDP_RPCH",2020-05-06,7.5
"2020",944,"NGDP_RPCH",2020-05-06,-7
"2021",944,"NGDP_RPCH",2020-05-06,6
"2020",964,"NGDP_RPCH",2020-05-06,-4.3
"2021",964,"NGDP_RPCH",2020-05-06,4.1
"2020",968,"NGDP_RPCH",2020-05-06,-6
"2021",968,"NGDP_RPCH",2020-05-06,4.2
"2020",144,"NGDP_RPCH",2020-05-06,-6.1
"2021",144,"NGDP_RPCH",2020-05-06,4.3
"2020",998,"NGDP_RPCH",2020-05-06,-7.4
"2021",998,"NGDP_RPCH",2020-05-06,6.1
"2020",112,"NGDP_RPCH",2020-05-06,-8.3
"2021",112,"NGDP_RPCH",2020-05-06,6
"2020",158,"NGDP_RPCH",2020-05-06,-5
"2021",158,"NGDP_RPCH",2020-05-06,2.7
"2020",111,"NGDP_RPCH",2020-05-06,-6.5
"2021",111,"NGDP_RPCH",2020-05-06,4.9
"2020",124,"PCPIPCH",2020-05-06,0.2
"2021",124,"PCPIPCH",2020-05-06,1.3
"2020",134,"PCPIPCH",2020-05-06,0.3
"2021",134,"PCPIPCH",2020-05-06,1.4
"2020",939,"PCPIPCH",2020-05-06,0.7
"2021",939,"PCPIPCH",2020-05-06,1.7
"2020",178,"PCPIPCH",2020-05-06,-0.3
"2021",178,"PCPIPCH",2020-05-06,0.9
"2020",174,"PCPIPCH",2020-05-06,-0.6
"2021",174,"PCPIPCH",2020-05-06,0.5
"2020",184,"PCPIPCH",2020-05-06,0
"2021",184,"PCPIPCH",2020-05-06,1
"2020",132,"PCPIPCH",2020-05-06,0.4
"2021",132,"PCPIPCH",2020-05-06,0.9
"2020",136,"PCPIPCH",2020-05-06,-0.3
"2021",136,"PCPIPCH",2020-05-06,0.7
"2020",423,"PCPIPCH",2020-05-06,-0.2
"2021",423,"PCPIPCH",2020-05-06,1
"2020",941,"PCPIPCH",2020-05-06,0.2
"2021",941,"PCPIPCH",2020-05-06,1.9
"2020",946,"PCPIPCH",2020-05-06,0.8
"2021",946,"PCPIPCH",2020-05-06,1.5
"2020",137,"PCPIPCH",2020-05-06,0.7
"2021",137,"PCPIPCH",2020-05-06,1.6
"2020",181,"PCPIPCH",2020-05-06,0.7
"2021",181,"PCPIPCH",2020-05-06,1.1
"2020",138,"PCPIPCH",2020-05-06,0.8
"2021",138,"PCPIPCH",2020-05-06,1.3
"2020",122,"PCPIPCH",2020-05-06,1.1
"2021",122,"PCPIPCH",2020-05-06,1.5
"2020",182,"PCPIPCH",2020-05-06,-0.2
"2021",182,"PCPIPCH",2020-05-06,1.2
"2020",961,"PCPIPCH",2020-05-06,0.5
"2021",961,"PCPIPCH",2020-05-06,1.2
"2020",936,"PCPIPCH",2020-05-06,1.9
"2021",936,"PCPIPCH",2020-05-06,1.1
"2020",172,"PCPIPCH",2020-05-06,0.5
"2021",172,"PCPIPCH",2020-05-06,1.4
"2020",163,"PCPIPCH",2020-05-06,0.2
"2021",163,"PCPIPCH",2020-05-06,1.1
"2020",918,"PCPIPCH",2020-05-06,1.1
"2021",918,"PCPIPCH",2020-05-06,1.1
"2020",935,"PCPIPCH",2020-05-06,2.3
"2021",935,"PCPIPCH",2020-05-06,1.9
"2020",128,"PCPIPCH",2020-05-06,0.3
"2021",128,"PCPIPCH",2020-05-06,1.3
"2020",960,"PCPIPCH",2020-05-06,0.4
"2021",960,"PCPIPCH",2020-05-06,0.9
"2020",944,"PCPIPCH",2020-05-06,3
"2021",944,"PCPIPCH",2020-05-06,2.7
"2020",964,"PCPIPCH",2020-05-06,2.5
"2021",964,"PCPIPCH",2020-05-06,2.8
"2020",968,"PCPIPCH",2020-05-06,2.5
"2021",968,"PCPIPCH",2020-05-06,3.1
"2020",144,"PCPIPCH",2020-05-06,0.4
"2021",144,"PCPIPCH",2020-05-06,1.1
"2020",998,"PCPIPCH",2020-05-06,0.6
"2021",998,"PCPIPCH",2020-05-06,1.3
"2020",112,"PCPIPCH",2020-05-06,1.2
"2021",112,"PCPIPCH",2020-05-06,2.1
"2020",158,"PCPIPCH",2020-05-06,0
"2021",158,"PCPIPCH",2020-05-06,0.2
"2020",111,"PCPIPCH",2020-05-06,0.5
"2021",111,"PCPIPCH",2020-05-06,1.5
"2020",124,"NGDP_RPCH",2020-07-07,-8.8
"2021",124,"NGDP_RPCH",2020-07-07,6.5
"2020",134,"NGDP_RPCH",2020-07-07,-6.3
"2021",134,"NGDP_RPCH",2020-07-07,5.3
"2020",939,"NGDP_RPCH",2020-07-07,-7.7
"2021",939,"NGDP_RPCH",2020-07-07,6.2
"2020",178,"NGDP_RPCH",2020-07-07,-8.5
"2021",178,"NGDP_RPCH",2020-07-07,6.3
"2020",174,"NGDP_RPCH",2020-07-07,-9
"2021",174,"NGDP_RPCH",2020-07-07,6
"2020",184,"NGDP_RPCH",2020-07-07,-10.9
"2021",184,"NGDP_RPCH",2020-07-07,7.1
"2020",132,"NGDP_RPCH",2020-07-07,-10.6
"2021",132,"NGDP_RPCH",2020-07-07,7.6
"2020",136,"NGDP_RPCH",2020-07-07,-11.2
"2021",136,"NGDP_RPCH",2020-07-07,6.1
"2020",423,"NGDP_RPCH",2020-07-07,-7.7
"2021",423,"NGDP_RPCH",2020-07-07,5.3
"2020",941,"NGDP_RPCH",2020-07-07,-7
"2021",941,"NGDP_RPCH",2020-07-07,6.4
"2020",946,"NGDP_RPCH",2020-07-07,-7.1
"2021",946,"NGDP_RPCH",2020-07-07,6.7
"2020",137,"NGDP_RPCH",2020-07-07,-6.2
"2021",137,"NGDP_RPCH",2020-07-07,5.4
"2020",181,"NGDP_RPCH",2020-07-07,-6
"2021",181,"NGDP_RPCH",2020-07-07,6.3
"2020",138,"NGDP_RPCH",2020-07-07,-6.8
"2021",138,"NGDP_RPCH",2020-07-07,4.6
"2020",122,"NGDP_RPCH",2020-07-07,-7.1
"2021",122,"NGDP_RPCH",2020-07-07,5.6
"2020",182,"NGDP_RPCH",2020-07-07,-9.8
"2021",182,"NGDP_RPCH",2020-07-07,6
"2020",961,"NGDP_RPCH",2020-07-07,-7
"2021",961,"NGDP_RPCH",2020-07-07,6.1
"2020",936,"NGDP_RPCH",2020-07-07,-9
"2021",936,"NGDP_RPCH",2020-07-07,7.4
"2020",172,"NGDP_RPCH",2020-07-07,-6.3
"2021",172,"NGDP_RPCH",2020-07-07,2.8
"2020",163,"NGDP_RPCH",2020-07-07,-8.7
"2021",163,"NGDP_RPCH",2020-07-07,6.1
"2020",918,"NGDP_RPCH",2020-07-07,-7.1
"2021",918,"NGDP_RPCH",2020-07-07,5.3
"2020",935,"NGDP_RPCH",2020-07-07,-7.8
"2021",935,"NGDP_RPCH",2020-07-07,4.5
"2020",128,"NGDP_RPCH",2020-07-07,-5.2
"2021",128,"NGDP_RPCH",2020-07-07,4.3
"2020",960,"NGDP_RPCH",2020-07-07,-10.8
"2021",960,"NGDP_RPCH",2020-07-07,7.5
"2020",944,"NGDP_RPCH",2020-07-07,-7
"2021",944,"NGDP_RPCH",2020-07-07,6
"2020",964,"NGDP_RPCH",2020-07-07,-4.6
"2021",964,"NGDP_RPCH",2020-07-07,4.3
"2020",968,"NGDP_RPCH",2020-07-07,-6
"2021",968,"NGDP_RPCH",2020-07-07,4
"2020",144,"NGDP_RPCH",2020-07-07,-5.3
"2021",144,"NGDP_RPCH",2020-07-07,3.1
"2020",998,"NGDP_RPCH",2020-07-07,-8.3
"2021",998,"NGDP_RPCH",2020-07-07,5.8
"2020",112,"NGDP_RPCH",2020-07-07,-9.7
"2021",112,"NGDP_RPCH",2020-07-07,6
"2020",124,"PCPIPCH",2020-07-07,0.3
"2021",124,"PCPIPCH",2020-07-07,1.4
"2020",134,"PCPIPCH",2020-07-07,0.4
"2021",134,"PCPIPCH",2020-07-07,1.5
"2020",939,"PCPIPCH",2020-07-07,0.3
"2021",939,"PCPIPCH",2020-07-07,1.9
"2020",178,"PCPIPCH",2020-07-07,-0.2
"2021",178,"PCPIPCH",2020-07-07,0.8
"2020",174,"PCPIPCH",2020-07-07,-0.5
"2021",174,"PCPIPCH",2020-07-07,0.5
"2020",184,"PCPIPCH",2020-07-07,-0.1
"2021",184,"PCPIPCH",2020-07-07,0.9
"2020",132,"PCPIPCH",2020-07-07,0.3
"2021",132,"PCPIPCH",2020-07-07,0.7
"2020",136,"PCPIPCH",2020-07-07,0
"2021",136,"PCPIPCH",2020-07-07,0.8
"2020",423,"PCPIPCH",2020-07-07,-0.5
"2021",423,"PCPIPCH",2020-07-07,0.8
"2020",941,"PCPIPCH",2020-07-07,0.4
"2021",941,"PCPIPCH",2020-07-07,2
"2020",946,"PCPIPCH",2020-07-07,0.8
"2021",946,"PCPIPCH",2020-07-07,1.5
"2020",137,"PCPIPCH",2020-07-07,0.1
"2021",137,"PCPIPCH",2020-07-07,1.5
"2020",181,"PCPIPCH",2020-07-07,0.8
"2021",181,"PCPIPCH",2020-07-07,1.2
"2020",138,"PCPIPCH",2020-07-07,0.8
"2021",138,"PCPIPCH",2020-07-07,1.2
"2020",122,"PCPIPCH",2020-07-07,0.8
"2021",122,"PCPIPCH",2020-07-07,1.2
"2020",182,"PCPIPCH",2020-07-07,0
"2021",182,"PCPIPCH",2020-07-07,1.2
"2020",961,"PCPIPCH",2020-07-07,0.2
"2021",961,"PCPIPCH",2020-07-07,1.1
"2020",936,"PCPIPCH",2020-07-07,1.9
"2021",936,"PCPIPCH",2020-07-07,0.8
"2020",172,"PCPIPCH",2020-07-07,0.3
"2021",172,"PCPIPCH",2020-07-07,1.1
"2020",163,"PCPIPCH",2020-07-07,0.3
"2021",163,"PCPIPCH",2020-07-07,1.1
"2020",918,"PCPIPCH",2020-07-07,1
"2021",918,"PCPIPCH",2020-07-07,1.1
"2020",935,"PCPIPCH",2020-07-07,2.8
"2021",935,"PCPIPCH",2020-07-07,2.2
"2020",128,"PCPIPCH",2020-07-07,0.3
"2021",128,"PCPIPCH",2020-07-07,1.2
"2020",960,"PCPIPCH",2020-07-07,0.4
"2021",960,"PCPIPCH",2020-07-07,1.4
"2020",944,"PCPIPCH",2020-07-07,3.5
"2021",944,"PCPIPCH",2020-07-07,2.8
"2020",964,"PCPIPCH",2020-07-07,2.7
"2021",964,"PCPIPCH",2020-07-07,2.8
"2020",968,"PCPIPCH",2020-07-07,2.5
"2021",968,"PCPIPCH",2020-07-07,2.8
"2020",144,"PCPIPCH",2020-07-07,0.6
"2021",144,"PCPIPCH",2020-07-07,1.1
"2020",998,"PCPIPCH",2020-07-07,0.6
"2021",998,"PCPIPCH",2020-07-07,1.3
"2020",112,"PCPIPCH",2020-07-07,0.9
"2021",112,"PCPIPCH",2020-07-07,1.3
"2020",124,"LUR",2020-11-05,5.9
"2021",124,"LUR",2020-11-05,7
"2022",124,"LUR",2020-11-05,6.2
"2020",134,"LUR",2020-11-05,4
"2021",134,"LUR",2020-11-05,4
"2022",134,"LUR",2020-11-05,3.8
"2020",939,"LUR",2020-11-05,7.5
"2021",939,"LUR",2020-11-05,7.8
"2022",939,"LUR",2020-11-05,6.7
"2020",178,"LUR",2020-11-05,5.3
"2021",178,"LUR",2020-11-05,8.9
"2022",178,"LUR",2020-11-05,8.7
"2020",174,"LUR",2020-11-05,18
"2021",174,"LUR",2020-11-05,17.5
"2022",174,"LUR",2020-11-05,16.7
"2020",184,"LUR",2020-11-05,16.7
"2021",184,"LUR",2020-11-05,17.9
"2022",184,"LUR",2020-11-05,17.3
"2020",132,"LUR",2020-11-05,8.5
"2021",132,"LUR",2020-11-05,10.7
"2022",132,"LUR",2020-11-05,10
"2020",136,"LUR",2020-11-05,9.9
"2021",136,"LUR",2020-11-05,11.6
"2022",136,"LUR",2020-11-05,11.1
"2020",423,"LUR",2020-11-05,8.2
"2021",423,"LUR",2020-11-05,7.8
"2022",423,"LUR",2020-11-05,7.2
"2020",941,"LUR",2020-11-05,8.3
"2021",941,"LUR",2020-11-05,8
"2022",941,"LUR",2020-11-05,7.5
"2020",946,"LUR",2020-11-05,8.9
"2021",946,"LUR",2020-11-05,8
"2022",946,"LUR",2020-11-05,6.9
"2020",137,"LUR",2020-11-05,6.6
"2021",137,"LUR",2020-11-05,7.1
"2022",137,"LUR",2020-11-05,7.1
"2020",181,"LUR",2020-11-05,5.1
"2021",181,"LUR",2020-11-05,4.7
"2022",181,"LUR",2020-11-05,4.1
"2020",138,"LUR",2020-11-05,4.4
"2021",138,"LUR",2020-11-05,6.4
"2022",138,"LUR",2020-11-05,6.1
"2020",122,"LUR",2020-11-05,5.5
"2021",122,"LUR",2020-11-05,5.1
"2022",122,"LUR",2020-11-05,4.9
"2020",182,"LUR",2020-11-05,8
"2021",182,"LUR",2020-11-05,7.7
"2022",182,"LUR",2020-11-05,6.6
"2020",961,"LUR",2020-11-05,5
"2021",961,"LUR",2020-11-05,4.8
"2022",961,"LUR",2020-11-05,4.4
"2020",936,"LUR",2020-11-05,6.9
"2021",936,"LUR",2020-11-05,7.8
"2022",936,"LUR",2020-11-05,7.1
"2020",172,"LUR",2020-11-05,7.9
"2021",172,"LUR",2020-11-05,7.7
"2022",172,"LUR",2020-11-05,7.4
"2020",163,"LUR",2020-11-05,8.3
"2021",163,"LUR",2020-11-05,9.4
"2022",163,"LUR",2020-11-05,8.9
"2020",918,"LUR",2020-11-05,5.8
"2021",918,"LUR",2020-11-05,5.6
"2022",918,"LUR",2020-11-05,5
"2020",935,"LUR",2020-11-05,2.7
"2021",935,"LUR",2020-11-05,3.3
"2022",935,"LUR",2020-11-05,3.2
"2020",128,"LUR",2020-11-05,6.1
"2021",128,"LUR",2020-11-05,5.8
"2022",128,"LUR",2020-11-05,5.5
"2020",960,"LUR",2020-11-05,7.7
"2021",960,"LUR",2020-11-05,7.5
"2022",960,"LUR",2020-11-05,6.9
"2020",944,"LUR",2020-11-05,4.4
"2021",944,"LUR",2020-11-05,4.4
"2022",944,"LUR",2020-11-05,3.9
"2020",964,"LUR",2020-11-05,4
"2021",964,"LUR",2020-11-05,5.3
"2022",964,"LUR",2020-11-05,4.1
"2020",968,"LUR",2020-11-05,5.9
"2021",968,"LUR",2020-11-05,6.2
"2022",968,"LUR",2020-11-05,5.1
"2020",144,"LUR",2020-11-05,8.8
"2021",144,"LUR",2020-11-05,9.2
"2022",144,"LUR",2020-11-05,8.1
"2020",998,"LUR",2020-11-05,7.7
"2021",998,"LUR",2020-11-05,8.6
"2022",998,"LUR",2020-11-05,8
"2020",112,"LUR",2020-11-05,5
"2021",112,"LUR",2020-11-05,7.3
"2022",112,"LUR",2020-11-05,6.2
"2020",158,"LUR",2020-11-05,3.1
"2021",158,"LUR",2020-11-05,2.9
"2022",158,"LUR",2020-11-05,2.7
"2020",111,"LUR",2020-11-05,7.7
"2021",111,"LUR",2020-11-05,6.2
"2022",111,"LUR",2020-11-05,5.4
"2020",124,"NGDP_RPCH",2020-11-05,-8.4
"2021",124,"NGDP_RPCH",2020-11-05,4.1
"2022",124,"NGDP_RPCH",2020-11-05,3.5
"2020",134,"NGDP_RPCH",2020-11-05,-5.6
"2021",134,"NGDP_RPCH",2020-11-05,3.5
"2022",134,"NGDP_RPCH",2020-11-05,2.6
"2020",939,"NGDP_RPCH",2020-11-05,-4.6
"2021",939,"NGDP_RPCH",2020-11-05,3.4
"2022",939,"NGDP_RPCH",2020-11-05,3.5
"2020",178,"NGDP_RPCH",2020-11-05,-2.3
"2021",178,"NGDP_RPCH",2020-11-05,2.9
"2022",178,"NGDP_RPCH",2020-11-05,2.6
"2020",174,"NGDP_RPCH",2020-11-05,-9
"2021",174,"NGDP_RPCH",2020-11-05,5
"2022",174,"NGDP_RPCH",2020-11-05,3.5
"2020",184,"NGDP_RPCH",2020-11-05,-12.4
"2021",184,"NGDP_RPCH",2020-11-05,5.4
"2022",184,"NGDP_RPCH",2020-11-05,4.8
"2020",132,"NGDP_RPCH",2020-11-05,-9.4
"2021",132,"NGDP_RPCH",2020-11-05,5.8
"2022",132,"NGDP_RPCH",2020-11-05,3.1
"2020",136,"NGDP_RPCH",2020-11-05,-9.9
"2021",136,"NGDP_RPCH",2020-11-05,4.1
"2022",136,"NGDP_RPCH",2020-11-05,2.8
"2020",423,"NGDP_RPCH",2020-11-05,-6.2
"2021",423,"NGDP_RPCH",2020-11-05,3.7
"2022",423,"NGDP_RPCH",2020-11-05,3
"2020",941,"NGDP_RPCH",2020-11-05,-5.6
"2021",941,"NGDP_RPCH",2020-11-05,4.9
"2022",941,"NGDP_RPCH",2020-11-05,3.5
"2020",946,"NGDP_RPCH",2020-11-05,-2.2
"2021",946,"NGDP_RPCH",2020-11-05,3
"2022",946,"NGDP_RPCH",2020-11-05,2.6
"2020",137,"NGDP_RPCH",2020-11-05,-4.5
"2021",137,"NGDP_RPCH",2020-11-05,3.9
"2022",137,"NGDP_RPCH",2020-11-05,2.7
"2020",181,"NGDP_RPCH",2020-11-05,-7.3
"2021",181,"NGDP_RPCH",2020-11-05,3
"2022",181,"NGDP_RPCH",2020-11-05,6.2
"2020",138,"NGDP_RPCH",2020-11-05,-5.3
"2021",138,"NGDP_RPCH",2020-11-05,2.2
"2022",138,"NGDP_RPCH",2020-11-05,1.9
"2020",122,"NGDP_RPCH",2020-11-05,-7.1
"2021",122,"NGDP_RPCH",2020-11-05,4.1
"2022",122,"NGDP_RPCH",2020-11-05,2.5
"2020",182,"NGDP_RPCH",2020-11-05,-9.3
"2021",182,"NGDP_RPCH",2020-11-05,5.4
"2022",182,"NGDP_RPCH",2020-11-05,3.5
"2020",961,"NGDP_RPCH",2020-11-05,-7.1
"2021",961,"NGDP_RPCH",2020-11-05,5.1
"2022",961,"NGDP_RPCH",2020-11-05,3.8
"2020",936,"NGDP_RPCH",2020-11-05,-7.5
"2021",936,"NGDP_RPCH",2020-11-05,4.7
"2022",936,"NGDP_RPCH",2020-11-05,4.3
"2020",172,"NGDP_RPCH",2020-11-05,-4.3
"2021",172,"NGDP_RPCH",2020-11-05,2.9
"2022",172,"NGDP_RPCH",2020-11-05,2.2
"2020",163,"NGDP_RPCH",2020-11-05,-7.8
"2021",163,"NGDP_RPCH",2020-11-05,4.2
"2022",163,"NGDP_RPCH",2020-11-05,3
"2020",918,"NGDP_RPCH",2020-11-05,-5.1
"2021",918,"NGDP_RPCH",2020-11-05,2.6
"2022",918,"NGDP_RPCH",2020-11-05,3.7
"2020",935,"NGDP_RPCH",2020-11-05,-6.9
"2021",935,"NGDP_RPCH",2020-11-05,3.1
"2022",935,"NGDP_RPCH",2020-11-05,4.5
"2020",128,"NGDP_RPCH",2020-11-05,-3.9
"2021",128,"NGDP_RPCH",2020-11-05,3.5
"2022",128,"NGDP_RPCH",2020-11-05,2.4
"2020",960,"NGDP_RPCH",2020-11-05,-9.6
"2021",960,"NGDP_RPCH",2020-11-05,5.7
"2022",960,"NGDP_RPCH",2020-11-05,3.7
"2020",944,"NGDP_RPCH",2020-11-05,-6.4
"2021",944,"NGDP_RPCH",2020-11-05,4
"2022",944,"NGDP_RPCH",2020-11-05,4.5
"2020",964,"NGDP_RPCH",2020-11-05,-3.6
"2021",964,"NGDP_RPCH",2020-11-05,3.3
"2022",964,"NGDP_RPCH",2020-11-05,3.5
"2020",968,"NGDP_RPCH",2020-11-05,-5.2
"2021",968,"NGDP_RPCH",2020-11-05,3.3
"2022",968,"NGDP_RPCH",2020-11-05,3.8
"2020",144,"NGDP_RPCH",2020-11-05,-3.4
"2021",144,"NGDP_RPCH",2020-11-05,3.3
"2022",144,"NGDP_RPCH",2020-11-05,2.4
"2020",998,"NGDP_RPCH",2020-11-05,-7.4
"2021",998,"NGDP_RPCH",2020-11-05,4.1
"2022",998,"NGDP_RPCH",2020-11-05,3
"2020",112,"NGDP_RPCH",2020-11-05,-10.3
"2021",112,"NGDP_RPCH",2020-11-05,3.3
"2022",112,"NGDP_RPCH",2020-11-05,2.1
"2020",158,"NGDP_RPCH",2020-11-05,-5.5
"2021",158,"NGDP_RPCH",2020-11-05,2.7
"2022",158,"NGDP_RPCH",2020-11-05,0.9
"2020",111,"NGDP_RPCH",2020-11-05,-4.6
"2021",111,"NGDP_RPCH",2020-11-05,3.7
"2022",111,"NGDP_RPCH",2020-11-05,2.5
"2020",124,"PCPIPCH",2020-11-05,0.4
"2021",124,"PCPIPCH",2020-11-05,1.4
"2022",124,"PCPIPCH",2020-11-05,1.6
"2020",134,"PCPIPCH",2020-11-05,0.4
"2021",134,"PCPIPCH",2020-11-05,1.4
"2022",134,"PCPIPCH",2020-11-05,1.3
"2020",939,"PCPIPCH",2020-11-05,-0.5
"2021",939,"PCPIPCH",2020-11-05,1.4
"2022",939,"PCPIPCH",2020-11-05,2.1
"2020",178,"PCPIPCH",2020-11-05,-0.5
"2021",178,"PCPIPCH",2020-11-05,0.3
"2022",178,"PCPIPCH",2020-11-05,1.6
"2020",174,"PCPIPCH",2020-11-05,-1.3
"2021",174,"PCPIPCH",2020-11-05,0.9
"2022",174,"PCPIPCH",2020-11-05,1.3
"2020",184,"PCPIPCH",2020-11-05,-0.2
"2021",184,"PCPIPCH",2020-11-05,0.9
"2022",184,"PCPIPCH",2020-11-05,1
"2020",132,"PCPIPCH",2020-11-05,0.5
"2021",132,"PCPIPCH",2020-11-05,0.9
"2022",132,"PCPIPCH",2020-11-05,1.5
"2020",136,"PCPIPCH",2020-11-05,-0.1
"2021",136,"PCPIPCH",2020-11-05,0.7
"2022",136,"PCPIPCH",2020-11-05,1
"2020",423,"PCPIPCH",2020-11-05,-0.9
"2021",423,"PCPIPCH",2020-11-05,0.9
"2022",423,"PCPIPCH",2020-11-05,1.3
"2020",941,"PCPIPCH",2020-11-05,0.3
"2021",941,"PCPIPCH",2020-11-05,1.3
"2022",941,"PCPIPCH",2020-11-05,1.8
"2020",946,"PCPIPCH",2020-11-05,1.3
"2021",946,"PCPIPCH",2020-11-05,1.5
"2022",946,"PCPIPCH",2020-11-05,1.7
"2020",137,"PCPIPCH",2020-11-05,0.2
"2021",137,"PCPIPCH",2020-11-05,1.5
"2022",137,"PCPIPCH",2020-11-05,1.8
"2020",181,"PCPIPCH",2020-11-05,0.8
"2021",181,"PCPIPCH",2020-11-05,1.3
"2022",181,"PCPIPCH",2020-11-05,1.6
"2020",138,"PCPIPCH",2020-11-05,1.1
"2021",138,"PCPIPCH",2020-11-05,1.3
"2022",138,"PCPIPCH",2020-11-05,1.4
"2020",122,"PCPIPCH",2020-11-05,1.5
"2021",122,"PCPIPCH",2020-11-05,1.7
"2022",122,"PCPIPCH",2020-11-05,1.7
"2020",182,"PCPIPCH",2020-11-05,-0.1
"2021",182,"PCPIPCH",2020-11-05,0.9
"2022",182,"PCPIPCH",2020-11-05,1.2
"2020",961,"PCPIPCH",2020-11-05,0
"2021",961,"PCPIPCH",2020-11-05,0.9
"2022",961,"PCPIPCH",2020-11-05,1.8
"2020",936,"PCPIPCH",2020-11-05,2
"2021",936,"PCPIPCH",2020-11-05,0.7
"2022",936,"PCPIPCH",2020-11-05,1.4
"2020",172,"PCPIPCH",2020-11-05,0.4
"2021",172,"PCPIPCH",2020-11-05,1.1
"2022",172,"PCPIPCH",2020-11-05,1.4
"2020",163,"PCPIPCH",2020-11-05,0.3
"2021",163,"PCPIPCH",2020-11-05,1.1
"2022",163,"PCPIPCH",2020-11-05,1.3
"2020",918,"PCPIPCH",2020-11-05,1.2
"2021",918,"PCPIPCH",2020-11-05,1.4
"2022",918,"PCPIPCH",2020-11-05,1.8
"2020",935,"PCPIPCH",2020-11-05,3.4
"2021",935,"PCPIPCH",2020-11-05,2.3
"2022",935,"PCPIPCH",2020-11-05,2
"2020",128,"PCPIPCH",2020-11-05,0.3
"2021",128,"PCPIPCH",2020-11-05,1.1
"2022",128,"PCPIPCH",2020-11-05,1.3
"2020",960,"PCPIPCH",2020-11-05,0.1
"2021",960,"PCPIPCH",2020-11-05,1.2
"2022",960,"PCPIPCH",2020-11-05,1.5
"2020",944,"PCPIPCH",2020-11-05,3.4
"2021",944,"PCPIPCH",2020-11-05,3.3
"2022",944,"PCPIPCH",2020-11-05,3
"2020",964,"PCPIPCH",2020-11-05,3.6
"2021",964,"PCPIPCH",2020-11-05,2
"2022",964,"PCPIPCH",2020-11-05,3.1
"2020",968,"PCPIPCH",2020-11-05,2.5
"2021",968,"PCPIPCH",2020-11-05,2.5
"2022",968,"PCPIPCH",2020-11-05,2.4
"2020",144,"PCPIPCH",2020-11-05,0.6
"2021",144,"PCPIPCH",2020-11-05,0.8
"2022",144,"PCPIPCH",2020-11-05,1.3
"2020",998,"PCPIPCH",2020-11-05,0.7
"2021",998,"PCPIPCH",2020-11-05,1.3
"2022",998,"PCPIPCH",2020-11-05,1.5
"2020",112,"PCPIPCH",2020-11-05,0.9
"2021",112,"PCPIPCH",2020-11-05,2.3
"2022",112,"PCPIPCH",2020-11-05,2.9
"2020",158,"PCPIPCH",2020-11-05,0.1
"2021",158,"PCPIPCH",2020-11-05,0.1
"2022",158,"PCPIPCH",2020-11-05,0.3
"2020",111,"PCPIPCH",2020-11-05,1.1
"2021",111,"PCPIPCH",2020-11-05,1.6
"2022",111,"PCPIPCH",2020-11-05,1.8
"2021",124,"NGDP_RPCH",2021-02-11,3.9
"2022",124,"NGDP_RPCH",2021-02-11,3.1
"2021",134,"NGDP_RPCH",2021-02-11,3.2
"2022",134,"NGDP_RPCH",2021-02-11,3.1
"2021",939,"NGDP_RPCH",2021-02-11,2.6
"2022",939,"NGDP_RPCH",2021-02-11,3.8
"2021",178,"NGDP_RPCH",2021-02-11,3.4
"2022",178,"NGDP_RPCH",2021-02-11,3.5
"2021",174,"NGDP_RPCH",2021-02-11,3.5
"2022",174,"NGDP_RPCH",2021-02-11,5
"2021",184,"NGDP_RPCH",2021-02-11,5.6
"2022",184,"NGDP_RPCH",2021-02-11,5.3
"2021",132,"NGDP_RPCH",2021-02-11,5.5
"2022",132,"NGDP_RPCH",2021-02-11,4.4
"2021",136,"NGDP_RPCH",2021-02-11,3.4
"2022",136,"NGDP_RPCH",2021-02-11,3.5
"2021",423,"NGDP_RPCH",2021-02-11,3.2
"2022",423,"NGDP_RPCH",2021-02-11,3.1
"2021",941,"NGDP_RPCH",2021-02-11,3.5
"2022",941,"NGDP_RPCH",2021-02-11,3.1
"2021",946,"NGDP_RPCH",2021-02-11,2.2
"2022",946,"NGDP_RPCH",2021-02-11,3.1
"2021",137,"NGDP_RPCH",2021-02-11,3.2
"2022",137,"NGDP_RPCH",2021-02-11,4.3
"2021",181,"NGDP_RPCH",2021-02-11,4.5
"2022",181,"NGDP_RPCH",2021-02-11,5.4
"2021",138,"NGDP_RPCH",2021-02-11,1.8
"2022",138,"NGDP_RPCH",2021-02-11,3
"2021",122,"NGDP_RPCH",2021-02-11,2
"2022",122,"NGDP_RPCH",2021-02-11,5.1
"2021",182,"NGDP_RPCH",2021-02-11,4.1
"2022",182,"NGDP_RPCH",2021-02-11,4.3
"2021",961,"NGDP_RPCH",2021-02-11,4.7
"2022",961,"NGDP_RPCH",2021-02-11,5.2
"2021",936,"NGDP_RPCH",2021-02-11,4
"2022",936,"NGDP_RPCH",2021-02-11,5.4
"2021",172,"NGDP_RPCH",2021-02-11,2.8
"2022",172,"NGDP_RPCH",2021-02-11,2
"2021",163,"NGDP_RPCH",2021-02-11,3.8
"2022",163,"NGDP_RPCH",2021-02-11,3.8
"2021",918,"NGDP_RPCH",2021-02-11,2.7
"2022",918,"NGDP_RPCH",2021-02-11,4.9
"2021",935,"NGDP_RPCH",2021-02-11,3.2
"2022",935,"NGDP_RPCH",2021-02-11,5
"2021",128,"NGDP_RPCH",2021-02-11,2.9
"2022",128,"NGDP_RPCH",2021-02-11,3.6
"2021",960,"NGDP_RPCH",2021-02-11,5.3
"2022",960,"NGDP_RPCH",2021-02-11,4.6
"2021",944,"NGDP_RPCH",2021-02-11,4
"2022",944,"NGDP_RPCH",2021-02-11,5
"2021",964,"NGDP_RPCH",2021-02-11,3.1
"2022",964,"NGDP_RPCH",2021-02-11,5.1
"2021",968,"NGDP_RPCH",2021-02-11,3.8
"2022",968,"NGDP_RPCH",2021-02-11,4
"2021",144,"NGDP_RPCH",2021-02-11,2.7
"2022",144,"NGDP_RPCH",2021-02-11,4
"2021",998,"NGDP_RPCH",2021-02-11,3.7
"2022",998,"NGDP_RPCH",2021-02-11,3.9
"2021",124,"PCPIPCH",2021-02-11,1.8
"2022",124,"PCPIPCH",2021-02-11,1.8
"2021",134,"PCPIPCH",2021-02-11,2.3
"2022",134,"PCPIPCH",2021-02-11,1.3
"2021",939,"PCPIPCH",2021-02-11,1.2
"2022",939,"PCPIPCH",2021-02-11,2.1
"2021",178,"PCPIPCH",2021-02-11,0.7
"2022",178,"PCPIPCH",2021-02-11,1.6
"2021",174,"PCPIPCH",2021-02-11,-0.1
"2022",174,"PCPIPCH",2021-02-11,0.6
"2021",184,"PCPIPCH",2021-02-11,0.8
"2022",184,"PCPIPCH",2021-02-11,1.1
"2021",132,"PCPIPCH",2021-02-11,1.1
"2022",132,"PCPIPCH",2021-02-11,1.5
"2021",136,"PCPIPCH",2021-02-11,0.8
"2022",136,"PCPIPCH",2021-02-11,0.9
"2021",423,"PCPIPCH",2021-02-11,0.7
"2022",423,"PCPIPCH",2021-02-11,1.1
"2021",941,"PCPIPCH",2021-02-11,1.5
"2022",941,"PCPIPCH",2021-02-11,1.9
"2021",946,"PCPIPCH",2021-02-11,1.7
"2022",946,"PCPIPCH",2021-02-11,1.8
"2021",137,"PCPIPCH",2021-02-11,1.7
"2022",137,"PCPIPCH",2021-02-11,1.9
"2021",181,"PCPIPCH",2021-02-11,1.3
"2022",181,"PCPIPCH",2021-02-11,1.6
"2021",138,"PCPIPCH",2021-02-11,1.4
"2022",138,"PCPIPCH",2021-02-11,1.5
"2021",122,"PCPIPCH",2021-02-11,1.7
"2022",122,"PCPIPCH",2021-02-11,1.7
"2021",182,"PCPIPCH",2021-02-11,0.9
"2022",182,"PCPIPCH",2021-02-11,1.2
"2021",961,"PCPIPCH",2021-02-11,0.8
"2022",961,"PCPIPCH",2021-02-11,1.7
"2021",936,"PCPIPCH",2021-02-11,0.5
"2022",936,"PCPIPCH",2021-02-11,1.6
"2021",172,"PCPIPCH",2021-02-11,1.2
"2022",172,"PCPIPCH",2021-02-11,1.2
"2021",163,"PCPIPCH",2021-02-11,1.4
"2022",163,"PCPIPCH",2021-02-11,1.3
"2021",918,"PCPIPCH",2021-02-11,1.7
"2022",918,"PCPIPCH",2021-02-11,1.8
"2021",935,"PCPIPCH",2021-02-11,2.5
"2022",935,"PCPIPCH",2021-02-11,2.2
"2021",128,"PCPIPCH",2021-02-11,1.2
"2022",128,"PCPIPCH",2021-02-11,1.3
"2021",960,"PCPIPCH",2021-02-11,1.2
"2022",960,"PCPIPCH",2021-02-11,1.5
"2021",944,"PCPIPCH",2021-02-11,3.5
"2022",944,"PCPIPCH",2021-02-11,2.9
"2021",964,"PCPIPCH",2021-02-11,2.3
"2022",964,"PCPIPCH",2021-02-11,2.9
"2021",968,"PCPIPCH",2021-02-11,2.6
"2022",968,"PCPIPCH",2021-02-11,2.4
"2021",144,"PCPIPCH",2021-02-11,1.3
"2022",144,"PCPIPCH",2021-02-11,1.1
"2021",998,"PCPIPCH",2021-02-11,1.5
"2022",998,"PCPIPCH",2021-02-11,1.5
"2021",124,"LUR",2021-05-12,6.7
"2022",124,"LUR",2021-05-12,6.5
"2021",134,"LUR",2021-05-12,4.1
"2022",134,"LUR",2021-05-12,3.4
"2021",939,"LUR",2021-05-12,7.9
"2022",939,"LUR",2021-05-12,6.3
"2021",178,"LUR",2021-05-12,10.7
"2022",178,"LUR",2021-05-12,8.1
"2021",174,"LUR",2021-05-12,16.3
"2022",174,"LUR",2021-05-12,16.1
"2021",184,"LUR",2021-05-12,15.7
"2022",184,"LUR",2021-05-12,14.4
"2021",132,"LUR",2021-05-12,9.1
"2022",132,"LUR",2021-05-12,8.7
"2021",136,"LUR",2021-05-12,10.2
"2022",136,"LUR",2021-05-12,9.9
"2021",423,"LUR",2021-05-12,7.5
"2022",423,"LUR",2021-05-12,7.2
"2021",941,"LUR",2021-05-12,8.2
"2022",941,"LUR",2021-05-12,6.9
"2021",946,"LUR",2021-05-12,8.3
"2022",946,"LUR",2021-05-12,7.1
"2021",137,"LUR",2021-05-12,7.4
"2022",137,"LUR",2021-05-12,7.3
"2021",181,"LUR",2021-05-12,4.3
"2022",181,"LUR",2021-05-12,3.8
"2021",138,"LUR",2021-05-12,4.3
"2022",138,"LUR",2021-05-12,4.4
"2021",122,"LUR",2021-05-12,5
"2022",122,"LUR",2021-05-12,4.8
"2021",182,"LUR",2021-05-12,6.8
"2022",182,"LUR",2021-05-12,6.5
"2021",961,"LUR",2021-05-12,5
"2022",961,"LUR",2021-05-12,4.8
"2021",936,"LUR",2021-05-12,7.4
"2022",936,"LUR",2021-05-12,6.6
"2021",172,"LUR",2021-05-12,7.6
"2022",172,"LUR",2021-05-12,7.2
"2021",163,"LUR",2021-05-12,8.4
"2022",163,"LUR",2021-05-12,7.8
"2021",918,"LUR",2021-05-12,4.8
"2022",918,"LUR",2021-05-12,3.9
"2021",935,"LUR",2021-05-12,3.8
"2022",935,"LUR",2021-05-12,3.5
"2021",128,"LUR",2021-05-12,5.5
"2022",128,"LUR",2021-05-12,5.2
"2021",960,"LUR",2021-05-12,7.2
"2022",960,"LUR",2021-05-12,6.6
"2021",944,"LUR",2021-05-12,4.3
"2022",944,"LUR",2021-05-12,3.8
"2021",964,"LUR",2021-05-12,3.5
"2022",964,"LUR",2021-05-12,3.3
"2021",968,"LUR",2021-05-12,5.2
"2022",968,"LUR",2021-05-12,4.8
"2021",144,"LUR",2021-05-12,8.2
"2022",144,"LUR",2021-05-12,7.5
"2021",998,"LUR",2021-05-12,7.6
"2022",998,"LUR",2021-05-12,7
"2021",112,"LUR",2021-05-12,5.6
"2022",112,"LUR",2021-05-12,5.9
"2021",158,"LUR",2021-05-12,2.9
"2022",158,"LUR",2021-05-12,2.6
"2021",111,"LUR",2021-05-12,4.6
"2022",111,"LUR",2021-05-12,3.4
"2021",124,"NGDP_RPCH",2021-05-12,4.5
"2022",124,"NGDP_RPCH",2021-05-12,3.7
"2021",134,"NGDP_RPCH",2021-05-12,3.4
"2022",134,"NGDP_RPCH",2021-05-12,4.1
"2021",939,"NGDP_RPCH",2021-05-12,2.8
"2022",939,"NGDP_RPCH",2021-05-12,5
"2021",178,"NGDP_RPCH",2021-05-12,4.6
"2022",178,"NGDP_RPCH",2021-05-12,5
"2021",174,"NGDP_RPCH",2021-05-12,4.1
"2022",174,"NGDP_RPCH",2021-05-12,6
"2021",184,"NGDP_RPCH",2021-05-12,5.9
"2022",184,"NGDP_RPCH",2021-05-12,6.8
"2021",132,"NGDP_RPCH",2021-05-12,5.7
"2022",132,"NGDP_RPCH",2021-05-12,4.2
"2021",136,"NGDP_RPCH",2021-05-12,4.2
"2022",136,"NGDP_RPCH",2021-05-12,4.4
"2021",423,"NGDP_RPCH",2021-05-12,3.1
"2022",423,"NGDP_RPCH",2021-05-12,3.8
"2021",941,"NGDP_RPCH",2021-05-12,3.5
"2022",941,"NGDP_RPCH",2021-05-12,6
"2021",946,"NGDP_RPCH",2021-05-12,2.9
"2022",946,"NGDP_RPCH",2021-05-12,3.9
"2021",137,"NGDP_RPCH",2021-05-12,4.5
"2022",137,"NGDP_RPCH",2021-05-12,3.3
"2021",181,"NGDP_RPCH",2021-05-12,4.6
"2022",181,"NGDP_RPCH",2021-05-12,6.1
"2021",138,"NGDP_RPCH",2021-05-12,2.3
"2022",138,"NGDP_RPCH",2021-05-12,3.6
"2021",122,"NGDP_RPCH",2021-05-12,3.4
"2022",122,"NGDP_RPCH",2021-05-12,4.3
"2021",182,"NGDP_RPCH",2021-05-12,3.9
"2022",182,"NGDP_RPCH",2021-05-12,5.1
"2021",961,"NGDP_RPCH",2021-05-12,4.9
"2022",961,"NGDP_RPCH",2021-05-12,5.1
"2021",936,"NGDP_RPCH",2021-05-12,4.8
"2022",936,"NGDP_RPCH",2021-05-12,5.2
"2021",172,"NGDP_RPCH",2021-05-12,2.7
"2022",172,"NGDP_RPCH",2021-05-12,2.8
"2021",163,"NGDP_RPCH",2021-05-12,4.3
"2022",163,"NGDP_RPCH",2021-05-12,4.4
"2021",918,"NGDP_RPCH",2021-05-12,3.5
"2022",918,"NGDP_RPCH",2021-05-12,4.7
"2021",935,"NGDP_RPCH",2021-05-12,3.4
"2022",935,"NGDP_RPCH",2021-05-12,4.4
"2021",128,"NGDP_RPCH",2021-05-12,2.9
"2022",128,"NGDP_RPCH",2021-05-12,3.5
"2021",960,"NGDP_RPCH",2021-05-12,5
"2022",960,"NGDP_RPCH",2021-05-12,6.1
"2021",944,"NGDP_RPCH",2021-05-12,5
"2022",944,"NGDP_RPCH",2021-05-12,5.5
"2021",964,"NGDP_RPCH",2021-05-12,4
"2022",964,"NGDP_RPCH",2021-05-12,5.4
"2021",968,"NGDP_RPCH",2021-05-12,5.1
"2022",968,"NGDP_RPCH",2021-05-12,4.9
"2021",144,"NGDP_RPCH",2021-05-12,4.4
"2022",144,"NGDP_RPCH",2021-05-12,3.3
"2021",998,"NGDP_RPCH",2021-05-12,4.2
"2022",998,"NGDP_RPCH",2021-05-12,4.4
"2021",112,"NGDP_RPCH",2021-05-12,5
"2022",112,"NGDP_RPCH",2021-05-12,5.3
"2021",158,"NGDP_RPCH",2021-05-12,3.1
"2022",158,"NGDP_RPCH",2021-05-12,2.5
"2021",111,"NGDP_RPCH",2021-05-12,6.3
"2022",111,"NGDP_RPCH",2021-05-12,3.8
"2021",124,"PCPIPCH",2021-05-12,1.8
"2022",124,"PCPIPCH",2021-05-12,1.5
"2021",134,"PCPIPCH",2021-05-12,2.4
"2022",134,"PCPIPCH",2021-05-12,1.4
"2021",939,"PCPIPCH",2021-05-12,1.6
"2022",939,"PCPIPCH",2021-05-12,2.2
"2021",178,"PCPIPCH",2021-05-12,0.9
"2022",178,"PCPIPCH",2021-05-12,1.3
"2021",174,"PCPIPCH",2021-05-12,-0.2
"2022",174,"PCPIPCH",2021-05-12,0.6
"2021",184,"PCPIPCH",2021-05-12,1.4
"2022",184,"PCPIPCH",2021-05-12,1.1
"2021",132,"PCPIPCH",2021-05-12,1.4
"2022",132,"PCPIPCH",2021-05-12,1.1
"2021",136,"PCPIPCH",2021-05-12,1.3
"2022",136,"PCPIPCH",2021-05-12,1.1
"2021",423,"PCPIPCH",2021-05-12,1.7
"2022",423,"PCPIPCH",2021-05-12,1.1
"2021",941,"PCPIPCH",2021-05-12,1.7
"2022",941,"PCPIPCH",2021-05-12,2
"2021",946,"PCPIPCH",2021-05-12,1.9
"2022",946,"PCPIPCH",2021-05-12,1.9
"2021",137,"PCPIPCH",2021-05-12,2.1
"2022",137,"PCPIPCH",2021-05-12,1.6
"2021",181,"PCPIPCH",2021-05-12,1.2
"2022",181,"PCPIPCH",2021-05-12,1.5
"2021",138,"PCPIPCH",2021-05-12,1.6
"2022",138,"PCPIPCH",2021-05-12,1.4
"2021",122,"PCPIPCH",2021-05-12,1.8
"2022",122,"PCPIPCH",2021-05-12,1.6
"2021",182,"PCPIPCH",2021-05-12,0.9
"2022",182,"PCPIPCH",2021-05-12,1.1
"2021",961,"PCPIPCH",2021-05-12,0.8
"2022",961,"PCPIPCH",2021-05-12,1.7
"2021",936,"PCPIPCH",2021-05-12,1.5
"2022",936,"PCPIPCH",2021-05-12,1.9
"2021",172,"PCPIPCH",2021-05-12,1.2
"2022",172,"PCPIPCH",2021-05-12,1.2
"2021",163,"PCPIPCH",2021-05-12,1.7
"2022",163,"PCPIPCH",2021-05-12,1.3
"2021",918,"PCPIPCH",2021-05-12,1.6
"2022",918,"PCPIPCH",2021-05-12,2
"2021",935,"PCPIPCH",2021-05-12,2.4
"2022",935,"PCPIPCH",2021-05-12,2.2
"2021",128,"PCPIPCH",2021-05-12,1.3
"2022",128,"PCPIPCH",2021-05-12,1.3
"2021",960,"PCPIPCH",2021-05-12,1.3
"2022",960,"PCPIPCH",2021-05-12,1.3
"2021",944,"PCPIPCH",2021-05-12,4
"2022",944,"PCPIPCH",2021-05-12,3.2
"2021",964,"PCPIPCH",2021-05-12,3.5
"2022",964,"PCPIPCH",2021-05-12,2.9
"2021",968,"PCPIPCH",2021-05-12,2.9
"2022",968,"PCPIPCH",2021-05-12,2.7
"2021",144,"PCPIPCH",2021-05-12,1.8
"2022",144,"PCPIPCH",2021-05-12,1.1
"2021",998,"PCPIPCH",2021-05-12,1.9
"2022",998,"PCPIPCH",2021-05-12,1.5
"2021",112,"PCPIPCH",2021-05-12,1.6
"2022",112,"PCPIPCH",2021-05-12,1.8
"2021",158,"PCPIPCH",2021-05-12,0.3
"2022",158,"PCPIPCH",2021-05-12,0.9
"2021",111,"PCPIPCH",2021-05-12,2.2
"2022",111,"PCPIPCH",2021-05-12,2
"2021",124,"NGDP_RPCH",2021-07-07,5.4
"2022",124,"NGDP_RPCH",2021-07-07,3.7
"2021",134,"NGDP_RPCH",2021-07-07,3.6
"2022",134,"NGDP_RPCH",2021-07-07,4.6
"2021",939,"NGDP_RPCH",2021-07-07,4.9
"2022",939,"NGDP_RPCH",2021-07-07,3.8
"2021",178,"NGDP_RPCH",2021-07-07,7.2
"2022",178,"NGDP_RPCH",2021-07-07,5.1
"2021",174,"NGDP_RPCH",2021-07-07,4.3
"2022",174,"NGDP_RPCH",2021-07-07,6
"2021",184,"NGDP_RPCH",2021-07-07,6.2
"2022",184,"NGDP_RPCH",2021-07-07,6.3
"2021",132,"NGDP_RPCH",2021-07-07,6
"2022",132,"NGDP_RPCH",2021-07-07,4.2
"2021",136,"NGDP_RPCH",2021-07-07,5
"2022",136,"NGDP_RPCH",2021-07-07,4.2
"2021",423,"NGDP_RPCH",2021-07-07,4.3
"2022",423,"NGDP_RPCH",2021-07-07,3.8
"2021",941,"NGDP_RPCH",2021-07-07,3.8
"2022",941,"NGDP_RPCH",2021-07-07,6
"2021",946,"NGDP_RPCH",2021-07-07,3.8
"2022",946,"NGDP_RPCH",2021-07-07,3.9
"2021",137,"NGDP_RPCH",2021-07-07,4.8
"2022",137,"NGDP_RPCH",2021-07-07,3.3
"2021",181,"NGDP_RPCH",2021-07-07,5.6
"2022",181,"NGDP_RPCH",2021-07-07,5.8
"2021",138,"NGDP_RPCH",2021-07-07,3.3
"2022",138,"NGDP_RPCH",2021-07-07,3.3
"2021",122,"NGDP_RPCH",2021-07-07,3.8
"2022",122,"NGDP_RPCH",2021-07-07,4.5
"2021",182,"NGDP_RPCH",2021-07-07,3.9
"2022",182,"NGDP_RPCH",2021-07-07,5.1
"2021",961,"NGDP_RPCH",2021-07-07,5.7
"2022",961,"NGDP_RPCH",2021-07-07,5
"2021",936,"NGDP_RPCH",2021-07-07,4.9
"2022",936,"NGDP_RPCH",2021-07-07,5.3
"2021",172,"NGDP_RPCH",2021-07-07,2.7
"2022",172,"NGDP_RPCH",2021-07-07,2.9
"2021",163,"NGDP_RPCH",2021-07-07,4.8
"2022",163,"NGDP_RPCH",2021-07-07,4.5
"2021",918,"NGDP_RPCH",2021-07-07,4.6
"2022",918,"NGDP_RPCH",2021-07-07,4.1
"2021",935,"NGDP_RPCH",2021-07-07,3.9
"2022",935,"NGDP_RPCH",2021-07-07,4.5
"2021",128,"NGDP_RPCH",2021-07-07,3
"2022",128,"NGDP_RPCH",2021-07-07,3.4
"2021",960,"NGDP_RPCH",2021-07-07,5.4
"2022",960,"NGDP_RPCH",2021-07-07,5.9
"2021",944,"NGDP_RPCH",2021-07-07,6.3
"2022",944,"NGDP_RPCH",2021-07-07,5
"2021",964,"NGDP_RPCH",2021-07-07,4.8
"2022",964,"NGDP_RPCH",2021-07-07,5.2
"2021",968,"NGDP_RPCH",2021-07-07,7.4
"2022",968,"NGDP_RPCH",2021-07-07,4.9
"2021",144,"NGDP_RPCH",2021-07-07,4.6
"2022",144,"NGDP_RPCH",2021-07-07,3.6
"2021",998,"NGDP_RPCH",2021-07-07,4.8
"2022",998,"NGDP_RPCH",2021-07-07,4.5
"2021",124,"PCPIPCH",2021-07-07,2.1
"2022",124,"PCPIPCH",2021-07-07,1.7
"2021",134,"PCPIPCH",2021-07-07,2.8
"2022",134,"PCPIPCH",2021-07-07,1.6
"2021",939,"PCPIPCH",2021-07-07,2.2
"2022",939,"PCPIPCH",2021-07-07,2.4
"2021",178,"PCPIPCH",2021-07-07,1.5
"2022",178,"PCPIPCH",2021-07-07,1.2
"2021",174,"PCPIPCH",2021-07-07,-0.4
"2022",174,"PCPIPCH",2021-07-07,0.5
"2021",184,"PCPIPCH",2021-07-07,2.1
"2022",184,"PCPIPCH",2021-07-07,1.4
"2021",132,"PCPIPCH",2021-07-07,1.6
"2022",132,"PCPIPCH",2021-07-07,1.2
"2021",136,"PCPIPCH",2021-07-07,1.4
"2022",136,"PCPIPCH",2021-07-07,1.2
"2021",423,"PCPIPCH",2021-07-07,1.4
"2022",423,"PCPIPCH",2021-07-07,1.3
"2021",941,"PCPIPCH",2021-07-07,2
"2022",941,"PCPIPCH",2021-07-07,2.1
"2021",946,"PCPIPCH",2021-07-07,2.3
"2022",946,"PCPIPCH",2021-07-07,2
"2021",137,"PCPIPCH",2021-07-07,2.5
"2022",137,"PCPIPCH",2021-07-07,1.7
"2021",181,"PCPIPCH",2021-07-07,1.1
"2022",181,"PCPIPCH",2021-07-07,1.6
"2021",138,"PCPIPCH",2021-07-07,1.8
"2022",138,"PCPIPCH",2021-07-07,1.5
"2021",122,"PCPIPCH",2021-07-07,2.1
"2022",122,"PCPIPCH",2021-07-07,1.9
"2021",182,"PCPIPCH",2021-07-07,0.8
"2022",182,"PCPIPCH",2021-07-07,1.1
"2021",961,"PCPIPCH",2021-07-07,1.4
"2022",961,"PCPIPCH",2021-07-07,1.7
"2021",936,"PCPIPCH",2021-07-07,2.1
"2022",936,"PCPIPCH",2021-07-07,2.2
"2021",172,"PCPIPCH",2021-07-07,1.5
"2022",172,"PCPIPCH",2021-07-07,1.6
"2021",163,"PCPIPCH",2021-07-07,1.9
"2022",163,"PCPIPCH",2021-07-07,1.4
"2021",918,"PCPIPCH",2021-07-07,1.9
"2022",918,"PCPIPCH",2021-07-07,2.5
"2021",935,"PCPIPCH",2021-07-07,2.7
"2022",935,"PCPIPCH",2021-07-07,2.3
"2021",128,"PCPIPCH",2021-07-07,1.5
"2022",128,"PCPIPCH",2021-07-07,1.3
"2021",960,"PCPIPCH",2021-07-07,1.5
"2022",960,"PCPIPCH",2021-07-07,1.3
"2021",944,"PCPIPCH",2021-07-07,4.4
"2022",944,"PCPIPCH",2021-07-07,3.3
"2021",964,"PCPIPCH",2021-07-07,4.2
"2022",964,"PCPIPCH",2021-07-07,3.1
"2021",968,"PCPIPCH",2021-07-07,3.2
"2022",968,"PCPIPCH",2021-07-07,2.9
"2021",144,"PCPIPCH",2021-07-07,2.1
"2022",144,"PCPIPCH",2021-07-07,1.2
"2021",998,"PCPIPCH",2021-07-07,2.2
"2022",998,"PCPIPCH",2021-07-07,1.6
"2021",122,"LUR",2021-11-11,5
"2022",122,"LUR",2021-11-11,4.6
"2023",122,"LUR",2021-11-11,4.5
"2021",124,"LUR",2021-11-11,6.2
"2022",124,"LUR",2021-11-11,6.3
"2023",124,"LUR",2021-11-11,5.8
"2021",423,"LUR",2021-11-11,7.5
"2022",423,"LUR",2021-11-11,7.1
"2023",423,"LUR",2021-11-11,6.6
"2021",939,"LUR",2021-11-11,6.8
"2022",939,"LUR",2021-11-11,5.7
"2023",939,"LUR",2021-11-11,5.2
"2021",172,"LUR",2021-11-11,7.7
"2022",172,"LUR",2021-11-11,6.9
"2023",172,"LUR",2021-11-11,6.5
"2021",132,"LUR",2021-11-11,8
"2022",132,"LUR",2021-11-11,8
"2023",132,"LUR",2021-11-11,7.9
"2021",134,"LUR",2021-11-11,3.6
"2022",134,"LUR",2021-11-11,3.4
"2023",134,"LUR",2021-11-11,3.2
"2021",174,"LUR",2021-11-11,15.3
"2022",174,"LUR",2021-11-11,15
"2023",174,"LUR",2021-11-11,14.5
"2021",178,"LUR",2021-11-11,7.5
"2022",178,"LUR",2021-11-11,6.8
"2023",178,"LUR",2021-11-11,6.2
"2021",136,"LUR",2021-11-11,9.8
"2022",136,"LUR",2021-11-11,9.3
"2023",136,"LUR",2021-11-11,9.2
"2021",941,"LUR",2021-11-11,7.3
"2022",941,"LUR",2021-11-11,6.9
"2023",941,"LUR",2021-11-11,6.6
"2021",946,"LUR",2021-11-11,7.1
"2022",946,"LUR",2021-11-11,6.3
"2023",946,"LUR",2021-11-11,6
"2021",137,"LUR",2021-11-11,6.1
"2022",137,"LUR",2021-11-11,5.8
"2023",137,"LUR",2021-11-11,5.7
"2021",181,"LUR",2021-11-11,4
"2022",181,"LUR",2021-11-11,3.8
"2023",181,"LUR",2021-11-11,3.7
"2021",138,"LUR",2021-11-11,3.5
"2022",138,"LUR",2021-11-11,3.6
"2023",138,"LUR",2021-11-11,3.6
"2021",182,"LUR",2021-11-11,6.7
"2022",182,"LUR",2021-11-11,6.5
"2023",182,"LUR",2021-11-11,6.4
"2021",936,"LUR",2021-11-11,6.8
"2022",936,"LUR",2021-11-11,6.4
"2023",936,"LUR",2021-11-11,5.6
"2021",961,"LUR",2021-11-11,4.6
"2022",961,"LUR",2021-11-11,4.5
"2023",961,"LUR",2021-11-11,4.4
"2021",184,"LUR",2021-11-11,15.2
"2022",184,"LUR",2021-11-11,14.3
"2023",184,"LUR",2021-11-11,13.9
"2021",163,"LUR",2021-11-11,7.9
"2022",163,"LUR",2021-11-11,7.5
"2023",163,"LUR",2021-11-11,7.3
"2021",918,"LUR",2021-11-11,5.1
"2022",918,"LUR",2021-11-11,4.6
"2023",918,"LUR",2021-11-11,4.4
"2021",960,"LUR",2021-11-11,6.7
"2022",960,"LUR",2021-11-11,6.2
"2023",960,"LUR",2021-11-11,5.8
"2021",935,"LUR",2021-11-11,2.7
"2022",935,"LUR",2021-11-11,2.6
"2023",935,"LUR",2021-11-11,2.4
"2021",128,"LUR",2021-11-11,4.8
"2022",128,"LUR",2021-11-11,4.5
"2023",128,"LUR",2021-11-11,4.3
"2021",944,"LUR",2021-11-11,4.1
"2022",944,"LUR",2021-11-11,3.1
"2023",944,"LUR",2021-11-11,2.9
"2021",964,"LUR",2021-11-11,3.3
"2022",964,"LUR",2021-11-11,3.1
"2023",964,"LUR",2021-11-11,3
"2021",968,"LUR",2021-11-11,5
"2022",968,"LUR",2021-11-11,4.8
"2023",968,"LUR",2021-11-11,4.5
"2021",144,"LUR",2021-11-11,8.2
"2022",144,"LUR",2021-11-11,7.1
"2023",144,"LUR",2021-11-11,6.7
"2021",998,"LUR",2021-11-11,7.1
"2022",998,"LUR",2021-11-11,6.7
"2023",998,"LUR",2021-11-11,6.5
"2021",122,"NGDP_RPCH",2021-11-11,4.4
"2022",122,"NGDP_RPCH",2021-11-11,4.9
"2023",122,"NGDP_RPCH",2021-11-11,1.9
"2021",124,"NGDP_RPCH",2021-11-11,6
"2022",124,"NGDP_RPCH",2021-11-11,2.6
"2023",124,"NGDP_RPCH",2021-11-11,1.9
"2021",423,"NGDP_RPCH",2021-11-11,5.4
"2022",423,"NGDP_RPCH",2021-11-11,4.2
"2023",423,"NGDP_RPCH",2021-11-11,3.5
"2021",939,"NGDP_RPCH",2021-11-11,9
"2022",939,"NGDP_RPCH",2021-11-11,3.7
"2023",939,"NGDP_RPCH",2021-11-11,3.5
"2021",172,"NGDP_RPCH",2021-11-11,3.4
"2022",172,"NGDP_RPCH",2021-11-11,2.8
"2023",172,"NGDP_RPCH",2021-11-11,2
"2021",132,"NGDP_RPCH",2021-11-11,6.5
"2022",132,"NGDP_RPCH",2021-11-11,3.8
"2023",132,"NGDP_RPCH",2021-11-11,2.3
"2021",134,"NGDP_RPCH",2021-11-11,2.7
"2022",134,"NGDP_RPCH",2021-11-11,4.6
"2023",134,"NGDP_RPCH",2021-11-11,1.7
"2021",174,"NGDP_RPCH",2021-11-11,7.1
"2022",174,"NGDP_RPCH",2021-11-11,5.2
"2023",174,"NGDP_RPCH",2021-11-11,3.6
"2021",178,"NGDP_RPCH",2021-11-11,14.6
"2022",178,"NGDP_RPCH",2021-11-11,5.1
"2023",178,"NGDP_RPCH",2021-11-11,4.1
"2021",136,"NGDP_RPCH",2021-11-11,6.2
"2022",136,"NGDP_RPCH",2021-11-11,4.3
"2023",136,"NGDP_RPCH",2021-11-11,2.3
"2021",941,"NGDP_RPCH",2021-11-11,4.7
"2022",941,"NGDP_RPCH",2021-11-11,5
"2023",941,"NGDP_RPCH",2021-11-11,4
"2021",946,"NGDP_RPCH",2021-11-11,5
"2022",946,"NGDP_RPCH",2021-11-11,3.6
"2023",946,"NGDP_RPCH",2021-11-11,3.4
"2021",137,"NGDP_RPCH",2021-11-11,5.8
"2022",137,"NGDP_RPCH",2021-11-11,3.7
"2023",137,"NGDP_RPCH",2021-11-11,2.7
"2021",181,"NGDP_RPCH",2021-11-11,5
"2022",181,"NGDP_RPCH",2021-11-11,6.2
"2023",181,"NGDP_RPCH",2021-11-11,4.8
"2021",138,"NGDP_RPCH",2021-11-11,4
"2022",138,"NGDP_RPCH",2021-11-11,3.3
"2023",138,"NGDP_RPCH",2021-11-11,1.6
"2021",182,"NGDP_RPCH",2021-11-11,4.5
"2022",182,"NGDP_RPCH",2021-11-11,5.3
"2023",182,"NGDP_RPCH",2021-11-11,2.4
"2021",936,"NGDP_RPCH",2021-11-11,3.8
"2022",936,"NGDP_RPCH",2021-11-11,5.3
"2023",936,"NGDP_RPCH",2021-11-11,4.3
"2021",961,"NGDP_RPCH",2021-11-11,6.4
"2022",961,"NGDP_RPCH",2021-11-11,4.2
"2023",961,"NGDP_RPCH",2021-11-11,3.5
"2021",184,"NGDP_RPCH",2021-11-11,4.6
"2022",184,"NGDP_RPCH",2021-11-11,5.5
"2023",184,"NGDP_RPCH",2021-11-11,4.4
"2021",163,"NGDP_RPCH",2021-11-11,5
"2022",163,"NGDP_RPCH",2021-11-11,4.3
"2023",163,"NGDP_RPCH",2021-11-11,2.4
"2021",918,"NGDP_RPCH",2021-11-11,3.8
"2022",918,"NGDP_RPCH",2021-11-11,4.1
"2023",918,"NGDP_RPCH",2021-11-11,3.5
"2021",960,"NGDP_RPCH",2021-11-11,8.1
"2022",960,"NGDP_RPCH",2021-11-11,5.6
"2023",960,"NGDP_RPCH",2021-11-11,3.4
"2021",935,"NGDP_RPCH",2021-11-11,3
"2022",935,"NGDP_RPCH",2021-11-11,4.4
"2023",935,"NGDP_RPCH",2021-11-11,3.2
"2021",128,"NGDP_RPCH",2021-11-11,4.3
"2022",128,"NGDP_RPCH",2021-11-11,2.7
"2023",128,"NGDP_RPCH",2021-11-11,2.4
"2021",944,"NGDP_RPCH",2021-11-11,7.4
"2022",944,"NGDP_RPCH",2021-11-11,5.4
"2023",944,"NGDP_RPCH",2021-11-11,3.2
"2021",964,"NGDP_RPCH",2021-11-11,4.9
"2022",964,"NGDP_RPCH",2021-11-11,5.2
"2023",964,"NGDP_RPCH",2021-11-11,4.4
"2021",968,"NGDP_RPCH",2021-11-11,7
"2022",968,"NGDP_RPCH",2021-11-11,5.1
"2023",968,"NGDP_RPCH",2021-11-11,5.2
"2021",144,"NGDP_RPCH",2021-11-11,3.9
"2022",144,"NGDP_RPCH",2021-11-11,3.5
"2023",144,"NGDP_RPCH",2021-11-11,1.7
"2021",998,"NGDP_RPCH",2021-11-11,5
"2022",998,"NGDP_RPCH",2021-11-11,4.3
"2023",998,"NGDP_RPCH",2021-11-11,2.5
"2021",122,"PCPIPCH",2021-11-11,2.7
"2022",122,"PCPIPCH",2021-11-11,2.5
"2023",122,"PCPIPCH",2021-11-11,2
"2021",124,"PCPIPCH",2021-11-11,2.7
"2022",124,"PCPIPCH",2021-11-11,2.3
"2023",124,"PCPIPCH",2021-11-11,1.6
"2021",423,"PCPIPCH",2021-11-11,1.9
"2022",423,"PCPIPCH",2021-11-11,1.7
"2023",423,"PCPIPCH",2021-11-11,1.2
"2021",939,"PCPIPCH",2021-11-11,4
"2022",939,"PCPIPCH",2021-11-11,3.9
"2023",939,"PCPIPCH",2021-11-11,2.1
"2021",172,"PCPIPCH",2021-11-11,1.8
"2022",172,"PCPIPCH",2021-11-11,1.9
"2023",172,"PCPIPCH",2021-11-11,1.9
"2021",132,"PCPIPCH",2021-11-11,1.9
"2022",132,"PCPIPCH",2021-11-11,2.1
"2023",132,"PCPIPCH",2021-11-11,1.4
"2021",134,"PCPIPCH",2021-11-11,3.1
"2022",134,"PCPIPCH",2021-11-11,2.2
"2023",134,"PCPIPCH",2021-11-11,1.7
"2021",174,"PCPIPCH",2021-11-11,0.1
"2022",174,"PCPIPCH",2021-11-11,1
"2023",174,"PCPIPCH",2021-11-11,0.4
"2021",178,"PCPIPCH",2021-11-11,2.3
"2022",178,"PCPIPCH",2021-11-11,3.1
"2023",178,"PCPIPCH",2021-11-11,1.5
"2021",136,"PCPIPCH",2021-11-11,1.8
"2022",136,"PCPIPCH",2021-11-11,2.1
"2023",136,"PCPIPCH",2021-11-11,1.4
"2021",941,"PCPIPCH",2021-11-11,3.1
"2022",941,"PCPIPCH",2021-11-11,3.6
"2023",941,"PCPIPCH",2021-11-11,0.8
"2021",946,"PCPIPCH",2021-11-11,3.8
"2022",946,"PCPIPCH",2021-11-11,3.1
"2023",946,"PCPIPCH",2021-11-11,2
"2021",137,"PCPIPCH",2021-11-11,3.2
"2022",137,"PCPIPCH",2021-11-11,2.2
"2023",137,"PCPIPCH",2021-11-11,1.8
"2021",181,"PCPIPCH",2021-11-11,1.1
"2022",181,"PCPIPCH",2021-11-11,1.6
"2023",181,"PCPIPCH",2021-11-11,1.5
"2021",138,"PCPIPCH",2021-11-11,2.1
"2022",138,"PCPIPCH",2021-11-11,2.2
"2023",138,"PCPIPCH",2021-11-11,1.5
"2021",182,"PCPIPCH",2021-11-11,0.8
"2022",182,"PCPIPCH",2021-11-11,1.7
"2023",182,"PCPIPCH",2021-11-11,1.2
"2021",936,"PCPIPCH",2021-11-11,2.8
"2022",936,"PCPIPCH",2021-11-11,4.3
"2023",936,"PCPIPCH",2021-11-11,2.2
"2021",961,"PCPIPCH",2021-11-11,1.7
"2022",961,"PCPIPCH",2021-11-11,2.1
"2023",961,"PCPIPCH",2021-11-11,1.7
"2021",184,"PCPIPCH",2021-11-11,2.8
"2022",184,"PCPIPCH",2021-11-11,2.1
"2023",184,"PCPIPCH",2021-11-11,0.7
"2021",163,"PCPIPCH",2021-11-11,2.4
"2022",163,"PCPIPCH",2021-11-11,2.2
"2023",163,"PCPIPCH",2021-11-11,1.4
"2021",918,"PCPIPCH",2021-11-11,2.4
"2022",918,"PCPIPCH",2021-11-11,2.9
"2023",918,"PCPIPCH",2021-11-11,1.8
"2021",960,"PCPIPCH",2021-11-11,2.2
"2022",960,"PCPIPCH",2021-11-11,2
"2023",960,"PCPIPCH",2021-11-11,1.5
"2021",935,"PCPIPCH",2021-11-11,3.3
"2022",935,"PCPIPCH",2021-11-11,3.4
"2023",935,"PCPIPCH",2021-11-11,2.3
"2021",128,"PCPIPCH",2021-11-11,1.7
"2022",128,"PCPIPCH",2021-11-11,1.9
"2023",128,"PCPIPCH",2021-11-11,1.6
"2021",944,"PCPIPCH",2021-11-11,5.1
"2022",944,"PCPIPCH",2021-11-11,4.8
"2023",944,"PCPIPCH",2021-11-11,3.4
"2021",964,"PCPIPCH",2021-11-11,5
"2022",964,"PCPIPCH",2021-11-11,5.2
"2023",964,"PCPIPCH",2021-11-11,2.6
"2021",968,"PCPIPCH",2021-11-11,4
"2022",968,"PCPIPCH",2021-11-11,4
"2023",968,"PCPIPCH",2021-11-11,2.8
"2021",144,"PCPIPCH",2021-11-11,2.4
"2022",144,"PCPIPCH",2021-11-11,1.9
"2023",144,"PCPIPCH",2021-11-11,1.1
"2021",998,"PCPIPCH",2021-11-11,2.6
"2022",998,"PCPIPCH",2021-11-11,2.5
"2023",998,"PCPIPCH",2021-11-11,1.6
"2022",122,"NGDP_RPCH",2022-02-10,4.3
"2023",122,"NGDP_RPCH",2022-02-10,2.3
"2022",124,"NGDP_RPCH",2022-02-10,2.7
"2023",124,"NGDP_RPCH",2022-02-10,2.2
"2022",423,"NGDP_RPCH",2022-02-10,4.1
"2023",423,"NGDP_RPCH",2022-02-10,3.5
"2022",939,"NGDP_RPCH",2022-02-10,3.1
"2023",939,"NGDP_RPCH",2022-02-10,4
"2022",172,"NGDP_RPCH",2022-02-10,3
"2023",172,"NGDP_RPCH",2022-02-10,2
"2022",132,"NGDP_RPCH",2022-02-10,3.6
"2023",132,"NGDP_RPCH",2022-02-10,2.1
"2022",134,"NGDP_RPCH",2022-02-10,3.6
"2023",134,"NGDP_RPCH",2022-02-10,2.6
"2022",174,"NGDP_RPCH",2022-02-10,4.9
"2023",174,"NGDP_RPCH",2022-02-10,3.5
"2022",178,"NGDP_RPCH",2022-02-10,5.5
"2023",178,"NGDP_RPCH",2022-02-10,4.5
"2022",136,"NGDP_RPCH",2022-02-10,4.1
"2023",136,"NGDP_RPCH",2022-02-10,2.3
"2022",941,"NGDP_RPCH",2022-02-10,4.4
"2023",941,"NGDP_RPCH",2022-02-10,3.8
"2022",946,"NGDP_RPCH",2022-02-10,3.4
"2023",946,"NGDP_RPCH",2022-02-10,3.4
"2022",137,"NGDP_RPCH",2022-02-10,3.9
"2023",137,"NGDP_RPCH",2022-02-10,2.9
"2022",181,"NGDP_RPCH",2022-02-10,6
"2023",181,"NGDP_RPCH",2022-02-10,5
"2022",138,"NGDP_RPCH",2022-02-10,3
"2023",138,"NGDP_RPCH",2022-02-10,2.7
"2022",182,"NGDP_RPCH",2022-02-10,5.5
"2023",182,"NGDP_RPCH",2022-02-10,2.6
"2022",936,"NGDP_RPCH",2022-02-10,5
"2023",936,"NGDP_RPCH",2022-02-10,5.1
"2022",961,"NGDP_RPCH",2022-02-10,3.8
"2023",961,"NGDP_RPCH",2022-02-10,3.6
"2022",184,"NGDP_RPCH",2022-02-10,5.6
"2023",184,"NGDP_RPCH",2022-02-10,4.4
"2022",163,"NGDP_RPCH",2022-02-10,4
"2023",163,"NGDP_RPCH",2022-02-10,2.7
"2022",918,"NGDP_RPCH",2022-02-10,3.7
"2023",918,"NGDP_RPCH",2022-02-10,3.9
"2022",960,"NGDP_RPCH",2022-02-10,4.8
"2023",960,"NGDP_RPCH",2022-02-10,3
"2022",935,"NGDP_RPCH",2022-02-10,4.4
"2023",935,"NGDP_RPCH",2022-02-10,3.9
"2022",128,"NGDP_RPCH",2022-02-10,2.8
"2023",128,"NGDP_RPCH",2022-02-10,2.3
"2022",944,"NGDP_RPCH",2022-02-10,5
"2023",944,"NGDP_RPCH",2022-02-10,3.2
"2022",964,"NGDP_RPCH",2022-02-10,5.5
"2023",964,"NGDP_RPCH",2022-02-10,4.2
"2022",968,"NGDP_RPCH",2022-02-10,4.2
"2023",968,"NGDP_RPCH",2022-02-10,4.5
"2022",144,"NGDP_RPCH",2022-02-10,3.8
"2023",144,"NGDP_RPCH",2022-02-10,2
"2022",998,"NGDP_RPCH",2022-02-10,4
"2023",998,"NGDP_RPCH",2022-02-10,2.8
"2022",122,"PCPIPCH",2022-02-10,3.3
"2023",122,"PCPIPCH",2022-02-10,2.2
"2022",124,"PCPIPCH",2022-02-10,4.3
"2023",124,"PCPIPCH",2022-02-10,1.3
"2022",423,"PCPIPCH",2022-02-10,2.6
"2023",423,"PCPIPCH",2022-02-10,1.2
"2022",939,"PCPIPCH",2022-02-10,6.1
"2023",939,"PCPIPCH",2022-02-10,2.1
"2022",172,"PCPIPCH",2022-02-10,2.6
"2023",172,"PCPIPCH",2022-02-10,1.9
"2022",132,"PCPIPCH",2022-02-10,2.8
"2023",132,"PCPIPCH",2022-02-10,1.7
"2022",134,"PCPIPCH",2022-02-10,3.7
"2023",134,"PCPIPCH",2022-02-10,2.1
"2022",174,"PCPIPCH",2022-02-10,3.1
"2023",174,"PCPIPCH",2022-02-10,1.1
"2022",178,"PCPIPCH",2022-02-10,4.6
"2023",178,"PCPIPCH",2022-02-10,2.5
"2022",136,"PCPIPCH",2022-02-10,3.8
"2023",136,"PCPIPCH",2022-02-10,1.6
"2022",941,"PCPIPCH",2022-02-10,5.9
"2023",941,"PCPIPCH",2022-02-10,0.9
"2022",946,"PCPIPCH",2022-02-10,6.7
"2023",946,"PCPIPCH",2022-02-10,2.2
"2022",137,"PCPIPCH",2022-02-10,3.8
"2023",137,"PCPIPCH",2022-02-10,1.5
"2022",181,"PCPIPCH",2022-02-10,2.1
"2023",181,"PCPIPCH",2022-02-10,1.9
"2022",138,"PCPIPCH",2022-02-10,4
"2023",138,"PCPIPCH",2022-02-10,1.4
"2022",182,"PCPIPCH",2022-02-10,2.3
"2023",182,"PCPIPCH",2022-02-10,1.3
"2022",936,"PCPIPCH",2022-02-10,6.4
"2023",936,"PCPIPCH",2022-02-10,2.4
"2022",961,"PCPIPCH",2022-02-10,3.7
"2023",961,"PCPIPCH",2022-02-10,2.1
"2022",184,"PCPIPCH",2022-02-10,3.6
"2023",184,"PCPIPCH",2022-02-10,1.1
"2022",163,"PCPIPCH",2022-02-10,3.5
"2023",163,"PCPIPCH",2022-02-10,1.7
"2022",918,"PCPIPCH",2022-02-10,6.3
"2023",918,"PCPIPCH",2022-02-10,3.9
"2022",960,"PCPIPCH",2022-02-10,3.5
"2023",960,"PCPIPCH",2022-02-10,1.6
"2022",935,"PCPIPCH",2022-02-10,5.8
"2023",935,"PCPIPCH",2022-02-10,2.2
"2022",128,"PCPIPCH",2022-02-10,2.5
"2023",128,"PCPIPCH",2022-02-10,2.1
"2022",944,"PCPIPCH",2022-02-10,5.4
"2023",944,"PCPIPCH",2022-02-10,3.6
"2022",964,"PCPIPCH",2022-02-10,6.8
"2023",964,"PCPIPCH",2022-02-10,3.8
"2022",968,"PCPIPCH",2022-02-10,5.3
"2023",968,"PCPIPCH",2022-02-10,2.5
"2022",144,"PCPIPCH",2022-02-10,2.9
"2023",144,"PCPIPCH",2022-02-10,1.2
"2022",998,"PCPIPCH",2022-02-10,3.9
"2023",998,"PCPIPCH",2022-02-10,1.9
"2022",122,"LUR",2022-05-16,5
"2023",122,"LUR",2022-05-16,4.8
"2022",124,"LUR",2022-05-16,5.8
"2023",124,"LUR",2022-05-16,5.6
"2022",423,"LUR",2022-05-16,7.8
"2023",423,"LUR",2022-05-16,7.3
"2022",939,"LUR",2022-05-16,6.8
"2023",939,"LUR",2022-05-16,6.9
"2022",172,"LUR",2022-05-16,7.2
"2023",172,"LUR",2022-05-16,6.9
"2022",132,"LUR",2022-05-16,7.6
"2023",132,"LUR",2022-05-16,7.6
"2022",134,"LUR",2022-05-16,3.3
"2023",134,"LUR",2022-05-16,3.2
"2022",174,"LUR",2022-05-16,13.7
"2023",174,"LUR",2022-05-16,13.1
"2022",178,"LUR",2022-05-16,4.6
"2023",178,"LUR",2022-05-16,5
"2022",136,"LUR",2022-05-16,9.5
"2023",136,"LUR",2022-05-16,8.9
"2022",941,"LUR",2022-05-16,7.3
"2023",941,"LUR",2022-05-16,7.1
"2022",946,"LUR",2022-05-16,7.2
"2023",946,"LUR",2022-05-16,7.2
"2022",137,"LUR",2022-05-16,5.2
"2023",137,"LUR",2022-05-16,5.1
"2022",181,"LUR",2022-05-16,3.6
"2023",181,"LUR",2022-05-16,3.6
"2022",138,"LUR",2022-05-16,4
"2023",138,"LUR",2022-05-16,4.2
"2022",182,"LUR",2022-05-16,5.7
"2023",182,"LUR",2022-05-16,5.5
"2022",936,"LUR",2022-05-16,6.7
"2023",936,"LUR",2022-05-16,6.3
"2022",961,"LUR",2022-05-16,4.8
"2023",961,"LUR",2022-05-16,4.6
"2022",184,"LUR",2022-05-16,13.4
"2023",184,"LUR",2022-05-16,13
"2022",163,"LUR",2022-05-16,7.3
"2023",163,"LUR",2022-05-16,7
"2022",918,"LUR",2022-05-16,5.4
"2023",918,"LUR",2022-05-16,5.3
"2022",960,"LUR",2022-05-16,6.3
"2023",960,"LUR",2022-05-16,6
"2022",935,"LUR",2022-05-16,2.6
"2023",935,"LUR",2022-05-16,2.6
"2022",128,"LUR",2022-05-16,4.8
"2023",128,"LUR",2022-05-16,4.7
"2022",944,"LUR",2022-05-16,3.8
"2023",944,"LUR",2022-05-16,4
"2022",964,"LUR",2022-05-16,4.1
"2023",964,"LUR",2022-05-16,3.9
"2022",968,"LUR",2022-05-16,5.5
"2023",968,"LUR",2022-05-16,5.3
"2022",144,"LUR",2022-05-16,7.8
"2023",144,"LUR",2022-05-16,7
"2022",998,"LUR",2022-05-16,6.7
"2023",998,"LUR",2022-05-16,6.5
"2022",122,"NGDP_RPCH",2022-05-16,3.9
"2023",122,"NGDP_RPCH",2022-05-16,1.9
"2022",124,"NGDP_RPCH",2022-05-16,2
"2023",124,"NGDP_RPCH",2022-05-16,1.8
"2022",423,"NGDP_RPCH",2022-05-16,2.3
"2023",423,"NGDP_RPCH",2022-05-16,3.5
"2022",939,"NGDP_RPCH",2022-05-16,1
"2023",939,"NGDP_RPCH",2022-05-16,2.4
"2022",172,"NGDP_RPCH",2022-05-16,1.6
"2023",172,"NGDP_RPCH",2022-05-16,1.7
"2022",132,"NGDP_RPCH",2022-05-16,3.1
"2023",132,"NGDP_RPCH",2022-05-16,1.8
"2022",134,"NGDP_RPCH",2022-05-16,1.6
"2023",134,"NGDP_RPCH",2022-05-16,2.4
"2022",174,"NGDP_RPCH",2022-05-16,3.5
"2023",174,"NGDP_RPCH",2022-05-16,3.1
"2022",178,"NGDP_RPCH",2022-05-16,5.4
"2023",178,"NGDP_RPCH",2022-05-16,4.4
"2022",136,"NGDP_RPCH",2022-05-16,2.4
"2023",136,"NGDP_RPCH",2022-05-16,1.9
"2022",941,"NGDP_RPCH",2022-05-16,2
"2023",941,"NGDP_RPCH",2022-05-16,2.9
"2022",946,"NGDP_RPCH",2022-05-16,1.7
"2023",946,"NGDP_RPCH",2022-05-16,2.6
"2022",137,"NGDP_RPCH",2022-05-16,2.2
"2023",137,"NGDP_RPCH",2022-05-16,2.7
"2022",181,"NGDP_RPCH",2022-05-16,4.2
"2023",181,"NGDP_RPCH",2022-05-16,4
"2022",138,"NGDP_RPCH",2022-05-16,3.3
"2023",138,"NGDP_RPCH",2022-05-16,1.6
"2022",182,"NGDP_RPCH",2022-05-16,5.8
"2023",182,"NGDP_RPCH",2022-05-16,2.7
"2022",936,"NGDP_RPCH",2022-05-16,2.3
"2023",936,"NGDP_RPCH",2022-05-16,3.6
"2022",961,"NGDP_RPCH",2022-05-16,3.7
"2023",961,"NGDP_RPCH",2022-05-16,3.1
"2022",184,"NGDP_RPCH",2022-05-16,4
"2023",184,"NGDP_RPCH",2022-05-16,3.4
"2022",163,"NGDP_RPCH",2022-05-16,2.7
"2023",163,"NGDP_RPCH",2022-05-16,2.3
"2022",918,"NGDP_RPCH",2022-05-16,2.1
"2023",918,"NGDP_RPCH",2022-05-16,3.1
"2022",960,"NGDP_RPCH",2022-05-16,3.4
"2023",960,"NGDP_RPCH",2022-05-16,3
"2022",935,"NGDP_RPCH",2022-05-16,1.9
"2023",935,"NGDP_RPCH",2022-05-16,2.7
"2022",128,"NGDP_RPCH",2022-05-16,2.6
"2023",128,"NGDP_RPCH",2022-05-16,1.8
"2022",944,"NGDP_RPCH",2022-05-16,3.6
"2023",944,"NGDP_RPCH",2022-05-16,2.6
"2022",964,"NGDP_RPCH",2022-05-16,3.7
"2023",964,"NGDP_RPCH",2022-05-16,3
"2022",968,"NGDP_RPCH",2022-05-16,2.6
"2023",968,"NGDP_RPCH",2022-05-16,3.6
"2022",144,"NGDP_RPCH",2022-05-16,2.3
"2023",144,"NGDP_RPCH",2022-05-16,1.4
"2022",998,"NGDP_RPCH",2022-05-16,2.7
"2023",998,"NGDP_RPCH",2022-05-16,2.3
"2022",122,"PCPIPCH",2022-05-16,6
"2023",122,"PCPIPCH",2022-05-16,3
"2022",124,"PCPIPCH",2022-05-16,7.8
"2023",124,"PCPIPCH",2022-05-16,1.9
"2022",423,"PCPIPCH",2022-05-16,5.2
"2023",423,"PCPIPCH",2022-05-16,2.7
"2022",939,"PCPIPCH",2022-05-16,11.2
"2023",939,"PCPIPCH",2022-05-16,2.5
"2022",172,"PCPIPCH",2022-05-16,4.5
"2023",172,"PCPIPCH",2022-05-16,2.3
"2022",132,"PCPIPCH",2022-05-16,4.9
"2023",132,"PCPIPCH",2022-05-16,3.1
"2022",134,"PCPIPCH",2022-05-16,6.5
"2023",134,"PCPIPCH",2022-05-16,3.1
"2022",174,"PCPIPCH",2022-05-16,6.3
"2023",174,"PCPIPCH",2022-05-16,1.9
"2022",178,"PCPIPCH",2022-05-16,6.1
"2023",178,"PCPIPCH",2022-05-16,3.1
"2022",136,"PCPIPCH",2022-05-16,5.9
"2023",136,"PCPIPCH",2022-05-16,2.3
"2022",941,"PCPIPCH",2022-05-16,9.4
"2023",941,"PCPIPCH",2022-05-16,3.5
"2022",946,"PCPIPCH",2022-05-16,12.5
"2023",946,"PCPIPCH",2022-05-16,3
"2022",137,"PCPIPCH",2022-05-16,6.8
"2023",137,"PCPIPCH",2022-05-16,2.3
"2022",181,"PCPIPCH",2022-05-16,4.5
"2023",181,"PCPIPCH",2022-05-16,2.6
"2022",138,"PCPIPCH",2022-05-16,7.4
"2023",138,"PCPIPCH",2022-05-16,2.7
"2022",182,"PCPIPCH",2022-05-16,4.4
"2023",182,"PCPIPCH",2022-05-16,1.9
"2022",936,"PCPIPCH",2022-05-16,9.8
"2023",936,"PCPIPCH",2022-05-16,6.8
"2022",961,"PCPIPCH",2022-05-16,6.1
"2023",961,"PCPIPCH",2022-05-16,3.3
"2022",184,"PCPIPCH",2022-05-16,6.3
"2023",184,"PCPIPCH",2022-05-16,1.8
"2022",163,"PCPIPCH",2022-05-16,6.1
"2023",163,"PCPIPCH",2022-05-16,2.7
"2022",918,"PCPIPCH",2022-05-16,11.9
"2023",918,"PCPIPCH",2022-05-16,5
"2022",960,"PCPIPCH",2022-05-16,6.1
"2023",960,"PCPIPCH",2022-05-16,2.8
"2022",935,"PCPIPCH",2022-05-16,11.7
"2023",935,"PCPIPCH",2022-05-16,4.5
"2022",128,"PCPIPCH",2022-05-16,5.1
"2023",128,"PCPIPCH",2022-05-16,2.7
"2022",944,"PCPIPCH",2022-05-16,9
"2023",944,"PCPIPCH",2022-05-16,4.1
"2022",964,"PCPIPCH",2022-05-16,11.6
"2023",964,"PCPIPCH",2022-05-16,7.3
"2022",968,"PCPIPCH",2022-05-16,8.9
"2023",968,"PCPIPCH",2022-05-16,5.1
"2022",144,"PCPIPCH",2022-05-16,5.3
"2023",144,"PCPIPCH",2022-05-16,3
"2022",998,"PCPIPCH",2022-05-16,6.8
"2023",998,"PCPIPCH",2022-05-16,3.2
"2022",122,"NGDP_RPCH",2022-07-14,3.7
"2023",122,"NGDP_RPCH",2022-07-14,1.5
"2022",124,"NGDP_RPCH",2022-07-14,2.3
"2023",124,"NGDP_RPCH",2022-07-14,1.3
"2022",918,"NGDP_RPCH",2022-07-14,2.8
"2023",918,"NGDP_RPCH",2022-07-14,2.3
"2022",960,"NGDP_RPCH",2022-07-14,3.4
"2023",960,"NGDP_RPCH",2022-07-14,2.9
"2022",423,"NGDP_RPCH",2022-07-14,3.2
"2023",423,"NGDP_RPCH",2022-07-14,2.1
"2022",935,"NGDP_RPCH",2022-07-14,2.3
"2023",935,"NGDP_RPCH",2022-07-14,2
"2022",128,"NGDP_RPCH",2022-07-14,3
"2023",128,"NGDP_RPCH",2022-07-14,1.2
"2022",939,"NGDP_RPCH",2022-07-14,1.6
"2023",939,"NGDP_RPCH",2022-07-14,1.9
"2022",172,"NGDP_RPCH",2022-07-14,1.8
"2023",172,"NGDP_RPCH",2022-07-14,1.2
"2022",132,"NGDP_RPCH",2022-07-14,2.4
"2023",132,"NGDP_RPCH",2022-07-14,1.4
"2022",134,"NGDP_RPCH",2022-07-14,1.4
"2023",134,"NGDP_RPCH",2022-07-14,1.3
"2022",174,"NGDP_RPCH",2022-07-14,4
"2023",174,"NGDP_RPCH",2022-07-14,2.4
"2022",944,"NGDP_RPCH",2022-07-14,5.2
"2023",944,"NGDP_RPCH",2022-07-14,2.1
"2022",178,"NGDP_RPCH",2022-07-14,5.3
"2023",178,"NGDP_RPCH",2022-07-14,4
"2022",136,"NGDP_RPCH",2022-07-14,2.9
"2023",136,"NGDP_RPCH",2022-07-14,0.9
"2022",941,"NGDP_RPCH",2022-07-14,3.9
"2023",941,"NGDP_RPCH",2022-07-14,2.2
"2022",946,"NGDP_RPCH",2022-07-14,1.9
"2023",946,"NGDP_RPCH",2022-07-14,2.5
"2022",137,"NGDP_RPCH",2022-07-14,2.6
"2023",137,"NGDP_RPCH",2022-07-14,2.1
"2022",181,"NGDP_RPCH",2022-07-14,4.9
"2023",181,"NGDP_RPCH",2022-07-14,3.8
"2022",138,"NGDP_RPCH",2022-07-14,3
"2023",138,"NGDP_RPCH",2022-07-14,1
"2022",964,"NGDP_RPCH",2022-07-14,5.2
"2023",964,"NGDP_RPCH",2022-07-14,1.5
"2022",182,"NGDP_RPCH",2022-07-14,6.5
"2023",182,"NGDP_RPCH",2022-07-14,1.9
"2022",968,"NGDP_RPCH",2022-07-14,3.9
"2023",968,"NGDP_RPCH",2022-07-14,2.9
"2022",936,"NGDP_RPCH",2022-07-14,1.9
"2023",936,"NGDP_RPCH",2022-07-14,2.7
"2022",961,"NGDP_RPCH",2022-07-14,5.4
"2023",961,"NGDP_RPCH",2022-07-14,1
"2022",184,"NGDP_RPCH",2022-07-14,4
"2023",184,"NGDP_RPCH",2022-07-14,2.1
"2022",144,"NGDP_RPCH",2022-07-14,1.3
"2023",144,"NGDP_RPCH",2022-07-14,0.8
"2022",163,"NGDP_RPCH",2022-07-14,2.6
"2023",163,"NGDP_RPCH",2022-07-14,1.4
"2022",998,"NGDP_RPCH",2022-07-14,2.7
"2023",998,"NGDP_RPCH",2022-07-14,1.5
"2022",122,"PCPIPCH",2022-07-14,7.4
"2023",122,"PCPIPCH",2022-07-14,4.4
"2022",124,"PCPIPCH",2022-07-14,9.4
"2023",124,"PCPIPCH",2022-07-14,2.9
"2022",918,"PCPIPCH",2022-07-14,12.5
"2023",918,"PCPIPCH",2022-07-14,6.8
"2022",960,"PCPIPCH",2022-07-14,8.2
"2023",960,"PCPIPCH",2022-07-14,3.6
"2022",423,"PCPIPCH",2022-07-14,7
"2023",423,"PCPIPCH",2022-07-14,3.3
"2022",935,"PCPIPCH",2022-07-14,13.9
"2023",935,"PCPIPCH",2022-07-14,5.8
"2022",128,"PCPIPCH",2022-07-14,7.5
"2023",128,"PCPIPCH",2022-07-14,3.4
"2022",939,"PCPIPCH",2022-07-14,17
"2023",939,"PCPIPCH",2022-07-14,4.7
"2022",172,"PCPIPCH",2022-07-14,6.4
"2023",172,"PCPIPCH",2022-07-14,2.8
"2022",132,"PCPIPCH",2022-07-14,5.9
"2023",132,"PCPIPCH",2022-07-14,4.1
"2022",134,"PCPIPCH",2022-07-14,7.9
"2023",134,"PCPIPCH",2022-07-14,4.8
"2022",174,"PCPIPCH",2022-07-14,8.9
"2023",174,"PCPIPCH",2022-07-14,3.5
"2022",944,"PCPIPCH",2022-07-14,11.8
"2023",944,"PCPIPCH",2022-07-14,7.6
"2022",178,"PCPIPCH",2022-07-14,7.3
"2023",178,"PCPIPCH",2022-07-14,3.3
"2022",136,"PCPIPCH",2022-07-14,7.4
"2023",136,"PCPIPCH",2022-07-14,3.4
"2022",941,"PCPIPCH",2022-07-14,15.5
"2023",941,"PCPIPCH",2022-07-14,6
"2022",946,"PCPIPCH",2022-07-14,17
"2023",946,"PCPIPCH",2022-07-14,5.1
"2022",137,"PCPIPCH",2022-07-14,8.5
"2023",137,"PCPIPCH",2022-07-14,3
"2022",181,"PCPIPCH",2022-07-14,5.6
"2023",181,"PCPIPCH",2022-07-14,3.3
"2022",138,"PCPIPCH",2022-07-14,9.4
"2023",138,"PCPIPCH",2022-07-14,3.3
"2022",964,"PCPIPCH",2022-07-14,12.2
"2023",964,"PCPIPCH",2022-07-14,9
"2022",182,"PCPIPCH",2022-07-14,6.8
"2023",182,"PCPIPCH",2022-07-14,3.6
"2022",968,"PCPIPCH",2022-07-14,11.1
"2023",968,"PCPIPCH",2022-07-14,7.2
"2022",936,"PCPIPCH",2022-07-14,10.5
"2023",936,"PCPIPCH",2022-07-14,8.2
"2022",961,"PCPIPCH",2022-07-14,7.6
"2023",961,"PCPIPCH",2022-07-14,4.9
"2022",184,"PCPIPCH",2022-07-14,8.1
"2023",184,"PCPIPCH",2022-07-14,3.4
"2022",144,"PCPIPCH",2022-07-14,6.6
"2023",144,"PCPIPCH",2022-07-14,3.6
"2022",163,"PCPIPCH",2022-07-14,7.6
"2023",163,"PCPIPCH",2022-07-14,4
"2022",998,"PCPIPCH",2022-07-14,8.3
"2023",998,"PCPIPCH",2022-07-14,4.6
"2022",122,"LUR",2022-11-11,5
"2023",122,"LUR",2022-11-11,5.2
"2024",122,"LUR",2022-11-11,5.3
"2022",124,"LUR",2022-11-11,5.8
"2023",124,"LUR",2022-11-11,6.4
"2024",124,"LUR",2022-11-11,6.3
"2022",423,"LUR",2022-11-11,7.2
"2023",423,"LUR",2022-11-11,7.2
"2024",423,"LUR",2022-11-11,6.9
"2022",939,"LUR",2022-11-11,6.1
"2023",939,"LUR",2022-11-11,6.6
"2024",939,"LUR",2022-11-11,6.2
"2022",172,"LUR",2022-11-11,7
"2023",172,"LUR",2022-11-11,7.2
"2024",172,"LUR",2022-11-11,6.9
"2022",132,"LUR",2022-11-11,7.7
"2023",132,"LUR",2022-11-11,8.1
"2024",132,"LUR",2022-11-11,7.7
"2022",134,"LUR",2022-11-11,3.1
"2023",134,"LUR",2022-11-11,3.5
"2024",134,"LUR",2022-11-11,3.5
"2022",174,"LUR",2022-11-11,12.6
"2023",174,"LUR",2022-11-11,12.6
"2024",174,"LUR",2022-11-11,12.1
"2022",178,"LUR",2022-11-11,4.4
"2023",178,"LUR",2022-11-11,4.8
"2024",178,"LUR",2022-11-11,5
"2022",136,"LUR",2022-11-11,8.3
"2023",136,"LUR",2022-11-11,8.7
"2024",136,"LUR",2022-11-11,8.5
"2022",941,"LUR",2022-11-11,7.1
"2023",941,"LUR",2022-11-11,8.1
"2024",941,"LUR",2022-11-11,7.9
"2022",946,"LUR",2022-11-11,6
"2023",946,"LUR",2022-11-11,7.1
"2024",946,"LUR",2022-11-11,7
"2022",137,"LUR",2022-11-11,4.7
"2023",137,"LUR",2022-11-11,5.1
"2024",137,"LUR",2022-11-11,4.9
"2022",181,"LUR",2022-11-11,3.2
"2023",181,"LUR",2022-11-11,3.1
"2024",181,"LUR",2022-11-11,3
"2022",138,"LUR",2022-11-11,3.7
"2023",138,"LUR",2022-11-11,4.3
"2024",138,"LUR",2022-11-11,4.3
"2022",182,"LUR",2022-11-11,5.9
"2023",182,"LUR",2022-11-11,5.9
"2024",182,"LUR",2022-11-11,5.7
"2022",936,"LUR",2022-11-11,6.3
"2023",936,"LUR",2022-11-11,6.4
"2024",936,"LUR",2022-11-11,6.4
"2022",961,"LUR",2022-11-11,4.1
"2023",961,"LUR",2022-11-11,4.3
"2024",961,"LUR",2022-11-11,4.1
"2022",184,"LUR",2022-11-11,12.7
"2023",184,"LUR",2022-11-11,12.7
"2024",184,"LUR",2022-11-11,12.6
"2022",163,"LUR",2022-11-11,6.8
"2023",163,"LUR",2022-11-11,7.2
"2024",163,"LUR",2022-11-11,7
"2022",918,"LUR",2022-11-11,5.2
"2023",918,"LUR",2022-11-11,5.2
"2024",918,"LUR",2022-11-11,5.3
"2022",960,"LUR",2022-11-11,6.3
"2023",960,"LUR",2022-11-11,6.3
"2024",960,"LUR",2022-11-11,5.9
"2022",935,"LUR",2022-11-11,2.7
"2023",935,"LUR",2022-11-11,3.3
"2024",935,"LUR",2022-11-11,3.6
"2022",128,"LUR",2022-11-11,4.5
"2023",128,"LUR",2022-11-11,5.5
"2024",128,"LUR",2022-11-11,5.6
"2022",944,"LUR",2022-11-11,3.6
"2023",944,"LUR",2022-11-11,4.2
"2024",944,"LUR",2022-11-11,4.2
"2022",964,"LUR",2022-11-11,2.7
"2023",964,"LUR",2022-11-11,3
"2024",964,"LUR",2022-11-11,3.1
"2022",968,"LUR",2022-11-11,5.4
"2023",968,"LUR",2022-11-11,5.8
"2024",968,"LUR",2022-11-11,5.4
"2022",144,"LUR",2022-11-11,7.2
"2023",144,"LUR",2022-11-11,7.6
"2024",144,"LUR",2022-11-11,7.8
"2022",998,"LUR",2022-11-11,6.2
"2023",998,"LUR",2022-11-11,6.5
"2024",998,"LUR",2022-11-11,6.4
"2022",122,"NGDP_RPCH",2022-11-11,4.6
"2023",122,"NGDP_RPCH",2022-11-11,0.3
"2024",122,"NGDP_RPCH",2022-11-11,1.1
"2022",124,"NGDP_RPCH",2022-11-11,2.8
"2023",124,"NGDP_RPCH",2022-11-11,0.2
"2024",124,"NGDP_RPCH",2022-11-11,1.5
"2022",423,"NGDP_RPCH",2022-11-11,5.6
"2023",423,"NGDP_RPCH",2022-11-11,1
"2024",423,"NGDP_RPCH",2022-11-11,1.9
"2022",939,"NGDP_RPCH",2022-11-11,-0.1
"2023",939,"NGDP_RPCH",2022-11-11,0.7
"2024",939,"NGDP_RPCH",2022-11-11,2.1
"2022",172,"NGDP_RPCH",2022-11-11,2.3
"2023",172,"NGDP_RPCH",2022-11-11,0.2
"2024",172,"NGDP_RPCH",2022-11-11,1.4
"2022",132,"NGDP_RPCH",2022-11-11,2.6
"2023",132,"NGDP_RPCH",2022-11-11,0.4
"2024",132,"NGDP_RPCH",2022-11-11,1.5
"2022",134,"NGDP_RPCH",2022-11-11,1.6
"2023",134,"NGDP_RPCH",2022-11-11,-0.6
"2024",134,"NGDP_RPCH",2022-11-11,1.4
"2022",174,"NGDP_RPCH",2022-11-11,6
"2023",174,"NGDP_RPCH",2022-11-11,1
"2024",174,"NGDP_RPCH",2022-11-11,2
"2022",178,"NGDP_RPCH",2022-11-11,7.9
"2023",178,"NGDP_RPCH",2022-11-11,3.2
"2024",178,"NGDP_RPCH",2022-11-11,3.1
"2022",136,"NGDP_RPCH",2022-11-11,3.8
"2023",136,"NGDP_RPCH",2022-11-11,0.3
"2024",136,"NGDP_RPCH",2022-11-11,1.1
"2022",941,"NGDP_RPCH",2022-11-11,1.9
"2023",941,"NGDP_RPCH",2022-11-11,-0.3
"2024",941,"NGDP_RPCH",2022-11-11,2.6
"2022",946,"NGDP_RPCH",2022-11-11,2.5
"2023",946,"NGDP_RPCH",2022-11-11,0.5
"2024",946,"NGDP_RPCH",2022-11-11,2.4
"2022",137,"NGDP_RPCH",2022-11-11,1.5
"2023",137,"NGDP_RPCH",2022-11-11,1
"2024",137,"NGDP_RPCH",2022-11-11,2.4
"2022",181,"NGDP_RPCH",2022-11-11,5.7
"2023",181,"NGDP_RPCH",2022-11-11,2.8
"2024",181,"NGDP_RPCH",2022-11-11,3.7
"2022",138,"NGDP_RPCH",2022-11-11,4.6
"2023",138,"NGDP_RPCH",2022-11-11,0.6
"2024",138,"NGDP_RPCH",2022-11-11,1.3
"2022",182,"NGDP_RPCH",2022-11-11,6.6
"2023",182,"NGDP_RPCH",2022-11-11,0.7
"2024",182,"NGDP_RPCH",2022-11-11,1.7
"2022",936,"NGDP_RPCH",2022-11-11,1.9
"2023",936,"NGDP_RPCH",2022-11-11,0.5
"2024",936,"NGDP_RPCH",2022-11-11,1.9
"2022",961,"NGDP_RPCH",2022-11-11,6.2
"2023",961,"NGDP_RPCH",2022-11-11,0.8
"2024",961,"NGDP_RPCH",2022-11-11,1.7
"2022",184,"NGDP_RPCH",2022-11-11,4.5
"2023",184,"NGDP_RPCH",2022-11-11,1
"2024",184,"NGDP_RPCH",2022-11-11,2
"2022",163,"NGDP_RPCH",2022-11-11,3.2
"2023",163,"NGDP_RPCH",2022-11-11,0.3
"2024",163,"NGDP_RPCH",2022-11-11,1.5
"2022",918,"NGDP_RPCH",2022-11-11,3.1
"2023",918,"NGDP_RPCH",2022-11-11,1.1
"2024",918,"NGDP_RPCH",2022-11-11,2.4
"2022",960,"NGDP_RPCH",2022-11-11,6
"2023",960,"NGDP_RPCH",2022-11-11,1
"2024",960,"NGDP_RPCH",2022-11-11,1.7
"2022",935,"NGDP_RPCH",2022-11-11,2.5
"2023",935,"NGDP_RPCH",2022-11-11,0.1
"2024",935,"NGDP_RPCH",2022-11-11,1.8
"2022",128,"NGDP_RPCH",2022-11-11,3
"2023",128,"NGDP_RPCH",2022-11-11,NA
"2024",128,"NGDP_RPCH",2022-11-11,1.3
"2022",944,"NGDP_RPCH",2022-11-11,5.5
"2023",944,"NGDP_RPCH",2022-11-11,0.1
"2024",944,"NGDP_RPCH",2022-11-11,2.6
"2022",964,"NGDP_RPCH",2022-11-11,4
"2023",964,"NGDP_RPCH",2022-11-11,0.7
"2024",964,"NGDP_RPCH",2022-11-11,2.6
"2022",968,"NGDP_RPCH",2022-11-11,5.8
"2023",968,"NGDP_RPCH",2022-11-11,1.8
"2024",968,"NGDP_RPCH",2022-11-11,2.2
"2022",144,"NGDP_RPCH",2022-11-11,2.9
"2023",144,"NGDP_RPCH",2022-11-11,-0.6
"2024",144,"NGDP_RPCH",2022-11-11,0.8
"2022",998,"NGDP_RPCH",2022-11-11,3.3
"2023",998,"NGDP_RPCH",2022-11-11,0.3
"2024",998,"NGDP_RPCH",2022-11-11,1.6
"2022",122,"PCPIPCH",2022-11-11,8.7
"2023",122,"PCPIPCH",2022-11-11,6.7
"2024",122,"PCPIPCH",2022-11-11,3.3
"2022",124,"PCPIPCH",2022-11-11,10.4
"2023",124,"PCPIPCH",2022-11-11,6.2
"2024",124,"PCPIPCH",2022-11-11,3.3
"2022",423,"PCPIPCH",2022-11-11,8
"2023",423,"PCPIPCH",2022-11-11,4.2
"2024",423,"PCPIPCH",2022-11-11,2.5
"2022",939,"PCPIPCH",2022-11-11,19.3
"2023",939,"PCPIPCH",2022-11-11,6.6
"2024",939,"PCPIPCH",2022-11-11,2.6
"2022",172,"PCPIPCH",2022-11-11,7.2
"2023",172,"PCPIPCH",2022-11-11,4.3
"2024",172,"PCPIPCH",2022-11-11,1.9
"2022",132,"PCPIPCH",2022-11-11,5.8
"2023",132,"PCPIPCH",2022-11-11,4.4
"2024",132,"PCPIPCH",2022-11-11,2.2
"2022",134,"PCPIPCH",2022-11-11,8.8
"2023",134,"PCPIPCH",2022-11-11,7.5
"2024",134,"PCPIPCH",2022-11-11,2.9
"2022",174,"PCPIPCH",2022-11-11,10
"2023",174,"PCPIPCH",2022-11-11,6
"2024",174,"PCPIPCH",2022-11-11,2.4
"2022",178,"PCPIPCH",2022-11-11,8.3
"2023",178,"PCPIPCH",2022-11-11,6
"2024",178,"PCPIPCH",2022-11-11,2.8
"2022",136,"PCPIPCH",2022-11-11,8.7
"2023",136,"PCPIPCH",2022-11-11,6.6
"2024",136,"PCPIPCH",2022-11-11,2.3
"2022",941,"PCPIPCH",2022-11-11,16.9
"2023",941,"PCPIPCH",2022-11-11,8.3
"2024",941,"PCPIPCH",2022-11-11,1.3
"2022",946,"PCPIPCH",2022-11-11,18.9
"2023",946,"PCPIPCH",2022-11-11,9.1
"2024",946,"PCPIPCH",2022-11-11,2.1
"2022",137,"PCPIPCH",2022-11-11,8.4
"2023",137,"PCPIPCH",2022-11-11,3.8
"2024",137,"PCPIPCH",2022-11-11,3.1
"2022",181,"PCPIPCH",2022-11-11,6.1
"2023",181,"PCPIPCH",2022-11-11,4
"2024",181,"PCPIPCH",2022-11-11,2.4
"2022",138,"PCPIPCH",2022-11-11,11.6
"2023",138,"PCPIPCH",2022-11-11,4.2
"2024",138,"PCPIPCH",2022-11-11,3.9
"2022",182,"PCPIPCH",2022-11-11,8
"2023",182,"PCPIPCH",2022-11-11,5.8
"2024",182,"PCPIPCH",2022-11-11,2.3
"2022",936,"PCPIPCH",2022-11-11,11.8
"2023",936,"PCPIPCH",2022-11-11,13.9
"2024",936,"PCPIPCH",2022-11-11,3.6
"2022",961,"PCPIPCH",2022-11-11,9.2
"2023",961,"PCPIPCH",2022-11-11,6.5
"2024",961,"PCPIPCH",2022-11-11,3.5
"2022",184,"PCPIPCH",2022-11-11,8.5
"2023",184,"PCPIPCH",2022-11-11,4.8
"2024",184,"PCPIPCH",2022-11-11,2.3
"2022",163,"PCPIPCH",2022-11-11,8.5
"2023",163,"PCPIPCH",2022-11-11,6.1
"2024",163,"PCPIPCH",2022-11-11,2.6
"2022",918,"PCPIPCH",2022-11-11,12.8
"2023",918,"PCPIPCH",2022-11-11,7.4
"2024",918,"PCPIPCH",2022-11-11,3.2
"2022",960,"PCPIPCH",2022-11-11,10.1
"2023",960,"PCPIPCH",2022-11-11,6.5
"2024",960,"PCPIPCH",2022-11-11,2.3
"2022",935,"PCPIPCH",2022-11-11,15.6
"2023",935,"PCPIPCH",2022-11-11,9.5
"2024",935,"PCPIPCH",2022-11-11,3.5
"2022",128,"PCPIPCH",2022-11-11,7.9
"2023",128,"PCPIPCH",2022-11-11,3.7
"2024",128,"PCPIPCH",2022-11-11,2
"2022",944,"PCPIPCH",2022-11-11,14.8
"2023",944,"PCPIPCH",2022-11-11,15.7
"2024",944,"PCPIPCH",2022-11-11,3.9
"2022",964,"PCPIPCH",2022-11-11,13.3
"2023",964,"PCPIPCH",2022-11-11,13.8
"2024",964,"PCPIPCH",2022-11-11,4.9
"2022",968,"PCPIPCH",2022-11-11,11.8
"2023",968,"PCPIPCH",2022-11-11,10.2
"2024",968,"PCPIPCH",2022-11-11,6.8
"2022",144,"PCPIPCH",2022-11-11,8.1
"2023",144,"PCPIPCH",2022-11-11,6.6
"2024",144,"PCPIPCH",2022-11-11,1.8
"2022",998,"PCPIPCH",2022-11-11,9.3
"2023",998,"PCPIPCH",2022-11-11,7
"2024",998,"PCPIPCH",2022-11-11,3
"2023",122,"NGDP_RPCH",2023-02-13,0.5
"2024",122,"NGDP_RPCH",2023-02-13,1.4
"2023",124,"NGDP_RPCH",2023-02-13,0.8
"2024",124,"NGDP_RPCH",2023-02-13,1.6
"2023",960,"NGDP_RPCH",2023-02-13,1.2
"2024",960,"NGDP_RPCH",2023-02-13,1.9
"2023",423,"NGDP_RPCH",2023-02-13,1.6
"2024",423,"NGDP_RPCH",2023-02-13,2.1
"2023",939,"NGDP_RPCH",2023-02-13,0.1
"2024",939,"NGDP_RPCH",2023-02-13,2.8
"2023",172,"NGDP_RPCH",2023-02-13,0.2
"2024",172,"NGDP_RPCH",2023-02-13,1.4
"2023",132,"NGDP_RPCH",2023-02-13,0.6
"2024",132,"NGDP_RPCH",2023-02-13,1.4
"2023",134,"NGDP_RPCH",2023-02-13,0.2
"2024",134,"NGDP_RPCH",2023-02-13,1.3
"2023",174,"NGDP_RPCH",2023-02-13,1.2
"2024",174,"NGDP_RPCH",2023-02-13,2.2
"2023",178,"NGDP_RPCH",2023-02-13,4.9
"2024",178,"NGDP_RPCH",2023-02-13,4.1
"2023",136,"NGDP_RPCH",2023-02-13,0.8
"2024",136,"NGDP_RPCH",2023-02-13,1
"2023",941,"NGDP_RPCH",2023-02-13,0.1
"2024",941,"NGDP_RPCH",2023-02-13,2.7
"2023",946,"NGDP_RPCH",2023-02-13,0.3
"2024",946,"NGDP_RPCH",2023-02-13,2.5
"2023",137,"NGDP_RPCH",2023-02-13,1.7
"2024",137,"NGDP_RPCH",2023-02-13,2.4
"2023",181,"NGDP_RPCH",2023-02-13,3.1
"2024",181,"NGDP_RPCH",2023-02-13,3.7
"2023",138,"NGDP_RPCH",2023-02-13,0.9
"2024",138,"NGDP_RPCH",2023-02-13,1.3
"2023",182,"NGDP_RPCH",2023-02-13,1
"2024",182,"NGDP_RPCH",2023-02-13,1.8
"2023",936,"NGDP_RPCH",2023-02-13,1.5
"2024",936,"NGDP_RPCH",2023-02-13,2
"2023",961,"NGDP_RPCH",2023-02-13,1
"2024",961,"NGDP_RPCH",2023-02-13,2
"2023",184,"NGDP_RPCH",2023-02-13,1.4
"2024",184,"NGDP_RPCH",2023-02-13,2
"2023",163,"NGDP_RPCH",2023-02-13,0.9
"2024",163,"NGDP_RPCH",2023-02-13,1.5
"2023",918,"NGDP_RPCH",2023-02-13,1.4
"2024",918,"NGDP_RPCH",2023-02-13,2.5
"2023",935,"NGDP_RPCH",2023-02-13,0.1
"2024",935,"NGDP_RPCH",2023-02-13,1.9
"2023",128,"NGDP_RPCH",2023-02-13,0.1
"2024",128,"NGDP_RPCH",2023-02-13,1.6
"2023",944,"NGDP_RPCH",2023-02-13,0.6
"2024",944,"NGDP_RPCH",2023-02-13,2.6
"2023",964,"NGDP_RPCH",2023-02-13,0.4
"2024",964,"NGDP_RPCH",2023-02-13,2.5
"2023",968,"NGDP_RPCH",2023-02-13,2.5
"2024",968,"NGDP_RPCH",2023-02-13,3
"2023",144,"NGDP_RPCH",2023-02-13,-0.8
"2024",144,"NGDP_RPCH",2023-02-13,1.2
"2023",998,"NGDP_RPCH",2023-02-13,0.8
"2024",998,"NGDP_RPCH",2023-02-13,1.6
"2023",122,"PCPIPCH",2023-02-13,6.6
"2024",122,"PCPIPCH",2023-02-13,3.6
"2023",124,"PCPIPCH",2023-02-13,4.3
"2024",124,"PCPIPCH",2023-02-13,2.7
"2023",960,"PCPIPCH",2023-02-13,6.5
"2024",960,"PCPIPCH",2023-02-13,1.6
"2023",423,"PCPIPCH",2023-02-13,4
"2024",423,"PCPIPCH",2023-02-13,2.5
"2023",939,"PCPIPCH",2023-02-13,6.2
"2024",939,"PCPIPCH",2023-02-13,2.2
"2023",172,"PCPIPCH",2023-02-13,4.2
"2024",172,"PCPIPCH",2023-02-13,2
"2023",132,"PCPIPCH",2023-02-13,5.2
"2024",132,"PCPIPCH",2023-02-13,2.5
"2023",134,"PCPIPCH",2023-02-13,6.3
"2024",134,"PCPIPCH",2023-02-13,2.4
"2023",174,"PCPIPCH",2023-02-13,4.5
"2024",174,"PCPIPCH",2023-02-13,2.4
"2023",178,"PCPIPCH",2023-02-13,4.4
"2024",178,"PCPIPCH",2023-02-13,2.1
"2023",136,"PCPIPCH",2023-02-13,6.1
"2024",136,"PCPIPCH",2023-02-13,2.6
"2023",941,"PCPIPCH",2023-02-13,7.9
"2024",941,"PCPIPCH",2023-02-13,1.5
"2023",946,"PCPIPCH",2023-02-13,8.7
"2024",946,"PCPIPCH",2023-02-13,2.1
"2023",137,"PCPIPCH",2023-02-13,3.1
"2024",137,"PCPIPCH",2023-02-13,2.7
"2023",181,"PCPIPCH",2023-02-13,4.3
"2024",181,"PCPIPCH",2023-02-13,2.4
"2023",138,"PCPIPCH",2023-02-13,4.5
"2024",138,"PCPIPCH",2023-02-13,2.7
"2023",182,"PCPIPCH",2023-02-13,5.4
"2024",182,"PCPIPCH",2023-02-13,2.6
"2023",936,"PCPIPCH",2023-02-13,9.7
"2024",936,"PCPIPCH",2023-02-13,5.3
"2023",961,"PCPIPCH",2023-02-13,6.1
"2024",961,"PCPIPCH",2023-02-13,3.5
"2023",184,"PCPIPCH",2023-02-13,4.4
"2024",184,"PCPIPCH",2023-02-13,2.3
"2023",163,"PCPIPCH",2023-02-13,5.6
"2024",163,"PCPIPCH",2023-02-13,2.5
"2023",918,"PCPIPCH",2023-02-13,7.8
"2024",918,"PCPIPCH",2023-02-13,4
"2023",935,"PCPIPCH",2023-02-13,9.3
"2024",935,"PCPIPCH",2023-02-13,3.5
"2023",128,"PCPIPCH",2023-02-13,4.4
"2024",128,"PCPIPCH",2023-02-13,2.5
"2023",944,"PCPIPCH",2023-02-13,16.4
"2024",944,"PCPIPCH",2023-02-13,4
"2023",964,"PCPIPCH",2023-02-13,11.7
"2024",964,"PCPIPCH",2023-02-13,4.4
"2023",968,"PCPIPCH",2023-02-13,9.7
"2024",968,"PCPIPCH",2023-02-13,5.5
"2023",144,"PCPIPCH",2023-02-13,6.3
"2024",144,"PCPIPCH",2023-02-13,1.8
"2023",998,"PCPIPCH",2023-02-13,6.4
"2024",998,"PCPIPCH",2023-02-13,2.8
"2023",122,"LUR",2023-05-15,4.9
"2024",122,"LUR",2023-05-15,5
"2023",124,"LUR",2023-05-15,5.8
"2024",124,"LUR",2023-05-15,5.7
"2023",960,"LUR",2023-05-15,6.6
"2024",960,"LUR",2023-05-15,6.1
"2023",423,"LUR",2023-05-15,6.9
"2024",423,"LUR",2023-05-15,6.4
"2023",939,"LUR",2023-05-15,6.2
"2024",939,"LUR",2023-05-15,6.1
"2023",172,"LUR",2023-05-15,7.1
"2024",172,"LUR",2023-05-15,6.8
"2023",132,"LUR",2023-05-15,7.4
"2024",132,"LUR",2023-05-15,7.5
"2023",134,"LUR",2023-05-15,3.2
"2024",134,"LUR",2023-05-15,3.1
"2023",174,"LUR",2023-05-15,12.2
"2024",174,"LUR",2023-05-15,11.8
"2023",178,"LUR",2023-05-15,4.3
"2024",178,"LUR",2023-05-15,4.3
"2023",136,"LUR",2023-05-15,7.8
"2024",136,"LUR",2023-05-15,7.7
"2023",941,"LUR",2023-05-15,6.8
"2024",941,"LUR",2023-05-15,6.5
"2023",946,"LUR",2023-05-15,6.6
"2024",946,"LUR",2023-05-15,6.5
"2023",137,"LUR",2023-05-15,4.8
"2024",137,"LUR",2023-05-15,5
"2023",181,"LUR",2023-05-15,2.9
"2024",181,"LUR",2023-05-15,2.9
"2023",138,"LUR",2023-05-15,3.8
"2024",138,"LUR",2023-05-15,3.9
"2023",182,"LUR",2023-05-15,6.5
"2024",182,"LUR",2023-05-15,6.3
"2023",936,"LUR",2023-05-15,5.8
"2024",936,"LUR",2023-05-15,5.4
"2023",961,"LUR",2023-05-15,3.9
"2024",961,"LUR",2023-05-15,3.8
"2023",184,"LUR",2023-05-15,12.7
"2024",184,"LUR",2023-05-15,12.4
"2023",163,"LUR",2023-05-15,6.8
"2024",163,"LUR",2023-05-15,6.7
"2023",918,"LUR",2023-05-15,4.3
"2024",918,"LUR",2023-05-15,4
"2023",935,"LUR",2023-05-15,2.8
"2024",935,"LUR",2023-05-15,2.6
"2023",128,"LUR",2023-05-15,5
"2024",128,"LUR",2023-05-15,5.1
"2023",944,"LUR",2023-05-15,4.2
"2024",944,"LUR",2023-05-15,4
"2023",964,"LUR",2023-05-15,3.3
"2024",964,"LUR",2023-05-15,3.2
"2023",968,"LUR",2023-05-15,5.4
"2024",968,"LUR",2023-05-15,5.1
"2023",144,"LUR",2023-05-15,7.7
"2024",144,"LUR",2023-05-15,8.2
"2023",998,"LUR",2023-05-15,6.2
"2024",998,"LUR",2023-05-15,6.1
"2023",122,"NGDP_RPCH",2023-05-15,0.4
"2024",122,"NGDP_RPCH",2023-05-15,1.6
"2023",124,"NGDP_RPCH",2023-05-15,1.2
"2024",124,"NGDP_RPCH",2023-05-15,1.4
"2023",960,"NGDP_RPCH",2023-05-15,1.6
"2024",960,"NGDP_RPCH",2023-05-15,2.3
"2023",423,"NGDP_RPCH",2023-05-15,2.3
"2024",423,"NGDP_RPCH",2023-05-15,2.7
"2023",939,"NGDP_RPCH",2023-05-15,-0.4
"2024",939,"NGDP_RPCH",2023-05-15,3.1
"2023",172,"NGDP_RPCH",2023-05-15,0.2
"2024",172,"NGDP_RPCH",2023-05-15,1.4
"2023",132,"NGDP_RPCH",2023-05-15,0.7
"2024",132,"NGDP_RPCH",2023-05-15,1.4
"2023",134,"NGDP_RPCH",2023-05-15,0.2
"2024",134,"NGDP_RPCH",2023-05-15,1.4
"2023",174,"NGDP_RPCH",2023-05-15,2.4
"2024",174,"NGDP_RPCH",2023-05-15,1.9
"2023",178,"NGDP_RPCH",2023-05-15,5.5
"2024",178,"NGDP_RPCH",2023-05-15,5
"2023",136,"NGDP_RPCH",2023-05-15,1.2
"2024",136,"NGDP_RPCH",2023-05-15,1.1
"2023",941,"NGDP_RPCH",2023-05-15,1.4
"2024",941,"NGDP_RPCH",2023-05-15,2.8
"2023",946,"NGDP_RPCH",2023-05-15,0.5
"2024",946,"NGDP_RPCH",2023-05-15,2.7
"2023",137,"NGDP_RPCH",2023-05-15,1.6
"2024",137,"NGDP_RPCH",2023-05-15,2.4
"2023",181,"NGDP_RPCH",2023-05-15,3.9
"2024",181,"NGDP_RPCH",2023-05-15,4.1
"2023",138,"NGDP_RPCH",2023-05-15,1.8
"2024",138,"NGDP_RPCH",2023-05-15,1.2
"2023",182,"NGDP_RPCH",2023-05-15,2.4
"2024",182,"NGDP_RPCH",2023-05-15,1.8
"2023",936,"NGDP_RPCH",2023-05-15,1.7
"2024",936,"NGDP_RPCH",2023-05-15,2.1
"2023",961,"NGDP_RPCH",2023-05-15,1.2
"2024",961,"NGDP_RPCH",2023-05-15,2.2
"2023",184,"NGDP_RPCH",2023-05-15,1.9
"2024",184,"NGDP_RPCH",2023-05-15,2
"2023",163,"NGDP_RPCH",2023-05-15,1.1
"2024",163,"NGDP_RPCH",2023-05-15,1.6
"2023",918,"NGDP_RPCH",2023-05-15,1.5
"2024",918,"NGDP_RPCH",2023-05-15,2.4
"2023",935,"NGDP_RPCH",2023-05-15,0.2
"2024",935,"NGDP_RPCH",2023-05-15,2.6
"2023",128,"NGDP_RPCH",2023-05-15,0.3
"2024",128,"NGDP_RPCH",2023-05-15,1.5
"2023",944,"NGDP_RPCH",2023-05-15,0.5
"2024",944,"NGDP_RPCH",2023-05-15,2.8
"2023",964,"NGDP_RPCH",2023-05-15,0.7
"2024",964,"NGDP_RPCH",2023-05-15,2.7
"2023",968,"NGDP_RPCH",2023-05-15,3.2
"2024",968,"NGDP_RPCH",2023-05-15,3.5
"2023",144,"NGDP_RPCH",2023-05-15,-0.5
"2024",144,"NGDP_RPCH",2023-05-15,1.1
"2023",998,"NGDP_RPCH",2023-05-15,1
"2024",998,"NGDP_RPCH",2023-05-15,1.7
"2023",122,"PCPIPCH",2023-05-15,7.1
"2024",122,"PCPIPCH",2023-05-15,3.8
"2023",124,"PCPIPCH",2023-05-15,3.4
"2024",124,"PCPIPCH",2023-05-15,3.5
"2023",960,"PCPIPCH",2023-05-15,6.9
"2024",960,"PCPIPCH",2023-05-15,2.2
"2023",423,"PCPIPCH",2023-05-15,3.8
"2024",423,"PCPIPCH",2023-05-15,2.5
"2023",939,"PCPIPCH",2023-05-15,9.2
"2024",939,"PCPIPCH",2023-05-15,2.8
"2023",172,"PCPIPCH",2023-05-15,4.8
"2024",172,"PCPIPCH",2023-05-15,2.1
"2023",132,"PCPIPCH",2023-05-15,5.5
"2024",132,"PCPIPCH",2023-05-15,2.5
"2023",134,"PCPIPCH",2023-05-15,6.8
"2024",134,"PCPIPCH",2023-05-15,2.7
"2023",174,"PCPIPCH",2023-05-15,4.2
"2024",174,"PCPIPCH",2023-05-15,2.4
"2023",178,"PCPIPCH",2023-05-15,4.6
"2024",178,"PCPIPCH",2023-05-15,2.6
"2023",136,"PCPIPCH",2023-05-15,6.1
"2024",136,"PCPIPCH",2023-05-15,2.9
"2023",941,"PCPIPCH",2023-05-15,9.3
"2024",941,"PCPIPCH",2023-05-15,1.7
"2023",946,"PCPIPCH",2023-05-15,9.2
"2024",946,"PCPIPCH",2023-05-15,2.2
"2023",137,"PCPIPCH",2023-05-15,3.2
"2024",137,"PCPIPCH",2023-05-15,2.6
"2023",181,"PCPIPCH",2023-05-15,5.4
"2024",181,"PCPIPCH",2023-05-15,2.8
"2023",138,"PCPIPCH",2023-05-15,4.9
"2024",138,"PCPIPCH",2023-05-15,3.3
"2023",182,"PCPIPCH",2023-05-15,5.1
"2024",182,"PCPIPCH",2023-05-15,2.7
"2023",936,"PCPIPCH",2023-05-15,10.9
"2024",936,"PCPIPCH",2023-05-15,5.7
"2023",961,"PCPIPCH",2023-05-15,7
"2024",961,"PCPIPCH",2023-05-15,3.8
"2023",184,"PCPIPCH",2023-05-15,4
"2024",184,"PCPIPCH",2023-05-15,2.7
"2023",163,"PCPIPCH",2023-05-15,5.8
"2024",163,"PCPIPCH",2023-05-15,2.8
"2023",918,"PCPIPCH",2023-05-15,9.4
"2024",918,"PCPIPCH",2023-05-15,4.2
"2023",935,"PCPIPCH",2023-05-15,11.9
"2024",935,"PCPIPCH",2023-05-15,3.4
"2023",128,"PCPIPCH",2023-05-15,4.3
"2024",128,"PCPIPCH",2023-05-15,2.5
"2023",944,"PCPIPCH",2023-05-15,16.4
"2024",944,"PCPIPCH",2023-05-15,4
"2023",964,"PCPIPCH",2023-05-15,11.7
"2024",964,"PCPIPCH",2023-05-15,6
"2023",968,"PCPIPCH",2023-05-15,9.7
"2024",968,"PCPIPCH",2023-05-15,4.6
"2023",144,"PCPIPCH",2023-05-15,6
"2024",144,"PCPIPCH",2023-05-15,1.9
"2023",998,"PCPIPCH",2023-05-15,6.7
"2024",998,"PCPIPCH",2023-05-15,3.1
"2023",132,"NGDP_RPCH",2023-09-11,1
"2024",132,"NGDP_RPCH",2023-09-11,1.2
"2023",134,"NGDP_RPCH",2023-09-11,-0.4
"2024",134,"NGDP_RPCH",2023-09-11,1.1
"2023",136,"NGDP_RPCH",2023-09-11,0.9
"2024",136,"NGDP_RPCH",2023-09-11,0.8
"2023",138,"NGDP_RPCH",2023-09-11,0.5
"2024",138,"NGDP_RPCH",2023-09-11,1
"2023",184,"NGDP_RPCH",2023-09-11,2.2
"2024",184,"NGDP_RPCH",2023-09-11,1.9
"2023",964,"NGDP_RPCH",2023-09-11,0.5
"2024",964,"NGDP_RPCH",2023-09-11,2.7
"2023",998,"NGDP_RPCH",2023-09-11,0.8
"2024",998,"NGDP_RPCH",2023-09-11,1.4
"2023",163,"NGDP_RPCH",2023-09-11,0.8
"2024",163,"NGDP_RPCH",2023-09-11,1.3
"2023",132,"PCPIPCH",2023-09-11,5.6
"2024",132,"PCPIPCH",2023-09-11,2.7
"2023",134,"PCPIPCH",2023-09-11,6.4
"2024",134,"PCPIPCH",2023-09-11,2.8
"2023",136,"PCPIPCH",2023-09-11,5.9
"2024",136,"PCPIPCH",2023-09-11,2.9
"2023",138,"PCPIPCH",2023-09-11,4.7
"2024",138,"PCPIPCH",2023-09-11,3
"2023",184,"PCPIPCH",2023-09-11,3.6
"2024",184,"PCPIPCH",2023-09-11,2.9
"2023",964,"PCPIPCH",2023-09-11,11.4
"2024",964,"PCPIPCH",2023-09-11,6.1
"2023",998,"PCPIPCH",2023-09-11,6.5
"2024",998,"PCPIPCH",2023-09-11,3.2
"2023",163,"PCPIPCH",2023-09-11,5.6
"2024",163,"PCPIPCH",2023-09-11,2.9
"2023",122,"LUR",2023-11-15,5.3
"2024",122,"LUR",2023-11-15,5.4
"2025",122,"LUR",2023-11-15,5.3
"2023",124,"LUR",2023-11-15,5.6
"2024",124,"LUR",2023-11-15,5.6
"2025",124,"LUR",2023-11-15,5.4
"2023",918,"LUR",2023-11-15,4.2
"2024",918,"LUR",2023-11-15,4.2
"2025",918,"LUR",2023-11-15,4.2
"2023",960,"LUR",2023-11-15,6.5
"2024",960,"LUR",2023-11-15,6.2
"2025",960,"LUR",2023-11-15,5.8
"2023",423,"LUR",2023-11-15,6.4
"2024",423,"LUR",2023-11-15,6.1
"2025",423,"LUR",2023-11-15,5.9
"2023",935,"LUR",2023-11-15,2.4
"2024",935,"LUR",2023-11-15,2.5
"2025",935,"LUR",2023-11-15,2.5
"2023",128,"LUR",2023-11-15,4.6
"2024",128,"LUR",2023-11-15,5.2
"2025",128,"LUR",2023-11-15,5.5
"2023",163,"LUR",2023-11-15,6.6
"2024",163,"LUR",2023-11-15,6.6
"2025",163,"LUR",2023-11-15,6.4
"2023",939,"LUR",2023-11-15,7
"2024",939,"LUR",2023-11-15,6.9
"2025",939,"LUR",2023-11-15,6.8
"2023",998,"LUR",2023-11-15,6
"2024",998,"LUR",2023-11-15,6
"2025",998,"LUR",2023-11-15,5.9
"2023",172,"LUR",2023-11-15,7.2
"2024",172,"LUR",2023-11-15,7.3
"2025",172,"LUR",2023-11-15,7
"2023",132,"LUR",2023-11-15,7.2
"2024",132,"LUR",2023-11-15,7.4
"2025",132,"LUR",2023-11-15,7.5
"2023",134,"LUR",2023-11-15,3.1
"2024",134,"LUR",2023-11-15,3.2
"2025",134,"LUR",2023-11-15,3.2
"2023",174,"LUR",2023-11-15,11.4
"2024",174,"LUR",2023-11-15,10.7
"2025",174,"LUR",2023-11-15,9.9
"2023",944,"LUR",2023-11-15,4.1
"2024",944,"LUR",2023-11-15,4.2
"2025",944,"LUR",2023-11-15,4.1
"2023",178,"LUR",2023-11-15,4.2
"2024",178,"LUR",2023-11-15,4.2
"2025",178,"LUR",2023-11-15,4.3
"2023",136,"LUR",2023-11-15,7.6
"2024",136,"LUR",2023-11-15,7.4
"2025",136,"LUR",2023-11-15,7.3
"2023",941,"LUR",2023-11-15,6.8
"2024",941,"LUR",2023-11-15,6.6
"2025",941,"LUR",2023-11-15,6.5
"2023",946,"LUR",2023-11-15,6.8
"2024",946,"LUR",2023-11-15,6.7
"2025",946,"LUR",2023-11-15,6.5
"2023",137,"LUR",2023-11-15,5.5
"2024",137,"LUR",2023-11-15,5.9
"2025",137,"LUR",2023-11-15,6
"2023",181,"LUR",2023-11-15,2.7
"2024",181,"LUR",2023-11-15,2.7
"2025",181,"LUR",2023-11-15,2.7
"2023",138,"LUR",2023-11-15,3.6
"2024",138,"LUR",2023-11-15,3.9
"2025",138,"LUR",2023-11-15,3.9
"2023",964,"LUR",2023-11-15,3
"2024",964,"LUR",2023-11-15,2.8
"2025",964,"LUR",2023-11-15,2.7
"2023",182,"LUR",2023-11-15,6.5
"2024",182,"LUR",2023-11-15,6.5
"2025",182,"LUR",2023-11-15,6.4
"2023",968,"LUR",2023-11-15,5.4
"2024",968,"LUR",2023-11-15,5.2
"2025",968,"LUR",2023-11-15,5.3
"2023",936,"LUR",2023-11-15,5.7
"2024",936,"LUR",2023-11-15,5.4
"2025",936,"LUR",2023-11-15,5.2
"2023",961,"LUR",2023-11-15,3.6
"2024",961,"LUR",2023-11-15,3.7
"2025",961,"LUR",2023-11-15,3.6
"2023",184,"LUR",2023-11-15,12.1
"2024",184,"LUR",2023-11-15,11.6
"2025",184,"LUR",2023-11-15,11.1
"2023",144,"LUR",2023-11-15,7.6
"2024",144,"LUR",2023-11-15,8.5
"2025",144,"LUR",2023-11-15,8.6
"2023",122,"NGDP_RPCH",2023-11-15,-0.5
"2024",122,"NGDP_RPCH",2023-11-15,1
"2025",122,"NGDP_RPCH",2023-11-15,1.3
"2023",124,"NGDP_RPCH",2023-11-15,1.4
"2024",124,"NGDP_RPCH",2023-11-15,1.4
"2025",124,"NGDP_RPCH",2023-11-15,1.5
"2023",918,"NGDP_RPCH",2023-11-15,2
"2024",918,"NGDP_RPCH",2023-11-15,1.8
"2025",918,"NGDP_RPCH",2023-11-15,2.6
"2023",960,"NGDP_RPCH",2023-11-15,2.6
"2024",960,"NGDP_RPCH",2023-11-15,2.5
"2025",960,"NGDP_RPCH",2023-11-15,2.8
"2023",423,"NGDP_RPCH",2023-11-15,2.2
"2024",423,"NGDP_RPCH",2023-11-15,2.6
"2025",423,"NGDP_RPCH",2023-11-15,2.9
"2023",935,"NGDP_RPCH",2023-11-15,-0.4
"2024",935,"NGDP_RPCH",2023-11-15,1.4
"2025",935,"NGDP_RPCH",2023-11-15,3
"2023",128,"NGDP_RPCH",2023-11-15,1.2
"2024",128,"NGDP_RPCH",2023-11-15,1.4
"2025",128,"NGDP_RPCH",2023-11-15,1.6
"2023",163,"NGDP_RPCH",2023-11-15,0.6
"2024",163,"NGDP_RPCH",2023-11-15,1.2
"2025",163,"NGDP_RPCH",2023-11-15,1.6
"2023",939,"NGDP_RPCH",2023-11-15,-2.6
"2024",939,"NGDP_RPCH",2023-11-15,1.9
"2025",939,"NGDP_RPCH",2023-11-15,2.7
"2023",998,"NGDP_RPCH",2023-11-15,0.6
"2024",998,"NGDP_RPCH",2023-11-15,1.3
"2025",998,"NGDP_RPCH",2023-11-15,1.7
"2023",172,"NGDP_RPCH",2023-11-15,0.1
"2024",172,"NGDP_RPCH",2023-11-15,0.8
"2025",172,"NGDP_RPCH",2023-11-15,1.5
"2023",132,"NGDP_RPCH",2023-11-15,1
"2024",132,"NGDP_RPCH",2023-11-15,1.2
"2025",132,"NGDP_RPCH",2023-11-15,1.4
"2023",134,"NGDP_RPCH",2023-11-15,-0.3
"2024",134,"NGDP_RPCH",2023-11-15,0.8
"2025",134,"NGDP_RPCH",2023-11-15,1.2
"2023",174,"NGDP_RPCH",2023-11-15,2.4
"2024",174,"NGDP_RPCH",2023-11-15,2.3
"2025",174,"NGDP_RPCH",2023-11-15,2.2
"2023",944,"NGDP_RPCH",2023-11-15,-0.7
"2024",944,"NGDP_RPCH",2023-11-15,2.4
"2025",944,"NGDP_RPCH",2023-11-15,3.6
"2023",178,"NGDP_RPCH",2023-11-15,-0.9
"2024",178,"NGDP_RPCH",2023-11-15,3
"2025",178,"NGDP_RPCH",2023-11-15,3.4
"2023",136,"NGDP_RPCH",2023-11-15,0.7
"2024",136,"NGDP_RPCH",2023-11-15,0.9
"2025",136,"NGDP_RPCH",2023-11-15,1.2
"2023",941,"NGDP_RPCH",2023-11-15,-0.2
"2024",941,"NGDP_RPCH",2023-11-15,2.4
"2025",941,"NGDP_RPCH",2023-11-15,3
"2023",946,"NGDP_RPCH",2023-11-15,-0.4
"2024",946,"NGDP_RPCH",2023-11-15,2.5
"2025",946,"NGDP_RPCH",2023-11-15,3.4
"2023",137,"NGDP_RPCH",2023-11-15,-0.6
"2024",137,"NGDP_RPCH",2023-11-15,1.4
"2025",137,"NGDP_RPCH",2023-11-15,2
"2023",181,"NGDP_RPCH",2023-11-15,4
"2024",181,"NGDP_RPCH",2023-11-15,4
"2025",181,"NGDP_RPCH",2023-11-15,4.2
"2023",138,"NGDP_RPCH",2023-11-15,0.6
"2024",138,"NGDP_RPCH",2023-11-15,1.1
"2025",138,"NGDP_RPCH",2023-11-15,1.7
"2023",964,"NGDP_RPCH",2023-11-15,0.4
"2024",964,"NGDP_RPCH",2023-11-15,2.7
"2025",964,"NGDP_RPCH",2023-11-15,3.2
"2023",182,"NGDP_RPCH",2023-11-15,2.2
"2024",182,"NGDP_RPCH",2023-11-15,1.3
"2025",182,"NGDP_RPCH",2023-11-15,1.8
"2023",968,"NGDP_RPCH",2023-11-15,2.2
"2024",968,"NGDP_RPCH",2023-11-15,3.1
"2025",968,"NGDP_RPCH",2023-11-15,3.4
"2023",936,"NGDP_RPCH",2023-11-15,1.3
"2024",936,"NGDP_RPCH",2023-11-15,1.7
"2025",936,"NGDP_RPCH",2023-11-15,2
"2023",961,"NGDP_RPCH",2023-11-15,1.3
"2024",961,"NGDP_RPCH",2023-11-15,2
"2025",961,"NGDP_RPCH",2023-11-15,2.7
"2023",184,"NGDP_RPCH",2023-11-15,2.4
"2024",184,"NGDP_RPCH",2023-11-15,1.7
"2025",184,"NGDP_RPCH",2023-11-15,2
"2023",144,"NGDP_RPCH",2023-11-15,-0.5
"2024",144,"NGDP_RPCH",2023-11-15,-0.2
"2025",144,"NGDP_RPCH",2023-11-15,1.3
"2023",122,"PCPIPCH",2023-11-15,7.7
"2024",122,"PCPIPCH",2023-11-15,4.1
"2025",122,"PCPIPCH",2023-11-15,3
"2023",124,"PCPIPCH",2023-11-15,2.4
"2024",124,"PCPIPCH",2023-11-15,4.2
"2025",124,"PCPIPCH",2023-11-15,1.9
"2023",918,"PCPIPCH",2023-11-15,8.8
"2024",918,"PCPIPCH",2023-11-15,4
"2025",918,"PCPIPCH",2023-11-15,2.9
"2023",960,"PCPIPCH",2023-11-15,8.1
"2024",960,"PCPIPCH",2023-11-15,2.4
"2025",960,"PCPIPCH",2023-11-15,1.6
"2023",423,"PCPIPCH",2023-11-15,4.1
"2024",423,"PCPIPCH",2023-11-15,3
"2025",423,"PCPIPCH",2023-11-15,2.2
"2023",935,"PCPIPCH",2023-11-15,12.2
"2024",935,"PCPIPCH",2023-11-15,3.2
"2025",935,"PCPIPCH",2023-11-15,2.4
"2023",128,"PCPIPCH",2023-11-15,3.6
"2024",128,"PCPIPCH",2023-11-15,2.4
"2025",128,"PCPIPCH",2023-11-15,2.1
"2023",163,"PCPIPCH",2023-11-15,5.6
"2024",163,"PCPIPCH",2023-11-15,3.2
"2025",163,"PCPIPCH",2023-11-15,2.2
"2023",939,"PCPIPCH",2023-11-15,9.4
"2024",939,"PCPIPCH",2023-11-15,3.5
"2025",939,"PCPIPCH",2023-11-15,2.1
"2023",998,"PCPIPCH",2023-11-15,6.5
"2024",998,"PCPIPCH",2023-11-15,3.5
"2025",998,"PCPIPCH",2023-11-15,2.4
"2023",172,"PCPIPCH",2023-11-15,4.4
"2024",172,"PCPIPCH",2023-11-15,1.9
"2025",172,"PCPIPCH",2023-11-15,2
"2023",132,"PCPIPCH",2023-11-15,5.8
"2024",132,"PCPIPCH",2023-11-15,3
"2025",132,"PCPIPCH",2023-11-15,2
"2023",134,"PCPIPCH",2023-11-15,6.2
"2024",134,"PCPIPCH",2023-11-15,3.1
"2025",134,"PCPIPCH",2023-11-15,2.2
"2023",174,"PCPIPCH",2023-11-15,4.3
"2024",174,"PCPIPCH",2023-11-15,2.8
"2025",174,"PCPIPCH",2023-11-15,2.1
"2023",944,"PCPIPCH",2023-11-15,17.2
"2024",944,"PCPIPCH",2023-11-15,5.2
"2025",944,"PCPIPCH",2023-11-15,4.1
"2023",178,"PCPIPCH",2023-11-15,5.3
"2024",178,"PCPIPCH",2023-11-15,2.7
"2025",178,"PCPIPCH",2023-11-15,2.1
"2023",136,"PCPIPCH",2023-11-15,6.1
"2024",136,"PCPIPCH",2023-11-15,2.7
"2025",136,"PCPIPCH",2023-11-15,2.3
"2023",941,"PCPIPCH",2023-11-15,9.6
"2024",941,"PCPIPCH",2023-11-15,3.2
"2025",941,"PCPIPCH",2023-11-15,1.9
"2023",946,"PCPIPCH",2023-11-15,8.8
"2024",946,"PCPIPCH",2023-11-15,2.9
"2025",946,"PCPIPCH",2023-11-15,2.5
"2023",137,"PCPIPCH",2023-11-15,3.2
"2024",137,"PCPIPCH",2023-11-15,3
"2025",137,"PCPIPCH",2023-11-15,1.8
"2023",181,"PCPIPCH",2023-11-15,5.7
"2024",181,"PCPIPCH",2023-11-15,3.3
"2025",181,"PCPIPCH",2023-11-15,3.1
"2023",138,"PCPIPCH",2023-11-15,4.6
"2024",138,"PCPIPCH",2023-11-15,3.7
"2025",138,"PCPIPCH",2023-11-15,2
"2023",964,"PCPIPCH",2023-11-15,11.1
"2024",964,"PCPIPCH",2023-11-15,6.2
"2025",964,"PCPIPCH",2023-11-15,3.8
"2023",182,"PCPIPCH",2023-11-15,5.5
"2024",182,"PCPIPCH",2023-11-15,3.2
"2025",182,"PCPIPCH",2023-11-15,2.4
"2023",968,"PCPIPCH",2023-11-15,9.8
"2024",968,"PCPIPCH",2023-11-15,5.9
"2025",968,"PCPIPCH",2023-11-15,3.4
"2023",936,"PCPIPCH",2023-11-15,10.8
"2024",936,"PCPIPCH",2023-11-15,5.2
"2025",936,"PCPIPCH",2023-11-15,3
"2023",961,"PCPIPCH",2023-11-15,7.5
"2024",961,"PCPIPCH",2023-11-15,3.9
"2025",961,"PCPIPCH",2023-11-15,2.4
"2023",184,"PCPIPCH",2023-11-15,3.6
"2024",184,"PCPIPCH",2023-11-15,3.4
"2025",184,"PCPIPCH",2023-11-15,2.1
"2023",144,"PCPIPCH",2023-11-15,5.7
"2024",144,"PCPIPCH",2023-11-15,1.8
"2025",144,"PCPIPCH",2023-11-15,2.2
"2024",122,"NGDP_RPCH",2024-02-15,0.6
"2025",122,"NGDP_RPCH",2024-02-15,1.4
"2024",124,"NGDP_RPCH",2024-02-15,1.4
"2025",124,"NGDP_RPCH",2024-02-15,1.5
"2024",918,"NGDP_RPCH",2024-02-15,1.9
"2025",918,"NGDP_RPCH",2024-02-15,2.5
"2024",960,"NGDP_RPCH",2024-02-15,2.6
"2025",960,"NGDP_RPCH",2024-02-15,2.8
"2024",423,"NGDP_RPCH",2024-02-15,2.8
"2025",423,"NGDP_RPCH",2024-02-15,3
"2024",935,"NGDP_RPCH",2024-02-15,1.1
"2025",935,"NGDP_RPCH",2024-02-15,2.8
"2024",128,"NGDP_RPCH",2024-02-15,0.9
"2025",128,"NGDP_RPCH",2024-02-15,1.6
"2024",163,"NGDP_RPCH",2024-02-15,0.8
"2025",163,"NGDP_RPCH",2024-02-15,1.5
"2024",939,"NGDP_RPCH",2024-02-15,0.6
"2025",939,"NGDP_RPCH",2024-02-15,3.2
"2024",998,"NGDP_RPCH",2024-02-15,0.9
"2025",998,"NGDP_RPCH",2024-02-15,1.7
"2024",172,"NGDP_RPCH",2024-02-15,0.6
"2025",172,"NGDP_RPCH",2024-02-15,1.6
"2024",132,"NGDP_RPCH",2024-02-15,0.9
"2025",132,"NGDP_RPCH",2024-02-15,1.3
"2024",134,"NGDP_RPCH",2024-02-15,0.3
"2025",134,"NGDP_RPCH",2024-02-15,1.2
"2024",174,"NGDP_RPCH",2024-02-15,2.3
"2025",174,"NGDP_RPCH",2024-02-15,2.3
"2024",944,"NGDP_RPCH",2024-02-15,2.4
"2025",944,"NGDP_RPCH",2024-02-15,3.6
"2024",178,"NGDP_RPCH",2024-02-15,1.2
"2025",178,"NGDP_RPCH",2024-02-15,3.2
"2024",136,"NGDP_RPCH",2024-02-15,0.7
"2025",136,"NGDP_RPCH",2024-02-15,1.2
"2024",941,"NGDP_RPCH",2024-02-15,1.7
"2025",941,"NGDP_RPCH",2024-02-15,2.7
"2024",946,"NGDP_RPCH",2024-02-15,2.1
"2025",946,"NGDP_RPCH",2024-02-15,3
"2024",137,"NGDP_RPCH",2024-02-15,1.3
"2025",137,"NGDP_RPCH",2024-02-15,2.1
"2024",181,"NGDP_RPCH",2024-02-15,4.6
"2025",181,"NGDP_RPCH",2024-02-15,4.3
"2024",138,"NGDP_RPCH",2024-02-15,0.4
"2025",138,"NGDP_RPCH",2024-02-15,1.6
"2024",964,"NGDP_RPCH",2024-02-15,2.7
"2025",964,"NGDP_RPCH",2024-02-15,3.2
"2024",182,"NGDP_RPCH",2024-02-15,1.2
"2025",182,"NGDP_RPCH",2024-02-15,1.8
"2024",968,"NGDP_RPCH",2024-02-15,2.9
"2025",968,"NGDP_RPCH",2024-02-15,3.2
"2024",936,"NGDP_RPCH",2024-02-15,2.3
"2025",936,"NGDP_RPCH",2024-02-15,2.6
"2024",961,"NGDP_RPCH",2024-02-15,1.9
"2025",961,"NGDP_RPCH",2024-02-15,2.7
"2024",184,"NGDP_RPCH",2024-02-15,1.7
"2025",184,"NGDP_RPCH",2024-02-15,2
"2024",144,"NGDP_RPCH",2024-02-15,0.2
"2025",144,"NGDP_RPCH",2024-02-15,1.6
"2024",122,"PCPIPCH",2024-02-15,4
"2025",122,"PCPIPCH",2024-02-15,3
"2024",124,"PCPIPCH",2024-02-15,3.5
"2025",124,"PCPIPCH",2024-02-15,2.3
"2024",918,"PCPIPCH",2024-02-15,3.4
"2025",918,"PCPIPCH",2024-02-15,2.9
"2024",960,"PCPIPCH",2024-02-15,2.5
"2025",960,"PCPIPCH",2024-02-15,2
"2024",423,"PCPIPCH",2024-02-15,2.4
"2025",423,"PCPIPCH",2024-02-15,2.1
"2024",935,"PCPIPCH",2024-02-15,2.9
"2025",935,"PCPIPCH",2024-02-15,2.3
"2024",128,"PCPIPCH",2024-02-15,1.7
"2025",128,"PCPIPCH",2024-02-15,2.2
"2024",163,"PCPIPCH",2024-02-15,2.7
"2025",163,"PCPIPCH",2024-02-15,2.2
"2024",939,"PCPIPCH",2024-02-15,3.2
"2025",939,"PCPIPCH",2024-02-15,1.9
"2024",998,"PCPIPCH",2024-02-15,3
"2025",998,"PCPIPCH",2024-02-15,2.5
"2024",172,"PCPIPCH",2024-02-15,1.4
"2025",172,"PCPIPCH",2024-02-15,1.5
"2024",132,"PCPIPCH",2024-02-15,2.8
"2025",132,"PCPIPCH",2024-02-15,2
"2024",134,"PCPIPCH",2024-02-15,2.8
"2025",134,"PCPIPCH",2024-02-15,2.4
"2024",174,"PCPIPCH",2024-02-15,2.7
"2025",174,"PCPIPCH",2024-02-15,2
"2024",944,"PCPIPCH",2024-02-15,4.5
"2025",944,"PCPIPCH",2024-02-15,4.1
"2024",178,"PCPIPCH",2024-02-15,2.2
"2025",178,"PCPIPCH",2024-02-15,1.9
"2024",136,"PCPIPCH",2024-02-15,2
"2025",136,"PCPIPCH",2024-02-15,2.3
"2024",941,"PCPIPCH",2024-02-15,2.2
"2025",941,"PCPIPCH",2024-02-15,2.2
"2024",946,"PCPIPCH",2024-02-15,2.4
"2025",946,"PCPIPCH",2024-02-15,2.4
"2024",137,"PCPIPCH",2024-02-15,2.6
"2025",137,"PCPIPCH",2024-02-15,2.3
"2024",181,"PCPIPCH",2024-02-15,2.9
"2025",181,"PCPIPCH",2024-02-15,2.7
"2024",138,"PCPIPCH",2024-02-15,2.6
"2025",138,"PCPIPCH",2024-02-15,2
"2024",964,"PCPIPCH",2024-02-15,5.2
"2025",964,"PCPIPCH",2024-02-15,4.7
"2024",182,"PCPIPCH",2024-02-15,2.3
"2025",182,"PCPIPCH",2024-02-15,1.9
"2024",968,"PCPIPCH",2024-02-15,5.8
"2025",968,"PCPIPCH",2024-02-15,3.6
"2024",936,"PCPIPCH",2024-02-15,3.5
"2025",936,"PCPIPCH",2024-02-15,2.6
"2024",961,"PCPIPCH",2024-02-15,2.9
"2025",961,"PCPIPCH",2024-02-15,2
"2024",184,"PCPIPCH",2024-02-15,3.2
"2025",184,"PCPIPCH",2024-02-15,2.1
"2024",144,"PCPIPCH",2024-02-15,1.7
"2025",144,"PCPIPCH",2024-02-15,1.9
"2024",122,"LUR",2024-05-15,5.3
"2025",122,"LUR",2024-05-15,5.1
"2024",124,"LUR",2024-05-15,5.6
"2025",124,"LUR",2024-05-15,5.4
"2024",918,"LUR",2024-05-15,4.3
"2025",918,"LUR",2024-05-15,4
"2024",960,"LUR",2024-05-15,5.8
"2025",960,"LUR",2024-05-15,5.6
"2024",423,"LUR",2024-05-15,5.6
"2025",423,"LUR",2024-05-15,5.4
"2024",935,"LUR",2024-05-15,2.8
"2025",935,"LUR",2024-05-15,2.9
"2024",128,"LUR",2024-05-15,5.6
"2025",128,"LUR",2024-05-15,6
"2024",163,"LUR",2024-05-15,6.6
"2025",163,"LUR",2024-05-15,6.5
"2024",939,"LUR",2024-05-15,7.4
"2025",939,"LUR",2024-05-15,6.9
"2024",998,"LUR",2024-05-15,6.1
"2025",998,"LUR",2024-05-15,6
"2024",172,"LUR",2024-05-15,7.4
"2025",172,"LUR",2024-05-15,7.2
"2024",132,"LUR",2024-05-15,7.7
"2025",132,"LUR",2024-05-15,7.8
"2024",134,"LUR",2024-05-15,3.1
"2025",134,"LUR",2024-05-15,3.1
"2024",174,"LUR",2024-05-15,10.3
"2025",174,"LUR",2024-05-15,9.7
"2024",944,"LUR",2024-05-15,4.5
"2025",944,"LUR",2024-05-15,4
"2024",178,"LUR",2024-05-15,4.4
"2025",178,"LUR",2024-05-15,4.4
"2024",136,"LUR",2024-05-15,7.5
"2025",136,"LUR",2024-05-15,7.3
"2024",941,"LUR",2024-05-15,6.5
"2025",941,"LUR",2024-05-15,6.3
"2024",946,"LUR",2024-05-15,7
"2025",946,"LUR",2024-05-15,6.9
"2024",137,"LUR",2024-05-15,5.8
"2025",137,"LUR",2024-05-15,5.7
"2024",181,"LUR",2024-05-15,3
"2025",181,"LUR",2024-05-15,2.9
"2024",138,"LUR",2024-05-15,3.9
"2025",138,"LUR",2024-05-15,4
"2024",964,"LUR",2024-05-15,3
"2025",964,"LUR",2024-05-15,2.9
"2024",182,"LUR",2024-05-15,6.5
"2025",182,"LUR",2024-05-15,6.4
"2024",968,"LUR",2024-05-15,5.5
"2025",968,"LUR",2024-05-15,5.5
"2024",936,"LUR",2024-05-15,5.4
"2025",936,"LUR",2024-05-15,5.2
"2024",961,"LUR",2024-05-15,3.7
"2025",961,"LUR",2024-05-15,3.6
"2024",184,"LUR",2024-05-15,11.6
"2025",184,"LUR",2024-05-15,11.1
"2024",144,"LUR",2024-05-15,8.4
"2025",144,"LUR",2024-05-15,8.2
"2024",122,"NGDP_RPCH",2024-05-15,0.3
"2025",122,"NGDP_RPCH",2024-05-15,1.6
"2024",124,"NGDP_RPCH",2024-05-15,1.3
"2025",124,"NGDP_RPCH",2024-05-15,1.4
"2024",918,"NGDP_RPCH",2024-05-15,1.9
"2025",918,"NGDP_RPCH",2024-05-15,2.9
"2024",960,"NGDP_RPCH",2024-05-15,3.3
"2025",960,"NGDP_RPCH",2024-05-15,2.9
"2024",423,"NGDP_RPCH",2024-05-15,2.8
"2025",423,"NGDP_RPCH",2024-05-15,2.9
"2024",935,"NGDP_RPCH",2024-05-15,1.2
"2025",935,"NGDP_RPCH",2024-05-15,2.8
"2024",128,"NGDP_RPCH",2024-05-15,2.6
"2025",128,"NGDP_RPCH",2024-05-15,1.4
"2024",163,"NGDP_RPCH",2024-05-15,0.8
"2025",163,"NGDP_RPCH",2024-05-15,1.4
"2024",939,"NGDP_RPCH",2024-05-15,-0.5
"2025",939,"NGDP_RPCH",2024-05-15,3.1
"2024",998,"NGDP_RPCH",2024-05-15,1
"2025",998,"NGDP_RPCH",2024-05-15,1.6
"2024",172,"NGDP_RPCH",2024-05-15,NA
"2025",172,"NGDP_RPCH",2024-05-15,1.4
"2024",132,"NGDP_RPCH",2024-05-15,0.7
"2025",132,"NGDP_RPCH",2024-05-15,1.3
"2024",134,"NGDP_RPCH",2024-05-15,0.1
"2025",134,"NGDP_RPCH",2024-05-15,1
"2024",174,"NGDP_RPCH",2024-05-15,2.2
"2025",174,"NGDP_RPCH",2024-05-15,2.3
"2024",944,"NGDP_RPCH",2024-05-15,2.4
"2025",944,"NGDP_RPCH",2024-05-15,3.5
"2024",178,"NGDP_RPCH",2024-05-15,1.2
"2025",178,"NGDP_RPCH",2024-05-15,3.6
"2024",136,"NGDP_RPCH",2024-05-15,0.9
"2025",136,"NGDP_RPCH",2024-05-15,1.1
"2024",941,"NGDP_RPCH",2024-05-15,1.7
"2025",941,"NGDP_RPCH",2024-05-15,2.6
"2024",946,"NGDP_RPCH",2024-05-15,2
"2025",946,"NGDP_RPCH",2024-05-15,2.9
"2024",137,"NGDP_RPCH",2024-05-15,1.4
"2025",137,"NGDP_RPCH",2024-05-15,2.3
"2024",181,"NGDP_RPCH",2024-05-15,4.6
"2025",181,"NGDP_RPCH",2024-05-15,4.3
"2024",138,"NGDP_RPCH",2024-05-15,0.8
"2025",138,"NGDP_RPCH",2024-05-15,1.5
"2024",964,"NGDP_RPCH",2024-05-15,2.8
"2025",964,"NGDP_RPCH",2024-05-15,3.4
"2024",182,"NGDP_RPCH",2024-05-15,1.7
"2025",182,"NGDP_RPCH",2024-05-15,1.9
"2024",968,"NGDP_RPCH",2024-05-15,3.3
"2025",968,"NGDP_RPCH",2024-05-15,3.1
"2024",936,"NGDP_RPCH",2024-05-15,2.2
"2025",936,"NGDP_RPCH",2024-05-15,2.9
"2024",961,"NGDP_RPCH",2024-05-15,2.3
"2025",961,"NGDP_RPCH",2024-05-15,2.6
"2024",184,"NGDP_RPCH",2024-05-15,2.1
"2025",184,"NGDP_RPCH",2024-05-15,1.9
"2024",144,"NGDP_RPCH",2024-05-15,0.2
"2025",144,"NGDP_RPCH",2024-05-15,2.1
"2024",122,"PCPIPCH",2024-05-15,3.6
"2025",122,"PCPIPCH",2024-05-15,2.8
"2024",124,"PCPIPCH",2024-05-15,4
"2025",124,"PCPIPCH",2024-05-15,2.3
"2024",918,"PCPIPCH",2024-05-15,3.1
"2025",918,"PCPIPCH",2024-05-15,2.6
"2024",960,"PCPIPCH",2024-05-15,3.5
"2025",960,"PCPIPCH",2024-05-15,2.2
"2024",423,"PCPIPCH",2024-05-15,2.4
"2025",423,"PCPIPCH",2024-05-15,2.1
"2024",935,"PCPIPCH",2024-05-15,2.5
"2025",935,"PCPIPCH",2024-05-15,2.2
"2024",128,"PCPIPCH",2024-05-15,2
"2025",128,"PCPIPCH",2024-05-15,1.9
"2024",163,"PCPIPCH",2024-05-15,2.5
"2025",163,"PCPIPCH",2024-05-15,2.1
"2024",939,"PCPIPCH",2024-05-15,3.4
"2025",939,"PCPIPCH",2024-05-15,2.1
"2024",998,"PCPIPCH",2024-05-15,2.7
"2025",998,"PCPIPCH",2024-05-15,2.2
"2024",172,"PCPIPCH",2024-05-15,1.4
"2025",172,"PCPIPCH",2024-05-15,2.1
"2024",132,"PCPIPCH",2024-05-15,2.5
"2025",132,"PCPIPCH",2024-05-15,2
"2024",134,"PCPIPCH",2024-05-15,2.4
"2025",134,"PCPIPCH",2024-05-15,2
"2024",174,"PCPIPCH",2024-05-15,2.8
"2025",174,"PCPIPCH",2024-05-15,2.1
"2024",944,"PCPIPCH",2024-05-15,4.1
"2025",944,"PCPIPCH",2024-05-15,3.7
"2024",178,"PCPIPCH",2024-05-15,1.9
"2025",178,"PCPIPCH",2024-05-15,1.8
"2024",136,"PCPIPCH",2024-05-15,1.6
"2025",136,"PCPIPCH",2024-05-15,1.9
"2024",941,"PCPIPCH",2024-05-15,1.6
"2025",941,"PCPIPCH",2024-05-15,2
"2024",946,"PCPIPCH",2024-05-15,1.9
"2025",946,"PCPIPCH",2024-05-15,1.8
"2024",137,"PCPIPCH",2024-05-15,2.3
"2025",137,"PCPIPCH",2024-05-15,2
"2024",181,"PCPIPCH",2024-05-15,2.8
"2025",181,"PCPIPCH",2024-05-15,2.3
"2024",138,"PCPIPCH",2024-05-15,2.5
"2025",138,"PCPIPCH",2024-05-15,2
"2024",964,"PCPIPCH",2024-05-15,4.3
"2025",964,"PCPIPCH",2024-05-15,4.2
"2024",182,"PCPIPCH",2024-05-15,2.3
"2025",182,"PCPIPCH",2024-05-15,1.9
"2024",968,"PCPIPCH",2024-05-15,5.9
"2025",968,"PCPIPCH",2024-05-15,4
"2024",936,"PCPIPCH",2024-05-15,3.1
"2025",936,"PCPIPCH",2024-05-15,3.6
"2024",961,"PCPIPCH",2024-05-15,2.8
"2025",961,"PCPIPCH",2024-05-15,2.4
"2024",184,"PCPIPCH",2024-05-15,3.1
"2025",184,"PCPIPCH",2024-05-15,2.3
"2024",144,"PCPIPCH",2024-05-15,2
"2025",144,"PCPIPCH",2024-05-15,1.8
"2024",122,"LUR",2024-11-15,5.3
"2025",122,"LUR",2024-11-15,5.3
"2026",122,"LUR",2024-11-15,5
"2024",124,"LUR",2024-11-15,5.6
"2025",124,"LUR",2024-11-15,5.7
"2026",124,"LUR",2024-11-15,5.6
"2024",918,"LUR",2024-11-15,4.3
"2025",918,"LUR",2024-11-15,4
"2026",918,"LUR",2024-11-15,3.8
"2024",960,"LUR",2024-11-15,5.1
"2025",960,"LUR",2024-11-15,4.7
"2026",960,"LUR",2024-11-15,4.6
"2024",423,"LUR",2024-11-15,4.9
"2025",423,"LUR",2024-11-15,4.7
"2026",423,"LUR",2024-11-15,4.5
"2024",935,"LUR",2024-11-15,2.6
"2025",935,"LUR",2024-11-15,2.7
"2026",935,"LUR",2024-11-15,2.7
"2024",128,"LUR",2024-11-15,5.8
"2025",128,"LUR",2024-11-15,5.8
"2026",128,"LUR",2024-11-15,5.8
"2024",163,"LUR",2024-11-15,6.5
"2025",163,"LUR",2024-11-15,6.3
"2026",163,"LUR",2024-11-15,6.3
"2024",939,"LUR",2024-11-15,7.5
"2025",939,"LUR",2024-11-15,7.7
"2026",939,"LUR",2024-11-15,7.2
"2024",998,"LUR",2024-11-15,6.1
"2025",998,"LUR",2024-11-15,5.9
"2026",998,"LUR",2024-11-15,5.9
"2024",172,"LUR",2024-11-15,8.2
"2025",172,"LUR",2024-11-15,7.9
"2026",172,"LUR",2024-11-15,7.5
"2024",132,"LUR",2024-11-15,7.4
"2025",132,"LUR",2024-11-15,7.5
"2026",132,"LUR",2024-11-15,7.6
"2024",134,"LUR",2024-11-15,3.3
"2025",134,"LUR",2024-11-15,3.3
"2026",134,"LUR",2024-11-15,3.4
"2024",174,"LUR",2024-11-15,10.4
"2025",174,"LUR",2024-11-15,9.8
"2026",174,"LUR",2024-11-15,9.2
"2024",944,"LUR",2024-11-15,4.5
"2025",944,"LUR",2024-11-15,4.3
"2026",944,"LUR",2024-11-15,4.1
"2024",178,"LUR",2024-11-15,4.4
"2025",178,"LUR",2024-11-15,4.4
"2026",178,"LUR",2024-11-15,4.5
"2024",136,"LUR",2024-11-15,6.8
"2025",136,"LUR",2024-11-15,6.3
"2026",136,"LUR",2024-11-15,6.2
"2024",941,"LUR",2024-11-15,6.7
"2025",941,"LUR",2024-11-15,6.7
"2026",941,"LUR",2024-11-15,6.5
"2024",946,"LUR",2024-11-15,7.5
"2025",946,"LUR",2024-11-15,7
"2026",946,"LUR",2024-11-15,6.9
"2024",137,"LUR",2024-11-15,6
"2025",137,"LUR",2024-11-15,6
"2026",137,"LUR",2024-11-15,5.8
"2024",181,"LUR",2024-11-15,3.2
"2025",181,"LUR",2024-11-15,3.1
"2026",181,"LUR",2024-11-15,3
"2024",138,"LUR",2024-11-15,3.7
"2025",138,"LUR",2024-11-15,3.8
"2026",138,"LUR",2024-11-15,3.9
"2024",964,"LUR",2024-11-15,2.9
"2025",964,"LUR",2024-11-15,2.8
"2026",964,"LUR",2024-11-15,2.7
"2024",182,"LUR",2024-11-15,6.4
"2025",182,"LUR",2024-11-15,6.3
"2026",182,"LUR",2024-11-15,6.2
"2024",968,"LUR",2024-11-15,5.5
"2025",968,"LUR",2024-11-15,5.5
"2026",968,"LUR",2024-11-15,5.4
"2024",936,"LUR",2024-11-15,5.5
"2025",936,"LUR",2024-11-15,5.3
"2026",936,"LUR",2024-11-15,5.1
"2024",961,"LUR",2024-11-15,3.5
"2025",961,"LUR",2024-11-15,3.6
"2026",961,"LUR",2024-11-15,3.6
"2024",184,"LUR",2024-11-15,11.5
"2025",184,"LUR",2024-11-15,11
"2026",184,"LUR",2024-11-15,10.7
"2024",144,"LUR",2024-11-15,8.5
"2025",144,"LUR",2024-11-15,8.4
"2026",144,"LUR",2024-11-15,7.8
"2024",122,"NGDP_RPCH",2024-11-15,-0.6
"2025",122,"NGDP_RPCH",2024-11-15,1
"2026",122,"NGDP_RPCH",2024-11-15,1.4
"2024",124,"NGDP_RPCH",2024-11-15,1.1
"2025",124,"NGDP_RPCH",2024-11-15,1.2
"2026",124,"NGDP_RPCH",2024-11-15,1.5
"2024",918,"NGDP_RPCH",2024-11-15,2.4
"2025",918,"NGDP_RPCH",2024-11-15,2.9
"2026",918,"NGDP_RPCH",2024-11-15,3
"2024",960,"NGDP_RPCH",2024-11-15,3.6
"2025",960,"NGDP_RPCH",2024-11-15,3.3
"2026",960,"NGDP_RPCH",2024-11-15,2.9
"2024",423,"NGDP_RPCH",2024-11-15,3.6
"2025",423,"NGDP_RPCH",2024-11-15,2.8
"2026",423,"NGDP_RPCH",2024-11-15,2.5
"2024",935,"NGDP_RPCH",2024-11-15,1
"2025",935,"NGDP_RPCH",2024-11-15,2.4
"2026",935,"NGDP_RPCH",2024-11-15,2.7
"2024",128,"NGDP_RPCH",2024-11-15,2.4
"2025",128,"NGDP_RPCH",2024-11-15,2.5
"2026",128,"NGDP_RPCH",2024-11-15,1.8
"2024",163,"NGDP_RPCH",2024-11-15,0.8
"2025",163,"NGDP_RPCH",2024-11-15,1.3
"2026",163,"NGDP_RPCH",2024-11-15,1.6
"2024",939,"NGDP_RPCH",2024-11-15,-1
"2025",939,"NGDP_RPCH",2024-11-15,1.1
"2026",939,"NGDP_RPCH",2024-11-15,2.6
"2024",998,"NGDP_RPCH",2024-11-15,0.9
"2025",998,"NGDP_RPCH",2024-11-15,1.5
"2026",998,"NGDP_RPCH",2024-11-15,1.8
"2024",172,"NGDP_RPCH",2024-11-15,-0.3
"2025",172,"NGDP_RPCH",2024-11-15,1.5
"2026",172,"NGDP_RPCH",2024-11-15,1.6
"2024",132,"NGDP_RPCH",2024-11-15,1.1
"2025",132,"NGDP_RPCH",2024-11-15,0.8
"2026",132,"NGDP_RPCH",2024-11-15,1.4
"2024",134,"NGDP_RPCH",2024-11-15,-0.1
"2025",134,"NGDP_RPCH",2024-11-15,0.7
"2026",134,"NGDP_RPCH",2024-11-15,1.3
"2024",174,"NGDP_RPCH",2024-11-15,2.1
"2025",174,"NGDP_RPCH",2024-11-15,2.3
"2026",174,"NGDP_RPCH",2024-11-15,2.2
"2024",944,"NGDP_RPCH",2024-11-15,0.6
"2025",944,"NGDP_RPCH",2024-11-15,1.8
"2026",944,"NGDP_RPCH",2024-11-15,3.1
"2024",178,"NGDP_RPCH",2024-11-15,-0.5
"2025",178,"NGDP_RPCH",2024-11-15,4
"2026",178,"NGDP_RPCH",2024-11-15,3.6
"2024",136,"NGDP_RPCH",2024-11-15,0.7
"2025",136,"NGDP_RPCH",2024-11-15,1
"2026",136,"NGDP_RPCH",2024-11-15,1.2
"2024",941,"NGDP_RPCH",2024-11-15,0
"2025",941,"NGDP_RPCH",2024-11-15,1
"2026",941,"NGDP_RPCH",2024-11-15,2.1
"2024",946,"NGDP_RPCH",2024-11-15,2.2
"2025",946,"NGDP_RPCH",2024-11-15,3
"2026",946,"NGDP_RPCH",2024-11-15,3
"2024",137,"NGDP_RPCH",2024-11-15,1.2
"2025",137,"NGDP_RPCH",2024-11-15,2.3
"2026",137,"NGDP_RPCH",2024-11-15,2.2
"2024",181,"NGDP_RPCH",2024-11-15,5
"2025",181,"NGDP_RPCH",2024-11-15,4.3
"2026",181,"NGDP_RPCH",2024-11-15,4.3
"2024",138,"NGDP_RPCH",2024-11-15,0.8
"2025",138,"NGDP_RPCH",2024-11-15,1.6
"2026",138,"NGDP_RPCH",2024-11-15,1.5
"2024",964,"NGDP_RPCH",2024-11-15,3
"2025",964,"NGDP_RPCH",2024-11-15,3.6
"2026",964,"NGDP_RPCH",2024-11-15,3.1
"2024",182,"NGDP_RPCH",2024-11-15,1.7
"2025",182,"NGDP_RPCH",2024-11-15,1.9
"2026",182,"NGDP_RPCH",2024-11-15,2.1
"2024",968,"NGDP_RPCH",2024-11-15,1.4
"2025",968,"NGDP_RPCH",2024-11-15,2.5
"2026",968,"NGDP_RPCH",2024-11-15,2.9
"2024",936,"NGDP_RPCH",2024-11-15,2.2
"2025",936,"NGDP_RPCH",2024-11-15,2.3
"2026",936,"NGDP_RPCH",2024-11-15,2.5
"2024",961,"NGDP_RPCH",2024-11-15,1.4
"2025",961,"NGDP_RPCH",2024-11-15,2.5
"2026",961,"NGDP_RPCH",2024-11-15,2.6
"2024",184,"NGDP_RPCH",2024-11-15,3
"2025",184,"NGDP_RPCH",2024-11-15,2.3
"2026",184,"NGDP_RPCH",2024-11-15,2.1
"2024",144,"NGDP_RPCH",2024-11-15,0.3
"2025",144,"NGDP_RPCH",2024-11-15,1.8
"2026",144,"NGDP_RPCH",2024-11-15,2.6
"2024",122,"PCPIPCH",2024-11-15,2.9
"2025",122,"PCPIPCH",2024-11-15,2.1
"2026",122,"PCPIPCH",2024-11-15,1.7
"2024",124,"PCPIPCH",2024-11-15,4.4
"2025",124,"PCPIPCH",2024-11-15,2.9
"2026",124,"PCPIPCH",2024-11-15,1.9
"2024",918,"PCPIPCH",2024-11-15,2.5
"2025",918,"PCPIPCH",2024-11-15,2.3
"2026",918,"PCPIPCH",2024-11-15,2.9
"2024",960,"PCPIPCH",2024-11-15,4
"2025",960,"PCPIPCH",2024-11-15,3.4
"2026",960,"PCPIPCH",2024-11-15,2
"2024",423,"PCPIPCH",2024-11-15,2.2
"2025",423,"PCPIPCH",2024-11-15,2.1
"2026",423,"PCPIPCH",2024-11-15,2
"2024",935,"PCPIPCH",2024-11-15,2.7
"2025",935,"PCPIPCH",2024-11-15,2.4
"2026",935,"PCPIPCH",2024-11-15,2
"2024",128,"PCPIPCH",2024-11-15,1.3
"2025",128,"PCPIPCH",2024-11-15,1.9
"2026",128,"PCPIPCH",2024-11-15,1.7
"2024",163,"PCPIPCH",2024-11-15,2.4
"2025",163,"PCPIPCH",2024-11-15,2.1
"2026",163,"PCPIPCH",2024-11-15,1.9
"2024",939,"PCPIPCH",2024-11-15,3.6
"2025",939,"PCPIPCH",2024-11-15,3.6
"2026",939,"PCPIPCH",2024-11-15,2.4
"2024",998,"PCPIPCH",2024-11-15,2.6
"2025",998,"PCPIPCH",2024-11-15,2.4
"2026",998,"PCPIPCH",2024-11-15,2
"2024",172,"PCPIPCH",2024-11-15,1
"2025",172,"PCPIPCH",2024-11-15,2
"2026",172,"PCPIPCH",2024-11-15,1.8
"2024",132,"PCPIPCH",2024-11-15,2.4
"2025",132,"PCPIPCH",2024-11-15,1.9
"2026",132,"PCPIPCH",2024-11-15,1.8
"2024",134,"PCPIPCH",2024-11-15,2.4
"2025",134,"PCPIPCH",2024-11-15,2.1
"2026",134,"PCPIPCH",2024-11-15,1.9
"2024",174,"PCPIPCH",2024-11-15,3
"2025",174,"PCPIPCH",2024-11-15,2.4
"2026",174,"PCPIPCH",2024-11-15,1.9
"2024",944,"PCPIPCH",2024-11-15,3.8
"2025",944,"PCPIPCH",2024-11-15,3.6
"2026",944,"PCPIPCH",2024-11-15,3.2
"2024",178,"PCPIPCH",2024-11-15,1.4
"2025",178,"PCPIPCH",2024-11-15,1.9
"2026",178,"PCPIPCH",2024-11-15,1.8
"2024",136,"PCPIPCH",2024-11-15,1.1
"2025",136,"PCPIPCH",2024-11-15,1.9
"2026",136,"PCPIPCH",2024-11-15,1.7
"2024",941,"PCPIPCH",2024-11-15,1.2
"2025",941,"PCPIPCH",2024-11-15,2.2
"2026",941,"PCPIPCH",2024-11-15,2.2
"2024",946,"PCPIPCH",2024-11-15,0.9
"2025",946,"PCPIPCH",2024-11-15,1.7
"2026",946,"PCPIPCH",2024-11-15,1.6
"2024",137,"PCPIPCH",2024-11-15,2.3
"2025",137,"PCPIPCH",2024-11-15,2.4
"2026",137,"PCPIPCH",2024-11-15,1.8
"2024",181,"PCPIPCH",2024-11-15,2.5
"2025",181,"PCPIPCH",2024-11-15,2.2
"2026",181,"PCPIPCH",2024-11-15,2
"2024",138,"PCPIPCH",2024-11-15,3.2
"2025",138,"PCPIPCH",2024-11-15,2.4
"2026",138,"PCPIPCH",2024-11-15,1.9
"2024",964,"PCPIPCH",2024-11-15,3.8
"2025",964,"PCPIPCH",2024-11-15,4.7
"2026",964,"PCPIPCH",2024-11-15,3
"2024",182,"PCPIPCH",2024-11-15,2.6
"2025",182,"PCPIPCH",2024-11-15,2.1
"2026",182,"PCPIPCH",2024-11-15,1.9
"2024",968,"PCPIPCH",2024-11-15,5.5
"2025",968,"PCPIPCH",2024-11-15,3.9
"2026",968,"PCPIPCH",2024-11-15,3.6
"2024",936,"PCPIPCH",2024-11-15,3.1
"2025",936,"PCPIPCH",2024-11-15,5.1
"2026",936,"PCPIPCH",2024-11-15,3
"2024",961,"PCPIPCH",2024-11-15,2.1
"2025",961,"PCPIPCH",2024-11-15,3.2
"2026",961,"PCPIPCH",2024-11-15,2.1
"2024",184,"PCPIPCH",2024-11-15,2.8
"2025",184,"PCPIPCH",2024-11-15,2.2
"2026",184,"PCPIPCH",2024-11-15,2
"2024",144,"PCPIPCH",2024-11-15,1.9
"2025",144,"PCPIPCH",2024-11-15,1.5
"2026",144,"PCPIPCH",2024-11-15,1.8
"2025",124,"LUR",2025-05-19,6.1
"2026",124,"LUR",2025-05-19,5.8
"2025",134,"LUR",2025-05-19,3.6
"2026",134,"LUR",2025-05-19,3.3
"2025",939,"LUR",2025-05-19,7.6
"2026",939,"LUR",2025-05-19,7.3
"2025",178,"LUR",2025-05-19,4.3
"2026",178,"LUR",2025-05-19,4.4
"2025",174,"LUR",2025-05-19,9.3
"2026",174,"LUR",2025-05-19,8.7
"2025",184,"LUR",2025-05-19,10.4
"2026",184,"LUR",2025-05-19,9.9
"2025",132,"LUR",2025-05-19,7.9
"2026",132,"LUR",2025-05-19,7.8
"2025",960,"LUR",2025-05-19,4.6
"2026",960,"LUR",2025-05-19,4.5
"2025",136,"LUR",2025-05-19,5.9
"2026",136,"LUR",2025-05-19,5.9
"2025",423,"LUR",2025-05-19,4.7
"2026",423,"LUR",2025-05-19,4.6
"2025",941,"LUR",2025-05-19,6.8
"2026",941,"LUR",2025-05-19,6.6
"2025",946,"LUR",2025-05-19,6.8
"2026",946,"LUR",2025-05-19,6.6
"2025",137,"LUR",2025-05-19,6.6
"2026",137,"LUR",2025-05-19,6.4
"2025",181,"LUR",2025-05-19,3.1
"2026",181,"LUR",2025-05-19,3.1
"2025",138,"LUR",2025-05-19,3.9
"2026",138,"LUR",2025-05-19,4
"2025",122,"LUR",2025-05-19,5.3
"2026",122,"LUR",2025-05-19,5.2
"2025",182,"LUR",2025-05-19,6.4
"2026",182,"LUR",2025-05-19,6.3
"2025",936,"LUR",2025-05-19,5.3
"2026",936,"LUR",2025-05-19,5.3
"2025",961,"LUR",2025-05-19,3.7
"2026",961,"LUR",2025-05-19,3.8
"2025",172,"LUR",2025-05-19,8.6
"2026",172,"LUR",2025-05-19,8.3
"2025",163,"LUR",2025-05-19,6.3
"2026",163,"LUR",2025-05-19,6.1
"2025",918,"LUR",2025-05-19,4
"2026",918,"LUR",2025-05-19,3.8
"2025",935,"LUR",2025-05-19,2.6
"2026",935,"LUR",2025-05-19,2.6
"2025",128,"LUR",2025-05-19,6.2
"2026",128,"LUR",2025-05-19,6.3
"2025",944,"LUR",2025-05-19,4.4
"2026",944,"LUR",2025-05-19,4.3
"2025",964,"LUR",2025-05-19,2.8
"2026",964,"LUR",2025-05-19,2.8
"2025",968,"LUR",2025-05-19,5.3
"2026",968,"LUR",2025-05-19,5.2
"2025",144,"LUR",2025-05-19,8.7
"2026",144,"LUR",2025-05-19,8.4
"2025",998,"LUR",2025-05-19,5.9
"2026",998,"LUR",2025-05-19,5.7
"2025",112,"LUR",2025-05-19,4.4
"2026",112,"LUR",2025-05-19,4.4
"2025",158,"LUR",2025-05-19,2.5
"2026",158,"LUR",2025-05-19,2.5
"2025",111,"LUR",2025-05-19,4.3
"2026",111,"LUR",2025-05-19,4.5
"2025",124,"NGDP_RPCH",2025-05-19,0.8
"2026",124,"NGDP_RPCH",2025-05-19,0.9
"2025",134,"NGDP_RPCH",2025-05-19,0
"2026",134,"NGDP_RPCH",2025-05-19,1.1
"2025",939,"NGDP_RPCH",2025-05-19,1.1
"2026",939,"NGDP_RPCH",2025-05-19,2.3
"2025",178,"NGDP_RPCH",2025-05-19,3.4
"2026",178,"NGDP_RPCH",2025-05-19,2.5
"2025",174,"NGDP_RPCH",2025-05-19,2.3
"2026",174,"NGDP_RPCH",2025-05-19,2.2
"2025",184,"NGDP_RPCH",2025-05-19,2.6
"2026",184,"NGDP_RPCH",2025-05-19,2
"2025",132,"NGDP_RPCH",2025-05-19,0.6
"2026",132,"NGDP_RPCH",2025-05-19,1.3
"2025",960,"NGDP_RPCH",2025-05-19,3.2
"2026",960,"NGDP_RPCH",2025-05-19,2.9
"2025",136,"NGDP_RPCH",2025-05-19,0.7
"2026",136,"NGDP_RPCH",2025-05-19,0.9
"2025",423,"NGDP_RPCH",2025-05-19,3
"2026",423,"NGDP_RPCH",2025-05-19,2.5
"2025",941,"NGDP_RPCH",2025-05-19,0.5
"2026",941,"NGDP_RPCH",2025-05-19,2
"2025",946,"NGDP_RPCH",2025-05-19,2.8
"2026",946,"NGDP_RPCH",2025-05-19,3.1
"2025",137,"NGDP_RPCH",2025-05-19,1.7
"2026",137,"NGDP_RPCH",2025-05-19,2
"2025",181,"NGDP_RPCH",2025-05-19,4.1
"2026",181,"NGDP_RPCH",2025-05-19,4
"2025",138,"NGDP_RPCH",2025-05-19,1.3
"2026",138,"NGDP_RPCH",2025-05-19,1.2
"2025",122,"NGDP_RPCH",2025-05-19,-0.3
"2026",122,"NGDP_RPCH",2025-05-19,1
"2025",182,"NGDP_RPCH",2025-05-19,1.8
"2026",182,"NGDP_RPCH",2025-05-19,2.2
"2025",936,"NGDP_RPCH",2025-05-19,1.5
"2026",936,"NGDP_RPCH",2025-05-19,1.4
"2025",961,"NGDP_RPCH",2025-05-19,2
"2026",961,"NGDP_RPCH",2025-05-19,2.4
"2025",172,"NGDP_RPCH",2025-05-19,1
"2026",172,"NGDP_RPCH",2025-05-19,1.3
"2025",163,"NGDP_RPCH",2025-05-19,0.9
"2026",163,"NGDP_RPCH",2025-05-19,1.4
"2025",918,"NGDP_RPCH",2025-05-19,2
"2026",918,"NGDP_RPCH",2025-05-19,2.1
"2025",935,"NGDP_RPCH",2025-05-19,1.9
"2026",935,"NGDP_RPCH",2025-05-19,2.1
"2025",128,"NGDP_RPCH",2025-05-19,3.6
"2026",128,"NGDP_RPCH",2025-05-19,2
"2025",944,"NGDP_RPCH",2025-05-19,0.8
"2026",944,"NGDP_RPCH",2025-05-19,2.5
"2025",964,"NGDP_RPCH",2025-05-19,3.3
"2026",964,"NGDP_RPCH",2025-05-19,3
"2025",968,"NGDP_RPCH",2025-05-19,1.4
"2026",968,"NGDP_RPCH",2025-05-19,2.2
"2025",144,"NGDP_RPCH",2025-05-19,1.1
"2026",144,"NGDP_RPCH",2025-05-19,1.9
"2025",998,"NGDP_RPCH",2025-05-19,1.1
"2026",998,"NGDP_RPCH",2025-05-19,1.5
"2025",112,"NGDP_RPCH",2025-05-19,1
"2026",112,"NGDP_RPCH",2025-05-19,1.3
"2025",158,"NGDP_RPCH",2025-05-19,0.7
"2026",158,"NGDP_RPCH",2025-05-19,0.6
"2025",111,"NGDP_RPCH",2025-05-19,1.6
"2026",111,"NGDP_RPCH",2025-05-19,1.6
"2025",124,"PCPIPCH",2025-05-19,2.8
"2026",124,"PCPIPCH",2025-05-19,1.8
"2025",134,"PCPIPCH",2025-05-19,2.4
"2026",134,"PCPIPCH",2025-05-19,1.9
"2025",939,"PCPIPCH",2025-05-19,3.8
"2026",939,"PCPIPCH",2025-05-19,2.3
"2025",178,"PCPIPCH",2025-05-19,1.6
"2026",178,"PCPIPCH",2025-05-19,1.4
"2025",174,"PCPIPCH",2025-05-19,2.8
"2026",174,"PCPIPCH",2025-05-19,2.3
"2025",184,"PCPIPCH",2025-05-19,2.3
"2026",184,"PCPIPCH",2025-05-19,1.9
"2025",132,"PCPIPCH",2025-05-19,0.9
"2026",132,"PCPIPCH",2025-05-19,1.2
"2025",960,"PCPIPCH",2025-05-19,3.4
"2026",960,"PCPIPCH",2025-05-19,2
"2025",136,"PCPIPCH",2025-05-19,1.8
"2026",136,"PCPIPCH",2025-05-19,1.5
"2025",423,"PCPIPCH",2025-05-19,2
"2026",423,"PCPIPCH",2025-05-19,2
"2025",941,"PCPIPCH",2025-05-19,3
"2026",941,"PCPIPCH",2025-05-19,1.7
"2025",946,"PCPIPCH",2025-05-19,2.6
"2026",946,"PCPIPCH",2025-05-19,1.2
"2025",137,"PCPIPCH",2025-05-19,2.1
"2026",137,"PCPIPCH",2025-05-19,1.8
"2025",181,"PCPIPCH",2025-05-19,2.2
"2026",181,"PCPIPCH",2025-05-19,2.1
"2025",138,"PCPIPCH",2025-05-19,3
"2026",138,"PCPIPCH",2025-05-19,2
"2025",122,"PCPIPCH",2025-05-19,2.9
"2026",122,"PCPIPCH",2025-05-19,2.1
"2025",182,"PCPIPCH",2025-05-19,2.1
"2026",182,"PCPIPCH",2025-05-19,2
"2025",936,"PCPIPCH",2025-05-19,4
"2026",936,"PCPIPCH",2025-05-19,2.9
"2025",961,"PCPIPCH",2025-05-19,2.1
"2026",961,"PCPIPCH",2025-05-19,1.9
"2025",172,"PCPIPCH",2025-05-19,1.7
"2026",172,"PCPIPCH",2025-05-19,1.5
"2025",163,"PCPIPCH",2025-05-19,2.1
"2026",163,"PCPIPCH",2025-05-19,1.7
"2025",918,"PCPIPCH",2025-05-19,3.6
"2026",918,"PCPIPCH",2025-05-19,1.8
"2025",935,"PCPIPCH",2025-05-19,2.2
"2026",935,"PCPIPCH",2025-05-19,2
"2025",128,"PCPIPCH",2025-05-19,1.6
"2026",128,"PCPIPCH",2025-05-19,1.5
"2025",944,"PCPIPCH",2025-05-19,4.1
"2026",944,"PCPIPCH",2025-05-19,3.3
"2025",964,"PCPIPCH",2025-05-19,3.6
"2026",964,"PCPIPCH",2025-05-19,2.8
"2025",968,"PCPIPCH",2025-05-19,5.1
"2026",968,"PCPIPCH",2025-05-19,3.9
"2025",144,"PCPIPCH",2025-05-19,2.2
"2026",144,"PCPIPCH",2025-05-19,1.6
"2025",998,"PCPIPCH",2025-05-19,2.3
"2026",998,"PCPIPCH",2025-05-19,1.9
"2025",112,"PCPIPCH",2025-05-19,3.6
"2026",112,"PCPIPCH",2025-05-19,2.6
"2025",158,"PCPIPCH",2025-05-19,2.6
"2026",158,"PCPIPCH",2025-05-19,2.3
"2025",111,"PCPIPCH",2025-05-19,3
"2026",111,"PCPIPCH",2025-05-19,2.3
"2025",124,"LUR",2025-11-17,6
"2026",124,"LUR",2025-11-17,6.2
"2027",124,"LUR",2025-11-17,6.1
"2025",918,"LUR",2025-11-17,3.5
"2026",918,"LUR",2025-11-17,3.7
"2027",918,"LUR",2025-11-17,3.8
"2025",134,"LUR",2025-11-17,3.6
"2026",134,"LUR",2025-11-17,3.5
"2027",134,"LUR",2025-11-17,3.3
"2025",939,"LUR",2025-11-17,7.6
"2026",939,"LUR",2025-11-17,7.2
"2027",939,"LUR",2025-11-17,7.1
"2025",178,"LUR",2025-11-17,4.6
"2026",178,"LUR",2025-11-17,4.7
"2027",178,"LUR",2025-11-17,4.7
"2025",174,"LUR",2025-11-17,9.3
"2026",174,"LUR",2025-11-17,8.6
"2027",174,"LUR",2025-11-17,8.2
"2025",184,"LUR",2025-11-17,10.4
"2026",184,"LUR",2025-11-17,9.8
"2027",184,"LUR",2025-11-17,9.6
"2025",132,"LUR",2025-11-17,7.6
"2026",132,"LUR",2025-11-17,8
"2027",132,"LUR",2025-11-17,8.2
"2025",960,"LUR",2025-11-17,4.7
"2026",960,"LUR",2025-11-17,4.5
"2027",960,"LUR",2025-11-17,4.6
"2025",136,"LUR",2025-11-17,6.2
"2026",136,"LUR",2025-11-17,6.1
"2027",136,"LUR",2025-11-17,6
"2025",423,"LUR",2025-11-17,4.7
"2026",423,"LUR",2025-11-17,4.5
"2027",423,"LUR",2025-11-17,4.3
"2025",941,"LUR",2025-11-17,6.8
"2026",941,"LUR",2025-11-17,6.6
"2027",941,"LUR",2025-11-17,6.5
"2025",946,"LUR",2025-11-17,7.1
"2026",946,"LUR",2025-11-17,6.8
"2027",946,"LUR",2025-11-17,6.8
"2025",137,"LUR",2025-11-17,6.6
"2026",137,"LUR",2025-11-17,6.7
"2027",137,"LUR",2025-11-17,6.5
"2025",181,"LUR",2025-11-17,3
"2026",181,"LUR",2025-11-17,2.9
"2027",181,"LUR",2025-11-17,2.9
"2025",138,"LUR",2025-11-17,3.9
"2026",138,"LUR",2025-11-17,4.1
"2027",138,"LUR",2025-11-17,4.3
"2025",122,"LUR",2025-11-17,5.6
"2026",122,"LUR",2025-11-17,5.5
"2027",122,"LUR",2025-11-17,5.3
"2025",182,"LUR",2025-11-17,6.3
"2026",182,"LUR",2025-11-17,6.2
"2027",182,"LUR",2025-11-17,6.1
"2025",936,"LUR",2025-11-17,5.4
"2026",936,"LUR",2025-11-17,5.6
"2027",936,"LUR",2025-11-17,5.6
"2025",961,"LUR",2025-11-17,3.4
"2026",961,"LUR",2025-11-17,3.5
"2027",961,"LUR",2025-11-17,3.5
"2025",172,"LUR",2025-11-17,9.5
"2026",172,"LUR",2025-11-17,9.3
"2027",172,"LUR",2025-11-17,9
"2025",163,"LUR",2025-11-17,6.3
"2026",163,"LUR",2025-11-17,6.2
"2027",163,"LUR",2025-11-17,6.1
"2025",935,"LUR",2025-11-17,2.7
"2026",935,"LUR",2025-11-17,3
"2027",935,"LUR",2025-11-17,3.1
"2025",128,"LUR",2025-11-17,6.1
"2026",128,"LUR",2025-11-17,6.1
"2027",128,"LUR",2025-11-17,6
"2025",944,"LUR",2025-11-17,4.5
"2026",944,"LUR",2025-11-17,4.4
"2027",944,"LUR",2025-11-17,4.3
"2025",964,"LUR",2025-11-17,3.1
"2026",964,"LUR",2025-11-17,3.1
"2027",964,"LUR",2025-11-17,3
"2025",968,"LUR",2025-11-17,6.1
"2026",968,"LUR",2025-11-17,5.8
"2027",968,"LUR",2025-11-17,5.6
"2025",144,"LUR",2025-11-17,9
"2026",144,"LUR",2025-11-17,8.4
"2027",144,"LUR",2025-11-17,7.9
"2025",998,"LUR",2025-11-17,5.9
"2026",998,"LUR",2025-11-17,5.9
"2027",998,"LUR",2025-11-17,5.8
"2025",112,"LUR",2025-11-17,4.6
"2026",112,"LUR",2025-11-17,4.7
"2027",112,"LUR",2025-11-17,4.6
"2025",158,"LUR",2025-11-17,2.5
"2026",158,"LUR",2025-11-17,2.5
"2027",158,"LUR",2025-11-17,2.5
"2025",111,"LUR",2025-11-17,4.2
"2026",111,"LUR",2025-11-17,4.4
"2027",111,"LUR",2025-11-17,4.3
"2025",124,"NGDP_RPCH",2025-11-17,1
"2026",124,"NGDP_RPCH",2025-11-17,1.1
"2027",124,"NGDP_RPCH",2025-11-17,1.3
"2025",918,"NGDP_RPCH",2025-11-17,3
"2026",918,"NGDP_RPCH",2025-11-17,2.7
"2027",918,"NGDP_RPCH",2025-11-17,2.1
"2025",134,"NGDP_RPCH",2025-11-17,0.2
"2026",134,"NGDP_RPCH",2025-11-17,1.2
"2027",134,"NGDP_RPCH",2025-11-17,1.2
"2025",939,"NGDP_RPCH",2025-11-17,0.6
"2026",939,"NGDP_RPCH",2025-11-17,2.1
"2027",939,"NGDP_RPCH",2025-11-17,2
"2025",178,"NGDP_RPCH",2025-11-17,10.7
"2026",178,"NGDP_RPCH",2025-11-17,0.2
"2027",178,"NGDP_RPCH",2025-11-17,2.9
"2025",174,"NGDP_RPCH",2025-11-17,2.1
"2026",174,"NGDP_RPCH",2025-11-17,2.2
"2027",174,"NGDP_RPCH",2025-11-17,1.7
"2025",184,"NGDP_RPCH",2025-11-17,2.9
"2026",184,"NGDP_RPCH",2025-11-17,2.3
"2027",184,"NGDP_RPCH",2025-11-17,2
"2025",132,"NGDP_RPCH",2025-11-17,0.7
"2026",132,"NGDP_RPCH",2025-11-17,0.9
"2027",132,"NGDP_RPCH",2025-11-17,1.1
"2025",960,"NGDP_RPCH",2025-11-17,3.2
"2026",960,"NGDP_RPCH",2025-11-17,2.9
"2027",960,"NGDP_RPCH",2025-11-17,2.5
"2025",136,"NGDP_RPCH",2025-11-17,0.4
"2026",136,"NGDP_RPCH",2025-11-17,0.8
"2027",136,"NGDP_RPCH",2025-11-17,0.8
"2025",423,"NGDP_RPCH",2025-11-17,3.4
"2026",423,"NGDP_RPCH",2025-11-17,2.6
"2027",423,"NGDP_RPCH",2025-11-17,2.4
"2025",941,"NGDP_RPCH",2025-11-17,1
"2026",941,"NGDP_RPCH",2025-11-17,1.7
"2027",941,"NGDP_RPCH",2025-11-17,1.9
"2025",946,"NGDP_RPCH",2025-11-17,2.4
"2026",946,"NGDP_RPCH",2025-11-17,3
"2027",946,"NGDP_RPCH",2025-11-17,2.2
"2025",137,"NGDP_RPCH",2025-11-17,0.9
"2026",137,"NGDP_RPCH",2025-11-17,1.9
"2027",137,"NGDP_RPCH",2025-11-17,2.2
"2025",181,"NGDP_RPCH",2025-11-17,4
"2026",181,"NGDP_RPCH",2025-11-17,3.8
"2027",181,"NGDP_RPCH",2025-11-17,3.5
"2025",138,"NGDP_RPCH",2025-11-17,1.7
"2026",138,"NGDP_RPCH",2025-11-17,1.3
"2027",138,"NGDP_RPCH",2025-11-17,1.7
"2025",122,"NGDP_RPCH",2025-11-17,0.3
"2026",122,"NGDP_RPCH",2025-11-17,0.9
"2027",122,"NGDP_RPCH",2025-11-17,1.2
"2025",182,"NGDP_RPCH",2025-11-17,1.9
"2026",182,"NGDP_RPCH",2025-11-17,2.2
"2027",182,"NGDP_RPCH",2025-11-17,2.1
"2025",936,"NGDP_RPCH",2025-11-17,0.8
"2026",936,"NGDP_RPCH",2025-11-17,1
"2027",936,"NGDP_RPCH",2025-11-17,1.4
"2025",961,"NGDP_RPCH",2025-11-17,1
"2026",961,"NGDP_RPCH",2025-11-17,2.4
"2027",961,"NGDP_RPCH",2025-11-17,2.6
"2025",172,"NGDP_RPCH",2025-11-17,0.1
"2026",172,"NGDP_RPCH",2025-11-17,0.9
"2027",172,"NGDP_RPCH",2025-11-17,1.2
"2025",163,"NGDP_RPCH",2025-11-17,1.3
"2026",163,"NGDP_RPCH",2025-11-17,1.2
"2027",163,"NGDP_RPCH",2025-11-17,1.4
"2025",935,"NGDP_RPCH",2025-11-17,2.4
"2026",935,"NGDP_RPCH",2025-11-17,1.9
"2027",935,"NGDP_RPCH",2025-11-17,2.4
"2025",128,"NGDP_RPCH",2025-11-17,2
"2026",128,"NGDP_RPCH",2025-11-17,2.1
"2027",128,"NGDP_RPCH",2025-11-17,1.7
"2025",944,"NGDP_RPCH",2025-11-17,0.4
"2026",944,"NGDP_RPCH",2025-11-17,2.3
"2027",944,"NGDP_RPCH",2025-11-17,2.1
"2025",964,"NGDP_RPCH",2025-11-17,3.2
"2026",964,"NGDP_RPCH",2025-11-17,3.5
"2027",964,"NGDP_RPCH",2025-11-17,2.8
"2025",968,"NGDP_RPCH",2025-11-17,0.7
"2026",968,"NGDP_RPCH",2025-11-17,1.1
"2027",968,"NGDP_RPCH",2025-11-17,2.1
"2025",144,"NGDP_RPCH",2025-11-17,1.5
"2026",144,"NGDP_RPCH",2025-11-17,2.6
"2027",144,"NGDP_RPCH",2025-11-17,2.3
"2025",998,"NGDP_RPCH",2025-11-17,1.4
"2026",998,"NGDP_RPCH",2025-11-17,1.4
"2027",998,"NGDP_RPCH",2025-11-17,1.5
"2025",112,"NGDP_RPCH",2025-11-17,1.4
"2026",112,"NGDP_RPCH",2025-11-17,1.2
"2027",112,"NGDP_RPCH",2025-11-17,1.4
"2025",158,"NGDP_RPCH",2025-11-17,1.1
"2026",158,"NGDP_RPCH",2025-11-17,0.7
"2027",158,"NGDP_RPCH",2025-11-17,0.7
"2025",111,"NGDP_RPCH",2025-11-17,1.8
"2026",111,"NGDP_RPCH",2025-11-17,1.9
"2027",111,"NGDP_RPCH",2025-11-17,2.1
"2025",124,"PCPIPCH",2025-11-17,2.8
"2026",124,"PCPIPCH",2025-11-17,1.8
"2027",124,"PCPIPCH",2025-11-17,2
"2025",918,"PCPIPCH",2025-11-17,3.5
"2026",918,"PCPIPCH",2025-11-17,2.9
"2027",918,"PCPIPCH",2025-11-17,3.7
"2025",134,"PCPIPCH",2025-11-17,2.3
"2026",134,"PCPIPCH",2025-11-17,2.2
"2027",134,"PCPIPCH",2025-11-17,1.9
"2025",939,"PCPIPCH",2025-11-17,4.8
"2026",939,"PCPIPCH",2025-11-17,2.8
"2027",939,"PCPIPCH",2025-11-17,2.2
"2025",178,"PCPIPCH",2025-11-17,1.9
"2026",178,"PCPIPCH",2025-11-17,1.9
"2027",178,"PCPIPCH",2025-11-17,1.7
"2025",174,"PCPIPCH",2025-11-17,2.8
"2026",174,"PCPIPCH",2025-11-17,2.3
"2027",174,"PCPIPCH",2025-11-17,2.4
"2025",184,"PCPIPCH",2025-11-17,2.6
"2026",184,"PCPIPCH",2025-11-17,2
"2027",184,"PCPIPCH",2025-11-17,2
"2025",132,"PCPIPCH",2025-11-17,1
"2026",132,"PCPIPCH",2025-11-17,1.3
"2027",132,"PCPIPCH",2025-11-17,1.8
"2025",960,"PCPIPCH",2025-11-17,4.3
"2026",960,"PCPIPCH",2025-11-17,2.8
"2027",960,"PCPIPCH",2025-11-17,2.2
"2025",136,"PCPIPCH",2025-11-17,1.7
"2026",136,"PCPIPCH",2025-11-17,1.3
"2027",136,"PCPIPCH",2025-11-17,2
"2025",423,"PCPIPCH",2025-11-17,0.9
"2026",423,"PCPIPCH",2025-11-17,1.5
"2027",423,"PCPIPCH",2025-11-17,1.9
"2025",941,"PCPIPCH",2025-11-17,3.6
"2026",941,"PCPIPCH",2025-11-17,2.2
"2027",941,"PCPIPCH",2025-11-17,2.4
"2025",946,"PCPIPCH",2025-11-17,3.4
"2026",946,"PCPIPCH",2025-11-17,2.8
"2027",946,"PCPIPCH",2025-11-17,2.7
"2025",137,"PCPIPCH",2025-11-17,2.3
"2026",137,"PCPIPCH",2025-11-17,1.7
"2027",137,"PCPIPCH",2025-11-17,1.9
"2025",181,"PCPIPCH",2025-11-17,2.4
"2026",181,"PCPIPCH",2025-11-17,2.1
"2027",181,"PCPIPCH",2025-11-17,2
"2025",138,"PCPIPCH",2025-11-17,3
"2026",138,"PCPIPCH",2025-11-17,2.5
"2027",138,"PCPIPCH",2025-11-17,2.1
"2025",122,"PCPIPCH",2025-11-17,3.5
"2026",122,"PCPIPCH",2025-11-17,2.4
"2027",122,"PCPIPCH",2025-11-17,2.2
"2025",182,"PCPIPCH",2025-11-17,2.2
"2026",182,"PCPIPCH",2025-11-17,2
"2027",182,"PCPIPCH",2025-11-17,2
"2025",936,"PCPIPCH",2025-11-17,4.2
"2026",936,"PCPIPCH",2025-11-17,4.1
"2027",936,"PCPIPCH",2025-11-17,3.1
"2025",961,"PCPIPCH",2025-11-17,2.5
"2026",961,"PCPIPCH",2025-11-17,2.3
"2027",961,"PCPIPCH",2025-11-17,2.1
"2025",172,"PCPIPCH",2025-11-17,1.9
"2026",172,"PCPIPCH",2025-11-17,1.6
"2027",172,"PCPIPCH",2025-11-17,2
"2025",163,"PCPIPCH",2025-11-17,2.1
"2026",163,"PCPIPCH",2025-11-17,1.9
"2027",163,"PCPIPCH",2025-11-17,2
"2025",935,"PCPIPCH",2025-11-17,2.3
"2026",935,"PCPIPCH",2025-11-17,2.1
"2027",935,"PCPIPCH",2025-11-17,2.4
"2025",128,"PCPIPCH",2025-11-17,1.9
"2026",128,"PCPIPCH",2025-11-17,1
"2027",128,"PCPIPCH",2025-11-17,1.8
"2025",944,"PCPIPCH",2025-11-17,4.5
"2026",944,"PCPIPCH",2025-11-17,3.6
"2027",944,"PCPIPCH",2025-11-17,3.5
"2025",964,"PCPIPCH",2025-11-17,3.4
"2026",964,"PCPIPCH",2025-11-17,2.9
"2027",964,"PCPIPCH",2025-11-17,3.7
"2025",968,"PCPIPCH",2025-11-17,6.7
"2026",968,"PCPIPCH",2025-11-17,5.9
"2027",968,"PCPIPCH",2025-11-17,3.8
"2025",144,"PCPIPCH",2025-11-17,2.5
"2026",144,"PCPIPCH",2025-11-17,0.6
"2027",144,"PCPIPCH",2025-11-17,1.6
"2025",998,"PCPIPCH",2025-11-17,2.5
"2026",998,"PCPIPCH",2025-11-17,2.1
"2027",998,"PCPIPCH",2025-11-17,2.2
"2025",112,"PCPIPCH",2025-11-17,3.7
"2026",112,"PCPIPCH",2025-11-17,2.6
"2027",112,"PCPIPCH",2025-11-17,2
"2025",158,"PCPIPCH",2025-11-17,3.2
"2026",158,"PCPIPCH",2025-11-17,2.2
"2027",158,"PCPIPCH",2025-11-17,2
"2025",111,"PCPIPCH",2025-11-17,2.8
"2026",111,"PCPIPCH",2025-11-17,3
"2027",111,"PCPIPCH",2025-11-17,2.3
"2026",124,"LUR",2026-05-21,6.6
"2027",124,"LUR",2026-05-21,6.5
"2026",918,"LUR",2026-05-21,3.7
"2027",918,"LUR",2026-05-21,3.9
"2026",134,"LUR",2026-05-21,4
"2027",134,"LUR",2026-05-21,3.9
"2026",939,"LUR",2026-05-21,7.1
"2027",939,"LUR",2026-05-21,6.8
"2026",178,"LUR",2026-05-21,4.8
"2027",178,"LUR",2026-05-21,4.9
"2026",174,"LUR",2026-05-21,8.3
"2027",174,"LUR",2026-05-21,7.9
"2026",184,"LUR",2026-05-21,9.9
"2027",184,"LUR",2026-05-21,9.6
"2026",132,"LUR",2026-05-21,8.3
"2027",132,"LUR",2026-05-21,8.7
"2026",960,"LUR",2026-05-21,4.8
"2027",960,"LUR",2026-05-21,4.8
"2026",136,"LUR",2026-05-21,5.7
"2027",136,"LUR",2026-05-21,5.7
"2026",423,"LUR",2026-05-21,4.2
"2027",423,"LUR",2026-05-21,4.2
"2026",941,"LUR",2026-05-21,6.8
"2027",941,"LUR",2026-05-21,6.7
"2026",946,"LUR",2026-05-21,6.7
"2027",946,"LUR",2026-05-21,6.7
"2026",137,"LUR",2026-05-21,6.6
"2027",137,"LUR",2026-05-21,6.5
"2026",181,"LUR",2026-05-21,3
"2027",181,"LUR",2026-05-21,3.1
"2026",138,"LUR",2026-05-21,4.2
"2027",138,"LUR",2026-05-21,4.4
"2026",122,"LUR",2026-05-21,5.8
"2027",122,"LUR",2026-05-21,5.6
"2026",182,"LUR",2026-05-21,5.9
"2027",182,"LUR",2026-05-21,5.8
"2026",936,"LUR",2026-05-21,5.7
"2027",936,"LUR",2026-05-21,5.7
"2026",961,"LUR",2026-05-21,3.8
"2027",961,"LUR",2026-05-21,3.8
"2026",172,"LUR",2026-05-21,10.1
"2027",172,"LUR",2026-05-21,9.8
"2026",163,"LUR",2026-05-21,6.4
"2027",163,"LUR",2026-05-21,6.4
"2026",935,"LUR",2026-05-21,3.1
"2027",935,"LUR",2026-05-21,3.2
"2026",128,"LUR",2026-05-21,6.5
"2027",128,"LUR",2026-05-21,6.5
"2026",944,"LUR",2026-05-21,4.5
"2027",944,"LUR",2026-05-21,4.4
"2026",964,"LUR",2026-05-21,3.1
"2027",964,"LUR",2026-05-21,3
"2026",968,"LUR",2026-05-21,6.3
"2027",968,"LUR",2026-05-21,5.9
"2026",144,"LUR",2026-05-21,8.5
"2027",144,"LUR",2026-05-21,7.9
"2026",998,"LUR",2026-05-21,6
"2027",998,"LUR",2026-05-21,6
"2026",112,"LUR",2026-05-21,5.2
"2027",112,"LUR",2026-05-21,5
"2026",158,"LUR",2026-05-21,2.5
"2027",158,"LUR",2026-05-21,2.5
"2026",111,"LUR",2026-05-21,4.5
"2027",111,"LUR",2026-05-21,4.4
"2026",124,"NGDP_RPCH",2026-05-21,0.7
"2027",124,"NGDP_RPCH",2026-05-21,0.9
"2026",918,"NGDP_RPCH",2026-05-21,2.5
"2027",918,"NGDP_RPCH",2026-05-21,2.2
"2026",134,"NGDP_RPCH",2026-05-21,0.6
"2027",134,"NGDP_RPCH",2026-05-21,0.9
"2026",939,"NGDP_RPCH",2026-05-21,1.6
"2027",939,"NGDP_RPCH",2026-05-21,1.7
"2026",178,"NGDP_RPCH",2026-05-21,-1.2
"2027",178,"NGDP_RPCH",2026-05-21,3.4
"2026",174,"NGDP_RPCH",2026-05-21,1.8
"2027",174,"NGDP_RPCH",2026-05-21,1.6
"2026",184,"NGDP_RPCH",2026-05-21,2.4
"2027",184,"NGDP_RPCH",2026-05-21,1.9
"2026",132,"NGDP_RPCH",2026-05-21,0.8
"2027",132,"NGDP_RPCH",2026-05-21,1.1
"2026",960,"NGDP_RPCH",2026-05-21,2.7
"2027",960,"NGDP_RPCH",2026-05-21,2.5
"2026",136,"NGDP_RPCH",2026-05-21,0.5
"2027",136,"NGDP_RPCH",2026-05-21,0.6
"2026",423,"NGDP_RPCH",2026-05-21,2.3
"2027",423,"NGDP_RPCH",2026-05-21,2.7
"2026",941,"NGDP_RPCH",2026-05-21,1.4
"2027",941,"NGDP_RPCH",2026-05-21,1.6
"2026",946,"NGDP_RPCH",2026-05-21,3
"2027",946,"NGDP_RPCH",2026-05-21,2.1
"2026",137,"NGDP_RPCH",2026-05-21,1.6
"2027",137,"NGDP_RPCH",2026-05-21,2
"2026",181,"NGDP_RPCH",2026-05-21,3.7
"2027",181,"NGDP_RPCH",2026-05-21,3.6
"2026",138,"NGDP_RPCH",2026-05-21,1
"2027",138,"NGDP_RPCH",2026-05-21,1.1
"2026",122,"NGDP_RPCH",2026-05-21,0.6
"2027",122,"NGDP_RPCH",2026-05-21,0.9
"2026",182,"NGDP_RPCH",2026-05-21,1.7
"2027",182,"NGDP_RPCH",2026-05-21,1.8
"2026",936,"NGDP_RPCH",2026-05-21,0.8
"2027",936,"NGDP_RPCH",2026-05-21,1.5
"2026",961,"NGDP_RPCH",2026-05-21,1.9
"2027",961,"NGDP_RPCH",2026-05-21,2.3
"2026",172,"NGDP_RPCH",2026-05-21,0.8
"2027",172,"NGDP_RPCH",2026-05-21,1.4
"2026",163,"NGDP_RPCH",2026-05-21,0.9
"2027",163,"NGDP_RPCH",2026-05-21,1.2
"2026",935,"NGDP_RPCH",2026-05-21,1.8
"2027",935,"NGDP_RPCH",2026-05-21,2.4
"2026",128,"NGDP_RPCH",2026-05-21,1.9
"2027",128,"NGDP_RPCH",2026-05-21,1.8
"2026",944,"NGDP_RPCH",2026-05-21,1.8
"2027",944,"NGDP_RPCH",2026-05-21,2.1
"2026",964,"NGDP_RPCH",2026-05-21,3.5
"2027",964,"NGDP_RPCH",2026-05-21,2.8
"2026",968,"NGDP_RPCH",2026-05-21,0.1
"2027",968,"NGDP_RPCH",2026-05-21,2.3
"2026",144,"NGDP_RPCH",2026-05-21,1.8
"2027",144,"NGDP_RPCH",2026-05-21,2.2
"2026",998,"NGDP_RPCH",2026-05-21,1.1
"2027",998,"NGDP_RPCH",2026-05-21,1.4
"2026",112,"NGDP_RPCH",2026-05-21,0.7
"2027",112,"NGDP_RPCH",2026-05-21,1.2
"2026",158,"NGDP_RPCH",2026-05-21,0.6
"2027",158,"NGDP_RPCH",2026-05-21,0.6
"2026",111,"NGDP_RPCH",2026-05-21,2.2
"2027",111,"NGDP_RPCH",2026-05-21,2.1
"2026",124,"PCPIPCH",2026-05-21,3.4
"2027",124,"PCPIPCH",2026-05-21,2.6
"2026",918,"PCPIPCH",2026-05-21,4.2
"2027",918,"PCPIPCH",2026-05-21,2.6
"2026",134,"PCPIPCH",2026-05-21,2.9
"2027",134,"PCPIPCH",2026-05-21,2.7
"2026",939,"PCPIPCH",2026-05-21,4.4
"2027",939,"PCPIPCH",2026-05-21,2.9
"2026",178,"PCPIPCH",2026-05-21,3.5
"2027",178,"PCPIPCH",2026-05-21,2.6
"2026",174,"PCPIPCH",2026-05-21,3.7
"2027",174,"PCPIPCH",2026-05-21,2.4
"2026",184,"PCPIPCH",2026-05-21,3
"2027",184,"PCPIPCH",2026-05-21,2.5
"2026",132,"PCPIPCH",2026-05-21,2.4
"2027",132,"PCPIPCH",2026-05-21,1.8
"2026",960,"PCPIPCH",2026-05-21,4.6
"2027",960,"PCPIPCH",2026-05-21,2.7
"2026",136,"PCPIPCH",2026-05-21,3.2
"2027",136,"PCPIPCH",2026-05-21,1.8
"2026",423,"PCPIPCH",2026-05-21,3.6
"2027",423,"PCPIPCH",2026-05-21,2.2
"2026",941,"PCPIPCH",2026-05-21,3.6
"2027",941,"PCPIPCH",2026-05-21,2.2
"2026",946,"PCPIPCH",2026-05-21,4.4
"2027",946,"PCPIPCH",2026-05-21,2.7
"2026",137,"PCPIPCH",2026-05-21,2.7
"2027",137,"PCPIPCH",2026-05-21,1.8
"2026",181,"PCPIPCH",2026-05-21,2.7
"2027",181,"PCPIPCH",2026-05-21,2.3
"2026",138,"PCPIPCH",2026-05-21,3.2
"2027",138,"PCPIPCH",2026-05-21,2.5
"2026",122,"PCPIPCH",2026-05-21,3
"2027",122,"PCPIPCH",2026-05-21,2.5
"2026",182,"PCPIPCH",2026-05-21,3
"2027",182,"PCPIPCH",2026-05-21,2.3
"2026",936,"PCPIPCH",2026-05-21,4.3
"2027",936,"PCPIPCH",2026-05-21,3.2
"2026",961,"PCPIPCH",2026-05-21,3.5
"2027",961,"PCPIPCH",2026-05-21,2.5
"2026",172,"PCPIPCH",2026-05-21,2.4
"2027",172,"PCPIPCH",2026-05-21,1.9
"2026",163,"PCPIPCH",2026-05-21,3
"2027",163,"PCPIPCH",2026-05-21,2.3
"2026",935,"PCPIPCH",2026-05-21,2.7
"2027",935,"PCPIPCH",2026-05-21,2.8
"2026",128,"PCPIPCH",2026-05-21,1.8
"2027",128,"PCPIPCH",2026-05-21,1.9
"2026",944,"PCPIPCH",2026-05-21,3.2
"2027",944,"PCPIPCH",2026-05-21,3.1
"2026",964,"PCPIPCH",2026-05-21,3.6
"2027",964,"PCPIPCH",2026-05-21,2.9
"2026",968,"PCPIPCH",2026-05-21,7
"2027",968,"PCPIPCH",2026-05-21,3.7
"2026",144,"PCPIPCH",2026-05-21,1.5
"2027",144,"PCPIPCH",2026-05-21,1.8
"2026",998,"PCPIPCH",2026-05-21,3.1
"2027",998,"PCPIPCH",2026-05-21,2.4
"2026",112,"PCPIPCH",2026-05-21,3.2
"2027",112,"PCPIPCH",2026-05-21,1.9
"2026",158,"PCPIPCH",2026-05-21,2.3
"2027",158,"PCPIPCH",2026-05-21,2.4
"2026",111,"PCPIPCH",2026-05-21,3.5
"2027",111,"PCPIPCH",2026-05-21,2.1
